Provider,anomaly_prediction,anomaly_score_raw,risk_score,risk_level,total_claim_count,total_reimbursement,unique_beneficiary_count,avg_reimbursement,claims_per_beneficiary,inpatient_claim_count,outpatient_claim_count,avg_beneficiary_age,high_cost_claim_pct
PRV56723,0,0.06781952047668424,6.681388415401804,LOW,18,2830,11,157.22222222222223,1.6363636363636365,0,18,77.21261900317342,0.0
PRV52929,0,0.0352411672191106,3.420038536820375,LOW,35,6770,20,193.42857142857142,1.75,0,35,80.2466803559206,2.857142857142857
PRV56892,0,0.1061648121412634,10.520054272012343,LOW,13,3180,5,244.6153846153846,2.6,0,13,71.36700889801506,0.0
PRV53214,0,0.05885848555065344,5.784318206330374,LOW,18,4280,14,237.77777777777777,1.2857142857142858,0,18,83.0069424073531,0.0
PRV55569,0,0.04786177897095888,4.683461223629907,LOW,9,1480,7,164.44444444444446,1.2857142857142858,0,9,79.94054952576514,0.0
PRV51641,0,0.07944243220257993,7.8449334677349905,LOW,14,1700,13,121.42857142857143,1.0769230769230769,0,14,82.7886063286474,0.0
PRV57408,0,0.09039967389451331,8.941839704187156,LOW,55,8650,50,157.27272727272728,1.1,0,55,77.92706365503079,0.0
PRV53701,0,0.05495096672636585,5.393144780761898,LOW,6,2270,6,378.3333333333333,1.0,0,6,78.44626967830253,0.0
PRV56908,1,0.37247769744711456,37.180072637274385,LOW,2,5060,1,2530.0,2.0,1,1,72.20807665982204,50.0
PRV51456,1,0.6970798245873002,69.6753034295125,HIGH,135,1038990,103,7696.222222222223,1.3106796116504855,112,23,78.18652712459429,70.37037037037037
PRV57000,0,0.029960385763784823,2.8913907005722983,LOW,61,18910,55,310.0,1.1090909090909091,0,61,75.63248086615644,3.278688524590164
PRV54942,1,0.3246291241987326,32.390053408244526,LOW,130,365970,102,2815.153846153846,1.2745098039215685,20,110,79.81334299633612,16.153846153846153
PRV54748,0,0.05834659888574393,5.733074317504839,LOW,85,32110,83,377.7647058823529,1.0240963855421688,0,85,79.45688297337192,3.5294117647058822
PRV53018,0,0.06359209949568098,6.2581902631163615,LOW,41,11260,22,274.6341463414634,1.8636363636363635,0,41,76.61029183000436,2.4390243902439024
PRV54557,0,0.23859350370316212,23.77720983575131,LOW,564,157890,263,279.9468085106383,2.1444866920152093,0,564,76.58312057734298,2.8368794326241136
PRV55558,0,0.014859459869190584,1.379669023192769,LOW,36,11330,33,314.72222222222223,1.0909090909090908,0,36,72.4568892207496,2.7777777777777777
PRV56985,0,0.04354856353139903,4.251674369982419,LOW,17,1940,17,114.11764705882354,1.0,0,17,72.01529975439868,0.0
PRV54012,0,0.06471267247164106,6.370368448127584,LOW,8,3800,8,475.0,1.0,0,8,69.16803559206024,12.5
PRV54653,1,0.3729264721651159,37.22499852289212,LOW,70,377740,31,5396.285714285715,2.2580645161290325,40,30,78.24732666823756,52.85714285714286
PRV57093,1,0.5290041433461663,52.84960330052175,MEDIUM,1,5000,1,5000.0,1.0,1,0,78.16563997262149,100.0
PRV52684,0,0.23124117543312941,23.041183839557426,LOW,210,130040,105,619.2380952380952,2.0,5,205,76.94463457297132,5.238095238095238
PRV56179,1,0.39166506749242747,39.10087957533012,LOW,8,9950,7,1243.75,1.1428571428571428,1,7,67.48083504449008,12.5
PRV52645,0,0.21682246902234806,21.59775770839866,LOW,408,109630,367,268.70098039215685,1.111716621253406,0,408,77.84762405653251,2.941176470588235
PRV57102,0,0.2859769391375523,28.520665104313547,LOW,16,63450,12,3965.625,1.3333333333333333,4,12,76.90657084188912,25.0
PRV57368,0,0.033002728139767415,3.1959531460730486,LOW,22,3500,22,159.0909090909091,1.0,0,22,75.211623421069,0.0
PRV56487,0,0.13670876439148796,13.577744578673531,LOW,27,12230,26,452.962962962963,1.0384615384615385,1,26,73.2167211701777,3.7037037037037033
PRV51239,1,0.45674098129739327,45.615491345557075,MEDIUM,1,5000,1,5000.0,1.0,1,0,85.16632443531827,100.0
PRV52686,0,0.07532907806708485,7.433154305531921,LOW,9,1120,8,124.44444444444444,1.125,0,9,78.14544832306639,0.0
PRV56716,0,0.05614243064747959,5.5124197080038115,LOW,124,47360,65,381.93548387096774,1.9076923076923078,0,124,76.54891802242932,6.451612903225806
PRV55368,0,0.06151325834179519,6.050081882339339,LOW,115,24770,101,215.3913043478261,1.1386138613861385,0,115,75.71103475850664,1.7391304347826086
PRV56840,0,0.05045104132038027,4.942666788200233,LOW,89,19090,33,214.4943820224719,2.696969696969697,0,89,77.27807852653848,0.0
PRV55639,0,0.08142431808696696,8.04333586202744,LOW,4,440,4,110.0,1.0,0,4,72.08350444900753,0.0
PRV53208,0,0.20686257875801503,20.600694208980823,LOW,23,58500,13,2543.478260869565,1.7692307692307692,4,19,75.55340822160485,17.391304347826086
PRV53574,0,0.06274229351292808,6.1731179877697056,LOW,17,2750,14,161.76470588235293,1.2142857142857142,0,17,73.52420064535055,0.0
PRV51685,0,0.014992175685031292,1.392954922159357,LOW,55,11830,40,215.0909090909091,1.375,0,55,77.41868583162218,3.6363636363636362
PRV56970,0,0.18241151357750718,18.152949909962345,LOW,2,210,2,105.0,1.0,0,2,63.20739219712526,0.0
PRV51670,0,0.26042425952100534,25.962640519523276,LOW,436,122850,285,281.76605504587155,1.5298245614035089,1,435,77.7913202471724,3.669724770642202
PRV52227,0,0.11491502779710883,11.396019810881887,LOW,7,5560,6,794.2857142857143,1.1666666666666667,0,7,84.2217659137577,14.285714285714285
PRV53393,0,0.27536290166295363,27.4581163144666,LOW,5,9170,3,1834.0,1.6666666666666667,2,3,79.45023956194387,40.0
PRV56918,1,0.656059609393892,65.56885664926263,HIGH,7,142000,7,20285.714285714286,1.0,7,0,73.03568984061796,100.0
PRV56189,0,0.1062423616269717,10.527817586621872,LOW,6,960,5,160.0,1.2,0,6,67.75085557837097,0.0
PRV54715,0,0.01677847612717012,1.57177767246903,LOW,19,6890,18,362.63157894736844,1.0555555555555556,0,19,80.75017111567419,5.263157894736842
PRV53235,0,0.14308576326088865,14.216132416266241,LOW,2,170,2,85.0,1.0,0,2,90.29158110882958,0.0
PRV57138,0,0.07622356396915637,7.522699392880239,LOW,6,3480,6,580.0,1.0,0,6,76.80584074834589,0.0
PRV54182,0,0.22240893916246382,22.15700739082175,LOW,4,1750,4,437.5,1.0,0,4,78.68651608487338,0.0
PRV52714,0,0.07285633742397804,7.185613481954997,LOW,5,710,5,142.0,1.0,0,5,69.01738535249828,0.0
PRV53843,0,0.0734955537398527,7.249604072200085,LOW,14,1460,14,104.28571428571429,1.0,0,14,86.16740001955608,0.0
PRV51470,0,0.11616000240265817,11.52065157930012,LOW,27,35590,24,1318.148148148148,1.125,3,24,76.40124724313635,18.51851851851852
PRV53489,0,0.2772858540485762,27.65061900113663,LOW,20,74870,12,3743.5,1.6666666666666667,5,15,67.34547113848961,20.0
PRV52531,0,0.11058799880957462,10.962850112231378,LOW,5,2970,5,594.0,1.0,0,5,74.09993155373033,20.0
PRV54429,0,0.13376552232361602,13.283102854925314,LOW,65,51170,27,787.2307692307693,2.4074074074074074,3,62,73.05011787968667,10.76923076923077
PRV52919,0,0.033872218196830145,3.28299595236867,LOW,66,14070,37,213.1818181818182,1.7837837837837838,0,66,71.18049466304088,1.5151515151515151
PRV55220,0,0.051558024525264694,5.053484530039355,LOW,102,23280,89,228.23529411764707,1.146067415730337,0,102,75.16987748886787,1.9607843137254901
PRV51155,0,0.07258420461760391,7.158370843629809,LOW,115,26330,110,228.95652173913044,1.0454545454545454,0,115,76.58204218779167,1.7391304347826086
PRV52582,1,0.39328007919457497,39.262554973011,LOW,23,191020,19,8305.217391304348,1.2105263157894737,19,4,73.86245275719429,82.6086956521739
PRV51887,0,0.1596235290718889,15.871693091579845,LOW,2,120,2,60.0,1.0,0,2,74.08624229979466,0.0
PRV52141,1,0.31750825201797367,31.677197990461465,LOW,671,220290,339,328.301043219076,1.9793510324483776,3,668,77.07414477289286,4.023845007451564
PRV54139,0,0.11415299589623454,11.319734412791245,LOW,99,61480,51,621.010101010101,1.9411764705882353,5,94,74.05128205128204,5.05050505050505
PRV53731,0,0.14479069796881297,14.38680981541887,LOW,4,2660,4,665.0,1.0,0,4,79.41752224503765,25.0
PRV53321,0,0.0404783380568325,3.9443206065945366,LOW,81,27530,39,339.87654320987656,2.076923076923077,0,81,75.75885852682568,4.938271604938271
PRV55128,1,0.5156380978082646,51.51155681770834,MEDIUM,8,111000,8,13875.0,1.0,8,0,85.19815195071868,100.0
PRV53099,0,0.1457406515072132,14.48190765024879,LOW,2,220,2,110.0,1.0,0,2,93.5400410677618,0.0
PRV56997,0,0.047001784791887026,4.597369029548712,LOW,25,2180,24,87.2,1.0416666666666667,0,25,73.87234770704997,0.0
PRV51081,0,0.27573820091729995,27.495686727185653,LOW,200,124080,125,620.4,1.6,6,194,74.38011191748828,4.5
PRV56871,0,0.04696468768112625,4.593655316436241,LOW,11,4350,11,395.45454545454544,1.0,0,11,79.81855516147097,0.0
PRV54427,0,0.06046208067736742,5.944850714847715,LOW,62,11740,20,189.3548387096774,3.1,0,62,75.19603011635866,1.6129032258064515
PRV51582,0,0.3040037094081175,30.325286859388157,LOW,4,14370,3,3592.5,1.3333333333333333,1,3,81.35386721423683,50.0
PRV57381,0,0.12284420087494911,12.189792517875718,LOW,49,18640,12,380.40816326530614,4.083333333333333,0,49,80.66689482089892,6.122448979591836
PRV56041,0,0.18096464112981378,18.008106576590034,LOW,55,32040,19,582.5454545454545,2.8947368421052633,0,55,79.74595626643611,12.727272727272727
PRV57746,0,0.09838928946142259,9.741663180623748,LOW,42,6100,41,145.23809523809524,1.024390243902439,0,42,77.3091601141884,0.0
PRV55116,0,0.16785743091757058,16.69597154949799,LOW,284,81920,143,288.4507042253521,1.986013986013986,0,284,80.09618854793392,3.5211267605633805
PRV56426,0,0.1623283946038679,16.14247144567753,LOW,436,127230,262,291.8119266055046,1.6641221374045803,0,436,75.40096451766279,2.981651376146789
PRV55052,0,0.03419617256460089,3.3154263373436814,LOW,49,8480,31,173.0612244897959,1.5806451612903225,0,49,77.61073944050695,2.0408163265306123
PRV52930,0,0.09741023273319808,9.643651887159214,LOW,127,39290,61,309.37007874015745,2.081967213114754,0,127,76.86879635551666,3.149606299212598
PRV51894,0,0.052845478465156547,5.182368814562524,LOW,20,9210,20,460.5,1.0,0,20,79.44626967830253,10.0
PRV54933,1,0.3772921255143937,37.66203482451323,LOW,64,273200,32,4268.75,2.0,29,35,74.99743003628944,42.1875
PRV52463,1,0.5962975522773691,59.586203806751705,HIGH,1,5000,1,5000.0,1.0,1,0,95.66872005475702,100.0
PRV55405,0,0.3116819892163806,31.09394317305777,LOW,10,2730,1,273.0,10.0,0,10,88.24914442162903,0.0
PRV52855,0,0.13531569213300296,13.438287068186593,LOW,22,31800,19,1445.4545454545455,1.1578947368421053,3,19,81.20851222699272,18.181818181818183
PRV52374,0,0.08827697547966508,8.729340865992476,LOW,228,68780,102,301.6666666666667,2.235294117647059,0,228,74.50977707989423,3.9473684210526314
PRV54553,0,0.03691272315193309,3.587374457560487,LOW,18,3740,12,207.77777777777777,1.5,0,18,79.9794661190965,0.0
PRV56093,0,0.0786139964099555,7.762000516817341,LOW,7,2070,7,295.7142857142857,1.0,0,7,87.17864476386036,0.0
PRV52917,0,0.009524339258192151,0.8455814092691885,LOW,32,8870,21,277.1875,1.5238095238095237,0,32,76.9406473061504,3.125
PRV53069,0,0.04318007944016754,4.214786208794664,LOW,11,2630,9,239.0909090909091,1.2222222222222223,0,11,73.22168986234695,0.0
PRV57391,0,0.03562949335664848,3.45891304319877,LOW,19,4780,13,251.57894736842104,1.4615384615384615,0,19,77.60922445111356,0.0
PRV53021,1,0.4119790934921809,41.13447365247686,LOW,28,216950,15,7748.214285714285,1.8666666666666667,18,10,74.11518529383005,67.85714285714286
PRV55583,0,0.16845005478725647,16.755297868731,LOW,12,18820,8,1568.3333333333333,1.5,3,9,79.33345778109639,25.0
PRV51284,0,0.26193278807443204,26.113656114929746,LOW,377,279860,218,742.3342175066313,1.7293577981651376,17,360,75.38762994815886,7.161803713527852
PRV51170,1,0.4581288446439136,45.75442740291011,MEDIUM,16,145820,8,9113.75,2.0,8,8,76.30236139630391,43.75
PRV51944,0,0.1700821557678189,16.918684037844763,LOW,124,96100,106,775.0,1.169811320754717,5,119,77.15788889505521,8.870967741935484
PRV55498,0,0.03702516487163999,3.5986307597441556,LOW,27,2830,26,104.81481481481481,1.0384615384615385,0,27,78.41741694308429,0.0
PRV55460,0,0.019752856275787115,1.8695365634679768,LOW,18,3430,16,190.55555555555554,1.125,0,18,79.09394250513347,0.0
PRV53720,0,0.053534794347185374,5.25137476616434,LOW,55,13700,51,249.0909090909091,1.0784313725490196,0,55,73.16240555085827,3.6363636363636362
PRV52642,1,0.6523370478848883,65.19619890841815,HIGH,436,1328240,167,3046.422018348624,2.6107784431137726,146,290,77.92333497292077,34.174311926605505
PRV55585,0,0.024314613452914493,2.326204403555434,LOW,114,32500,85,285.0877192982456,1.3411764705882352,0,114,76.81114466320409,2.631578947368421
PRV55434,0,0.14559838406521894,14.467665558237396,LOW,40,69800,31,1745.0,1.2903225806451613,8,32,80.7310763614665,22.5
PRV53805,0,0.04905152967718861,4.802564644561793,LOW,70,22520,69,321.7142857142857,1.0144927536231885,0,70,74.83938934023747,4.285714285714286
PRV54090,0,0.255201134336346,25.439764530300458,LOW,190,320740,105,1688.1052631578948,1.8095238095238095,32,158,77.35256506569172,16.842105263157894
PRV53988,0,0.025741723119018383,2.4690693267598722,LOW,32,6360,25,198.75,1.28,0,32,82.0933607118412,0.0
PRV55753,0,0.1793951847712993,17.850991627783035,LOW,40,93000,28,2325.0,1.4285714285714286,8,32,75.03011635865846,17.5
PRV55870,0,0.026024975796336867,2.4974251517911985,LOW,56,22030,38,393.39285714285717,1.4736842105263157,0,56,76.34612197845745,7.142857142857142
PRV53232,0,0.03859749187133962,3.7560330823544494,LOW,64,25300,28,395.3125,2.2857142857142856,0,64,79.76532707538867,6.25
PRV55640,0,0.031071626080545596,3.002634612856294,LOW,64,11900,49,185.9375,1.3061224489795917,0,64,76.78956264230538,0.0
PRV53586,0,0.1666375470557584,16.573851562242965,LOW,3,160,3,53.333333333333336,1.0,0,3,62.74971480720967,0.0
PRV53319,0,0.17723816138256454,17.63505658922144,LOW,114,130220,45,1142.280701754386,2.533333333333333,13,101,75.40761241555813,13.157894736842104
PRV54040,0,0.16970620523490176,16.881048427008697,LOW,2,250,2,125.0,1.0,0,2,69.58247775496235,0.0
PRV51055,0,0.13421421783580356,13.328020811416948,LOW,22,21640,20,983.6363636363636,1.1,2,20,72.33339555721486,9.090909090909092
PRV53028,0,0.11621088217935796,11.525745045880525,LOW,3,300,3,100.0,1.0,0,3,83.22245037645449,0.0
PRV56640,0,0.031684017788311314,3.0639398484517026,LOW,23,7320,23,318.2608695652174,1.0,0,23,75.5761092759575,0.0
PRV53378,1,0.426314738060703,42.56958463869797,LOW,10,74000,10,7400.0,1.0,10,0,77.03299110198495,90.0
PRV57444,0,0.04900776717954204,4.79818367369879,LOW,13,7550,13,580.7692307692307,1.0,0,13,73.56352340335913,15.384615384615385
PRV51716,0,0.029072200398879706,2.802476346642586,LOW,82,23030,64,280.8536585365854,1.28125,0,82,77.2819986310746,3.6585365853658534
PRV53531,0,0.06816666811010175,6.716140629031042,LOW,11,940,9,85.45454545454545,1.2222222222222223,0,11,76.37021826754886,0.0
PRV55016,0,0.04301661125568686,4.19842175539848,LOW,146,38140,86,261.2328767123288,1.697674418604651,0,146,77.39563535647773,3.4246575342465753
PRV54549,0,0.2140766515193815,21.322879739303495,LOW,1,40,1,40.0,1.0,0,1,70.25051334702259,0.0
PRV53660,0,0.06270255925808989,6.169140275754383,LOW,35,5970,34,170.57142857142858,1.0294117647058822,0,35,82.05201916495551,0.0
PRV54642,0,0.032753103643217464,3.170963766926794,LOW,49,14110,46,287.9591836734694,1.065217391304348,0,49,78.33562479540517,2.0408163265306123
PRV54039,0,0.06385622573994842,6.284631381482943,LOW,28,4770,18,170.35714285714286,1.5555555555555556,0,28,80.59730778005932,0.0
PRV55482,1,0.4650898523937401,46.45127913142476,MEDIUM,83,509250,38,6135.542168674699,2.1842105263157894,41,42,76.82443531827515,45.78313253012048
PRV57016,1,0.5471000614727524,54.66114730086932,HIGH,16,197600,15,12350.0,1.0666666666666667,16,0,71.27903262605521,93.75
PRV57668,0,0.036734806122206906,3.5695635608982936,LOW,23,6570,19,285.6521739130435,1.2105263157894737,0,23,69.77600057638965,4.3478260869565215
PRV51468,0,0.1668159603607474,16.591712139969612,LOW,159,138670,137,872.1383647798742,1.1605839416058394,15,144,77.10950043288867,9.433962264150944
PRV55085,0,0.025909854477579326,2.485900600627313,LOW,24,9180,22,382.5,1.0909090909090908,0,24,78.9509053574762,4.166666666666666
PRV53290,0,0.11064089396249067,10.9681453338522,LOW,6,3860,5,643.3333333333334,1.2,0,6,72.18398357289527,0.0
PRV53741,0,0.05405093877637461,5.303044890745467,LOW,7,2390,7,341.42857142857144,1.0,0,7,80.26166031094162,0.0
PRV52066,1,0.5278026322253261,52.72932256941526,MEDIUM,1455,386530,630,265.65635738831617,2.3095238095238093,0,1455,77.66166248383908,2.336769759450172
PRV57738,0,0.20751968103701043,20.66647532507573,LOW,1,10,1,10.0,1.0,0,1,74.16563997262149,0.0
PRV57754,0,0.0700181162957381,6.9014851818291865,LOW,6,2070,6,345.0,1.0,0,6,78.8204426192106,0.0
PRV53540,0,0.03204136239220799,3.0997128591780574,LOW,13,3060,12,235.3846153846154,1.0833333333333333,0,13,79.33310517910108,0.0
PRV51623,0,0.19441184709527948,19.35427785774697,LOW,21,56350,14,2683.3333333333335,1.5,7,14,74.02014275936247,28.57142857142857
PRV57205,0,0.20654414444799374,20.5688164252846,LOW,93,135680,75,1458.9247311827958,1.24,12,81,77.21840653937234,11.827956989247312
PRV57344,1,0.351672577073005,35.0973161434298,LOW,480,428700,180,893.125,2.6666666666666665,25,455,76.55440754140275,11.041666666666666
PRV54831,0,0.14551806653981975,14.459625141042654,LOW,17,34040,13,2002.3529411764705,1.3076923076923077,4,13,73.30386117486009,17.647058823529413
PRV53207,0,0.0951643855605807,9.418824887899348,LOW,10,500,7,50.0,1.4285714285714286,0,10,69.54727681627067,0.0
PRV54307,0,0.1483581167137573,14.74393654305568,LOW,2,400,2,200.0,1.0,0,2,62.083504449007535,0.0
PRV53307,0,0.05695649195832927,5.5939136600248585,LOW,34,7430,31,218.52941176470588,1.096774193548387,0,34,71.53809807688062,2.941176470588235
PRV56271,0,0.1036466930795241,10.267970711148264,LOW,93,36760,64,395.26881720430106,1.453125,1,92,72.13225925340916,6.451612903225806
PRV55536,0,0.17372069162521542,17.282930148841047,LOW,222,148350,105,668.2432432432432,2.1142857142857143,11,211,77.48835767695944,4.504504504504505
PRV51888,0,0.11800801256701672,11.70565195907674,LOW,5,640,5,128.0,1.0,0,5,72.36796714579056,0.0
PRV57304,0,0.2053664690076375,20.450921833619773,LOW,93,68540,29,736.989247311828,3.206896551724138,3,90,78.45362765229295,7.526881720430108
PRV55218,0,0.046570720933332636,4.554216140523224,LOW,94,20910,82,222.4468085106383,1.146341463414634,0,94,75.38054456519924,1.0638297872340425
PRV53982,0,0.0847494744928322,8.376210220494649,LOW,9,980,9,108.88888888888889,1.0,0,9,70.76735873450451,0.0
PRV51678,0,0.021392133864811782,2.033641167640503,LOW,66,25540,64,386.969696969697,1.03125,0,66,78.35057323750856,3.0303030303030303
PRV55343,0,0.03443148619607894,3.3389830861265892,LOW,90,23940,74,266.0,1.2162162162162162,0,90,77.82551750929574,2.2222222222222223
PRV54886,0,0.1432300647536273,14.230578132785473,LOW,9,7940,9,882.2222222222222,1.0,0,9,81.63875579892007,11.11111111111111
PRV51585,1,0.530684448885638,53.017815125834375,MEDIUM,6,77080,4,12846.666666666666,1.5,4,2,74.9723933378964,66.66666666666666
PRV53067,0,0.041129542115676154,4.009511264374263,LOW,16,4540,14,283.75,1.1428571428571428,0,16,81.8697565268407,6.25
PRV53079,0,0.18036680234572114,17.948258203331374,LOW,1,50,1,50.0,1.0,0,1,70.08350444900753,0.0
PRV57130,0,0.13905531820367756,13.812653106123127,LOW,3,260,2,86.66666666666667,1.5,0,3,85.20739219712526,0.0
PRV54443,0,0.059147192886211175,5.8132200856341685,LOW,61,27200,51,445.9016393442623,1.196078431372549,0,61,79.12297513118868,11.475409836065573
PRV55684,0,0.113486556094997,11.253018537140207,LOW,3,410,3,136.66666666666666,1.0,0,3,65.38900296600502,0.0
PRV52455,0,0.04008636885993129,3.905081401266556,LOW,76,24200,45,318.42105263157896,1.6888888888888889,0,76,77.9875579892007,1.3157894736842104
PRV56129,1,0.511514765374332,51.09877874920266,MEDIUM,23,256000,21,11130.434782608696,1.0952380952380953,23,0,74.50030963788664,91.30434782608695
PRV54677,0,0.0627236502357554,6.171251648815653,LOW,27,16270,15,602.5925925925926,1.8,0,27,75.38945927446954,11.11111111111111
PRV54007,0,0.11967132154311226,11.872162294462447,LOW,5,1400,5,280.0,1.0,0,5,81.86557152635181,0.0
PRV51037,1,0.3470360412185079,34.63316236848149,LOW,454,342230,202,753.8105726872246,2.2475247524752477,23,431,75.06574164523568,7.929515418502203
PRV52457,1,0.4533992021992965,45.28095292461064,MEDIUM,9,117000,9,13000.0,1.0,9,0,80.13993459578676,88.88888888888889
PRV53166,0,0.1249302199293652,12.398619463057697,LOW,23,8960,20,389.5652173913044,1.15,1,22,80.04393598644113,4.3478260869565215
PRV55703,0,0.08419617392963911,8.320820474109315,LOW,58,34700,42,598.2758620689655,1.380952380952381,3,55,74.34110578751236,6.896551724137931
PRV51818,1,0.4360334289703792,43.54250218206319,LOW,29,267000,27,9206.896551724138,1.0740740740740742,29,0,76.38664537227166,86.20689655172413
PRV51410,0,0.25623564806313365,25.543327506322438,LOW,628,177550,186,282.7229299363057,3.3763440860215055,0,628,78.62337624104863,3.662420382165605
PRV53187,0,0.10610275758353925,10.513842121794099,LOW,4,180,4,45.0,1.0,0,4,78.50102669404518,0.0
PRV57146,1,0.4125180409289468,41.188426537804155,LOW,9,103000,9,11444.444444444445,1.0,9,0,79.06517605901588,100.0
PRV55780,0,0.17713169911657106,17.624398877472593,LOW,52,109220,30,2100.3846153846152,1.7333333333333334,6,46,76.78455530055965,13.461538461538462
PRV54114,0,0.23350311192286335,23.267621506244513,LOW,11,22790,7,2071.818181818182,1.5714285714285714,3,8,75.5004943341699,27.27272727272727
PRV51901,0,0.09758316175615636,9.660963445038433,LOW,7,3600,7,514.2857142857143,1.0,0,7,80.5843355822822,14.285714285714285
PRV51720,0,0.11608610763056057,11.513254130322178,LOW,4,720,4,180.0,1.0,0,4,77.81382614647502,0.0
PRV57569,0,0.1354679170803049,13.45352598494445,LOW,73,57940,58,793.6986301369863,1.2586206896551724,5,68,79.5971385043386,12.32876712328767
PRV55944,0,0.22072892906170544,21.988825141252395,LOW,26,97870,14,3764.230769230769,1.8571428571428572,11,15,76.57330595482546,42.30769230769231
PRV55042,0,0.15718094533660026,15.627171212112023,LOW,124,126300,104,1018.5483870967741,1.1923076923076923,8,116,76.93885881401282,10.483870967741936
PRV51762,0,0.03176055665477818,3.0716019921114786,LOW,14,3100,14,221.42857142857142,1.0,0,14,80.11929207001074,0.0
PRV52292,1,0.5468097644171175,54.6320862780588,HIGH,25,303000,25,12120.0,1.0,25,0,78.82009582477755,96.0
PRV51312,0,0.09090468432892267,8.992395228154916,LOW,46,28790,26,625.8695652173913,1.7692307692307692,4,42,79.56345441242416,8.695652173913043
PRV53796,0,0.037847791583279784,3.680982175879672,LOW,28,5960,27,212.85714285714286,1.037037037037037,0,28,69.84348619666895,0.0
PRV51957,0,0.20607351244072175,20.52170245277538,LOW,79,210190,55,2660.6329113924053,1.4363636363636363,24,55,75.7555490368632,27.848101265822784
PRV57144,1,0.37233958106557424,37.16624609912479,LOW,8,70000,8,8750.0,1.0,8,0,78.38569472963724,100.0
PRV51938,0,0.1327947356882905,13.185919462928316,LOW,106,42020,93,396.41509433962267,1.1397849462365592,2,104,77.79046795633849,3.7735849056603774
PRV56604,0,0.020759830957335423,1.9703426640537602,LOW,29,9780,27,337.2413793103448,1.0740740740740742,0,29,78.75701574264203,10.344827586206897
PRV55032,0,0.08966319237032204,8.868112100139513,LOW,36,20340,35,565.0,1.0285714285714285,1,35,79.75283291505058,13.88888888888889
PRV51016,0,0.08574774748843188,8.47614521374767,LOW,6,170,6,28.333333333333332,1.0,0,6,73.83344741044947,0.0
PRV56287,0,0.038866540408921436,3.782966961069481,LOW,107,28680,83,268.0373831775701,1.2891566265060241,0,107,76.81617640995192,3.7383177570093453
PRV52823,0,0.15958477192422396,15.867813195692174,LOW,87,65100,63,748.2758620689655,1.380952380952381,7,80,75.08794367849809,6.896551724137931
PRV53120,0,0.23358374966521192,23.2756939796792,LOW,65,115950,49,1783.8461538461538,1.3265306122448979,10,55,80.25564101671714,15.384615384615385
PRV52279,1,0.5989121444210662,59.84794508332787,HIGH,83,783300,76,9437.349397590362,1.0921052631578947,82,1,75.33879125665572,89.1566265060241
PRV54359,1,0.4593243466849066,45.87410657777233,MEDIUM,490,584210,138,1192.265306122449,3.550724637681159,44,446,75.33704384163696,9.387755102040817
PRV53638,0,0.05847355590280076,5.745783715333813,LOW,111,38040,54,342.7027027027027,2.0555555555555554,0,111,73.90772428828555,4.504504504504505
PRV54712,0,0.06554927227322657,6.454118680674646,LOW,14,7460,13,532.8571428571429,1.0769230769230769,0,14,71.87700731848575,7.142857142857142
PRV55298,0,0.03622306514932717,3.518334256992993,LOW,57,15740,32,276.140350877193,1.78125,0,57,78.59573921971253,1.7543859649122806
PRV54917,0,0.2664951480018724,26.570384295073207,LOW,37,112450,22,3039.189189189189,1.6818181818181819,15,22,78.81466271199331,37.83783783783784
PRV51948,1,0.6775737103603459,67.72258768716958,HIGH,515,1519950,236,2951.359223300971,2.1822033898305087,143,372,78.33233177492392,27.96116504854369
PRV53909,0,0.10800752718182394,10.704524568171195,LOW,256,79990,154,312.4609375,1.6623376623376624,0,256,76.96724357093967,4.6875
PRV51247,0,0.16385997383817913,16.29579459587996,LOW,34,76240,19,2242.3529411764707,1.7894736842105263,10,24,77.4103090612331,29.411764705882355
PRV55238,0,0.06535556287297821,6.434726843279267,LOW,101,39250,101,388.61386138613864,1.0,0,101,75.58536469663393,3.9603960396039604
PRV51848,0,0.05579736906506654,5.477876324518205,LOW,57,15680,55,275.0877192982456,1.0363636363636364,0,57,78.57910522058367,5.263157894736842
PRV52004,0,0.020770397529327193,1.971400461174748,LOW,47,15680,41,333.6170212765957,1.146341463414634,0,47,78.56563329493665,4.25531914893617
PRV55795,0,0.03770573626764731,3.6667613193886486,LOW,10,4050,9,405.0,1.1111111111111112,0,10,81.95573807894137,10.0
PRV54255,0,0.15652187458136316,15.561193036033727,LOW,232,107230,154,462.19827586206895,1.5064935064935066,0,232,74.29019440518414,6.0344827586206895
PRV53008,1,0.4081135123654355,40.74749852090151,LOW,52,353600,35,6800.0,1.4857142857142858,39,13,77.07146931325576,69.23076923076923
PRV55619,0,0.14031375335315305,13.938632381057484,LOW,2,60,2,30.0,1.0,0,2,83.74811772758385,0.0
PRV53121,1,0.42093776003311456,42.03130676753719,LOW,579,562270,255,971.1053540587219,2.2705882352941176,48,531,77.4078931551277,10.535405872193436
PRV57139,0,0.03888957808420239,3.7852732139020384,LOW,16,5750,13,359.375,1.2307692307692308,0,16,71.43558153003738,0.0
PRV51491,0,0.10263779859340534,10.166972422996915,LOW,71,67480,55,950.4225352112676,1.290909090909091,8,63,76.64726269243722,12.676056338028168
PRV55948,0,0.21046108315634765,20.96093285547682,LOW,28,75960,24,2712.8571428571427,1.1666666666666667,4,24,77.49388872592158,14.285714285714285
PRV55886,0,0.12557665798169534,12.463333006029277,LOW,4,340,4,85.0,1.0,0,4,83.79123887748118,0.0
PRV54926,0,0.13482254966845006,13.388919621521097,LOW,47,85620,38,1821.7021276595744,1.236842105263158,8,39,72.20752908966462,17.02127659574468
PRV51119,1,0.7618464007851458,76.15894806768566,CRITICAL,95,1080580,81,11374.526315789473,1.1728395061728396,94,1,78.28211693326912,95.78947368421052
PRV56910,1,0.4415966103645197,44.09942047749878,LOW,5,37260,4,7452.0,1.25,4,1,70.93333333333334,60.0
PRV57641,0,0.12504479136726543,12.410088966814703,LOW,61,29470,24,483.11475409836066,2.5416666666666665,3,58,76.55052703627652,6.557377049180328
PRV51494,0,0.042114938290039504,4.1081571863521456,LOW,38,17450,37,459.2105263157895,1.027027027027027,0,38,77.42612427622694,10.526315789473683
PRV52912,0,0.1503796255339417,14.946305505450274,LOW,16,14640,13,915.0,1.2307692307692308,1,15,78.67898699520876,6.25
PRV55648,0,0.1900530977873819,18.917932705071888,LOW,2,80,2,40.0,1.0,0,2,69.83162217659137,0.0
PRV54340,0,0.12892680824427638,12.798709446505383,LOW,96,69900,51,728.125,1.8823529411764706,3,93,75.49582984764368,13.541666666666666
PRV51891,0,0.14887616232350323,14.79579699079184,LOW,3,480,3,160.0,1.0,0,3,70.30618297969427,0.0
PRV51805,1,0.6892228949894637,68.88876286414583,HIGH,3,67000,3,22333.333333333332,1.0,3,0,75.05361624458133,100.0
PRV51998,0,0.03275096158498886,3.1707493300186864,LOW,28,5360,28,191.42857142857142,1.0,0,28,77.68123594406961,3.571428571428571
PRV55273,0,0.014988320495244414,1.392568987282786,LOW,18,4240,12,235.55555555555554,1.5,0,18,76.53502167465207,0.0
PRV52513,0,0.029824373685673554,2.877774819777873,LOW,20,3870,18,193.5,1.1111111111111112,0,20,79.20435014069511,0.0
PRV57202,0,0.06239163556958856,6.138014364456022,LOW,165,40810,85,247.33333333333334,1.9411764705882353,0,165,78.40215807062044,1.8181818181818181
PRV57502,1,0.55462212767542,55.41416540165525,HIGH,260,1197550,140,4605.961538461538,1.8571428571428572,114,146,77.31563633186248,45.38461538461539
PRV55593,0,0.08112622443515873,8.01349433850278,LOW,147,39820,53,270.8843537414966,2.7735849056603774,0,147,76.71406247982127,2.0408163265306123
PRV56177,0,0.04705212056835605,4.602408037419296,LOW,18,2600,10,144.44444444444446,1.8,0,18,74.58370978781656,0.0
PRV55709,0,0.23521647213723257,23.439142364985287,LOW,43,160590,27,3734.6511627906975,1.5925925925925926,16,27,77.10185456797366,37.2093023255814
PRV57431,0,0.031978752090580854,3.0934450746158606,LOW,24,13600,19,566.6666666666666,1.263157894736842,0,24,77.99157030152382,8.333333333333332
PRV52736,0,0.211218394727668,21.036745711382906,LOW,1,50,1,50.0,1.0,0,1,90.25051334702259,0.0
PRV54778,1,0.6695096560586264,66.91531230680108,HIGH,1672,998160,827,596.9856459330143,2.0217654171704957,64,1608,78.51246528767798,6.758373205741627
PRV55565,0,0.04351228550043579,4.248042653212032,LOW,23,6440,22,280.0,1.0454545454545454,0,23,65.31429282558646,4.3478260869565215
PRV52942,0,0.024444760045123873,2.339233102991038,LOW,43,10910,39,253.72093023255815,1.1025641025641026,0,43,81.29703926007826,4.651162790697675
PRV51377,0,0.23550801562717566,23.46832816569196,LOW,95,123950,91,1304.7368421052631,1.043956043956044,3,92,76.65990941791544,4.2105263157894735
PRV54802,0,0.04209366577257544,4.106027639726506,LOW,17,1770,17,104.11764705882354,1.0,0,17,80.89753190804042,0.0
PRV56168,0,0.29456780443320113,29.380678416446205,LOW,1,20,1,20.0,1.0,0,1,72.66803559206024,0.0
PRV51999,0,0.027146658375893053,2.6097144168660695,LOW,17,2660,17,156.47058823529412,1.0,0,17,81.06389660587028,0.0
PRV56321,0,0.11199979241730613,11.104181777302164,LOW,7,3910,6,558.5714285714286,1.1666666666666667,0,7,76.30572667122975,14.285714285714285
PRV52361,0,0.11906142442292096,11.811106786740593,LOW,158,44230,145,279.9367088607595,1.089655172413793,0,158,77.23918902971512,3.1645569620253164
PRV54208,0,0.22037536434085905,21.953430526604862,LOW,27,114160,16,4228.148148148148,1.6875,10,17,75.92026009582479,29.629629629629626
PRV56552,0,0.03275989471407969,3.171643606633756,LOW,24,7390,16,307.9166666666667,1.5,0,24,67.94849418206708,4.166666666666666
PRV51541,0,0.06528496487548388,6.427659427417703,LOW,51,12140,51,238.0392156862745,1.0,0,51,76.56356779535908,1.9607843137254901
PRV57322,0,0.1397030054468648,13.877491702943129,LOW,33,60790,25,1842.121212121212,1.32,7,26,76.93290057627343,24.242424242424242
PRV52319,0,0.015479354008043168,1.441725311259147,LOW,30,7740,29,258.0,1.0344827586206897,0,30,76.90547334135806,3.3333333333333335
PRV51523,1,0.6203227953946839,61.991319961765726,HIGH,65,733810,60,11289.384615384615,1.0833333333333333,60,5,77.92357184225767,89.23076923076924
PRV53387,0,0.10260441364202912,10.163630326290662,LOW,49,36320,37,741.2244897959183,1.3243243243243243,3,46,74.22546201232032,6.122448979591836
PRV57729,0,0.29116782083600334,29.04031326648817,LOW,23,114300,12,4969.565217391304,1.9166666666666667,11,12,75.7692738473026,52.17391304347826
PRV52530,0,0.1585347094297789,15.762693665503361,LOW,10,5210,9,521.0,1.1111111111111112,1,9,76.88949730017492,10.0
PRV55412,0,0.10760991192232558,10.664720147486253,LOW,11,1940,4,176.36363636363637,2.75,0,11,78.89596167008898,0.0
PRV53655,0,0.24464060576376362,24.382572403195613,LOW,1,20,1,20.0,1.0,0,1,71.99726214921287,0.0
PRV52273,0,0.10174249741157616,10.07734571972045,LOW,11,4380,11,398.1818181818182,1.0,0,11,72.4858440669529,9.090909090909092
PRV53946,0,0.04768413932575795,4.665678095344481,LOW,21,10070,21,479.5238095238095,1.0,0,21,79.02741110133307,9.523809523809524
PRV57743,0,0.07366780020965435,7.266847301129807,LOW,8,4350,8,543.75,1.0,0,8,82.31245722108144,12.5
PRV54226,0,0.061412921301835045,6.040037353983223,LOW,13,760,11,58.46153846153846,1.1818181818181819,0,13,81.25020222761496,0.0
PRV56425,0,0.2379746992427014,23.715262633078627,LOW,381,135450,135,355.51181102362204,2.8222222222222224,8,373,71.39505401303455,4.199475065616798
PRV57357,1,0.444121076366535,44.35213941709839,MEDIUM,16,114700,12,7168.75,1.3333333333333333,15,1,81.18022429316063,81.25
PRV57113,1,0.3218529846059441,32.11213995902005,LOW,7,28350,5,4050.0,1.4,2,5,78.50122225481569,28.57142857142857
PRV56634,0,0.08692226213944153,8.593723385491876,LOW,206,55830,123,271.0194174757282,1.6747967479674797,0,206,77.1620507170164,3.3980582524271843
PRV57550,0,0.034329170979742495,3.328740526727172,LOW,29,6070,22,209.31034482758622,1.3181818181818181,0,29,75.86410304274781,3.4482758620689653
PRV55576,0,0.08654791763766465,8.556248551028478,LOW,60,26830,47,447.1666666666667,1.2765957446808511,3,57,75.5390912011622,5.0
PRV54640,0,0.22715164002906693,22.631789120062418,LOW,19,74260,12,3908.4210526315787,1.5833333333333333,7,12,72.75507042760906,31.57894736842105
PRV52938,0,0.21902196497941334,21.817944585734075,LOW,3,4270,3,1423.3333333333333,1.0,0,3,89.25028519279033,33.33333333333333
PRV56699,0,0.0825300403743346,8.1540273760871,LOW,3,550,3,183.33333333333334,1.0,0,3,80.50102669404517,0.0
PRV57185,0,0.20645671616363756,20.560064165085464,LOW,186,157400,97,846.236559139785,1.9175257731958764,7,179,76.68983103165976,5.913978494623656
PRV53374,0,0.1739066305412651,17.301544099536702,LOW,387,105160,132,271.7312661498708,2.9318181818181817,0,387,74.94580299919109,2.842377260981912
PRV57240,0,0.034439363285153145,3.339771644814397,LOW,72,24790,31,344.30555555555554,2.3225806451612905,0,72,76.12399814532688,4.166666666666666
PRV51738,0,0.06665001474414826,6.5643116758671,LOW,16,850,14,53.125,1.1428571428571428,0,16,79.00694240735308,0.0
PRV52833,1,0.37644397951520653,37.57712872660217,LOW,14,27460,8,1961.4285714285713,1.75,4,10,77.19438740588639,21.428571428571427
PRV52362,0,0.15861404436173232,15.770635717351341,LOW,154,125630,125,815.7792207792207,1.232,9,145,76.91763289126305,7.792207792207792
PRV51790,0,0.05733484011110032,5.631789291501551,LOW,76,18580,74,244.47368421052633,1.027027027027027,0,76,76.7008158055386,1.3157894736842104
PRV51608,0,0.14046596012237333,13.953869478046125,LOW,37,78140,28,2111.891891891892,1.3214285714285714,9,28,76.18077214791793,24.324324324324326
PRV56693,0,0.15227393473588832,15.135940783725982,LOW,373,91230,302,244.58445040214477,1.2350993377483444,0,373,76.45982294627194,2.4128686327077746
PRV51003,1,0.44539180275923296,44.47934914233434,MEDIUM,132,605670,66,4588.409090909091,2.0,62,70,72.4743501991962,46.96969696969697
PRV55754,0,0.029587239304809276,2.8540357996338948,LOW,22,5210,21,236.8181818181818,1.0476190476190477,0,22,71.03171343828429,0.0
PRV52265,1,0.4491964004197804,44.86021934839342,MEDIUM,30,260000,27,8666.666666666666,1.1111111111111112,30,0,77.06776180698152,96.66666666666667
PRV53442,0,0.14894363355219553,14.802551392457374,LOW,46,92730,35,2015.8695652173913,1.3142857142857143,8,38,72.17330595482545,19.565217391304348
PRV53708,0,0.04278488072186611,4.175223702925886,LOW,53,20820,36,392.8301886792453,1.4722222222222223,0,53,77.41212259487413,3.7735849056603774
PRV55942,0,0.12249829099850251,12.155164213472796,LOW,82,23270,76,283.780487804878,1.0789473684210527,2,80,79.4619421190263,2.4390243902439024
PRV54759,0,0.11250800142564933,11.15505750372547,LOW,44,45140,39,1025.909090909091,1.1282051282051282,5,39,75.4640657084189,15.909090909090908
PRV55748,0,0.09580185813739313,9.482640916123637,LOW,10,3470,10,347.0,1.0,0,10,73.78343600273784,10.0
PRV51908,0,0.05009573538928993,4.907097864686539,LOW,22,14270,22,648.6363636363636,1.0,0,22,75.47781718623608,18.181818181818183
PRV52217,0,0.08260246904885189,8.161278057144402,LOW,5,520,4,104.0,1.25,0,5,78.54277891854893,0.0
PRV52747,0,0.036564192876560375,3.552483830576309,LOW,21,7520,21,358.0952380952381,1.0,0,21,79.98878784915746,0.0
PRV53020,0,0.3178126123485719,31.707666857914447,LOW,2,4500,2,2250.0,1.0,0,2,96.70773442847366,50.0
PRV55307,0,0.04003768931867567,3.900208195591972,LOW,110,24250,84,220.45454545454547,1.3095238095238095,0,110,75.94987125582608,0.9090909090909091
PRV55339,0,0.04432150256074754,4.329051657581528,LOW,30,7880,28,262.6666666666667,1.0714285714285714,0,30,74.0479123887748,3.3333333333333335
PRV54981,1,0.6716636044414354,67.13093951303846,HIGH,95,816730,76,8597.157894736842,1.25,81,14,78.534610997034,80.0
PRV51190,0,0.09033893331954913,8.935759093997374,LOW,66,39310,61,595.6060606060606,1.0819672131147542,3,63,76.76326146475017,6.0606060606060606
PRV53498,0,0.15079793281783582,14.98818136083043,LOW,2,860,2,430.0,1.0,0,2,82.9596167008898,0.0
PRV55635,0,0.029575450664018326,2.852855663796204,LOW,59,13490,58,228.64406779661016,1.0172413793103448,0,59,75.98612192876867,1.694915254237288
PRV53626,0,0.1339161254750949,13.298179417141528,LOW,13,10560,12,812.3076923076923,1.0833333333333333,1,12,79.79445058705839,23.076923076923077
PRV54574,0,0.041958314888754254,4.092477949690731,LOW,35,7800,24,222.85714285714286,1.4583333333333333,0,35,77.21229751311887,2.857142857142857
PRV57419,0,0.06291749446744986,6.190656983901259,LOW,17,4900,17,288.2352941176471,1.0,0,17,69.98059346942063,5.88235294117647
PRV54466,0,0.11638776942428797,11.543452852969915,LOW,3,120,3,40.0,1.0,0,3,81.89002966005019,0.0
PRV54971,1,0.3571117421628762,35.641819429559284,LOW,429,541030,169,1261.1421911421912,2.5384615384615383,52,377,76.04082150009596,11.655011655011654
PRV52878,0,0.031731952048897685,3.0687384456584814,LOW,27,11700,25,433.3333333333333,1.08,0,27,78.76654346338125,3.7037037037037033
PRV56461,0,0.17988370247843033,17.8998960997875,LOW,115,135180,94,1175.4782608695652,1.2234042553191489,10,105,74.29825295880597,11.304347826086957
PRV55024,0,0.13091841397090842,12.99808487359894,LOW,46,32980,42,716.9565217391304,1.0952380952380953,3,43,77.02036656779983,10.869565217391305
PRV55493,0,0.04372889879332521,4.2697273507435085,LOW,39,6270,39,160.76923076923077,1.0,0,39,80.70987556819179,0.0
PRV55710,0,0.14186247353967116,14.093671475646563,LOW,40,48680,32,1217.0,1.25,6,34,79.39915274617533,22.5
PRV54660,0,0.04617583357781276,4.514684804522419,LOW,24,5110,21,212.91666666666666,1.1428571428571428,0,24,74.50865356409504,4.166666666666666
PRV56021,0,0.11241662314493404,11.145909817764808,LOW,128,39920,124,311.875,1.032258064516129,0,128,78.81329623987105,3.125
PRV52832,0,0.028928605263234312,2.788101342034484,LOW,31,10180,30,328.38709677419354,1.0333333333333334,0,31,77.83070955966234,6.451612903225806
PRV55048,1,0.6927830985436874,69.24516729433579,HIGH,94,866240,76,9215.31914893617,1.236842105263158,82,12,77.13642586024515,81.91489361702128
PRV55313,0,0.16116967842630775,16.026474825617626,LOW,192,57410,129,299.0104166666667,1.4883720930232558,0,192,74.88730772700019,4.6875
PRV56796,0,0.15846220323167973,15.755435223724627,LOW,92,71490,84,777.0652173913044,1.0952380952380953,3,89,75.99367462059524,4.3478260869565215
PRV52849,0,0.2134550459487439,21.26065212342935,LOW,14,45780,11,3270.0,1.2727272727272727,2,12,74.73700837150528,14.285714285714285
PRV55471,0,0.04269146052036594,4.165871604604317,LOW,13,1670,13,128.46153846153845,1.0,0,13,75.45495708945401,0.0
PRV54245,0,0.21802146952050178,21.71778710639052,LOW,173,157450,93,910.1156069364162,1.8602150537634408,14,159,76.56189122308218,9.826589595375722
PRV55426,0,0.033051118367937504,3.2007973892279837,LOW,77,22110,38,287.14285714285717,2.026315789473684,0,77,76.81631182679492,3.896103896103896
PRV55552,1,0.4946870596251285,49.414192801347525,MEDIUM,1206,436740,545,362.1393034825871,2.2128440366972475,4,1202,76.84340319357531,3.316749585406302
PRV52170,0,0.2891142977718917,28.83473942600415,LOW,43,62090,40,1443.953488372093,1.075,3,40,75.0215048628687,6.976744186046512
PRV52350,0,0.10068859781291237,9.971842065162953,LOW,40,38660,23,966.5,1.7391304347826086,7,33,77.7038872760745,10.0
PRV57212,0,0.026772071783702885,2.572215347244629,LOW,101,34670,60,343.26732673267327,1.6833333333333333,0,101,74.75459730778006,2.9702970297029703
PRV57441,0,0.03886208147047929,3.782520586194977,LOW,74,26660,39,360.27027027027026,1.8974358974358974,0,74,79.48107197388511,5.405405405405405
PRV51917,0,0.06767122192479315,6.666542561764577,LOW,11,970,9,88.18181818181819,1.2222222222222223,0,11,74.91733211651075,0.0
PRV52777,0,0.15542134786730463,15.451021639803441,LOW,2,260,2,130.0,1.0,0,2,75.79329226557152,0.0
PRV52976,1,0.3591731928035248,35.848186882923976,LOW,4,29000,4,7250.0,1.0,4,0,79.54140999315537,100.0
PRV55004,1,0.622056467479375,62.1648741987833,HIGH,2399,703610,989,293.29303876615256,2.4256825075834176,3,2396,77.3589537656488,2.959566486035848
PRV56509,0,0.05313545823930162,5.2113980749957305,LOW,117,42370,55,362.13675213675214,2.1272727272727274,0,117,74.71674444651856,7.6923076923076925
PRV51586,1,0.4329396284166397,43.232788367478406,LOW,8,72510,6,9063.75,1.3333333333333333,6,2,73.4476386036961,75.0
PRV55384,0,0.19997221346165442,19.910914346720805,LOW,1,30,1,30.0,1.0,0,1,74.25051334702259,0.0
PRV53609,0,0.16645984133100805,16.556061818873935,LOW,183,60050,174,328.14207650273227,1.0517241379310345,2,181,77.18824279758572,3.825136612021858
PRV57159,0,0.07990910839922527,7.891651432428688,LOW,228,62310,118,273.2894736842105,1.9322033898305084,0,228,77.48973886007958,4.385964912280701
PRV51620,0,0.2461832389402306,24.53700214011292,LOW,8,21190,5,2648.75,1.6,3,5,79.70704996577686,37.5
PRV57160,0,0.05935141879821616,5.8336647087265225,LOW,101,36750,97,363.86138613861385,1.041237113402062,0,101,79.59702787950634,6.9306930693069315
PRV51920,1,0.41684995905717653,41.62208567796473,LOW,18,100700,9,5594.444444444444,2.0,9,9,73.90341470834284,38.88888888888889
PRV53242,1,0.5842062469537027,58.37576886433904,HIGH,259,1176290,131,4541.660231660232,1.9770992366412214,105,154,75.75426151714923,40.15444015444015
PRV56507,1,0.4330091227931081,43.23974530217875,LOW,42,260300,23,6197.619047619048,1.826086956521739,7,35,72.47122624124678,23.809523809523807
PRV53343,0,0.08731941835456743,8.633481852217862,LOW,6,310,6,51.666666666666664,1.0,0,6,76.36185261236596,0.0
PRV52208,0,0.05451098216920377,5.349098859510655,LOW,13,4560,12,350.7692307692308,1.0833333333333333,0,13,81.35363906000457,0.0
PRV54051,1,0.4040780490291192,40.34351684147591,LOW,5,38000,5,7600.0,1.0,5,0,79.79958932238193,100.0
PRV52839,0,0.016869618733692946,1.5809017655859132,LOW,33,12290,30,372.42424242424244,1.1,0,33,75.68368697239335,3.0303030303030303
PRV56870,1,0.41390689110176165,41.327461384245474,LOW,13,119000,13,9153.846153846154,1.0,13,0,80.27736534512715,100.0
PRV54262,1,0.41677669270018763,41.61475113829108,LOW,1,3000,1,3000.0,1.0,1,0,81.67008898015058,100.0
PRV55930,0,0.13238778647229504,13.145180639646417,LOW,45,84580,27,1879.5555555555557,1.6666666666666667,7,38,75.41176470588235,15.555555555555555
PRV53734,0,0.28451265601098497,28.374078824789766,LOW,1,20,1,20.0,1.0,0,1,64.66803559206024,0.0
PRV51032,0,0.019179629581667388,1.8121520543589293,LOW,23,5420,21,235.65217391304347,1.0952380952380953,0,23,74.06720771813174,4.3478260869565215
PRV51976,1,0.4567084019841661,45.61222989957797,MEDIUM,7,61000,7,8714.285714285714,1.0,7,0,80.58355333920017,85.71428571428571
PRV53179,0,0.0991905519668274,9.821875871365148,LOW,28,20190,25,721.0714285714286,1.12,2,26,73.92612872968795,10.714285714285714
PRV54167,0,0.06230011938395479,6.1288528731263305,LOW,9,1840,8,204.44444444444446,1.125,0,9,75.59479808350446,0.0
PRV53864,0,0.15840876453564806,15.750085589154809,LOW,2,460,2,230.0,1.0,0,2,87.83162217659137,0.0
PRV56490,1,0.31938447871859055,31.865023067863913,LOW,14,78170,11,5583.571428571428,1.2727272727272727,11,3,77.1256477950523,64.28571428571429
PRV53163,0,0.22736790962555814,22.653439410876103,LOW,12,800,3,66.66666666666667,4.0,0,12,68.63883185033082,0.0
PRV56016,0,0.04659884258891722,4.5570313398459525,LOW,12,6350,12,529.1666666666666,1.0,0,12,73.44490075290896,8.333333333333332
PRV52672,0,0.13827483957793485,13.73452104551292,LOW,3,390,2,130.0,1.5,0,3,76.79123887748118,0.0
PRV54455,0,0.05638436919244945,5.536639662831583,LOW,6,1390,6,231.66666666666666,1.0,0,6,79.18092630618298,0.0
PRV54630,0,0.11692274826199278,11.597008450258633,LOW,85,25680,23,302.11764705882354,3.6956521739130435,0,85,81.34809392018569,4.705882352941177
PRV57619,0,0.044473343306633134,4.344252112750102,LOW,21,2520,18,120.0,1.1666666666666667,0,21,81.77762567495627,0.0
PRV56694,0,0.0872763857074964,8.629173945148697,LOW,8,3950,8,493.75,1.0,0,8,82.22861054072553,0.0
PRV52022,0,0.05516181227282213,5.414252081425561,LOW,66,17770,66,269.24242424242425,1.0,0,66,76.73623296621244,1.5151515151515151
PRV53038,0,0.11271551234359303,11.175830981798143,LOW,24,13310,7,554.5833333333334,3.4285714285714284,0,24,77.70255206805516,16.666666666666664
PRV53772,0,0.02452414864762378,2.347180527683648,LOW,22,5410,22,245.9090909090909,1.0,0,22,78.66704000995581,0.0
PRV53841,0,0.029319340075485093,2.827216975732003,LOW,22,3370,19,153.1818181818182,1.1578947368421053,0,22,80.45246586692605,0.0
PRV56854,0,0.08521734449452881,8.423047694481165,LOW,3,600,3,200.0,1.0,0,3,76.74925849874515,0.0
PRV57295,1,0.5147323199099516,51.42088131255529,MEDIUM,14,173000,13,12357.142857142857,1.0769230769230769,14,0,70.75638393092191,100.0
PRV54885,1,0.3856205629611057,38.495777041035254,LOW,316,411400,257,1301.8987341772151,1.2295719844357977,36,280,76.91499162776597,12.025316455696203
PRV54383,0,0.034893534526221,3.38523776491571,LOW,29,5470,22,188.6206896551724,1.3181818181818181,0,29,80.21118785389832,3.4482758620689653
PRV54117,0,0.1078186948844049,10.685620967200613,LOW,6,320,6,53.333333333333336,1.0,0,6,81.86082591832078,0.0
PRV51849,0,0.12581702905548292,12.487396044640025,LOW,146,50620,110,346.71232876712327,1.3272727272727274,3,143,77.08714875039311,3.4246575342465753
PRV56984,0,0.13489298004352357,13.395970257057474,LOW,3,780,3,260.0,1.0,0,3,74.22313483915126,0.0
PRV51143,0,0.04484950600939574,4.381908963459598,LOW,77,20450,68,265.5844155844156,1.1323529411764706,0,77,75.91013407416355,2.5974025974025974
PRV56308,0,0.06185587994597715,6.084381004776979,LOW,15,5030,9,335.3333333333333,1.6666666666666667,0,15,78.50939234922808,0.0
PRV52742,0,0.12219961476009145,12.125264368438405,LOW,6,1270,3,211.66666666666666,2.0,0,6,79.55464293862651,0.0
PRV53589,0,0.16179419290465397,16.088993646075604,LOW,2,500,2,250.0,1.0,0,2,64.62696783025325,0.0
PRV54118,0,0.0884413971610775,8.745800771945088,LOW,8,470,8,58.75,1.0,0,8,80.83436002737851,0.0
PRV56440,0,0.04427434531198031,4.3243308453807,LOW,89,29150,72,327.5280898876405,1.2361111111111112,0,89,77.42250361244201,5.617977528089887
PRV51031,0,0.25204777176413934,25.124088088318274,LOW,185,359720,135,1944.4324324324325,1.3703703703703705,28,157,76.08780304912872,16.216216216216218
PRV55068,0,0.1133816504741725,11.242516657839142,LOW,6,2620,6,436.6666666666667,1.0,0,6,69.05589778690394,0.0
PRV52836,0,0.17470412055683618,17.38137913431852,LOW,21,53680,16,2556.190476190476,1.3125,5,16,75.44585900068446,23.809523809523807
PRV57688,0,0.06550976667789528,6.450163859277803,LOW,12,4230,12,352.5,1.0,0,12,77.94569929272188,8.333333333333332
PRV51466,0,0.1505704132823361,14.965404862472448,LOW,74,57860,66,781.8918918918919,1.121212121212121,5,69,80.13781801004521,9.45945945945946
PRV56017,1,0.6420029280008924,64.1616720751418,HIGH,13,210060,10,16158.461538461539,1.3,11,2,85.11955281770477,84.61538461538461
PRV55098,0,0.04218471776061353,4.115142661218993,LOW,27,6970,17,258.14814814814815,1.588235294117647,0,27,75.33808430969924,0.0
PRV56200,0,0.01655271438430584,1.5491771430052645,LOW,58,12600,41,217.24137931034483,1.4146341463414633,0,58,74.42680422697451,1.7241379310344827
PRV53494,0,0.0791243540320355,7.81309133640678,LOW,7,470,7,67.14285714285714,1.0,0,7,74.76366480883935,0.0
PRV55814,0,0.15854353106484506,15.763576780687988,LOW,4,110,4,27.5,1.0,0,4,66.26967830253251,0.0
PRV52152,1,0.38880726016853945,38.81479054268067,LOW,88,454360,45,5163.181818181818,1.9555555555555555,47,41,80.25990026400704,47.72727272727273
PRV54704,0,0.05613580794397176,5.5117567231957585,LOW,161,44710,115,277.70186335403724,1.4,0,161,77.07128530190757,3.1055900621118013
PRV56076,0,0.10445552390850069,10.348941050717606,LOW,3,520,3,173.33333333333334,1.0,0,3,78.61190965092402,0.0
PRV54060,1,0.43436656063378754,43.37563552664405,LOW,16,164000,16,10250.0,1.0,16,0,73.78165639972622,93.75
PRV53770,1,0.45857278418623515,45.79886924934111,MEDIUM,253,849520,171,3357.786561264822,1.4795321637426901,77,176,77.94222447512593,29.249011857707508
PRV57236,0,0.03563047665212165,3.4590114788240047,LOW,87,19170,39,220.3448275862069,2.230769230769231,0,87,77.59188472946174,2.2988505747126435
PRV57485,0,0.06488950204943211,6.388070482281946,LOW,10,1670,10,167.0,1.0,0,10,65.84147843942506,0.0
PRV55262,0,0.24975640334149096,24.894704053222753,LOW,397,235860,203,594.1057934508816,1.9556650246305418,16,381,73.939858544376,5.793450881612091
PRV56515,0,0.1003596492730829,9.938911724210776,LOW,7,2640,6,377.14285714285717,1.1666666666666667,0,7,68.65252110426648,0.0
PRV52453,0,0.18576455705920716,18.488615984470833,LOW,1,20,1,20.0,1.0,0,1,77.99863107460644,0.0
PRV52162,0,0.12990561072996895,12.89669528828904,LOW,39,28000,35,717.9487179487179,1.1142857142857143,1,38,78.40984105255153,5.128205128205128
PRV53433,0,0.03965832898840958,3.8622312371720646,LOW,19,2920,15,153.68421052631578,1.2666666666666666,0,19,73.18804471822952,0.0
PRV55489,0,0.1660935017116731,16.519388336221468,LOW,361,111740,217,309.52908587257616,1.663594470046083,0,361,76.2674514331135,3.32409972299169
PRV53790,1,0.45592450366162224,45.53375550037075,MEDIUM,493,642230,426,1302.6977687626775,1.1572769953051643,44,449,76.62978140882811,11.76470588235294
PRV53675,1,0.4448865722260851,44.42877158474848,MEDIUM,297,747680,205,2517.4410774410776,1.448780487804878,76,221,77.21484192879605,27.27272727272727
PRV55968,0,0.056080709551304696,5.506240939914325,LOW,148,53460,75,361.2162162162162,1.9733333333333334,0,148,73.60259183207849,4.72972972972973
PRV51438,0,0.17667522645772982,17.578702367316986,LOW,9,19510,7,2167.777777777778,1.2857142857142858,2,7,77.31568940603849,22.22222222222222
PRV56560,1,0.9514622458063794,95.14098832760432,CRITICAL,2313,3212000,831,1388.672719412019,2.783393501805054,248,2065,76.69017375223343,12.840466926070038
PRV52267,1,0.411485790830333,41.08509016879977,LOW,10,78900,10,7890.0,1.0,10,0,83.017659137577,80.0
PRV55269,0,0.12552290168050084,12.45795157667993,LOW,172,53490,124,310.98837209302326,1.3870967741935485,3,169,75.73637146452938,2.9069767441860463
PRV52970,1,0.4787616768095093,47.819936489450974,MEDIUM,1,4000,1,4000.0,1.0,1,0,79.75085557837097,100.0
PRV51186,0,0.15949991700128652,15.859318549249146,LOW,2,100,2,50.0,1.0,0,2,78.00136892539356,0.0
PRV53365,0,0.10497088340864484,10.400532597716078,LOW,6,730,6,121.66666666666667,1.0,0,6,65.9046315309149,0.0
PRV54479,0,0.047289045173816435,4.626126057392313,LOW,17,8640,9,508.2352941176471,1.8888888888888888,0,17,80.5284052019165,11.76470588235294
PRV54959,0,0.1526810070135599,15.176691926451388,LOW,95,86510,86,910.6315789473684,1.1046511627906976,7,88,76.69565217391305,10.526315789473683
PRV55028,0,0.25983218016936044,25.903368710836975,LOW,223,241790,82,1084.2600896860986,2.7195121951219514,20,203,78.35433139008866,8.968609865470851
PRV54158,0,0.060498055345186645,5.948452062576885,LOW,9,2360,9,262.22222222222223,1.0,0,9,75.74903034451289,0.0
PRV51990,0,0.04884296175916685,4.781685352452143,LOW,89,18690,49,210.0,1.816326530612245,0,89,78.37092290715054,1.1235955056179776
PRV57707,0,0.1734051392542282,17.25134086995182,LOW,2,70,2,35.0,1.0,0,2,77.33333333333334,0.0
PRV52336,0,0.02613355117819231,2.5082944030891863,LOW,86,26960,78,313.48837209302326,1.1025641025641026,0,86,77.81765211744677,4.651162790697675
PRV54242,0,0.12588212634049287,12.493912795836277,LOW,88,53270,70,605.3409090909091,1.2571428571428571,4,84,75.96081913535713,7.954545454545454
PRV53145,0,0.09268714208042693,9.170833294851656,LOW,132,34760,111,263.3333333333333,1.1891891891891893,0,132,76.94909694088338,3.0303030303030303
PRV54657,1,0.40524950992185577,40.46078930795336,LOW,46,292220,29,6352.608695652174,1.5862068965517242,17,29,77.60015474808797,36.95652173913043
PRV57659,0,0.18403498798374818,18.31547249100911,LOW,1,20,1,20.0,1.0,0,1,88.24914442162903,0.0
PRV52725,0,0.06722969063329619,6.622341800218143,LOW,42,18850,40,448.8095238095238,1.05,0,42,77.14394250513348,4.761904761904762
PRV54059,1,0.4296841791347507,42.90689224141352,LOW,18,172000,18,9555.555555555555,1.0,18,0,73.29606814206403,94.44444444444444
PRV56302,0,0.08342175841155937,8.243295378353475,LOW,4,1500,4,375.0,1.0,0,4,73.22997946611909,0.0
PRV56122,1,0.44929493118437086,44.870083054351575,MEDIUM,3,20000,3,6666.666666666667,1.0,3,0,86.41752224503766,100.0
PRV55581,0,0.21187234378521613,21.102211165163546,LOW,2,70,2,35.0,1.0,0,2,74.54072553045859,0.0
PRV54799,0,0.2158876098531771,21.504170938872253,LOW,1,100,1,100.0,1.0,0,1,70.08350444900753,0.0
PRV55833,0,0.16400567222815557,16.31038015282025,LOW,144,94850,82,658.6805555555555,1.7560975609756098,4,140,77.0072683419706,8.333333333333332
PRV52862,1,0.4302124721823047,42.959778538424096,LOW,76,432660,48,5692.894736842105,1.5833333333333333,56,20,75.69450488828956,64.47368421052632
PRV52921,0,0.07616559456797035,7.516896199022503,LOW,46,27450,40,596.7391304347826,1.15,3,43,76.29848940674593,13.043478260869565
PRV55820,0,0.20541420299604077,20.455700382002878,LOW,477,120350,332,252.30607966457023,1.4367469879518073,0,477,78.13508654742172,2.0964360587002098
PRV51059,1,0.3373279418389175,33.66130512073914,LOW,96,421060,60,4386.041666666667,1.6,25,71,76.95958331246557,28.125
PRV52358,0,0.05330947700551597,5.228818724762064,LOW,18,5180,17,287.77777777777777,1.0588235294117647,0,18,72.1866570036639,0.0
PRV51926,0,0.02085669816029354,1.9800398343836487,LOW,32,13870,30,433.4375,1.0666666666666667,0,32,80.05092402464065,9.375
PRV56861,0,0.037802258197830396,3.6764239251930064,LOW,31,5560,22,179.3548387096774,1.4090909090909092,0,31,75.85203160973181,0.0
PRV52709,0,0.12223097498555928,12.128403774126383,LOW,13,2220,4,170.76923076923077,3.25,0,13,82.18754277891856,0.0
PRV52660,0,0.21216103904516542,21.13111183560378,LOW,558,145400,329,260.57347670250897,1.696048632218845,0,558,77.2914750067094,2.1505376344086025
PRV56729,0,0.09773060952713766,9.675724128802436,LOW,219,70080,179,320.0,1.223463687150838,0,219,75.74657290674865,1.82648401826484
PRV55716,0,0.014462899714821554,1.3399702268455043,LOW,25,6620,23,264.8,1.0869565217391304,0,25,76.70648454007083,0.0
PRV53217,0,0.07201159942428473,7.101048551648324,LOW,5,1570,5,314.0,1.0,0,5,77.78343600273786,0.0
PRV51860,1,0.3318501794866979,33.11293794450207,LOW,776,244610,350,315.21907216494844,2.217142857142857,4,772,78.10813730594703,3.350515463917526
PRV56831,0,0.0632005567693074,6.218993750848786,LOW,5,760,5,152.0,1.0,0,5,73.16687200547571,0.0
PRV55842,0,0.11149331615908667,11.053479512820322,LOW,122,49540,43,406.0655737704918,2.8372093023255816,0,122,79.81268006940132,5.737704918032787
PRV51751,0,0.11610533027232968,11.515178468237727,LOW,2,900,2,450.0,1.0,0,2,79.33333333333334,0.0
PRV53917,0,0.16425810787627587,16.33565095039058,LOW,200,122200,103,611.0,1.941747572815534,7,193,76.63249518938953,8.0
PRV53606,0,0.07093337207957806,6.99310949800924,LOW,76,11750,74,154.60526315789474,1.027027027027027,0,76,77.13428418151211,1.3157894736842104
PRV54004,0,0.07205330632454261,7.1052237410146075,LOW,8,1090,8,136.25,1.0,0,8,79.45722108145105,0.0
PRV57706,0,0.1425198825163228,14.159483294593636,LOW,5,3040,5,608.0,1.0,0,5,70.41697467488022,0.0
PRV57327,0,0.13126579533369603,13.032860485379913,LOW,3,190,3,63.333333333333336,1.0,0,3,87.72256445357061,0.0
PRV51715,1,0.3826686289011519,38.20026518038673,LOW,12,67340,9,5611.666666666667,1.3333333333333333,3,9,78.0556696326717,25.0
PRV53587,0,0.11126130383737513,11.03025325115937,LOW,3,770,3,256.6666666666667,1.0,0,3,77.30595482546201,0.0
PRV57658,0,0.028272628354852607,2.7224328844059347,LOW,51,16170,37,317.05882352941177,1.3783783783783783,0,51,77.65158998834563,5.88235294117647
PRV51966,0,0.16753380731048623,16.66357427627408,LOW,3,2450,3,816.6666666666666,1.0,0,3,84.60871549167237,33.33333333333333
PRV53063,0,0.2766393218456905,27.58589603295253,LOW,4,7450,2,1862.5,2.0,2,2,79.24845995893224,50.0
PRV55479,0,0.29651658841761475,29.575767049708272,LOW,672,162410,317,241.68154761904762,2.1198738170347005,0,672,76.34778478074522,2.083333333333333
PRV54021,0,0.058787841808252375,5.777246211043175,LOW,20,1980,19,99.0,1.0526315789473684,0,20,79.53096293094131,0.0
PRV55093,0,0.03391479976741887,3.287258703127474,LOW,19,3380,18,177.89473684210526,1.0555555555555556,0,19,80.42193322686136,0.0
PRV53556,0,0.05415228097693933,5.313190043598769,LOW,31,11550,26,372.5806451612903,1.1923076923076923,0,31,66.85652608855895,3.225806451612903
PRV55876,0,0.021745890078000252,2.0690549521804393,LOW,19,4380,18,230.52631578947367,1.0555555555555556,0,19,76.70438816640049,0.0
PRV55913,1,0.4320242730851375,43.141154085792934,LOW,1267,373270,587,294.6093133385951,2.1584327086882453,0,1267,77.64101738908381,2.920284135753749
PRV57280,0,0.10291734904204133,10.194957625763553,LOW,3,170,3,56.666666666666664,1.0,0,3,80.0556696326717,0.0
PRV51824,1,0.36527484094432766,36.45900994281967,LOW,10,59900,9,5990.0,1.1111111111111112,10,0,70.0372651912693,80.0
PRV57475,0,0.05364724960625437,5.262632423744845,LOW,23,9340,16,406.0869565217391,1.4375,0,23,79.38039014373716,4.3478260869565215
PRV51213,0,0.12877965838848096,12.783978586399062,LOW,2,50,2,25.0,1.0,0,2,76.79260780287476,0.0
PRV53670,1,0.45285329791951096,45.22630360447713,MEDIUM,1173,322450,788,274.89343563512364,1.4885786802030456,0,1173,78.27985143337607,2.6427962489343564
PRV51478,0,0.04401431165618302,4.298299427369588,LOW,17,3930,16,231.1764705882353,1.0625,0,17,74.339151266256,0.0
PRV54923,0,0.07346754876755272,7.24680055379361,LOW,79,30400,57,384.8101265822785,1.3859649122807018,0,79,74.54965956986923,3.79746835443038
PRV52796,0,0.09597124535192007,9.499597911069424,LOW,48,16690,16,347.7083333333333,3.0,0,48,69.73459958932239,4.166666666666666
PRV51112,0,0.13073062108608147,12.979285326019399,LOW,304,105250,195,346.2171052631579,1.558974358974359,0,304,74.23327190719388,4.605263157894736
PRV55646,0,0.16686771966123548,16.59689365381188,LOW,2,300,2,150.0,1.0,0,2,80.95824777549623,0.0
PRV52435,0,0.06427788991170602,6.326843287790518,LOW,70,20420,25,291.7142857142857,2.8,0,70,76.58053388090349,2.857142857142857
PRV56791,0,0.10601974827499988,10.505532235895767,LOW,233,67030,162,287.6824034334764,1.4382716049382716,0,233,75.8901986631852,3.4334763948497855
PRV57684,0,0.08062219638283204,7.9630371587226705,LOW,65,21110,58,324.7692307692308,1.1206896551724137,0,65,74.93889400269065,4.615384615384616
PRV52766,0,0.03491555984378869,3.387442672763788,LOW,11,2010,11,182.72727272727272,1.0,0,11,76.00796465683528,0.0
PRV51843,0,0.03505299801533611,3.401201316748791,LOW,50,18810,36,376.2,1.3888888888888888,0,50,74.6206555631607,4.0
PRV56912,1,0.49813702094500184,49.75956111516995,MEDIUM,7,90000,7,12857.142857142857,1.0,7,0,77.72601936051628,85.71428571428571
PRV56591,0,0.2467774823837719,24.596490591451104,LOW,143,135460,74,947.2727272727273,1.9324324324324325,16,127,77.14036205716444,13.286713286713287
PRV54682,0,0.12192971876745792,12.098245652794748,LOW,96,57690,82,600.9375,1.170731707317073,6,90,73.86170742330907,8.333333333333332
PRV51584,0,0.22462545562780847,22.378898155157575,LOW,82,171930,65,2096.7073170731705,1.2615384615384615,13,69,76.48842556029415,15.853658536585366
PRV53073,0,0.07149116056332,7.048948520606338,LOW,14,1270,7,90.71428571428571,2.0,0,14,76.77363840813533,0.0
PRV51169,0,0.1039519594379635,10.298530279127652,LOW,77,19380,74,251.6883116883117,1.0405405405405406,0,77,78.15886934162089,1.2987012987012987
PRV55660,1,0.4160976798211406,41.54677659847543,LOW,4,33000,4,8250.0,1.0,4,0,80.4599589322382,100.0
PRV54113,0,0.19835986759404955,19.749505820084426,LOW,1,60,1,60.0,1.0,0,1,81.75222450376455,0.0
PRV56067,0,0.14996082854569948,14.904380626805999,LOW,3,1310,3,436.6666666666667,1.0,0,3,74.27789185489391,0.0
PRV55855,0,0.05875936993113648,5.774395951785417,LOW,114,23150,77,203.0701754385965,1.4805194805194806,0,114,76.24455763264798,0.0
PRV57270,0,0.09034661508227336,8.936528098978377,LOW,9,1000,9,111.11111111111111,1.0,0,9,86.42725682561412,0.0
PRV52907,0,0.08542866550113615,8.444202592452575,LOW,183,53600,79,292.89617486338796,2.3164556962025316,0,183,76.33259688612794,3.278688524590164
PRV53780,0,0.034076594605951124,3.303455641408252,LOW,26,5080,26,195.3846153846154,1.0,0,26,77.33722950560733,0.0
PRV52826,0,0.14346105029093603,14.25370160523664,LOW,292,101600,103,347.94520547945206,2.8349514563106797,0,292,76.11740861093944,4.10958904109589
PRV56856,0,0.05200122224135103,5.097852113818615,LOW,90,23670,31,263.0,2.903225806451613,0,90,77.37643240378883,3.3333333333333335
PRV53640,0,0.03235526385468216,3.131136869115965,LOW,33,5660,27,171.5151515151515,1.2222222222222223,0,33,78.01830303952138,0.0
PRV54925,0,0.3210883874318421,32.03559775686495,LOW,122,478870,67,3925.1639344262294,1.8208955223880596,39,83,76.568823782609,31.967213114754102
PRV54045,0,0.14534384362662026,14.44218405455443,LOW,3,240,2,80.0,1.5,0,3,71.8754277891855,0.0
PRV51750,0,0.1872236570279491,18.634683389053,LOW,3,1600,3,533.3333333333334,1.0,0,3,81.41729409080538,0.0
PRV57477,0,0.0733093506910767,7.2309636797371555,LOW,85,22740,42,267.52941176470586,2.0238095238095237,0,85,77.78351422704606,1.1764705882352942
PRV53192,0,0.09096868396859838,8.998802096403761,LOW,149,40610,51,272.5503355704698,2.9215686274509802,0,149,78.13208787964193,2.684563758389262
PRV54937,0,0.11210371079238719,11.114584825524814,LOW,36,36260,33,1007.2222222222222,1.0909090909090908,3,33,73.29667655335007,11.11111111111111
PRV54454,0,0.11538792798961016,11.44336084660587,LOW,171,45040,138,263.39181286549706,1.2391304347826086,0,171,75.13146643652848,3.508771929824561
PRV51636,0,0.28374003333479797,28.29673320663499,LOW,316,180020,186,569.6835443037975,1.6989247311827957,3,313,75.7956860548961,6.012658227848101
PRV55464,0,0.028306860155423837,2.725859757389782,LOW,29,6540,28,225.51724137931035,1.0357142857142858,0,29,78.64935953847657,0.0
PRV57495,0,0.302558282067333,30.18058819260487,LOW,113,400530,68,3544.5132743362833,1.661764705882353,37,76,77.51726712712339,30.973451327433626
PRV54667,0,0.2071521231121448,20.629679880439387,LOW,166,136690,65,823.433734939759,2.5538461538461537,9,157,74.63775330305104,11.44578313253012
PRV51775,0,0.04695379399753478,4.592564772866483,LOW,39,9610,36,246.4102564102564,1.0833333333333333,0,39,77.03536390600046,2.564102564102564
PRV56058,1,0.42175894462253843,42.11351381587496,LOW,11,90000,11,8181.818181818182,1.0,11,0,82.77394063841702,100.0
PRV51146,1,0.6893417394613656,68.90066013227792,HIGH,352,1680910,177,4775.3125,1.9887005649717515,162,190,77.06842577678319,45.17045454545455
PRV57762,1,0.3411578079142329,34.04470489423165,LOW,1,1900,1,1900.0,1.0,0,1,70.99794661190965,0.0
PRV51590,1,0.6269007761565745,62.64982767053444,HIGH,84,781380,79,9302.142857142857,1.0632911392405062,81,3,78.47892355720272,85.71428571428571
PRV55353,0,0.06218169281842906,6.116997440715596,LOW,12,2970,12,247.5,1.0,0,12,82.65252110426648,0.0
PRV53042,0,0.015550667375582862,1.44886434129937,LOW,39,10090,36,258.71794871794873,1.0833333333333333,0,39,76.67868278956574,2.564102564102564
PRV54753,0,0.02692343934307899,2.5873684327148916,LOW,16,7780,16,486.25,1.0,0,16,79.06279945242984,6.25
PRV56165,0,0.08445576147226161,8.346807232676259,LOW,19,12810,13,674.2105263157895,1.4615384615384615,0,19,71.85973779813615,5.263157894736842
PRV57024,1,0.5545730438490261,55.40925172385256,HIGH,9,132700,9,14744.444444444445,1.0,9,0,77.3701422161381,100.0
PRV56141,0,0.031669319801943034,3.0624684641960713,LOW,39,14540,28,372.8205128205128,1.3928571428571428,0,39,72.72631270167204,5.128205128205128
PRV51770,0,0.045753480282921984,4.472403911558922,LOW,15,6820,15,454.6666666666667,1.0,0,15,73.80588637919233,6.666666666666667
PRV51864,0,0.16962379562751917,16.872798575921806,LOW,133,91090,69,684.8872180451128,1.9275362318840579,6,127,76.48386949577915,5.263157894736842
PRV53096,0,0.08439226418184535,8.340450653546796,LOW,130,53000,103,407.6923076923077,1.2621359223300972,0,130,76.227640331466,6.153846153846154
PRV54577,1,0.4519276549585978,45.133639450021064,MEDIUM,61,494010,42,8098.524590163935,1.4523809523809523,45,16,79.65190182849321,68.85245901639344
PRV53696,0,0.03805650243900253,3.7018757771795396,LOW,15,4830,15,322.0,1.0,0,15,71.23906000456309,6.666666666666667
PRV54614,0,0.09107376726598883,9.009321762529169,LOW,15,1440,8,96.0,1.875,0,15,68.145106091718,0.0
PRV56310,0,0.1948021650663865,19.393351762361288,LOW,1,80,1,80.0,1.0,0,1,78.25051334702259,0.0
PRV54053,0,0.25697494666578885,25.6173371221229,LOW,1,10,1,10.0,1.0,0,1,87.58384668035592,0.0
PRV53997,0,0.0971170129689691,9.614298278187478,LOW,172,70230,95,408.3139534883721,1.8105263157894738,0,172,76.98064051298678,6.976744186046512
PRV57571,0,0.22329128106550872,22.245336768172763,LOW,1,400,1,400.0,1.0,0,1,82.99794661190965,0.0
PRV55157,1,0.41867167029491487,41.804453327951066,LOW,3,16000,3,5333.333333333333,1.0,3,0,82.13917408167922,100.0
PRV57532,0,0.17109883952124352,17.020462093032872,LOW,351,111560,157,317.83475783475785,2.2356687898089174,0,351,79.09523622682309,3.7037037037037033
PRV57107,0,0.055067826850584846,5.404843400054267,LOW,13,5410,12,416.15384615384613,1.0833333333333333,0,13,74.64681724845995,7.6923076923076925
PRV55450,0,0.178475669138444,17.758940867148926,LOW,201,57610,123,286.6169154228856,1.6341463414634145,1,200,75.65331686171072,1.9900497512437811
PRV53568,0,0.23804973652203407,23.72277445603376,LOW,4,1230,2,307.5,2.0,0,4,64.16427104722793,0.0
PRV54491,0,0.06803382212311683,6.702841698907171,LOW,14,8730,10,623.5714285714286,1.4,0,14,78.46516084873375,14.285714285714285
PRV51395,0,0.02653157533198928,2.5481397573155067,LOW,20,10400,20,520.0,1.0,0,20,75.3504449007529,10.0
PRV55210,0,0.08542986430717107,8.444322602383265,LOW,174,50480,68,290.11494252873564,2.5588235294117645,0,174,75.6977895881145,2.8735632183908044
PRV54568,0,0.1078263013790402,10.686382437252801,LOW,56,53640,43,957.8571428571429,1.302325581395349,5,51,75.26816058090051,10.714285714285714
PRV52658,0,0.015644286137373797,1.4582363170707,LOW,39,14840,36,380.5128205128205,1.0833333333333333,0,39,80.2061753745532,5.128205128205128
PRV55626,0,0.07002783701445565,6.9024583023721,LOW,9,810,9,90.0,1.0,0,9,82.44520495855198,0.0
PRV57162,1,0.36641650121127783,36.5732991318269,LOW,104,195680,49,1881.5384615384614,2.122448979591837,7,97,71.68482505938721,12.5
PRV52151,1,0.45608878628656746,45.55020148567523,MEDIUM,121,474110,70,3918.2644628099174,1.7285714285714286,47,74,78.88413367436387,37.1900826446281
PRV51376,0,0.035961230159109826,3.492122511211914,LOW,51,19420,48,380.7843137254902,1.0625,0,51,77.92408167921515,3.9215686274509802
PRV55010,0,0.11282249063019606,11.186540351276248,LOW,289,66400,143,229.75778546712803,2.020979020979021,0,289,78.86786998080633,2.0761245674740483
PRV51766,0,0.054479118348410446,5.345909039962263,LOW,23,2290,23,99.56521739130434,1.0,0,23,79.62336696128322,0.0
PRV54396,0,0.10165044783001669,10.068130831255433,LOW,44,26840,32,610.0,1.375,1,43,77.44515742642027,11.363636363636363
PRV57642,0,0.2611407326890081,26.03436512945056,LOW,220,321470,101,1461.2272727272727,2.1782178217821784,23,197,75.76852485613608,10.909090909090908
PRV56767,0,0.19632564644826875,19.545864253724478,LOW,18,51570,12,2865.0,1.5,6,12,76.14860445661266,33.33333333333333
PRV56873,1,0.3759728056975753,37.52996051460652,LOW,2,6070,1,3035.0,2.0,1,1,83.0006844626968,50.0
PRV52792,0,0.12838983245431512,12.744953938559805,LOW,5,320,5,64.0,1.0,0,5,81.55071868583163,0.0
PRV55871,0,0.10461009603568712,10.364414938677685,LOW,12,4480,5,373.3333333333333,2.4,0,12,72.45119780971937,0.0
PRV56674,0,0.0387572727990753,3.7720284122948673,LOW,46,15860,21,344.7826086956522,2.1904761904761907,0,46,78.24986147778756,4.3478260869565215
PRV53618,0,0.20908934934042894,20.82361149123775,LOW,236,115660,192,490.08474576271186,1.2291666666666667,12,224,75.33595654504809,7.627118644067797
PRV51927,1,0.48050234181381785,47.99419077282648,MEDIUM,6,64050,5,10675.0,1.2,5,1,80.4020077572439,83.33333333333334
PRV51664,0,0.05855442730985439,5.753879580446754,LOW,10,790,10,79.0,1.0,0,10,76.85913757700204,0.0
PRV53085,0,0.11053577102794326,10.95762169973504,LOW,2,640,2,320.0,1.0,0,2,79.83436002737851,0.0
PRV54325,1,0.4380751747734156,43.74689702590874,LOW,15,142000,15,9466.666666666666,1.0,15,0,71.76728268309377,100.0
PRV51277,0,0.1704677821624225,16.957288278681457,LOW,59,141190,46,2393.0508474576272,1.2826086956521738,10,49,74.8164879458514,20.33898305084746
PRV54588,0,0.011258449715353424,1.0191795308254072,LOW,63,17220,47,273.3333333333333,1.3404255319148937,0,63,78.09742671152081,3.1746031746031744
PRV51737,0,0.06197502359420505,6.0963082228168135,LOW,152,50300,106,330.92105263157896,1.4339622641509433,0,152,76.5001226867098,3.9473684210526314
PRV53339,0,0.07739355558099313,7.63982477276168,LOW,10,1430,8,143.0,1.25,0,10,79.4154688569473,0.0
PRV54342,0,0.11884517081529924,11.789458096538736,LOW,35,44280,27,1265.142857142857,1.2962962962962963,7,28,72.43402987478359,17.142857142857142
PRV52515,0,0.04601440552077302,4.498524583959282,LOW,17,2450,17,144.11764705882354,1.0,0,17,73.76059910617224,0.0
PRV55528,0,0.15820205724807046,15.72939256081439,LOW,4,880,4,220.0,1.0,0,4,94.08281998631074,0.0
PRV53465,0,0.14376084897718605,14.283713816144603,LOW,23,34750,18,1510.8695652173913,1.2777777777777777,3,20,74.09197874906293,17.391304347826086
PRV51707,0,0.07685020913887158,7.585431512334104,LOW,12,270,12,22.5,1.0,0,12,79.4236824093087,0.0
PRV56833,0,0.06833095781268511,6.732587322862871,LOW,8,710,7,88.75,1.1428571428571428,0,8,75.80991493106482,0.0
PRV53370,0,0.046987493700070354,4.5959383786440275,LOW,9,1070,7,118.88888888888889,1.2857142857142858,0,9,80.58355333920017,0.0
PRV56867,0,0.05300774029335048,5.198612502188316,LOW,9,3430,8,381.1111111111111,1.125,0,9,76.3025325119781,0.0
PRV52678,0,0.0483308671966575,4.7304206514386316,LOW,74,24930,51,336.8918918918919,1.4509803921568627,0,74,78.36185261236595,4.054054054054054
PRV55817,1,0.45486764886850706,45.42795600756173,MEDIUM,25,222000,23,8880.0,1.0869565217391304,25,0,77.8263845489986,88.0
PRV54847,0,0.2248173558085226,22.398108875420924,LOW,296,128200,131,433.1081081081081,2.2595419847328246,10,286,73.94046695566203,4.72972972972973
PRV54312,0,0.1015374848087197,10.056822342674739,LOW,4,350,4,87.5,1.0,0,4,80.16632443531827,0.0
PRV55571,0,0.019144397986467818,1.8086250940544015,LOW,61,13560,51,222.29508196721312,1.196078431372549,0,61,77.47580894096174,3.278688524590164
PRV53560,0,0.02813747521168257,2.708902989767536,LOW,23,6960,21,302.60869565217394,1.0952380952380953,0,23,74.89247416968156,4.3478260869565215
PRV53593,0,0.0254789223532836,2.4427608992391847,LOW,17,5090,11,299.4117647058824,1.5454545454545454,0,17,77.47744384294693,5.88235294117647
PRV53083,0,0.24284968971180873,24.203287593972338,LOW,1,10,1,10.0,1.0,0,1,88.41615331964408,0.0
PRV55080,0,0.08081416902438417,7.982255132886894,LOW,8,4820,8,602.5,1.0,0,8,84.16700889801506,0.0
PRV52079,0,0.16365622844128114,16.275398076136277,LOW,33,45100,24,1366.6666666666667,1.375,7,26,76.06756309200503,18.181818181818183
PRV55734,0,0.12317640028412954,12.223048296466784,LOW,310,71190,132,229.6451612903226,2.3484848484848486,0,310,74.2163731773588,2.258064516129032
PRV54129,0,0.09263261956007832,9.165375160927175,LOW,5,3120,5,624.0,1.0,0,5,82.1678302532512,20.0
PRV54963,0,0.12459940352740481,12.365502134387455,LOW,67,29770,66,444.32835820895525,1.0151515151515151,1,66,77.39434245609735,1.4925373134328357
PRV51784,0,0.03668673472878074,3.564751235613644,LOW,8,3820,7,477.5,1.1428571428571428,0,8,73.06072161924318,0.0
PRV53544,0,0.04252948963962999,4.149657043111738,LOW,17,4860,14,285.88235294117646,1.2142857142857142,0,17,69.09553143639387,0.0
PRV57305,1,0.3538114076749612,35.311429940675666,LOW,675,175750,343,260.3703703703704,1.967930029154519,0,675,75.13928516551825,2.5185185185185186
PRV57320,0,0.15510003377239645,15.418855566947329,LOW,38,104310,28,2745.0,1.3571428571428572,10,28,75.4407579523758,28.947368421052634
PRV53919,0,0.24975533108108072,24.894596711506274,LOW,24,54050,17,2252.0833333333335,1.411764705882353,6,18,76.2389397050588,20.833333333333336
PRV52853,0,0.008144125708074395,0.7074111568164639,LOW,29,11050,24,381.0344827586207,1.2083333333333333,0,29,77.74321241159024,3.4482758620689653
PRV55575,0,0.0871412341137767,8.615644205622484,LOW,6,470,4,78.33333333333333,1.5,0,6,69.02053388090349,0.0
PRV57404,0,0.15407948558806633,15.31669065177385,LOW,46,74250,35,1614.1304347826087,1.3142857142857143,9,37,72.9613676519746,17.391304347826086
PRV54295,1,0.45149761526331195,45.09058908780917,MEDIUM,1,3300,1,3300.0,1.0,0,1,92.91444216290212,100.0
PRV55216,0,0.11535684456399502,11.44024915076433,LOW,80,59370,48,742.125,1.6666666666666667,5,75,77.25356710366977,6.25
PRV56026,0,0.05464134962539901,5.362149669171652,LOW,44,29650,43,673.8636363636364,1.0232558139534884,0,44,76.79493179249637,15.909090909090908
PRV53990,0,0.14075709896891983,13.983014770760208,LOW,99,63350,56,639.89898989899,1.7678571428571428,5,94,77.02703627652294,7.07070707070707
PRV57310,1,0.4503028361250354,44.97098228120534,MEDIUM,122,673420,56,5519.836065573771,2.1785714285714284,65,57,74.45823049108469,50.81967213114754
PRV52192,0,0.1163005292282241,11.534719421890978,LOW,32,52060,25,1626.875,1.28,6,26,79.84262078406381,18.75
PRV51386,0,0.14219276508033843,14.126736261565457,LOW,382,99320,274,260.0,1.3941605839416058,0,382,77.196330880259,2.6178010471204187
PRV55120,1,0.32807763550179814,32.73527656395836,LOW,9,58200,8,6466.666666666667,1.125,8,1,82.40687504753214,88.88888888888889
PRV54871,0,0.061333094333757485,6.032046045441969,LOW,10,3260,8,326.0,1.25,0,10,76.93702943189597,0.0
PRV56797,0,0.09117465767233233,9.019421687220786,LOW,5,1260,5,252.0,1.0,0,5,79.80232717316906,0.0
PRV56963,0,0.06349699648680059,6.248669702515507,LOW,6,1440,6,240.0,1.0,0,6,82.2632899840292,0.0
PRV55959,0,0.11547373138730432,11.451950442846027,LOW,324,74710,160,230.58641975308643,2.025,0,324,75.44801505817932,1.8518518518518516
PRV56863,0,0.030378575720809074,2.9332548106082457,LOW,52,14070,29,270.5769230769231,1.793103448275862,0,52,74.06018551299299,3.8461538461538463
PRV51165,0,0.318124178015974,31.73885703635957,LOW,98,329700,71,3364.285714285714,1.380281690140845,26,72,78.61995385169034,25.510204081632654
PRV53877,0,0.058000762595390734,5.698453379649724,LOW,19,6750,17,355.2631578947368,1.1176470588235294,0,19,77.36280549180658,0.0
PRV57354,0,0.028257226812933207,2.720891068695617,LOW,22,8510,21,386.8181818181818,1.0476190476190477,0,22,73.52772073921972,4.545454545454546
PRV52090,0,0.20576269206026268,20.490586883426115,LOW,303,98250,279,324.25742574257424,1.086021505376344,0,303,78.18977034927224,3.6303630363036308
PRV56374,0,0.036485208547681225,3.5445768768588133,LOW,25,7570,11,302.8,2.272727272727273,0,25,76.77331839960176,4.0
PRV56174,0,0.17020713168617863,16.931195112083095,LOW,10,3550,9,355.0,1.1111111111111112,1,9,69.94223134839152,10.0
PRV54291,0,0.07818123315990043,7.718677505311426,LOW,10,1710,9,171.0,1.1111111111111112,0,10,73.81489086622557,0.0
PRV54852,0,0.07912140091721127,7.812795706342324,LOW,180,51420,82,285.6666666666667,2.1951219512195124,0,180,77.32605465685047,3.3333333333333335
PRV51709,0,0.05058961416892312,4.956539022293736,LOW,10,1610,10,161.0,1.0,0,10,74.19164955509925,0.0
PRV54890,0,0.1879626596437688,18.708663374238853,LOW,77,74320,73,965.1948051948052,1.0547945205479452,4,73,77.74994888752589,7.792207792207792
PRV52157,1,0.3763188836699884,37.56460564674029,LOW,227,494450,143,2178.193832599119,1.5874125874125875,43,184,77.77311215190457,18.94273127753304
PRV52094,0,0.19875728997904063,19.78929093251134,LOW,53,161120,43,3040.0,1.2325581395348837,8,45,78.32010951403149,15.09433962264151
PRV51315,0,0.047737473221715065,4.671017238601012,LOW,47,7210,22,153.40425531914894,2.1363636363636362,0,47,77.9359094020285,2.127659574468085
PRV51748,0,0.04704028577358129,4.601223281204132,LOW,18,8060,18,447.77777777777777,1.0,0,18,77.48224199558902,11.11111111111111
PRV57632,1,0.567946510687328,56.74804113731591,HIGH,1,6000,1,6000.0,1.0,1,0,91.24982888432581,100.0
PRV51068,0,0.19055651984085487,18.968329219591464,LOW,261,143260,206,548.8888888888889,1.266990291262136,9,252,73.50819756024231,5.363984674329502
PRV54539,0,0.02849890174370394,2.7450846336647756,LOW,69,18130,43,262.7536231884058,1.6046511627906976,0,69,75.6772519618611,4.3478260869565215
PRV53150,0,0.09796676317088265,9.699364969432562,LOW,13,3130,5,240.76923076923077,2.6,0,13,78.64969199178645,0.0
PRV52629,0,0.03202594719930014,3.0981696768962257,LOW,61,12320,58,201.9672131147541,1.0517241379310345,0,61,78.28766314994454,1.639344262295082
PRV53149,0,0.07895942679000863,7.796580819852846,LOW,61,14860,21,243.60655737704917,2.9047619047619047,0,61,77.72628010821029,3.278688524590164
PRV55342,0,0.06909334508695728,6.808908296630982,LOW,9,2440,8,271.1111111111111,1.125,0,9,69.7703627652293,0.0
PRV56696,0,0.11921324407265099,11.826305130017756,LOW,34,69220,26,2035.8823529411766,1.3076923076923077,7,27,78.01306701512041,20.588235294117645
PRV53001,0,0.05605895011354521,5.504062648730181,LOW,150,45460,105,303.06666666666666,1.4285714285714286,0,150,76.90270851667155,3.3333333333333335
PRV51599,1,0.34789421571781626,34.71907239827928,LOW,5,16210,3,3242.0,1.6666666666666667,3,2,81.88309377138947,60.0
PRV51025,0,0.16058216415591484,15.967660017537499,LOW,87,118350,66,1360.344827586207,1.3181818181818181,13,74,76.81152058791743,20.689655172413794
PRV54075,1,0.6382966842066587,63.790647866129426,HIGH,1519,697520,890,459.1968400263331,1.7067415730337079,32,1487,77.2537009875819,5.595786701777485
PRV52639,0,0.01586028818340829,1.4798598239753702,LOW,37,10150,33,274.3243243243243,1.121212121212121,0,37,79.23721817766992,2.7027027027027026
PRV56099,0,0.15015488078638792,14.923806785231013,LOW,3,630,3,210.0,1.0,0,3,78.0561259411362,0.0
PRV53801,0,0.044478226960857396,4.344741005021156,LOW,59,26260,58,445.08474576271186,1.0172413793103448,0,59,77.8032051735939,6.779661016949152
PRV54576,1,0.36694423816118693,36.62612975908118,LOW,16,113100,14,7068.75,1.1428571428571428,14,2,80.33932238193019,87.5
PRV57631,1,0.5191227520695203,51.86039816834359,MEDIUM,18,227000,17,12611.111111111111,1.0588235294117647,18,0,77.432379111809,83.33333333333334
PRV52700,0,0.07418574885390118,7.318698041855417,LOW,30,12300,16,410.0,1.875,0,30,82.00034223134838,3.3333333333333335
PRV53918,1,0.7125882412089056,71.22781813969371,HIGH,3588,1014510,1709,282.75083612040135,2.099473376243417,0,3588,76.38532726648668,2.898550724637681
PRV52605,1,0.3923722147466063,39.171670587795404,LOW,1000,253880,401,253.88,2.493765586034913,0,1000,78.5677080399617,2.4
PRV53875,0,0.03445533382012906,3.3413704212133384,LOW,41,9290,35,226.58536585365854,1.1714285714285715,0,41,77.38574361982987,2.4390243902439024
PRV51862,0,0.22382312152614733,22.29857818918674,LOW,20,92870,12,4643.5,1.6666666666666667,8,12,77.04175222450377,40.0
PRV56404,0,0.16039991412696555,15.94941535350903,LOW,363,131660,143,362.69972451790636,2.5384615384615383,0,363,74.72042810030489,6.336088154269973
PRV55868,0,0.04812799256111646,4.71011130176838,LOW,85,16470,39,193.76470588235293,2.1794871794871793,0,85,76.12208006458519,1.1764705882352942
PRV51062,0,0.249326032205588,24.851620511193328,LOW,397,153380,164,386.3476070528967,2.4207317073170733,3,394,75.31222219473376,3.7783375314861463
PRV51290,0,0.053765877518377615,5.274508012536602,LOW,113,14990,81,132.65486725663717,1.3950617283950617,0,113,78.12480881520352,0.0
PRV52385,0,0.02830806661738668,2.725980533739185,LOW,22,7140,19,324.54545454545456,1.1578947368421053,0,22,77.54933535069708,4.545454545454546
PRV56198,0,0.037466421355175694,3.642804010848181,LOW,21,6500,12,309.5238095238095,1.75,0,21,74.0280629705681,0.0
PRV53928,0,0.09576052440566492,9.478503083867745,LOW,41,23750,38,579.2682926829268,1.0789473684210527,3,38,74.95113604113453,9.75609756097561
PRV51740,0,0.015245098464921678,1.4182744854584695,LOW,57,14010,51,245.78947368421052,1.1176470588235294,0,57,76.96581712767242,1.7543859649122806
PRV55978,1,0.5579942143871557,55.751737853551006,HIGH,401,957490,257,2387.755610972569,1.5603112840466926,92,309,78.13710068005972,23.19201995012469
PRV52631,1,0.4232382133330655,42.261600270439544,LOW,1057,321750,804,304.399243140965,1.314676616915423,0,1057,77.3463721774427,3.216650898770104
PRV56633,0,0.1186251962810333,11.767436912258878,LOW,5,600,3,120.0,1.6666666666666667,0,5,65.36071184120465,0.0
PRV56761,1,0.547560850378539,54.70727590135619,HIGH,117,832220,83,7112.991452991453,1.4096385542168675,92,25,78.55106283623431,75.21367521367522
PRV53176,0,0.08228283107007714,8.129279776721045,LOW,34,6000,13,176.47058823529412,2.6153846153846154,0,34,75.33343863528668,0.0
PRV55242,0,0.14275414550798113,14.182934866051545,LOW,34,65630,21,1930.2941176470588,1.619047619047619,10,24,77.01818715165737,20.588235294117645
PRV55905,1,0.6337061079401924,63.33109500810464,HIGH,95,789760,72,8313.263157894737,1.3194444444444444,82,13,78.58935497539194,80.0
PRV56570,0,0.2934814475836111,29.27192553530778,LOW,30,150940,15,5031.333333333333,2.0,13,17,80.8767206631683,43.333333333333336
PRV52492,0,0.035735964054863595,3.469571599079449,LOW,34,7810,33,229.7058823529412,1.0303030303030303,0,34,77.41936822018958,0.0
PRV52519,0,0.17079463718253626,16.99000904181315,LOW,100,137180,69,1371.8,1.4492753623188406,6,94,75.40409917103962,12.0
PRV56613,0,0.13289615672264257,13.196072507664944,LOW,304,81390,128,267.73026315789474,2.375,0,304,78.34789955509925,2.9605263157894735
PRV53766,0,0.04758892842538404,4.656146733954941,LOW,30,4860,29,162.0,1.0344827586206897,0,30,77.30170643630956,0.0
PRV57191,1,0.8921050972993365,89.19887002758311,CRITICAL,1500,2424430,709,1616.2866666666666,2.1156558533145273,185,1315,76.91438279623965,13.8
PRV55316,0,0.018004592807890147,1.694521614011358,LOW,65,15490,45,238.30769230769232,1.4444444444444444,0,65,79.06225568484295,3.076923076923077
PRV55041,0,0.210446061996021,20.95942911896135,LOW,21,63880,15,3041.904761904762,1.4,5,16,78.00041067761808,28.57142857142857
PRV54130,0,0.034647300762460406,3.3605878248406515,LOW,64,9210,36,143.90625,1.7777777777777777,0,64,78.67199026541942,1.5625
PRV54111,1,0.3310136826692803,33.029198021481726,LOW,249,590000,138,2369.4779116465866,1.8043478260869565,54,195,77.82144857196192,21.285140562248998
PRV52648,1,0.3315231848322275,33.080203202870955,LOW,842,255250,259,303.14726840855104,3.250965250965251,0,842,77.60565963440706,3.681710213776722
PRV53158,0,0.06942860649979735,6.842470605916974,LOW,7,710,7,101.42857142857143,1.0,0,7,79.76180698151951,0.0
PRV57223,1,0.3584545425803808,35.77624433262186,LOW,54,280530,31,5195.0,1.7419354838709677,34,20,78.36617357415246,51.85185185185185
PRV51216,0,0.04530158697579,4.427165830594714,LOW,71,15560,66,219.1549295774648,1.0757575757575757,0,71,77.06440171737913,2.8169014084507045
PRV57380,0,0.015778354325715258,1.4716575991813117,LOW,87,22880,64,262.98850574712645,1.359375,0,87,77.0604038329911,3.4482758620689653
PRV56190,0,0.11070622400539815,10.974685385948126,LOW,6,790,4,131.66666666666666,1.5,0,6,75.02327173169063,0.0
PRV51421,1,0.5958741471465722,59.543817616725526,HIGH,139,884780,80,6365.323741007194,1.7375,84,55,77.24322762187239,59.71223021582733
PRV56547,1,0.3619746917403459,36.12863900231781,LOW,7,60000,7,8571.42857142857,1.0,7,0,78.28454092109122,100.0
PRV55867,0,0.0907662894606213,8.978540811286068,LOW,88,39460,43,448.40909090909093,2.046511627906977,0,88,77.5216719991086,4.545454545454546
PRV53399,0,0.16664180504190992,16.574277820209673,LOW,33,74120,23,2246.060606060606,1.434782608695652,7,26,78.85265799680585,18.181818181818183
PRV56418,0,0.015962803612660368,1.4901224262653208,LOW,29,9790,27,337.58620689655174,1.0740740740740742,0,29,72.87418561614318,3.4482758620689653
PRV56290,0,0.06990217641403211,6.8898786860638825,LOW,23,11560,16,502.60869565217394,1.4375,0,23,79.95876112251882,8.695652173913043
PRV53975,0,0.03057329708473987,2.9527479535425125,LOW,70,11390,42,162.71428571428572,1.6666666666666667,0,70,78.04752126723379,0.0
PRV54973,0,0.16237892185113129,16.14752962128342,LOW,129,68880,116,533.953488372093,1.1120689655172413,9,120,80.47792190447572,6.976744186046512
PRV52591,0,0.024485220878122473,2.3432835512056545,LOW,46,12510,45,271.95652173913044,1.0222222222222221,0,46,77.40543007072782,4.3478260869565215
PRV53222,0,0.020239963661530733,1.9182998511882285,LOW,45,10770,24,239.33333333333334,1.875,0,45,78.16986082591832,2.2222222222222223
PRV54172,0,0.16636019124099513,16.546086059620706,LOW,2,140,2,70.0,1.0,0,2,73.37577002053388,0.0
PRV56529,0,0.02916424761095215,2.81169099790328,LOW,34,4970,30,146.1764705882353,1.1333333333333333,0,34,73.5273556924481,0.0
PRV53204,0,0.06413862463536076,6.31290173621766,LOW,7,3020,6,431.42857142857144,1.1666666666666667,0,7,73.13894592744695,14.285714285714285
PRV51919,1,0.5739314357734818,57.347179299663296,HIGH,6,101000,6,16833.333333333332,1.0,6,0,72.93041295916039,100.0
PRV53838,0,0.11981141749541085,11.88618700324396,LOW,194,57800,148,297.9381443298969,1.3108108108108107,0,194,77.12542316443755,3.608247422680412
PRV54475,0,0.09171840157130615,9.073854736211235,LOW,151,43120,60,285.5629139072848,2.5166666666666666,0,151,74.97408167921516,1.9867549668874174
PRV52377,0,0.04238716168294495,4.13540889310294,LOW,44,13700,44,311.3636363636364,1.0,0,44,75.022960612283,4.545454545454546
PRV53272,0,0.14939362206367515,14.847598788366986,LOW,24,32660,18,1360.8333333333333,1.3333333333333333,4,20,74.9409732407679,16.666666666666664
PRV52999,0,0.20686847834767694,20.60128480439476,LOW,56,73210,46,1307.3214285714287,1.2173913043478262,8,48,79.46558226302157,14.285714285714285
PRV56868,0,0.10291217991864778,10.194440155779153,LOW,18,7590,7,421.6666666666667,2.5714285714285716,0,18,72.96450572015253,5.555555555555555
PRV55591,0,0.22515762213545426,22.43217221604622,LOW,1,0,1,0.0,1.0,0,1,103.58384668035592,0.0
PRV52884,1,0.3224562675039006,32.172533330976115,LOW,707,237930,213,336.53465346534654,3.31924882629108,0,707,76.77672698293343,4.809052333804809
PRV51879,0,0.12570272378264233,12.47595318610287,LOW,105,40710,36,387.7142857142857,2.9166666666666665,0,105,74.22001673131037,4.761904761904762
PRV52415,0,0.11374202519915992,11.27859300756404,LOW,41,7500,13,182.9268292682927,3.1538461538461537,0,41,71.32712051808561,0.0
PRV52575,0,0.03911472365200569,3.8078120593867384,LOW,70,23780,40,339.7142857142857,1.75,0,70,77.36440793976729,4.285714285714286
PRV55697,0,0.030258010881115092,2.921185320103665,LOW,26,7430,24,285.7692307692308,1.0833333333333333,0,26,71.81656399726215,0.0
PRV57617,0,0.1572806513467519,15.63715256941179,LOW,3,130,3,43.333333333333336,1.0,0,3,76.5822496007301,0.0
PRV54934,0,0.17073419719465197,16.98395852275869,LOW,71,178930,44,2520.1408450704225,1.6136363636363635,18,53,77.30408155913396,25.352112676056336
PRV51925,0,0.16523318586790833,16.433263940969795,LOW,4,1960,3,490.0,1.3333333333333333,0,4,79.91877709331509,0.0
PRV55711,0,0.06025895642037154,5.924516376102817,LOW,5,660,5,132.0,1.0,0,5,75.31772758384668,0.0
PRV51236,1,0.6494029982485962,64.90247741950745,HIGH,1,12000,1,12000.0,1.0,1,0,39.16495550992471,100.0
PRV52628,1,0.6496534134537749,64.92754595481823,HIGH,2098,604120,1354,287.9504289799809,1.549483013293944,0,2098,77.50556113303347,2.9075309818875117
PRV52340,1,0.8540164181132526,85.38589310217687,CRITICAL,1743,2540130,624,1457.3321858864028,2.793269230769231,224,1519,75.58091129343696,15.088927137119908
PRV51296,0,0.1626470554514816,16.17437190757187,LOW,30,38630,24,1287.6666666666667,1.25,3,27,78.66372601211752,13.333333333333334
PRV54020,0,0.08532674151052384,8.433999197831003,LOW,7,2050,6,292.85714285714283,1.1666666666666667,0,7,71.24891626739675,0.0
PRV53787,1,0.4091841595209385,40.8546787378694,LOW,74,303480,42,4101.081081081081,1.7619047619047619,32,42,74.18387997854117,43.24324324324324
PRV54662,0,0.11151403481588623,11.055553613629021,LOW,45,25590,41,568.6666666666666,1.0975609756097562,3,42,76.32039076597597,6.666666666666667
PRV55677,0,0.04921938363352153,4.8193681482802795,LOW,84,17200,79,204.76190476190476,1.0632911392405062,0,84,74.47373482702154,1.1904761904761905
PRV54696,0,0.20145503510180507,20.059356477537808,LOW,71,139150,58,1959.8591549295775,1.2241379310344827,6,65,75.22753495648773,15.492957746478872
PRV51504,0,0.07990419509216418,7.891159571675001,LOW,128,35290,123,275.703125,1.0406504065040652,0,128,77.92237191365753,1.5625
PRV55491,0,0.15039916413483742,14.948261473364155,LOW,355,115770,180,326.11267605633805,1.9722222222222223,0,355,76.05531979618222,4.507042253521127
PRV54540,0,0.04492078856476025,4.389044908958285,LOW,20,9690,19,484.5,1.0526315789473684,0,20,79.01768795705898,10.0
PRV51139,0,0.11444478683574415,11.34894498514943,LOW,43,52580,35,1222.7906976744187,1.2285714285714286,7,36,77.99204719533262,18.6046511627907
PRV53694,0,0.07777067641010879,7.677577539469155,LOW,61,14560,61,238.68852459016392,1.0,0,61,78.96715701125437,1.639344262295082
PRV55214,0,0.09848410652061049,9.751155115407101,LOW,190,45880,173,241.47368421052633,1.0982658959537572,0,190,76.68172484599589,2.631578947368421
PRV56407,0,0.12289208338690502,12.194585934636809,LOW,40,39500,35,987.5,1.1428571428571428,5,35,74.0599870127591,10.0
PRV51427,0,0.11691687632534797,11.596420623129614,LOW,58,58770,51,1013.2758620689655,1.1372549019607843,5,53,75.95228317199569,12.068965517241379
PRV55246,0,0.1453639353833288,14.444195397724046,LOW,227,57290,213,252.37885462555067,1.0657276995305165,0,227,76.4924146751373,3.0837004405286343
PRV52174,0,0.0790256243555484,7.803207717800345,LOW,4,830,4,207.5,1.0,0,4,75.62559890485969,0.0
PRV56439,0,0.17563676418348848,17.47474411058033,LOW,443,134960,237,304.65011286681715,1.869198312236287,0,443,76.62277441322486,3.611738148984198
PRV54716,0,0.09237848351837383,9.139934140559964,LOW,141,39240,55,278.29787234042556,2.5636363636363635,0,141,76.35009644701637,2.8368794326241136
PRV57721,0,0.14132453082658467,14.039819171076795,LOW,3,230,3,76.66666666666667,1.0,0,3,79.16586812685375,0.0
PRV52122,0,0.028673335033808346,2.7625467805389525,LOW,41,18740,41,457.0731707317073,1.0,0,41,77.1158411378775,7.317073170731707
PRV53072,0,0.028750942760399478,2.770315925519788,LOW,18,4990,18,277.22222222222223,1.0,0,18,79.44938778614343,5.555555555555555
PRV54106,0,0.13621591234705838,13.52840620535089,LOW,39,69910,32,1792.5641025641025,1.21875,5,34,73.70331316943226,15.384615384615385
PRV51807,1,0.49334141422932143,49.27948309353843,MEDIUM,7,98000,7,14000.0,1.0,7,0,81.64310159382028,85.71428571428571
PRV55057,0,0.13415399842843387,13.321992374210176,LOW,347,94560,146,272.507204610951,2.3767123287671232,0,347,77.26991270756565,1.729106628242075
PRV57124,0,0.1636582277198752,16.275598219677864,LOW,58,106940,47,1843.7931034482758,1.2340425531914894,9,49,76.43681164831062,13.793103448275861
PRV52097,0,0.08114083256673903,8.014956727586076,LOW,55,19640,50,357.09090909090907,1.1,1,54,77.31406101112587,5.454545454545454
PRV56728,0,0.03952801292346213,3.849185572179934,LOW,42,10640,17,253.33333333333334,2.4705882352941178,0,42,71.99049804726819,2.380952380952381
PRV52400,0,0.0811604036852081,8.01691595076529,LOW,231,64710,120,280.12987012987014,1.925,0,231,76.53990417522246,2.1645021645021645
PRV56373,0,0.22668721154600177,22.585296169210086,LOW,1,10,1,10.0,1.0,0,1,88.58316221765914,0.0
PRV53477,0,0.017243726031859436,1.6183528540987455,LOW,50,14170,45,283.4,1.1111111111111112,0,50,70.7542778918549,2.0
PRV54156,0,0.11190728414392818,11.094920970171627,LOW,121,30480,46,251.900826446281,2.630434782608696,0,121,81.0149093830908,2.479338842975207
PRV56518,0,0.1931936873453816,19.23233046768057,LOW,2,900,2,450.0,1.0,0,2,85.83299110198494,0.0
PRV52155,0,0.20165320948310397,20.079195294720407,LOW,62,98490,44,1588.5483870967741,1.4090909090909092,12,50,80.07592646915029,20.967741935483872
PRV55452,1,0.41257822151949886,41.194451089141616,LOW,60,372430,27,6207.166666666667,2.2222222222222223,31,29,75.7606894914023,46.666666666666664
PRV53243,0,0.11998900929010331,11.903965341316423,LOW,75,111760,53,1490.1333333333334,1.4150943396226414,9,66,75.71723836132898,12.0
PRV53958,1,0.38523929634904336,38.45760924878604,LOW,713,475260,326,666.5638148667601,2.187116564417178,23,690,75.32491041591175,8.695652173913043
PRV54194,0,0.08995767913877246,8.897592546217812,LOW,7,3630,7,518.5714285714286,1.0,0,7,76.44001173364623,14.285714285714285
PRV55063,0,0.07879238837721238,7.779858958468866,LOW,10,660,10,66.0,1.0,0,10,82.44955509924709,0.0
PRV52586,1,0.3182070870866839,31.747156887661298,LOW,1,300,1,300.0,1.0,0,1,73.41820670773443,0.0
PRV56421,1,0.4286870728395714,42.807074044066184,LOW,133,510750,65,3840.2255639097743,2.046153846153846,46,87,74.68676249144421,33.83458646616541
PRV51147,0,0.05423233076989987,5.32120365866667,LOW,32,8860,32,276.875,1.0,0,32,75.06981519507187,6.25
PRV55712,0,0.017768334583854448,1.670870304070038,LOW,26,9880,25,380.0,1.04,0,26,72.70669404517453,7.6923076923076925
PRV51718,0,0.05563169624784859,5.461291170012509,LOW,8,2170,8,271.25,1.0,0,8,86.46817248459959,0.0
PRV51687,0,0.06363172035188237,6.262156623034559,LOW,10,2530,6,253.0,1.6666666666666667,0,10,75.23613963039014,0.0
PRV52038,0,0.2684877265813232,26.769857112400004,LOW,259,240630,198,929.073359073359,1.3080808080808082,22,237,76.43284537766885,10.81081081081081
PRV56880,0,0.15571141877320477,15.480060023243446,LOW,2,260,2,130.0,1.0,0,2,72.87474332648871,0.0
PRV52232,0,0.11820776767882821,11.725649019839809,LOW,4,640,4,160.0,1.0,0,4,79.81245722108144,0.0
PRV55388,0,0.17814085567971746,17.725423401599578,LOW,515,134180,307,260.54368932038835,1.6775244299674268,0,515,75.89957349278862,2.7184466019417477
PRV51722,0,0.22723202629825257,22.639836419051885,LOW,1,30,1,30.0,1.0,0,1,73.08418891170432,0.0
PRV52936,0,0.1553898399579103,15.44786744979067,LOW,108,44340,31,410.55555555555554,3.4838709677419355,4,104,76.6276925554616,5.555555555555555
PRV51071,0,0.028750407047009242,2.770262296388003,LOW,24,8550,24,356.25,1.0,0,24,71.98984713666438,4.166666666666666
PRV55858,0,0.11282460082750775,11.186751598655508,LOW,8,710,5,88.75,1.6,0,8,70.39945242984257,0.0
PRV57671,0,0.08559550545157797,8.460904586190994,LOW,6,730,6,121.66666666666667,1.0,0,6,76.4435318275154,0.0
PRV55430,1,0.47676877506770254,47.620431321025826,MEDIUM,7,79000,6,11285.714285714286,1.1666666666666667,7,0,81.83390371891399,100.0
PRV56601,0,0.1309336090881014,12.999606024567514,LOW,33,11510,30,348.7878787878788,1.1,1,32,72.19341591044578,3.0303030303030303
PRV57211,0,0.12628466700638694,12.534210288513641,LOW,111,81930,96,738.1081081081081,1.15625,8,103,77.67395882693624,11.711711711711711
PRV51826,1,0.5276676996462449,52.71581475498021,MEDIUM,21,265000,20,12619.047619047618,1.05,21,0,72.45845311430527,95.23809523809523
PRV57570,0,0.1066924975484255,10.572879739431487,LOW,4,430,4,107.5,1.0,0,4,70.77138945927447,0.0
PRV54073,0,0.19483118126138663,19.39625651212848,LOW,44,116390,24,2645.2272727272725,1.8333333333333333,7,37,78.04742348684853,20.454545454545457
PRV53699,0,0.22139745755186982,22.055750111123885,LOW,361,130970,278,362.797783933518,1.2985611510791366,2,359,78.02733939571722,4.986149584487535
PRV53600,1,0.5254952297735329,52.498333401654165,MEDIUM,1,4000,1,4000.0,1.0,1,0,79.50171115674196,100.0
PRV51675,0,0.025885759867860007,2.4834885403288296,LOW,28,7690,28,274.64285714285717,1.0,0,28,73.74166422215704,0.0
PRV51771,0,0.055343446751727254,5.432435124044074,LOW,40,8530,34,213.25,1.1764705882352942,0,40,77.1175262712888,5.0
PRV53705,0,0.12835266149748661,12.741232832874047,LOW,57,48420,53,849.4736842105264,1.0754716981132075,4,53,79.51453582621852,5.263157894736842
PRV53602,1,0.40179178839172813,40.11464413593401,LOW,4,21000,4,5250.0,1.0,4,0,81.20739219712526,100.0
PRV55255,0,0.0705098538515767,6.9507119860616955,LOW,12,2590,12,215.83333333333334,1.0,0,12,82.2165183664157,0.0
PRV56935,0,0.0541530192314731,5.313263948695046,LOW,24,13190,15,549.5833333333334,1.6,0,24,77.24426192105862,8.333333333333332
PRV54726,0,0.13941534299410882,13.848694424641469,LOW,34,33290,32,979.1176470588235,1.0625,2,32,77.48319040141725,8.823529411764707
PRV51994,0,0.038425527912941494,3.73881813504241,LOW,33,11780,31,356.969696969697,1.064516129032258,0,33,75.51857985030138,3.0303030303030303
PRV56585,1,0.32858029349594303,32.78559659011841,LOW,7,25090,4,3584.285714285714,1.75,4,3,77.75066001760047,57.14285714285714
PRV52247,0,0.028373320953864266,2.7325130070249126,LOW,49,10890,48,222.24489795918367,1.0208333333333333,0,49,76.54192334017796,2.0408163265306123
PRV55989,0,0.18455180419842793,18.36720986661151,LOW,2,150,2,75.0,1.0,0,2,68.21081451060917,0.0
PRV53423,0,0.11132854739002185,11.036984860658656,LOW,53,48240,40,910.188679245283,1.325,5,48,76.9261576174331,9.433962264150944
PRV54848,1,0.4748743671981517,47.43078616534543,MEDIUM,28,239270,22,8545.357142857143,1.2727272727272727,24,4,77.19307113146948,78.57142857142857
PRV54860,0,0.14628320779080733,14.536221809581324,LOW,21,14080,8,670.4761904761905,2.625,0,21,74.89596167008898,14.285714285714285
PRV57110,0,0.2460202231459253,24.52068297453813,LOW,19,16830,18,885.7894736842105,1.0555555555555556,1,18,81.18808314420549,5.263157894736842
PRV51897,0,0.03323173848727614,3.2188788864607347,LOW,65,10930,38,168.15384615384616,1.7105263157894737,0,65,76.72603479952448,0.0
PRV57558,0,0.12383818962269444,12.289298624158635,LOW,57,91590,36,1606.842105263158,1.5833333333333333,8,49,76.61950718685831,17.543859649122805
PRV57527,1,0.36710139693489763,36.64186259074111,LOW,165,665500,98,4033.3333333333335,1.683673469387755,51,114,77.49401475397369,32.72727272727273
PRV52214,0,0.04483830894729141,4.3807880493100795,LOW,47,12680,43,269.78723404255317,1.0930232558139534,0,47,79.67031182847046,4.25531914893617
PRV53723,0,0.10471548501239723,10.374965205711744,LOW,6,3900,6,650.0,1.0,0,6,84.29158110882956,16.666666666666664
PRV54903,1,0.3979687927900436,39.731932150991284,LOW,7,57000,6,8142.857142857143,1.1666666666666667,7,0,78.1387177732147,100.0
PRV56228,0,0.1116020419929102,11.064363825545877,LOW,262,65670,149,250.64885496183206,1.7583892617449663,0,262,74.81682583869649,3.435114503816794
PRV52998,0,0.2699337756829424,26.914618022342317,LOW,33,151190,16,4581.515151515152,2.0625,15,18,77.64339493497604,33.33333333333333
PRV54836,0,0.053009858309387536,5.198824532283596,LOW,8,3400,8,425.0,1.0,0,8,74.71971252566735,0.0
PRV56647,1,0.6432490379110518,64.2864174964977,HIGH,183,1288910,102,7043.224043715847,1.7941176470588236,121,62,77.67798863879116,62.841530054644814
PRV52188,0,0.26134823741547214,26.055137987707326,LOW,33,171080,19,5184.242424242424,1.736842105263158,14,19,77.27951745379876,39.39393939393939
PRV55352,0,0.04655502026949051,4.552644380351361,LOW,39,12850,27,329.4871794871795,1.4444444444444444,0,39,68.49058230030167,5.128205128205128
PRV53986,0,0.20224324010011643,20.138262008925967,LOW,45,90060,32,2001.3333333333333,1.40625,11,34,78.50063557250417,24.444444444444443
PRV52065,1,0.6015818841912279,60.11520707187656,HIGH,325,1250280,204,3847.0153846153844,1.5931372549019607,116,209,77.64599416040687,36.30769230769231
PRV57654,0,0.07189659701984019,7.089535904744215,LOW,72,16670,24,231.52777777777777,3.0,0,72,74.86516084873374,4.166666666666666
PRV55506,1,0.4987085129861825,49.816771971850734,MEDIUM,14,124940,9,8924.285714285714,1.5555555555555556,12,2,76.07616203098749,78.57142857142857
PRV51755,0,0.08275286820319404,8.176334197639731,LOW,6,590,6,98.33333333333333,1.0,0,6,73.52680812229066,0.0
PRV54739,1,0.4020075510513769,40.1362436783751,LOW,186,632650,140,3401.3440860215055,1.3285714285714285,45,141,77.67714655106852,25.268817204301076
PRV57393,0,0.1750960935969171,17.420618724379075,LOW,5,2800,5,560.0,1.0,0,5,77.41711156741958,20.0
PRV57218,0,0.19338431522197583,19.251413820275758,LOW,413,123230,285,298.3777239709443,1.449122807017544,0,413,76.67696002497688,3.14769975786925
PRV53839,0,0.2624343008700992,26.16386149769801,LOW,1,0,1,0.0,1.0,0,1,77.08418891170432,0.0
PRV55351,0,0.09711466568068983,9.614063296134086,LOW,10,1650,8,165.0,1.25,0,10,82.63620807665983,0.0
PRV56297,0,0.055040390463299706,5.402096801488229,LOW,28,7140,23,255.0,1.2173913043478262,0,28,79.12733982084933,3.571428571428571
PRV52182,0,0.12085166018535595,11.990323493622244,LOW,109,63620,51,583.6697247706422,2.1372549019607843,5,104,78.71011737267726,11.926605504587156
PRV51813,1,0.4532262366392053,45.2636377090765,MEDIUM,10,110000,10,11000.0,1.0,10,0,80.0082135523614,100.0
PRV55885,0,0.0736421044151939,7.264274949621397,LOW,8,1610,8,201.25,1.0,0,8,78.20739219712526,0.0
PRV56367,0,0.07332712135112712,7.232742662841045,LOW,45,10550,14,234.44444444444446,3.2142857142857144,0,45,77.67830253251198,2.2222222222222223
PRV51711,1,0.4805990305870135,48.003870080931115,MEDIUM,1,4000,1,4000.0,1.0,1,0,69.67008898015058,100.0
PRV55306,0,0.06234899773002599,6.133745980729536,LOW,59,16500,34,279.66101694915255,1.7352941176470589,0,59,77.10842694367274,3.389830508474576
PRV54472,0,0.05949970979086211,5.848509805623743,LOW,32,16300,19,509.375,1.6842105263157894,0,32,75.2589070211463,15.625
PRV56388,0,0.13183390357037558,13.089732596565742,LOW,7,5300,6,757.1428571428571,1.1666666666666667,0,7,73.94524298425735,14.285714285714285
PRV57691,0,0.07239334560168555,7.139264352166898,LOW,51,11990,20,235.09803921568627,2.55,0,51,80.22573579739904,1.9607843137254901
PRV54643,0,0.04738651741956392,4.635883797273157,LOW,18,8380,18,465.55555555555554,1.0,0,18,74.77253023043578,11.11111111111111
PRV52274,0,0.07446084754862826,7.346237588975943,LOW,38,7800,17,205.26315789473685,2.235294117647059,0,38,81.31851672907356,0.0
PRV53507,1,0.3724744980046912,37.17975234787619,LOW,9,62000,8,6888.888888888889,1.125,9,0,85.22895277207392,88.88888888888889
PRV55019,1,0.738492677813654,73.82105637084882,HIGH,285,1857020,133,6515.859649122807,2.142857142857143,158,127,77.31207472722149,51.92982456140351
PRV51111,0,0.06979791719366078,6.879441516541817,LOW,132,54860,85,415.6060606060606,1.5529411764705883,0,132,76.05604541611305,3.787878787878788
PRV57669,0,0.17975188306506637,17.88669993777249,LOW,3,250,3,83.33333333333333,1.0,0,3,69.11248003650468,0.0
PRV51250,0,0.030209850942829127,2.9163641307808157,LOW,85,22560,71,265.4117647058824,1.1971830985915493,0,85,74.40290752041338,3.5294117647058822
PRV54055,1,0.4283301498472466,42.771343239980474,LOW,25,214000,25,8560.0,1.0,25,0,78.24700889801505,100.0
PRV51840,0,0.2703795355981458,26.95924210244333,LOW,118,380600,77,3225.423728813559,1.5324675324675325,39,79,76.6600686929229,32.20338983050847
PRV53040,0,0.2495170172771663,24.870739621821116,LOW,14,51800,8,3700.0,1.75,5,9,82.59695677354814,35.714285714285715
PRV52592,0,0.24369998303736295,24.288408656173665,LOW,19,59620,12,3137.8947368421054,1.5833333333333333,7,12,86.28671381854133,36.84210526315789
PRV51038,0,0.2028143647625036,20.19543608809457,LOW,141,265490,83,1882.9078014184397,1.6987951807228916,30,111,74.49620347092953,21.98581560283688
PRV54763,0,0.012397311245110832,1.1331885441855873,LOW,34,11770,33,346.1764705882353,1.0303030303030303,0,34,76.83587414182897,5.88235294117647
PRV52201,0,0.1358565769423095,13.492433899771713,LOW,9,450,9,50.0,1.0,0,9,75.3325728192258,0.0
PRV57522,0,0.0668211526638991,6.581443930201358,LOW,40,8310,40,207.75,1.0,0,40,76.97515400410677,0.0
PRV51810,1,0.4870228035049307,48.64694036935994,MEDIUM,3,29000,3,9666.666666666666,1.0,3,0,87.25165411818391,100.0
PRV55031,0,0.14156671515383792,14.064063730647899,LOW,32,45300,26,1415.625,1.2307692307692308,4,28,75.04777549623546,12.5
PRV54017,0,0.05802347233107129,5.700726803144117,LOW,13,2610,13,200.76923076923077,1.0,0,13,71.03227504870216,0.0
PRV56432,0,0.14524023434481792,14.431811949004638,LOW,25,54080,15,2163.2,1.6666666666666667,6,19,76.2964483991178,28.000000000000004
PRV55609,0,0.10561279710069477,10.464793216571639,LOW,10,6850,10,685.0,1.0,0,10,75.83436002737851,10.0
PRV54404,0,0.1926850688107775,19.181413744451483,LOW,266,83080,188,312.3308270676692,1.4148936170212767,2,264,75.31645477449139,3.007518796992481
PRV52417,0,0.09251571426608748,9.15367201978471,LOW,20,4210,7,210.5,2.857142857142857,0,20,71.24943776278478,0.0
PRV51422,0,0.20298628132326707,20.212646290529886,LOW,25,48930,21,1957.2,1.1904761904761905,4,21,78.78078028747433,16.0
PRV54985,0,0.15057614096077349,14.965978248218148,LOW,223,63340,203,284.0358744394619,1.0985221674876848,0,223,78.61950280359967,4.0358744394618835
PRV56027,0,0.02613246640940938,2.5081858091860343,LOW,25,8840,24,353.6,1.0416666666666667,0,25,79.88546657540498,4.0
PRV54441,0,0.09196107267247333,9.098148025686903,LOW,4,480,4,120.0,1.0,0,4,84.58384668035592,0.0
PRV52280,1,0.5415228906419152,54.10282855258358,MEDIUM,41,395000,38,9634.146341463415,1.0789473684210527,41,0,78.53337656255628,100.0
PRV55338,0,0.06812353894450629,6.711823059697014,LOW,46,8790,44,191.08695652173913,1.0454545454545454,0,46,73.41690000622238,0.0
PRV56441,0,0.03191506241066907,3.0870692357818674,LOW,35,3980,34,113.71428571428571,1.0294117647058822,0,35,75.86270483552764,0.0
PRV55463,0,0.175525853444288,17.46364107160948,LOW,257,73500,220,285.9922178988327,1.1681818181818182,0,257,76.10500902246281,3.8910505836575875
PRV55378,1,0.4004934588263115,39.98467111559585,LOW,14,132000,13,9428.57142857143,1.0769230769230769,14,0,71.92965829516137,92.85714285714286
PRV57723,0,0.03916415067095964,3.8127600934690515,LOW,20,2590,19,129.5,1.0526315789473684,0,20,76.83273893151771,0.0
PRV55572,0,0.2879088673969662,28.71406634667999,LOW,1,10,1,10.0,1.0,0,1,55.912388774811774,0.0
PRV55520,0,0.11973569755453024,11.878606840488501,LOW,287,95890,118,334.11149825783974,2.4322033898305087,0,287,75.99863107460644,4.878048780487805
PRV53295,0,0.2572509157768616,25.644963804778513,LOW,197,333990,139,1695.3807106598986,1.4172661870503598,29,168,74.242200836199,15.228426395939088
PRV52793,0,0.06176399616587061,6.075182714343916,LOW,17,4230,17,248.8235294117647,1.0,0,17,84.10758143092966,0.0
PRV53715,0,0.033152679777997525,3.2109644866791354,LOW,24,7140,21,297.5,1.1428571428571428,0,24,70.61908021250937,4.166666666666666
PRV53713,0,0.03883991228529484,3.780301276064783,LOW,31,4340,28,140.0,1.1071428571428572,0,31,77.41977119389851,0.0
PRV55726,0,0.03896876805833609,3.793200754329999,LOW,36,9690,16,269.1666666666667,2.25,0,36,74.45927446954141,2.7777777777777777
PRV52593,0,0.30757257594699655,30.682558522606453,LOW,582,142020,252,244.02061855670104,2.3095238095238093,0,582,77.71114587747032,2.405498281786942
PRV51307,0,0.025538185671776386,2.4486936244153976,LOW,37,6940,21,187.56756756756758,1.7619047619047619,0,37,77.32511978097193,2.7027027027027026
PRV54547,0,0.10980617004527764,10.884582892112796,LOW,3,540,3,180.0,1.0,0,3,74.13917408167922,0.0
PRV55469,0,0.04767698922142145,4.6649623135575595,LOW,10,2110,10,211.0,1.0,0,10,80.93333333333334,0.0
PRV53872,0,0.18175901563909852,18.08762972464239,LOW,231,170480,135,738.008658008658,1.711111111111111,9,222,76.85129806904396,6.493506493506493
PRV57400,1,0.39772786315284275,39.70781319578139,LOW,8,67000,6,8375.0,1.3333333333333333,8,0,77.72302076203513,100.0
PRV55598,0,0.10804400225010839,10.70817600993009,LOW,167,46190,84,276.58682634730536,1.9880952380952381,0,167,73.94641634888042,2.3952095808383236
PRV54205,1,0.36623728138013234,36.55535781447656,LOW,9,65000,8,7222.222222222223,1.125,9,0,76.1249144421629,100.0
PRV54790,0,0.08016169482867146,7.916937324397893,LOW,8,3560,8,445.0,1.0,0,8,78.59445585215606,0.0
PRV52696,1,0.713841435300958,71.35327274348046,HIGH,3,96000,3,32000.0,1.0,3,0,78.69495779146703,100.0
PRV55132,1,0.4528780715954492,45.22878364465517,MEDIUM,10,108000,10,10800.0,1.0,10,0,74.7750855578371,100.0
PRV55261,0,0.03175003775995084,3.0705489678503466,LOW,30,4780,19,159.33333333333334,1.5789473684210527,0,30,73.90828199863107,0.0
PRV57613,0,0.1695822352014397,16.868638049774997,LOW,2,250,2,125.0,1.0,0,2,84.41341546885695,0.0
PRV51532,0,0.16882611430829925,16.79294439013727,LOW,32,70930,25,2216.5625,1.28,6,26,75.5749942961442,28.125
PRV56545,1,0.542111899324195,54.161792963069566,HIGH,1,7000,1,7000.0,1.0,1,0,67.83572895277207,100.0
PRV55620,0,0.06706094607234815,6.605449139959717,LOW,15,1840,14,122.66666666666667,1.0714285714285714,0,15,80.20885890290408,0.0
PRV55900,0,0.3061426560175926,30.539412269900794,LOW,19,113810,11,5990.0,1.7272727272727273,8,11,77.93004070751829,42.10526315789473
PRV51404,0,0.1407897453840384,13.986282934167402,LOW,59,29350,58,497.45762711864404,1.0172413793103448,1,58,76.48784788686643,3.389830508474576
PRV51232,1,0.7593955005453509,75.91359364058269,CRITICAL,1,26000,1,26000.0,1.0,1,0,93.08418891170432,100.0
PRV51480,1,0.5604663574962517,55.999218859264886,HIGH,1924,557880,759,289.95841995841994,2.5349143610013174,0,1924,76.62685240044404,3.118503118503119
PRV53885,0,0.2963997173503569,29.564067334931487,LOW,12,49630,6,4135.833333333333,2.0,6,6,82.0280629705681,41.66666666666667
PRV55277,0,0.04927057358737384,4.824492666037849,LOW,17,4200,16,247.05882352941177,1.0625,0,17,74.19900752908967,0.0
PRV55267,0,0.04649670557993841,4.546806620407309,LOW,144,36020,78,250.13888888888889,1.8461538461538463,0,144,77.24291405605574,2.7777777777777777
PRV55202,0,0.03989792978157198,3.88621716462242,LOW,30,11980,27,399.3333333333333,1.1111111111111112,0,30,70.9325423986615,6.666666666666667
PRV56775,0,0.1969819198184221,19.61156238951249,LOW,18,34350,15,1908.3333333333333,1.2,3,15,73.63510533120389,22.22222222222222
PRV55791,1,0.481341219888626,48.07816907847592,MEDIUM,10,129000,10,12900.0,1.0,10,0,70.74168377823409,80.0
PRV51036,0,0.12228714368388327,12.134026703438087,LOW,278,74880,131,269.3525179856115,2.122137404580153,0,278,75.19803961523792,2.5179856115107913
PRV55161,1,0.5379872720276314,53.748885268611005,MEDIUM,2,28000,2,14000.0,1.0,2,0,72.62696783025325,100.0
PRV54612,0,0.1094039031750435,10.844312808538499,LOW,12,1120,4,93.33333333333333,3.0,0,12,75.89596167008898,0.0
PRV56860,0,0.17608861812885418,17.51997825112156,LOW,3,2570,3,856.6666666666666,1.0,0,3,77.10974218571755,33.33333333333333
PRV51642,0,0.06816255753875715,6.715729128448136,LOW,29,10460,24,360.6896551724138,1.2083333333333333,1,28,77.98986995208762,3.4482758620689653
PRV56055,0,0.06487798875967171,6.386917911252181,LOW,9,4470,8,496.6666666666667,1.125,0,9,75.09445585215606,11.11111111111111
PRV56988,0,0.21045621881726695,20.96044589680384,LOW,1,0,1,0.0,1.0,0,1,70.5845311430527,0.0
PRV57306,1,0.630907495798395,63.050931879640636,HIGH,2315,629460,1407,271.9049676025918,1.6453447050461976,0,2315,76.33193765211296,2.7645788336933044
PRV52443,0,0.25601493331548825,25.521232220850415,LOW,1,10,1,10.0,1.0,0,1,95.16495550992471,0.0
PRV55908,0,0.2804825621932763,27.970634676488608,LOW,55,294790,31,5359.818181818182,1.7741935483870968,22,33,78.28159936116815,40.0
PRV56401,0,0.1661677270853809,16.526818881025733,LOW,143,27390,39,191.53846153846155,3.6666666666666665,0,143,76.21790484213483,1.3986013986013985
PRV51769,0,0.026787818598426584,2.5737917274834077,LOW,15,4800,15,320.0,1.0,0,15,76.63445128907141,6.666666666666667
PRV53135,1,0.46401575573761134,46.34375359226215,MEDIUM,7,68000,6,9714.285714285714,1.1666666666666667,7,0,80.45722108145107,100.0
PRV53629,0,0.02056684965519792,1.9510237150166931,LOW,15,3950,15,263.3333333333333,1.0,0,15,79.71124800365048,0.0
PRV51448,0,0.14497644750641284,14.405404807839398,LOW,51,115550,36,2265.6862745098038,1.4166666666666667,11,40,77.06828607628118,17.647058823529413
PRV57309,0,0.2188153799249215,21.797263793888742,LOW,35,108260,23,3093.1428571428573,1.5217391304347827,12,23,79.40729441674,37.142857142857146
PRV55395,0,0.05007997103811398,4.905519728910702,LOW,12,2970,10,247.5,1.2,0,12,75.32566735112937,0.0
PRV57335,1,0.4395180994848656,43.89134515977491,LOW,807,284670,303,352.75092936802974,2.6633663366336635,3,804,77.1774279412883,4.337050805452292
PRV52701,0,0.020871735867013498,1.98154522732348,LOW,96,25610,55,266.7708333333333,1.7454545454545454,0,96,75.52336506751291,4.166666666666666
PRV53850,0,0.11585134708066583,11.489752749364042,LOW,10,1720,10,172.0,1.0,0,10,73.70020533880904,0.0
PRV57741,0,0.02917394902926898,2.812662186323993,LOW,15,2290,14,152.66666666666666,1.0714285714285714,0,15,76.62012320328542,0.0
PRV56687,0,0.10210112117382739,10.113246784277866,LOW,9,4120,7,457.77777777777777,1.2857142857142858,0,9,76.86868094260292,11.11111111111111
PRV57010,0,0.043766959716116396,4.273537549035064,LOW,57,24130,56,423.3333333333333,1.0178571428571428,0,57,77.12677226948274,7.017543859649122
PRV53107,1,0.3477881065336157,34.70845003280019,LOW,15,103390,9,6892.666666666667,1.6666666666666667,9,6,80.25023956194387,60.0
PRV51159,1,0.5091976288279703,50.866815121870545,MEDIUM,569,797790,448,1402.091388400703,1.2700892857142858,65,504,77.38445972085825,13.708260105448156
PRV51600,0,0.12616898376271135,12.522629484237491,LOW,109,36050,100,330.73394495412845,1.09,3,106,76.36899849152395,3.669724770642202
PRV51483,0,0.12788568133669032,12.694484438973602,LOW,77,60400,69,784.4155844155844,1.1159420289855073,6,71,78.37729409080538,5.194805194805195
PRV56697,0,0.02586589786431141,2.4815001972609814,LOW,78,21570,36,276.53846153846155,2.1666666666666665,0,78,76.48163358430298,3.8461538461538463
PRV53704,0,0.02796078635528146,2.691215042933192,LOW,15,2950,15,196.66666666666666,1.0,0,15,79.61195528177048,0.0
PRV51444,0,0.18653225245398136,18.5654683429292,LOW,42,73920,36,1760.0,1.1666666666666667,4,38,76.20006844626968,9.523809523809524
PRV57179,0,0.2430330621852379,24.221644623538108,LOW,206,337460,119,1638.1553398058252,1.73109243697479,26,180,78.7399628434536,14.077669902912621
PRV56903,1,0.7928220126518934,79.25985090343957,CRITICAL,2,57000,2,28500.0,1.0,2,0,70.20807665982204,100.0
PRV56701,0,0.129647283097095,12.870834656616017,LOW,23,36680,18,1594.7826086956522,1.2777777777777777,4,19,75.72397486155187,17.391304347826086
PRV56828,0,0.05404197540362568,5.302147586501901,LOW,142,40510,131,285.28169014084506,1.083969465648855,0,142,76.94635588925289,1.4084507042253522
PRV52487,0,0.073518770756581,7.251928278524732,LOW,177,51030,127,288.3050847457627,1.3937007874015748,0,177,76.04076595148399,2.2598870056497176
PRV55541,0,0.0837293240645122,8.274085123832103,LOW,134,30380,65,226.71641791044777,2.0615384615384613,0,134,75.04331069341336,2.2388059701492535
PRV55150,0,0.27886879033759426,27.809083397208916,LOW,6,19100,4,3183.3333333333335,1.5,4,2,78.70819073693816,50.0
PRV54078,0,0.2318314427746989,23.100274251756534,LOW,119,214380,91,1801.5126050420167,1.3076923076923077,20,99,73.99124641285032,16.80672268907563
PRV53607,0,0.03870479745958839,3.766775217306432,LOW,26,8290,26,318.84615384615387,1.0,0,26,72.65097667561733,7.6923076923076925
PRV54910,0,0.14752447918185288,14.660482857046386,LOW,215,80880,149,376.1860465116279,1.4429530201342282,3,212,77.96905508123491,5.116279069767442
PRV51758,0,0.06964927210681925,6.864560972025354,LOW,7,910,7,130.0,1.0,0,7,81.65483524005084,0.0
PRV52095,0,0.1113946945345786,11.043606711068438,LOW,38,15560,36,409.4736842105263,1.0555555555555556,1,37,76.30826719943764,7.894736842105263
PRV56170,0,0.26846051435533375,26.767132954146057,LOW,18,73370,8,4076.1111111111113,2.25,8,10,74.54671457905545,44.44444444444444
PRV56726,0,0.3054799627545309,30.47307145224389,LOW,16,72440,13,4527.5,1.2307692307692308,3,13,73.63039014373717,25.0
PRV55690,0,0.16052293777877516,15.961730990481831,LOW,91,168510,63,1851.7582417582419,1.4444444444444444,15,76,77.16756559434177,17.582417582417584
PRV52943,0,0.0410946738663578,4.006020677855611,LOW,35,6760,33,193.14285714285714,1.0606060606060606,0,35,79.0536992097567,0.0
PRV52963,0,0.06737585969903259,6.636974475510929,LOW,9,850,7,94.44444444444444,1.2857142857142858,0,9,84.03559206023272,0.0
PRV55146,1,0.5543798931125561,55.38991581310366,HIGH,1,6000,1,6000.0,1.0,1,0,75.66872005475702,100.0
PRV52913,0,0.04610611496236504,4.507705421733252,LOW,35,11600,32,331.42857142857144,1.09375,0,35,74.79209445585215,5.714285714285714
PRV56199,0,0.055266687118843534,5.42475087992633,LOW,16,2600,13,162.5,1.2307692307692308,0,16,72.90980887695467,0.0
PRV57174,0,0.14237326518612847,14.144805744496287,LOW,54,95930,38,1776.4814814814815,1.4210526315789473,12,42,76.79745608031028,20.37037037037037
PRV57262,0,0.054698915742595215,5.367912491124128,LOW,24,4160,16,173.33333333333334,1.5,0,24,74.26505817932923,0.0
PRV51077,0,0.3112535147258882,31.051049500179516,LOW,33,204350,17,6192.424242424242,1.9411764705882353,16,17,74.77855350216745,51.515151515151516
PRV57585,0,0.05411488158593824,5.309446069852272,LOW,140,44220,71,315.85714285714283,1.971830985915493,0,140,75.22403138888086,5.0
PRV53435,0,0.12358768667098967,12.264221304729155,LOW,6,5490,6,915.0,1.0,0,6,67.48665297741273,16.666666666666664
PRV53686,0,0.1497407644204575,14.882350473763466,LOW,292,78140,232,267.6027397260274,1.2586206896551724,0,292,78.50513347022587,3.0821917808219177
PRV52703,0,0.14207009408981713,14.114455928766587,LOW,4,2700,4,675.0,1.0,0,4,84.3347022587269,25.0
PRV53457,0,0.2257936417075638,22.49584278705007,LOW,5,9430,5,1886.0,1.0,0,5,81.03271731690623,20.0
PRV52504,0,0.1784760877535693,17.758982773821653,LOW,40,114180,26,2854.5,1.5384615384615385,14,26,76.46350203325683,32.5
PRV55884,0,0.059652029742698384,5.863758233084123,LOW,27,2880,16,106.66666666666667,1.6875,0,27,80.54140999315537,0.0
PRV56944,0,0.15198658518245922,15.107174829112587,LOW,3,180,3,60.0,1.0,0,3,80.0,0.0
PRV52558,1,0.34474087037638856,34.40339768123385,LOW,494,140900,440,285.2226720647773,1.1227272727272728,0,494,78.0336257855765,2.42914979757085
PRV55649,0,0.2322780604248364,23.144984197883403,LOW,2,100,1,50.0,2.0,0,2,88.24914442162903,0.0
PRV56653,0,0.02722288481992885,2.6173452845786063,LOW,72,21060,39,292.5,1.8461538461538463,0,72,74.7121571105144,2.7777777777777777
PRV54434,0,0.2757203671416005,27.493901425707946,LOW,42,28830,29,686.4285714285714,1.4482758620689655,2,40,77.82817778366562,4.761904761904762
PRV53426,0,0.0779604179142727,7.69657215919945,LOW,10,1480,6,148.0,1.6666666666666667,0,10,80.30709559662331,0.0
PRV54298,1,0.5125151434724191,51.198924479802876,MEDIUM,3,38000,3,12666.666666666666,1.0,3,0,71.75085557837097,100.0
PRV52896,0,0.21946312042352645,21.86210772199571,LOW,142,300920,86,2119.154929577465,1.6511627906976745,17,125,76.1748272966546,14.084507042253522
PRV55077,0,0.07573023023257602,7.473312798377571,LOW,8,390,7,48.75,1.1428571428571428,0,8,74.75036667644471,0.0
PRV54391,0,0.25700698066218275,25.6205439775899,LOW,318,237230,206,746.0062893081761,1.5436893203883495,21,297,77.32883191199414,8.80503144654088
PRV56470,0,0.09857553298783098,9.760307625216642,LOW,37,35610,23,962.4324324324324,1.608695652173913,5,32,76.41015110830305,13.513513513513514
PRV54185,0,0.14759192896400125,14.667235111743876,LOW,2,350,2,175.0,1.0,0,2,78.29158110882958,0.0
PRV53598,1,0.38046360227999215,37.97952463999381,LOW,8,70000,8,8750.0,1.0,8,0,71.65674195756331,87.5
PRV57693,0,0.09346610263833297,9.248813384909031,LOW,133,41250,117,310.1503759398496,1.1367521367521367,0,133,77.99750785377068,3.7593984962406015
PRV54562,0,0.1086144200572339,10.765279327316982,LOW,206,57510,75,279.1747572815534,2.7466666666666666,0,206,79.42939539128452,2.4271844660194173
PRV54173,0,0.10287699367613416,10.19091773563587,LOW,7,640,7,91.42857142857143,1.0,0,7,81.16632443531827,0.0
PRV51331,0,0.13504238703245164,13.41092707397659,LOW,5,320,4,64.0,1.25,0,5,78.56331279945243,0.0
PRV56642,0,0.09673631053857233,9.57618696496874,LOW,141,45430,103,322.1985815602837,1.3689320388349515,0,141,78.44532605011862,4.964539007092199
PRV53153,0,0.3043766274994969,30.36261889893065,LOW,24,121630,17,5067.916666666667,1.411764705882353,6,18,82.89208304814053,29.166666666666668
PRV55614,0,0.06318072868404546,6.217008803268708,LOW,73,29530,68,404.52054794520546,1.0735294117647058,0,73,77.3409429480211,2.73972602739726
PRV51787,0,0.1348443714388558,13.391104152694314,LOW,3,150,3,50.0,1.0,0,3,80.11225188227242,0.0
PRV52112,0,0.23859052300588668,23.776911444466137,LOW,85,259790,61,3056.3529411764707,1.3934426229508197,24,61,76.5301123324073,29.411764705882355
PRV56046,0,0.3206051287397054,31.987219753702473,LOW,20,121680,13,6084.0,1.5384615384615385,14,6,75.21584732455611,70.0
PRV52189,0,0.028505835392326786,2.7457787465290897,LOW,23,5890,20,256.0869565217391,1.15,0,23,81.46707734428473,4.3478260869565215
PRV51774,0,0.2091832201396095,20.83300869793783,LOW,3,2990,3,996.6666666666666,1.0,0,3,77.5003422313484,33.33333333333333
PRV52988,0,0.1510918755715144,15.017607346743228,LOW,312,76070,124,243.81410256410257,2.5161290322580645,0,312,78.2543551699013,2.2435897435897436
PRV51249,1,0.43906996297792894,43.846483164113856,LOW,126,521330,66,4137.539682539683,1.9090909090909092,51,75,76.47898835058044,38.88888888888889
PRV57014,0,0.028608584906694923,2.7560647825837488,LOW,76,17170,46,225.92105263157896,1.6521739130434783,0,76,76.55631937624617,3.9473684210526314
PRV56329,1,0.4852216769123982,48.46663340456576,MEDIUM,14,177000,13,12642.857142857143,1.0769230769230769,14,0,72.56357605433581,100.0
PRV52486,0,0.02304073630129706,2.198679262523656,LOW,69,22140,58,320.8695652173913,1.1896551724137931,0,69,74.7326111071774,2.898550724637681
PRV56048,0,0.0578542747805354,5.683788795058388,LOW,16,7380,16,461.25,1.0,0,16,72.88672142368242,12.5
PRV52903,1,0.8089522441610614,80.87461418376853,CRITICAL,200,1568110,158,7840.55,1.2658227848101267,167,33,80.06653980813543,77.5
PRV53293,0,0.022180640385325367,2.112576883777101,LOW,41,10080,28,245.85365853658536,1.4642857142857142,0,41,72.87797007920211,2.4390243902439024
PRV57334,1,0.4247551061713492,42.41345319667079,LOW,68,450080,33,6618.823529411765,2.0606060606060606,39,29,75.5596167008898,55.88235294117647
PRV54756,0,0.11534828984096811,11.439392755578098,LOW,19,17390,16,915.2631578947369,1.1875,3,16,73.67974350661048,21.052631578947366
PRV56976,0,0.06360973613635469,6.259955829824569,LOW,6,1940,6,323.3333333333333,1.0,0,6,84.20853296828656,0.0
PRV54071,0,0.27456431657677366,27.37817165448768,LOW,436,229020,319,525.2752293577981,1.3667711598746082,8,428,77.43861843837203,6.651376146788992
PRV53124,0,0.24669487170179927,24.58822061121328,LOW,65,178380,39,2744.3076923076924,1.6666666666666667,20,45,75.01458034688054,32.30769230769231
PRV52020,1,0.5938247231025677,59.33865412045453,HIGH,606,1164820,490,1922.145214521452,1.236734693877551,92,514,77.68774977846897,16.5016501650165
PRV51047,0,0.04064062027488899,3.960566335406241,LOW,11,2530,11,230.0,1.0,0,11,74.08350444900753,0.0
PRV52694,0,0.15605303175361931,15.51425817449401,LOW,2,110,2,55.0,1.0,0,2,67.62765229295003,0.0
PRV54433,0,0.027518083663296916,2.646897014967312,LOW,14,4040,12,288.57142857142856,1.1666666666666667,0,14,76.33972165183664,7.142857142857142
PRV53284,0,0.1315143237371126,13.0577401369663,LOW,148,74780,76,505.27027027027026,1.9473684210526316,6,142,72.82423171228308,4.72972972972973
PRV51996,0,0.012197996983563605,1.1132356160078722,LOW,41,10070,38,245.609756097561,1.0789473684210527,0,41,79.4474584819338,2.4390243902439024
PRV53362,0,0.043380159366294795,4.234815786030279,LOW,35,13220,24,377.7142857142857,1.4583333333333333,0,35,74.97923796486425,5.714285714285714
PRV55385,1,0.37633545711576677,37.5662647792615,LOW,8,70000,7,8750.0,1.1428571428571428,8,0,74.98934193800723,87.5
PRV51168,0,0.12684582169290448,12.590386294534264,LOW,87,80470,77,924.9425287356322,1.12987012987013,9,78,76.9780812759658,10.344827586206897
PRV53851,0,0.05090912654731069,4.9885247291286055,LOW,48,21100,47,439.5833333333333,1.0212765957446808,0,48,74.24119300391746,4.166666666666666
PRV54009,0,0.1942892354842402,19.34200346930216,LOW,1,40,1,40.0,1.0,0,1,72.91444216290212,0.0
PRV57433,0,0.16720913832178994,16.631072352113208,LOW,70,141500,48,2021.4285714285713,1.4583333333333333,16,54,72.0558000065187,21.428571428571427
PRV51776,0,0.05094665609860949,4.992281732946566,LOW,54,12640,31,234.07407407407408,1.7419354838709677,0,54,76.26857433044093,0.0
PRV57462,0,0.06331807269831345,6.230758021368081,LOW,10,1560,10,156.0,1.0,0,10,75.9419575633128,0.0
PRV53979,0,0.04096939545360172,3.993479321544547,LOW,77,26170,38,339.87012987012986,2.026315789473684,0,77,76.90327461363883,2.5974025974025974
PRV54332,1,0.4355619176580442,43.49530018418823,LOW,995,333170,531,334.84422110552765,1.8738229755178908,0,995,76.16073916815225,4.321608040201005
PRV55956,0,0.20186025932513463,20.0999226154609,LOW,22,64190,12,2917.7272727272725,1.8333333333333333,8,14,79.8652369001445,31.818181818181817
PRV56119,1,0.47903811177720695,47.84760980802569,MEDIUM,11,120000,11,10909.09090909091,1.0,11,0,81.09887374774438,100.0
PRV51140,1,0.38434055540377937,38.36763819808441,LOW,487,453130,363,930.4517453798768,1.3415977961432506,47,440,76.39031745866298,12.114989733059549
PRV52901,0,0.06626612898593785,6.525881686449584,LOW,85,23030,50,270.94117647058823,1.7,0,85,79.07832991101985,3.5294117647058822
PRV57356,0,0.07155235928659473,7.055074995052217,LOW,67,23570,25,351.7910447761194,2.68,0,67,72.0900205338809,4.477611940298507
PRV51899,0,0.01740552864602719,1.6345505707819081,LOW,23,5500,16,239.1304347826087,1.4375,0,23,77.5,0.0
PRV51954,1,0.44119451584034275,44.05916764712289,LOW,643,450930,555,701.2908242612752,1.1585585585585585,23,620,76.89655835074146,6.6874027993779155
PRV56500,0,0.11935589310085346,11.840585421815492,LOW,151,65010,71,430.5298013245033,2.1267605633802815,3,148,75.19392493109126,5.960264900662252
PRV52321,1,0.34660253424914156,34.589764904812,LOW,150,390230,110,2601.5333333333333,1.3636363636363635,33,117,77.32096230385073,22.0
PRV53026,0,0.03501009264543717,3.396906151127494,LOW,26,6140,16,236.15384615384616,1.625,0,26,78.46851471594798,3.8461538461538463
PRV51440,0,0.1491025699106975,14.818462174362294,LOW,71,106380,64,1498.3098591549297,1.109375,7,64,80.62114507717077,14.084507042253522
PRV52171,0,0.1824518898444147,18.156991892444864,LOW,12,17820,9,1485.0,1.3333333333333333,3,9,81.19507186858316,16.666666666666664
PRV54452,0,0.09578880717936931,9.481334412383875,LOW,5,520,5,104.0,1.0,0,5,79.00068446269678,0.0
PRV55230,1,0.8253757815078728,82.51873968969629,CRITICAL,565,2612740,325,4624.3185840707965,1.7384615384615385,225,340,75.84695679910688,38.05309734513274
PRV54718,1,0.5325891248345709,53.208488197173395,MEDIUM,29,302000,24,10413.793103448275,1.2083333333333333,29,0,78.14852840520192,93.10344827586206
PRV57148,0,0.17454783562985832,17.36573378160245,LOW,83,200830,60,2419.6385542168673,1.3833333333333333,15,68,75.93574347167777,18.072289156626507
PRV56394,0,0.06198489993526697,6.097296922382702,LOW,32,15920,14,497.5,2.2857142857142856,0,32,75.5771976141586,6.25
PRV53597,1,0.42305401862630776,42.243160928838385,LOW,6,41000,6,6833.333333333333,1.0,6,0,63.70841889117043,83.33333333333334
PRV56075,0,0.060455236163882355,5.944165525113078,LOW,12,3020,12,251.66666666666666,1.0,0,12,68.40292037417294,0.0
PRV55793,1,0.4613265205983797,46.07453996364601,MEDIUM,6,72000,6,12000.0,1.0,6,0,69.44558521560576,83.33333333333334
PRV57067,0,0.04032956308102482,3.9294270591690377,LOW,18,3050,13,169.44444444444446,1.3846153846153846,0,18,75.39788343073764,0.0
PRV53111,0,0.15357102454107122,15.265789694295426,LOW,33,68750,23,2083.3333333333335,1.434782608695652,7,26,78.14090490688947,30.303030303030305
PRV54306,0,0.049953938277004076,4.892902856385155,LOW,33,13300,28,403.030303030303,1.1785714285714286,0,33,71.74440207294417,6.0606060606060606
PRV51921,0,0.09622845703591233,9.525346827465707,LOW,70,19290,24,275.57142857142856,2.9166666666666665,0,70,79.2539356605065,2.857142857142857
PRV51196,1,0.37255715599505546,37.188027064056804,LOW,720,197060,432,273.69444444444446,1.6666666666666667,0,720,77.65487236038229,3.6111111111111107
PRV57264,0,0.050460214145759026,4.9435850603025315,LOW,8,2760,6,345.0,1.3333333333333333,0,8,79.80561259411361,0.0
PRV57724,0,0.16690644837821905,16.60077070356431,LOW,2,80,2,40.0,1.0,0,2,77.74811772758385,0.0
PRV55881,0,0.3024466883583254,30.169416782974523,LOW,1,30,1,30.0,1.0,0,1,97.83709787816564,0.0
PRV52797,0,0.17884086949406253,17.79550030052598,LOW,1,300,1,300.0,1.0,0,1,70.83641341546885,0.0
PRV54387,0,0.18380086204670593,18.292034639798263,LOW,415,113710,235,274.0,1.7659574468085106,0,415,75.69216071766643,3.614457831325301
PRV57635,1,0.5556225123299595,55.514311788608026,HIGH,18,275000,16,15277.777777777777,1.125,18,0,77.03713210130047,100.0
PRV55985,0,0.040728807585340296,3.969394580098626,LOW,58,19270,52,332.2413793103448,1.1153846153846154,0,58,77.31143052703628,5.172413793103448
PRV53920,0,0.1554740604040609,15.456298580107653,LOW,221,95610,117,432.6244343891403,1.8888888888888888,3,218,76.55671179480039,4.072398190045249
PRV56088,0,0.038898053419872985,3.7861216617883295,LOW,85,25150,74,295.88235294117646,1.1486486486486487,0,85,81.20387738868232,2.3529411764705883
PRV56018,0,0.3005514035567697,29.979683839490225,LOW,72,240840,47,3345.0,1.5319148936170213,25,47,78.08227048808938,34.72222222222222
PRV53113,0,0.024189900077312327,2.313719611915972,LOW,81,19320,61,238.5185185185185,1.3278688524590163,0,81,77.27027299962971,3.7037037037037033
PRV56264,0,0.24317487477404456,24.235841181161177,LOW,51,172050,30,3373.529411764706,1.7,19,32,77.03770628945168,31.372549019607842
PRV52351,0,0.25756264906290055,25.67617076317002,LOW,425,103700,362,244.0,1.1740331491712708,0,425,75.93490419413027,2.1176470588235294
PRV57085,1,0.43605872070431084,43.54503408392866,LOW,5,42000,5,8400.0,1.0,5,0,77.7659137577002,100.0
PRV53588,0,0.2489809525674918,24.817075320191563,LOW,1,10,1,10.0,1.0,0,1,57.16632443531827,0.0
PRV51388,0,0.18417730027638402,18.32971907292315,LOW,86,191010,67,2221.046511627907,1.2835820895522387,14,72,74.25541443793782,19.767441860465116
PRV52661,0,0.17074307949263479,16.9848477107793,LOW,247,75690,233,306.43724696356276,1.0600858369098713,0,247,77.72846512912257,2.834008097165992
PRV56618,0,0.04682536812855901,4.579708331385867,LOW,135,32210,98,238.59259259259258,1.3775510204081634,0,135,77.2484320216793,2.2222222222222223
PRV51240,0,0.14321754544695117,14.229324851535027,LOW,60,94020,29,1567.0,2.0689655172413794,11,49,77.27908065852516,20.0
PRV54490,0,0.05770840402047516,5.669185982514435,LOW,23,2160,19,93.91304347826087,1.2105263157894737,0,23,80.06714939298966,0.0
PRV53460,0,0.1497008734738164,14.878357075663942,LOW,3,820,3,273.3333333333333,1.0,0,3,72.44626967830253,0.0
PRV54086,0,0.06807174759389788,6.70663833738515,LOW,66,12550,60,190.15151515151516,1.1,0,66,80.8403832991102,1.5151515151515151
PRV51235,1,0.474126408426859,47.3559095984222,MEDIUM,2,10000,2,5000.0,1.0,2,0,57.79192334017796,100.0
PRV52861,0,0.08109834382774289,8.010703270001203,LOW,14,1770,14,126.42857142857143,1.0,0,14,68.37488999706659,0.0
PRV54587,0,0.16419658190506353,16.32949171584743,LOW,3,150,2,50.0,1.5,0,3,96.62422997946612,0.0
PRV53848,0,0.0660531143828337,6.5045572461233,LOW,8,1080,8,135.0,1.0,0,8,81.43702943189597,0.0
PRV57154,0,0.01992788220343667,1.8870580380304085,LOW,52,14630,39,281.34615384615387,1.3333333333333333,0,52,77.83183278049808,1.9230769230769231
PRV55534,0,0.055985766328577255,5.4967363751664955,LOW,146,35080,72,240.27397260273972,2.0277777777777777,0,146,76.45064263442087,2.054794520547945
PRV53604,1,0.3739678643540581,37.329250087178075,LOW,6,51000,5,8500.0,1.2,6,0,74.5018480492813,100.0
PRV52517,0,0.018955529232344462,1.7897178434804384,LOW,32,10910,26,340.9375,1.2307692307692308,0,32,77.04501658505765,3.125
PRV55797,0,0.10274512545994477,10.177716688073465,LOW,3,1060,3,353.3333333333333,1.0,0,3,79.6951859456993,0.0
PRV52405,0,0.18544524954641087,18.45665078629599,LOW,89,189070,51,2124.38202247191,1.7450980392156863,22,67,74.73592272319749,28.08988764044944
PRV57094,1,0.6320965148059762,63.16996205177201,HIGH,3,48000,3,16000.0,1.0,3,0,85.47113848961898,100.0
PRV52740,0,0.03161215070520112,3.056745387119592,LOW,34,6310,18,185.58823529411765,1.8888888888888888,0,34,76.76796714579056,0.0
PRV55203,0,0.13875294712181835,13.7823833781442,LOW,25,46470,20,1858.8,1.25,5,20,78.22401095140316,20.0
PRV53812,0,0.1416592903075227,14.07333123302417,LOW,2,260,2,130.0,1.0,0,2,85.41683778234085,0.0
PRV54065,0,0.24641050629854433,24.55975339354743,LOW,94,256620,52,2730.0,1.8076923076923077,24,70,75.35726060676171,27.659574468085108
PRV56789,0,0.10700725078552552,10.60438901872143,LOW,67,63510,46,947.9104477611941,1.4565217391304348,7,60,78.7332690776516,10.44776119402985
PRV52326,1,0.33467780197293134,33.396005237045706,LOW,14,70770,7,5055.0,2.0,8,6,79.75043437055757,64.28571428571429
PRV52041,1,0.6180046300920837,61.759253347827546,HIGH,1885,604980,918,320.9442970822281,2.053376906318083,0,1885,77.54467573020538,4.3501326259946955
PRV53501,0,0.24971935002605009,24.890994724366912,LOW,1,300,1,300.0,1.0,0,1,44.41615331964408,0.0
PRV55667,1,0.5469742771554285,54.64855529952448,HIGH,38,382180,33,10057.368421052632,1.1515151515151516,38,0,78.55076431667808,92.10526315789474
PRV53128,0,0.10695134522109212,10.59879243118567,LOW,33,24220,18,733.939393939394,1.8333333333333333,1,32,73.58363053424115,12.121212121212121
PRV51624,0,0.09839568261972963,9.742303186148385,LOW,5,320,5,64.0,1.0,0,5,69.78398357289527,0.0
PRV52199,0,0.057226980910861945,5.620991735626946,LOW,10,1080,10,108.0,1.0,0,10,73.1088295687885,0.0
PRV53891,0,0.05345120591907621,5.243006905833608,LOW,22,10530,22,478.6363636363636,1.0,0,22,76.55677929189223,13.636363636363635
PRV56660,0,0.11364714019287887,11.269094270741242,LOW,4,180,4,45.0,1.0,0,4,85.56194387405887,0.0
PRV52835,0,0.1703181050366915,16.942304418939692,LOW,57,140360,46,2462.4561403508774,1.2391304347826086,11,46,79.78654370354359,21.052631578947366
PRV53802,1,0.40862856597168223,40.7990594455104,LOW,80,459870,42,5748.375,1.9047619047619047,46,34,75.30274865809288,58.75
PRV54805,0,0.12667628380278134,12.573414215773976,LOW,5,270,5,54.0,1.0,0,5,79.11786447638603,0.0
PRV54348,1,0.5285553949945594,52.804680054387866,MEDIUM,217,959880,120,4423.410138248848,1.8083333333333333,91,126,77.15166412100491,42.857142857142854
PRV51459,1,0.832025694981952,83.18444842978502,CRITICAL,8240,2321890,2857,281.78276699029124,2.8841442072103605,0,8240,77.65455979848959,3.191747572815534
PRV55644,0,0.03440433581715804,3.336265119251559,LOW,29,5060,26,174.48275862068965,1.1153846153846154,0,29,76.87505923234876,3.4482758620689653
PRV56813,0,0.02756353346268925,2.6514468980310077,LOW,106,33940,83,320.188679245283,1.2771084337349397,0,106,72.26527465096525,3.7735849056603774
PRV53078,0,0.00764040237522165,0.6569844818568873,LOW,45,10880,37,241.77777777777777,1.2162162162162162,0,45,75.89448175074459,2.2222222222222223
PRV53052,0,0.15339838613315135,15.248507229271596,LOW,9,5530,7,614.4444444444445,1.2857142857142858,1,8,70.73956194387407,11.11111111111111
PRV54107,0,0.07480345908050894,7.380535703096854,LOW,147,44080,129,299.86394557823127,1.1395348837209303,0,147,75.87976802551083,4.761904761904762
PRV57624,0,0.03858465774534715,3.754748285209661,LOW,41,6930,26,169.02439024390245,1.5769230769230769,0,41,80.41952298215132,0.0
PRV57518,0,0.17280064212766477,17.190825944144077,LOW,97,68130,45,702.3711340206186,2.1555555555555554,2,95,76.55351187615594,4.123711340206185
PRV55259,0,0.02467319610189672,2.362101352350651,LOW,42,13890,41,330.7142857142857,1.024390243902439,0,42,76.93768050616852,4.761904761904762
PRV54864,0,0.08142110568925197,8.04301427570247,LOW,5,860,5,172.0,1.0,0,5,72.88268309377139,0.0
PRV52858,0,0.17623320502992665,17.534452539264027,LOW,80,164760,64,2059.5,1.25,14,66,78.75882912433221,18.75
PRV52693,0,0.03647086036911933,3.5431405111210887,LOW,8,3920,8,490.0,1.0,0,8,74.16700889801506,12.5
PRV55584,0,0.20362532003887143,20.276619101588427,LOW,2,600,2,300.0,1.0,0,2,83.66735112936345,0.0
PRV55705,0,0.17843733466864264,17.7551032846461,LOW,253,63920,115,252.64822134387353,2.2,0,253,77.24788858137667,2.766798418972332
PRV51779,0,0.016438810583025,1.5377744749348377,LOW,24,7690,22,320.4166666666667,1.0909090909090908,0,24,78.77182502644516,4.166666666666666
PRV54459,0,0.05518070409587601,5.416143301780863,LOW,9,3080,9,342.22222222222223,1.0,0,9,73.87056049889725,11.11111111111111
PRV53432,0,0.20235285982885612,20.149235807576524,LOW,122,191580,97,1570.327868852459,1.2577319587628866,13,109,73.27063655030801,11.475409836065573
PRV51613,0,0.13348744059657705,13.255264682764064,LOW,21,20450,17,973.8095238095239,1.2352941176470589,4,17,73.35667025194746,14.285714285714285
PRV51204,0,0.25186941312146943,25.106232982720506,LOW,499,155180,398,310.9819639278557,1.2537688442211055,0,499,76.63315895012364,5.01002004008016
PRV55778,1,0.3237043039745334,32.297471616216704,LOW,1,40,1,40.0,1.0,0,1,70.25051334702259,0.0
PRV56019,0,0.2698832351054307,26.909558512273534,LOW,659,186820,268,283.49013657056145,2.458955223880597,0,659,78.08982806705691,3.490136570561457
PRV54188,0,0.16585970655126134,16.49598359835785,LOW,4,3060,4,765.0,1.0,0,4,69.64544832306639,25.0
PRV56411,0,0.3118353342274564,31.1092942170255,LOW,75,110650,34,1475.3333333333333,2.2058823529411766,4,71,71.90761709201135,5.333333333333334
PRV51024,0,0.13847449610920612,13.754508237587098,LOW,39,64050,29,1642.3076923076924,1.3448275862068966,9,30,71.33196440793976,20.51282051282051
PRV57318,0,0.08790005005791228,8.691607661101836,LOW,150,44180,131,294.53333333333336,1.1450381679389312,0,150,77.64542742344207,2.666666666666667
PRV52467,1,0.32940844167820366,32.868500748972274,LOW,103,183660,84,1783.106796116505,1.2261904761904763,8,95,77.30435518230549,6.796116504854369
PRV53178,0,0.0807166633563376,7.972494047170545,LOW,7,730,5,104.28571428571429,1.4,0,7,67.9173169062286,0.0
PRV56920,0,0.21733721933382805,21.64928827081144,LOW,1,80,1,80.0,1.0,0,1,77.08418891170432,0.0
PRV51694,0,0.04440337055787654,4.337247289214146,LOW,26,5940,21,228.46153846153845,1.2380952380952381,0,26,73.82940582119227,0.0
PRV55437,1,0.32720049252368766,32.64746763996082,LOW,106,400250,75,3775.943396226415,1.4133333333333333,28,78,78.20885506837917,24.528301886792452
PRV51479,0,0.23052446358751483,22.96943533612042,LOW,228,134630,204,590.4824561403509,1.1176470588235294,13,215,76.6965243804351,8.333333333333332
PRV56719,0,0.16081310245603606,15.990778761173969,LOW,67,123600,50,1844.7761194029852,1.34,10,57,76.659677942289,16.417910447761194
PRV51329,0,0.05126756230234428,5.024406972682039,LOW,74,19360,28,261.6216216216216,2.642857142857143,0,74,72.88950816466216,1.3513513513513513
PRV55069,0,0.05550032051633047,5.44813942404648,LOW,21,2050,20,97.61904761904762,1.05,0,21,75.29637234770705,0.0
PRV56929,0,0.03338754380297299,3.2344762263082347,LOW,45,7670,32,170.44444444444446,1.40625,0,45,77.04936687200548,2.2222222222222223
PRV56123,1,0.6206690814645396,62.0259859260933,HIGH,40,498000,38,12450.0,1.0526315789473684,40,0,79.09009690550812,97.5
PRV53783,0,0.03646059012709408,3.5421123789648297,LOW,30,6640,30,221.33333333333334,1.0,0,30,74.22769792379648,3.3333333333333335
PRV54628,0,0.07322551581698014,7.222571148221089,LOW,4,1540,4,385.0,1.0,0,4,78.79260780287474,0.0
PRV52821,1,0.7318660617677616,73.15767988690537,HIGH,713,1822970,314,2556.760168302945,2.270700636942675,173,540,76.58697690950136,23.983169705469845
PRV52230,0,0.07885138197070544,7.785764682047174,LOW,43,15100,15,351.16279069767444,2.8666666666666667,0,43,78.89390828199863,6.976744186046512
PRV54239,0,0.030015607752307202,2.8969188567727846,LOW,62,20980,44,338.38709677419354,1.4090909090909092,0,62,76.26967830253251,4.838709677419355
PRV55665,1,0.5751956316054191,57.47373526430627,HIGH,1,9000,1,9000.0,1.0,1,0,72.99931553730322,100.0
PRV56811,0,0.14410682675529082,14.318348918038573,LOW,62,106050,52,1710.483870967742,1.1923076923076923,8,54,78.87643166780744,16.129032258064516
PRV56108,0,0.05421192924815648,5.319161305576118,LOW,15,7360,11,490.6666666666667,1.3636363636363635,0,15,78.36376081139942,6.666666666666667
PRV57561,0,0.13559374998560497,13.46612285032857,LOW,17,16810,16,988.8235294117648,1.0625,1,16,71.56967427628136,5.88235294117647
PRV56286,1,0.7640035389374311,76.374894594983,CRITICAL,1,23000,1,23000.0,1.0,1,0,76.50102669404518,100.0
PRV53453,0,0.19123620924509907,19.036371484910372,LOW,15,42980,11,2865.3333333333335,1.3636363636363635,4,11,73.73908281998632,33.33333333333333
PRV53951,0,0.29451793880388283,29.37568647401017,LOW,54,223620,31,4141.111111111111,1.7419354838709677,22,32,78.88468898853175,42.592592592592595
PRV56551,0,0.04310207495107396,4.206977344760845,LOW,36,14070,30,390.8333333333333,1.2,0,36,70.54747889573352,5.555555555555555
PRV52404,0,0.16125155823721063,16.034671639902104,LOW,27,60610,20,2244.814814814815,1.35,7,20,78.67003632917391,25.925925925925924
PRV54271,0,0.07388103770500436,7.288194054726294,LOW,29,6240,12,215.17241379310346,2.4166666666666665,0,29,66.48688113164499,0.0
PRV55679,0,0.1979798729936332,19.711465366224427,LOW,229,147280,86,643.1441048034934,2.6627906976744184,9,220,75.78189480808128,6.986899563318777
PRV56713,1,0.3190855340424655,31.83509635009906,LOW,173,499920,100,2889.7109826589594,1.73,55,118,77.46770161309897,30.057803468208093
PRV52256,0,0.1579868982235645,15.707853447007736,LOW,1,50,1,50.0,1.0,0,1,75.99726214921287,0.0
PRV54127,0,0.026620594242636655,2.557051251740529,LOW,28,9100,25,325.0,1.12,0,28,76.22997946611909,7.142857142857142
PRV54960,0,0.16224567995905073,16.13419105793974,LOW,193,51400,187,266.32124352331607,1.032085561497326,0,193,79.60996606968342,2.072538860103627
PRV51460,1,0.39101036921258947,39.03533911849439,LOW,452,334480,399,740.0,1.1328320802005012,17,435,76.88467715071272,6.415929203539823
PRV54401,0,0.04323415325373558,4.220199423634599,LOW,22,3020,22,137.27272727272728,1.0,0,22,76.34160910957625,0.0
PRV53628,0,0.1780157094066844,17.71289527351605,LOW,202,82780,175,409.8019801980198,1.1542857142857144,4,198,77.37953841066224,4.455445544554455
PRV54257,0,0.15018806655029374,14.92712894170188,LOW,282,69540,134,246.59574468085106,2.1044776119402986,0,282,72.45934598056942,2.127659574468085
PRV52131,0,0.2959408901858062,29.51813512020085,LOW,84,349760,50,4163.809523809524,1.68,31,53,75.6492630618298,38.095238095238095
PRV54606,0,0.04585158587411449,4.482225054309574,LOW,8,1510,8,188.75,1.0,0,8,71.00992470910336,0.0
PRV52574,1,0.7155494469724296,71.52425817093066,HIGH,259,1533830,117,5922.123552123552,2.213675213675214,146,113,80.33504449007529,54.826254826254825
PRV51058,0,0.1686065882043663,16.770968097267378,LOW,83,107030,71,1289.5180722891566,1.1690140845070423,5,78,76.68537531371207,7.228915662650602
PRV53532,0,0.06420470492814283,6.319516894238005,LOW,9,2230,8,247.77777777777777,1.125,0,9,76.18754277891856,0.0
PRV51337,0,0.28146788716259363,28.069273470280294,LOW,168,379100,120,2256.5476190476193,1.4,40,128,76.74612616193063,22.61904761904762
PRV57150,0,0.10275872151786367,10.179077760608116,LOW,166,37160,123,223.85542168674698,1.3495934959349594,0,166,78.94517064267153,1.2048192771084338
PRV54972,0,0.015939886571855313,1.4878282498944009,LOW,62,16950,56,273.38709677419354,1.1071428571428572,0,62,78.22196147452821,3.225806451612903
PRV55928,0,0.04666713818297024,4.563868266980097,LOW,12,6410,11,534.1666666666666,1.0909090909090908,0,12,83.98581295501214,8.333333333333332
PRV52129,0,0.11396747075061542,11.3011618837762,LOW,223,55590,75,249.28251121076232,2.973333333333333,0,223,76.08943645904631,1.345291479820628
PRV52945,0,0.06936329394599235,6.835932304618019,LOW,46,6870,24,149.34782608695653,1.9166666666666667,0,46,78.23979009810633,0.0
PRV51035,0,0.24781173560287686,24.700027488601243,LOW,30,32560,24,1085.3333333333333,1.25,1,29,78.2570841889117,3.3333333333333335
PRV51178,1,0.4657543104190215,46.51779661568619,MEDIUM,65,431180,33,6633.538461538462,1.9696969696969697,34,31,74.44785249828884,47.69230769230769
PRV53355,0,0.13006312186293528,12.912463393887059,LOW,3,510,3,170.0,1.0,0,3,78.97148072096736,0.0
PRV53585,0,0.08840402439695666,8.742059463759123,LOW,4,500,4,125.0,1.0,0,4,78.16769336071184,0.0
PRV53499,0,0.051903154585020574,5.08803476864658,LOW,46,12370,18,268.9130434782609,2.5555555555555554,0,46,75.34793520419804,2.1739130434782608
PRV54590,0,0.14182496879840767,14.089916955508642,LOW,66,28700,34,434.8484848484849,1.9411764705882353,1,65,82.54950275798204,3.0303030303030303
PRV56758,0,0.20202849530327263,20.11676436257241,LOW,531,164890,347,310.52730696798494,1.5302593659942363,0,531,77.13800701031823,4.708097928436912
PRV52882,0,0.00825818552270425,0.7188294430525131,LOW,41,14960,32,364.8780487804878,1.28125,0,41,77.32597535934292,4.878048780487805
PRV54701,0,0.10212654702139151,10.115792111974772,LOW,6,1310,5,218.33333333333334,1.2,0,6,82.59986310746065,0.0
PRV51516,0,0.10004860725798662,9.907773967487845,LOW,40,33260,36,831.5,1.1111111111111112,3,37,72.29280963161867,10.0
PRV55341,0,0.054684102314524016,5.366429550244354,LOW,14,1240,14,88.57142857142857,1.0,0,14,76.68974283758678,0.0
PRV54191,0,0.12720473408550834,12.626316253264386,LOW,2,360,2,180.0,1.0,0,2,79.6249144421629,0.0
PRV57596,0,0.06131431555059874,6.030166141270924,LOW,160,38040,75,237.75,2.1333333333333333,0,160,78.61249372575861,3.125
PRV52219,0,0.16359977532165726,16.269746674011216,LOW,4,2780,4,695.0,1.0,0,4,73.45859000684463,25.0
PRV53865,1,0.43540771517001536,43.47986330002058,LOW,6,60000,6,10000.0,1.0,6,0,81.18046999771846,100.0
PRV52851,0,0.15913085377341785,15.822372411920412,LOW,37,67460,27,1823.2432432432433,1.3703703703703705,8,29,74.45241028649653,21.62162162162162
PRV53055,0,0.08501405140215505,8.402696453984518,LOW,80,22570,28,282.125,2.857142857142857,0,80,82.91874449985333,2.5
PRV54263,0,0.17185265879502523,17.09592534243603,LOW,6,4860,5,810.0,1.2,1,5,68.97284964636094,16.666666666666664
PRV52309,0,0.07082832162570452,6.982593119778681,LOW,170,45340,88,266.70588235294116,1.9318181818181819,0,170,74.87981457283306,2.941176470588235
PRV57371,0,0.1650592266335915,16.415849250815516,LOW,1,70,1,70.0,1.0,0,1,72.41615331964408,0.0
PRV57062,0,0.03272049694072332,3.1676995790662397,LOW,58,16020,42,276.2068965517241,1.380952380952381,0,58,80.2464065708419,0.0
PRV54353,0,0.030157513171125694,2.911124707411541,LOW,32,6620,31,206.875,1.032258064516129,0,32,76.57556688966903,0.0
PRV51443,0,0.10078062246134602,9.981054457625602,LOW,73,33900,70,464.3835616438356,1.042857142857143,2,71,76.28637158719295,6.8493150684931505
PRV51063,0,0.07669287328138774,7.569680953193054,LOW,149,51110,115,343.02013422818794,1.2956521739130435,0,149,72.7315537303217,4.697986577181208
PRV55531,1,0.6003596741000308,59.992854210729405,HIGH,122,886130,97,7263.360655737705,1.2577319587628866,108,14,77.12668726221088,75.40983606557377
PRV54339,0,0.158722465648499,15.781489542516677,LOW,123,143870,61,1169.6747967479675,2.0163934426229506,11,112,77.24680919595764,13.008130081300814
PRV55831,0,0.3072669286037139,30.651960815042095,LOW,810,235090,471,290.2345679012346,1.7197452229299364,0,810,76.55340625549495,2.9629629629629632
PRV54316,0,0.23748002385891817,23.665741729118768,LOW,2,250,1,125.0,2.0,0,2,91.33196440793976,0.0
PRV52663,0,0.21998088980646305,21.913940517251586,LOW,576,180650,272,313.62847222222223,2.1176470588235294,0,576,77.56063534243266,4.861111111111112
PRV51656,0,0.04201711558238794,4.098364362473063,LOW,23,4860,23,211.30434782608697,1.0,0,23,73.71329940779097,0.0
PRV51042,0,0.09180478106523292,9.082502004223915,LOW,142,48050,128,338.38028169014086,1.109375,0,142,76.59537559890487,4.225352112676056
PRV57663,0,0.1562864410798732,15.53762428731805,LOW,3,410,3,136.66666666666666,1.0,0,3,77.19552817704768,0.0
PRV53351,0,0.0720153004038896,7.1014190488705,LOW,18,4660,13,258.8888888888889,1.3846153846153846,0,18,71.98062444058337,0.0
PRV52347,1,0.48355112702989095,48.299398197389884,MEDIUM,397,715090,302,1801.2342569269522,1.314569536423841,50,347,77.52426240138334,14.105793450881613
PRV52306,0,0.034030166983050884,3.2988078705061623,LOW,15,7030,15,468.6666666666667,1.0,0,15,75.74464978325348,6.666666666666667
PRV55078,0,0.23293428530615523,23.21067747955699,LOW,1,0,1,0.0,1.0,0,1,70.25051334702259,0.0
PRV55454,0,0.26076396191439005,25.996647405956725,LOW,368,134960,156,366.7391304347826,2.358974358974359,5,363,76.67682830516506,4.076086956521739
PRV55862,0,0.06263790679343202,6.162668054580561,LOW,8,3230,8,403.75,1.0,0,8,73.50958247775496,0.0
PRV57238,0,0.18181728784540224,18.093463231678513,LOW,45,16940,28,376.44444444444446,1.6071428571428572,1,44,77.36241119686564,4.444444444444445
PRV55226,0,0.17687522194104183,17.598723491161387,LOW,242,80690,219,333.4297520661157,1.1050228310502284,0,242,77.34922286918012,4.545454545454546
PRV54336,0,0.2814667931383464,28.069163949832227,LOW,232,232060,96,1000.2586206896551,2.4166666666666665,14,218,75.7106384109833,6.896551724137931
PRV52654,1,0.35945146912072723,35.87604453509396,LOW,177,483550,115,2731.9209039548023,1.5391304347826087,58,119,77.21938430378935,31.07344632768362
PRV53401,1,0.5915618371567941,59.112121405736154,HIGH,303,1143010,165,3772.3102310231025,1.8363636363636364,130,173,77.1167245348765,37.62376237623762
PRV56408,1,0.4108096429509989,41.017402438031596,LOW,68,79570,23,1170.1470588235295,2.9565217391304346,3,65,74.8205338809035,5.88235294117647
PRV51895,0,0.06443493380593146,6.34256461910873,LOW,18,3730,8,207.22222222222223,2.25,0,18,73.67693360711841,0.0
PRV53840,0,0.14200780747823424,14.108220548128497,LOW,6,460,6,76.66666666666667,1.0,0,6,75.30732375085557,0.0
PRV57450,0,0.04796648312594006,4.693942934612504,LOW,11,4750,11,431.8181818181818,1.0,0,11,78.21840582415531,9.090909090909092
PRV51937,0,0.05181585781229205,5.079295673797685,LOW,90,18270,87,203.0,1.0344827586206897,0,90,78.22628179407901,2.2222222222222223
PRV57625,0,0.06284237798066233,6.183137231655739,LOW,44,7340,21,166.8181818181818,2.0952380952380953,0,44,77.23763892963072,0.0
PRV56311,0,0.04202709290499828,4.099363171087683,LOW,19,7670,10,403.6842105263158,1.9,0,19,74.17522245037645,0.0
PRV55513,0,0.03172126509445164,3.067668597305207,LOW,38,12550,36,330.2631578947368,1.0555555555555556,0,38,75.79641037341243,2.631578947368421
PRV51838,0,0.15802454295048127,15.711621980812641,LOW,200,54000,169,270.0,1.183431952662722,0,200,77.45038050455835,3.0
PRV51681,0,0.3131475369648735,31.240656051201526,LOW,26,69130,25,2658.846153846154,1.04,1,25,74.35929026483441,15.384615384615385
PRV52669,0,0.2345211636671617,23.369536508098854,LOW,1,300,1,300.0,1.0,0,1,90.50239561943874,0.0
PRV53608,0,0.10800146105839116,10.703917301414508,LOW,199,50290,176,252.71356783919597,1.1306818181818181,0,199,75.69676746935474,3.015075376884422
PRV56124,1,0.5166751025626584,51.615369165222994,MEDIUM,6,84000,6,14000.0,1.0,6,0,75.347022587269,100.0
PRV56790,0,0.06473131375974732,6.3722345879604125,LOW,91,34990,64,384.5054945054945,1.421875,0,91,75.89472108145107,4.395604395604396
PRV55136,1,0.4551870334099417,45.45992891691026,MEDIUM,8,102000,8,12750.0,1.0,8,0,77.44798083504449,100.0
PRV56519,1,0.4343053220562555,43.36950506247296,LOW,7,69000,7,9857.142857142857,1.0,7,0,79.01124474430428,100.0
PRV51344,0,0.1102208972154105,10.926100349894146,LOW,33,26250,31,795.4545454545455,1.064516129032258,2,31,77.32860431833737,9.090909090909092
PRV51302,0,0.17717628039404612,17.628861814648417,LOW,43,80710,24,1876.9767441860465,1.7916666666666667,10,33,76.90719491081853,23.25581395348837
PRV51618,1,0.5571732051663454,55.66954836099336,HIGH,1,2000,1,2000.0,1.0,1,0,69.41820670773443,0.0
PRV53377,1,0.392549594182854,39.18942766711417,LOW,7,57000,7,8142.857142857143,1.0,7,0,70.79769238290798,100.0
PRV54838,0,0.06240927099581527,6.139779809588516,LOW,58,10800,31,186.20689655172413,1.8709677419354838,0,58,75.4992382592568,0.0
PRV51595,0,0.10259048072753192,10.162235531758094,LOW,24,14660,21,610.8333333333334,1.1428571428571428,1,23,81.76554041441105,8.333333333333332
PRV53959,1,0.4658854089254383,46.53092060923504,MEDIUM,214,896830,131,4190.794392523365,1.633587786259542,76,138,75.4416275303095,33.177570093457945
PRV56593,0,0.023526060127077638,2.247264001837151,LOW,46,13490,46,293.2608695652174,1.0,0,46,74.71053179775616,0.0
PRV57453,0,0.04166009454591492,4.062623743395529,LOW,17,2850,15,167.64705882352942,1.1333333333333333,0,17,72.54410221309605,0.0
PRV51726,0,0.028560205867110826,2.751221659494438,LOW,21,6790,21,323.3333333333333,1.0,0,21,75.51161956911444,4.761904761904762
PRV56034,0,0.06106808939189751,6.005516962522236,LOW,13,1530,13,117.6923076923077,1.0,0,13,74.31495814247354,0.0
PRV51005,1,0.4172148960763261,41.658618749286155,LOW,1165,280910,495,241.1244635193133,2.3535353535353534,0,1165,73.51822399214596,2.317596566523605
PRV52222,0,0.0488817606667426,4.785569428835956,LOW,54,16920,52,313.3333333333333,1.0384615384615385,0,54,78.86847786026432,3.7037037037037033
PRV52401,0,0.17262412829367807,17.173155518432594,LOW,141,78400,50,556.0283687943263,2.82,4,137,75.39797703247395,4.25531914893617
PRV55030,1,0.4203496384347447,41.97243116114082,LOW,311,782900,190,2517.363344051447,1.6368421052631579,73,238,77.36424011753284,24.758842443729904
PRV56782,0,0.120346687776425,11.939771776304516,LOW,288,90010,109,312.53472222222223,2.6422018348623855,0,288,77.06032690943115,3.8194444444444446
PRV53868,0,0.28801932202566355,28.725123725395317,LOW,28,161420,18,5765.0,1.5555555555555556,10,18,76.57434025401172,35.714285714285715
PRV51442,0,0.3015793368315957,30.082588060416864,LOW,6,25970,4,4328.333333333333,1.5,2,4,81.04312114989733,33.33333333333333
PRV55240,0,0.1494707961599505,14.855324523536204,LOW,163,119840,136,735.2147239263803,1.1985294117647058,11,152,77.44273407444122,8.588957055214724
PRV57358,0,0.10833398876712899,10.737205945378271,LOW,77,12200,32,158.44155844155844,2.40625,0,77,77.80783709787816,1.2987012987012987
PRV55205,1,0.5133012051804956,51.2776154509494,MEDIUM,260,638060,205,2454.076923076923,1.2682926829268293,38,222,77.44961213780516,16.923076923076923
PRV54163,0,0.03631641171854528,3.5276789841429053,LOW,41,8820,24,215.1219512195122,1.7083333333333333,0,41,75.44079397672827,0.0
PRV56628,0,0.13421157139623252,13.32775588196194,LOW,101,110420,76,1093.2673267326732,1.3289473684210527,9,92,78.58337158271932,9.900990099009901
PRV54863,0,0.06805081461020655,6.704542780765689,LOW,6,1140,6,190.0,1.0,0,6,72.75062742413871,0.0
PRV51334,1,0.48446242043589816,48.39062584832533,MEDIUM,2,15000,2,7500.0,1.0,2,0,60.375085557837096,100.0
PRV54717,0,0.18985902154247936,18.89850414363589,LOW,3,2400,3,800.0,1.0,0,3,62.99885922883869,33.33333333333333
PRV55248,0,0.046994160479381854,4.596605775787345,LOW,133,46760,103,351.57894736842104,1.2912621359223302,0,133,77.8466404843072,6.7669172932330826
PRV51318,1,0.39158380587472963,39.09274464705683,LOW,3,13000,3,4333.333333333333,1.0,3,0,82.38923112023728,100.0
PRV57118,0,0.056332253537451124,5.53142247509477,LOW,13,2480,10,190.76923076923077,1.3,0,13,70.7668720054757,0.0
PRV55402,0,0.04307871739625481,4.204639069465862,LOW,44,17720,21,402.72727272727275,2.0952380952380953,0,44,78.27463250871875,6.8181818181818175
PRV56476,0,0.265123019377911,26.43302340743797,LOW,4,6700,3,1675.0,1.3333333333333333,1,3,81.93908281998631,25.0
PRV55737,0,0.2263726653294771,22.553807614311058,LOW,257,261570,160,1017.7821011673152,1.60625,19,238,76.71733255109025,10.894941634241246
PRV51191,0,0.04121799458492399,4.018366053551631,LOW,32,10990,30,343.4375,1.0666666666666667,0,32,73.83317362537076,6.25
PRV52647,0,0.131737670028437,13.080098860697161,LOW,75,71070,66,947.6,1.1363636363636365,7,68,77.34075928478336,14.666666666666666
PRV51335,0,0.06163320887342493,6.06208987576594,LOW,142,46080,92,324.50704225352115,1.5434782608695652,0,142,78.05472725649496,5.633802816901409
PRV55965,0,0.003443031505975662,0.23679458255329808,LOW,33,9180,30,278.1818181818182,1.1,0,33,78.1222906684919,3.0303030303030303
PRV53486,0,0.04344604212203496,4.2414111690361365,LOW,28,5640,13,201.42857142857142,2.1538461538461537,0,28,76.24430053177487,0.0
PRV51799,0,0.1654328221061767,16.453249101554473,LOW,3,730,3,243.33333333333334,1.0,0,3,86.11088295687885,0.0
PRV54563,0,0.09613708058963921,9.516199325147163,LOW,267,79070,172,296.14232209737827,1.552325581395349,0,267,76.82500039794343,4.49438202247191
PRV57748,0,0.04484908022402867,4.381866338989164,LOW,45,16000,44,355.55555555555554,1.0227272727272727,0,45,76.9301225810466,4.444444444444445
PRV56131,1,0.4386904680820227,43.80849273461299,LOW,15,141000,13,9400.0,1.1538461538461537,15,0,77.77602274522192,93.33333333333333
PRV51206,0,0.0507727471445376,4.974872076241013,LOW,10,1560,10,156.0,1.0,0,10,78.10047912388775,0.0
PRV56762,0,0.10398550954272576,10.301888908989257,LOW,39,10710,34,274.61538461538464,1.1470588235294117,1,38,80.39362471888138,2.564102564102564
PRV51845,0,0.15400864281400012,15.309598731848602,LOW,45,110280,31,2450.6666666666665,1.4516129032258065,11,34,74.96481861738536,26.666666666666668
PRV54806,0,0.08183539808863875,8.084488209506144,LOW,75,13300,56,177.33333333333334,1.3392857142857142,0,75,79.24762882565757,0.0
PRV56635,0,0.035573729192867186,3.453330610982524,LOW,10,2270,10,227.0,1.0,0,10,77.40862422997947,0.0
PRV54809,0,0.028086758765509187,2.7038258738598686,LOW,55,21170,53,384.90909090909093,1.0377358490566038,0,55,79.1980680071804,7.2727272727272725
PRV51306,0,0.03167725553963588,3.063262894072756,LOW,17,3700,13,217.64705882352942,1.3076923076923077,0,17,76.53935660506502,0.0
PRV51349,0,0.2423707121896187,24.155338169657142,LOW,30,40480,23,1349.3333333333333,1.3043478260869565,5,25,80.04478341644666,16.666666666666664
PRV51396,0,0.08657664887139958,8.559124773927532,LOW,44,17520,40,398.1818181818182,1.1,3,41,77.01345048787864,4.545454545454546
PRV53550,0,0.04119689130553268,4.016253448990671,LOW,10,3130,10,313.0,1.0,0,10,81.84996577686516,0.0
PRV57737,0,0.17027001594403654,16.937490321822768,LOW,2,130,2,65.0,1.0,0,2,86.8747433264887,0.0
PRV55971,1,0.6209591501325202,62.05502408549993,HIGH,620,1212000,258,1954.8387096774193,2.4031007751937983,101,519,76.4674729075846,16.7741935483871
PRV55183,0,0.20397196232607798,20.311320726079817,LOW,117,257750,74,2202.991452991453,1.5810810810810811,21,96,74.82342383451213,17.94871794871795
PRV54916,0,0.18203519280148353,18.1152772348738,LOW,107,183750,83,1717.2897196261683,1.2891566265060241,16,91,77.06767884180614,15.887850467289718
PRV53584,0,0.07382359003947916,7.282443090719486,LOW,8,1490,6,186.25,1.3333333333333333,0,8,73.95801962126397,0.0
PRV52072,0,0.2963110160812105,29.555187638923723,LOW,132,421030,88,3189.621212121212,1.5,41,91,78.23481486388025,29.545454545454547
PRV53939,0,0.23940072489421876,23.858019037880915,LOW,304,193440,174,636.3157894736842,1.7471264367816093,6,298,75.61514739019758,4.934210526315789
PRV51495,1,0.528536729145488,52.802811455808886,MEDIUM,141,845690,77,5997.801418439716,1.8311688311688312,90,51,77.89256630395533,58.156028368794324
PRV56405,0,0.02403629108736329,2.298342141582881,LOW,60,24090,53,401.5,1.1320754716981132,0,60,73.9405163173324,6.666666666666667
PRV54311,0,0.19522361999761167,19.43554272204275,LOW,3,100,3,33.333333333333336,1.0,0,3,89.16814966917637,0.0
PRV55483,1,0.5915839325649351,59.114333330202925,HIGH,76,778040,50,10237.368421052632,1.52,65,11,78.63353867214236,80.26315789473685
PRV53530,0,0.028937155419918592,2.7889572800938347,LOW,27,6940,26,257.037037037037,1.0384615384615385,0,27,77.31100931922286,0.0
PRV53776,1,0.39904960798642986,39.84013026897577,LOW,200,571960,148,2859.8,1.3513513513513513,47,153,77.62323016222841,23.5
PRV52063,1,0.6578268661427844,65.74577297581399,HIGH,792,1116210,655,1409.3560606060605,1.2091603053435114,88,704,77.28615805823199,12.5
PRV57213,0,0.08304696567536912,8.205775672093212,LOW,82,34040,76,415.1219512195122,1.0789473684210527,0,82,76.87513959436579,4.878048780487805
PRV54237,0,0.08884209044278812,8.785913326908299,LOW,234,52560,119,224.6153846153846,1.9663865546218486,0,234,76.25156017232355,1.282051282051282
PRV54074,1,0.35342283330684654,35.272530584460476,LOW,113,342890,87,3034.424778761062,1.2988505747126438,23,90,77.55519971867955,23.008849557522122
PRV51922,0,0.07262089599767206,7.16204393990279,LOW,24,5090,11,212.08333333333334,2.1818181818181817,0,24,70.34882707983324,0.0
PRV56800,0,0.1462365591663371,14.531551914680584,LOW,57,100830,43,1768.9473684210527,1.3255813953488371,7,50,77.30241843486196,12.280701754385964
PRV53627,0,0.11742173582222921,11.646961037061418,LOW,118,32390,56,274.49152542372883,2.107142857142857,0,118,73.03138750366676,3.389830508474576
PRV56909,0,0.2836781997599814,28.290543178547132,LOW,7,18590,4,2655.714285714286,1.75,3,4,73.6249144421629,42.857142857142854
PRV51060,0,0.10328411336672495,10.231673624768103,LOW,42,43710,37,1040.7142857142858,1.135135135135135,5,37,74.9761089925361,11.904761904761903
PRV53254,0,0.0802158088090221,7.922354560249283,LOW,9,1190,9,132.22222222222223,1.0,0,9,69.30534641417599,0.0
PRV56159,0,0.03808316923123697,3.7045453332165903,LOW,30,7160,29,238.66666666666666,1.0344827586206897,0,30,78.2843116429465,0.0
PRV52689,0,0.054589674416048714,5.3569765735149195,LOW,12,1330,12,110.83333333333333,1.0,0,12,79.64020077572438,0.0
PRV54699,0,0.15189903871498897,15.098410737852452,LOW,4,360,4,90.0,1.0,0,4,80.73169062286105,0.0
PRV55023,1,0.46948859838925483,46.891628267704306,MEDIUM,64,420150,29,6564.84375,2.206896551724138,34,30,76.71700100036855,53.125
PRV53482,0,0.021878679765346437,2.0823482462668332,LOW,24,10120,21,421.6666666666667,1.1428571428571428,0,24,72.19034581662919,8.333333333333332
PRV55497,0,0.0673007332916312,6.629453730133789,LOW,7,980,7,140.0,1.0,0,7,85.40569081842183,0.0
PRV52746,0,0.19026274155317732,18.938919698021365,LOW,1,50,1,50.0,1.0,0,1,80.75017111567419,0.0
PRV53724,0,0.13026827540443378,12.933000880001435,LOW,2,120,2,60.0,1.0,0,2,84.71047227926078,0.0
PRV55305,0,0.2701430996526705,26.935573001185464,LOW,3,4210,3,1403.3333333333333,1.0,0,3,63.63769107916952,33.33333333333333
PRV57375,0,0.14015344192777304,13.922583944122547,LOW,81,72220,33,891.604938271605,2.4545454545454546,6,75,74.8453309866041,8.641975308641975
PRV55729,0,0.08543647612377724,8.444984497326672,LOW,114,20910,39,183.42105263157896,2.923076923076923,0,114,74.96375857772162,1.7543859649122806
PRV51981,1,0.3440673019152829,34.33596817055615,LOW,5,18000,5,3600.0,1.0,5,0,79.01820670773444,80.0
PRV54672,0,0.05557651271491351,5.455766863519342,LOW,10,4200,7,420.0,1.4285714285714286,0,10,66.44059841595775,0.0
PRV52692,0,0.053476575733420524,5.245546624163669,LOW,36,9640,18,267.77777777777777,2.0,0,36,72.828960377215,0.0
PRV56252,0,0.04593786391519131,4.4908621660925245,LOW,18,5210,18,289.44444444444446,1.0,0,18,73.18579359647121,5.555555555555555
PRV55863,0,0.10526264584024524,10.429740316207907,LOW,5,650,5,130.0,1.0,0,5,81.08418891170432,0.0
PRV51292,0,0.0303088996193083,2.9262796838001788,LOW,22,3970,16,180.45454545454547,1.375,0,22,72.89613278576317,0.0
PRV56588,1,0.5344043287085004,53.39020440876442,MEDIUM,269,1030600,155,3831.2267657992566,1.735483870967742,100,169,76.74762960478415,39.405204460966544
PRV52355,0,0.045177804690517694,4.414774248434265,LOW,63,24170,26,383.6507936507937,2.423076923076923,0,63,72.49407676512399,6.349206349206349
PRV55788,0,0.033068380302000315,3.2025254448517506,LOW,19,2770,16,145.78947368421052,1.1875,0,19,77.90177960301163,0.0
PRV53612,0,0.1135531897808977,11.259689094172467,LOW,46,31180,40,677.8260869565217,1.15,6,40,78.50037199059608,10.869565217391305
PRV56945,0,0.038309023946078304,3.7271551699078787,LOW,57,21400,41,375.43859649122805,1.3902439024390243,0,57,78.95894893240514,7.017543859649122
PRV54148,0,0.20540049969789625,20.45432857387659,LOW,1,90,1,90.0,1.0,0,1,80.83504449007529,0.0
PRV57417,0,0.051110968930844346,5.008730742238769,LOW,9,2620,9,291.1111111111111,1.0,0,9,77.86204274089283,11.11111111111111
PRV51911,0,0.04298702233882761,4.195459671660137,LOW,93,25540,56,274.6236559139785,1.6607142857142858,0,93,75.59548254620123,1.0752688172043012
PRV56559,1,0.43147374978355335,43.08604236517948,LOW,1113,345330,807,310.26954177897574,1.379182156133829,0,1113,75.92748257673489,3.5938903863432166
PRV51354,1,0.4224939911643069,42.18709776687442,LOW,4,10440,3,2610.0,1.3333333333333333,1,3,77.29226557152636,25.0
PRV56691,0,0.14415715628918682,14.323387300978405,LOW,4,340,4,85.0,1.0,0,4,87.56262833675564,0.0
PRV55359,0,0.06455015191644685,6.354098859890296,LOW,113,47940,52,424.24778761061947,2.173076923076923,0,113,75.0151108303059,7.079646017699115
PRV51322,0,0.0637459809521308,6.273595009493219,LOW,12,850,11,70.83333333333333,1.0909090909090908,0,12,73.40202849853773,0.0
PRV57084,1,0.428375870701144,42.77592025773604,LOW,8,62040,7,7755.0,1.1428571428571428,7,1,82.48939082819986,87.5
PRV55095,0,0.03998421279574047,3.8948547742510353,LOW,20,7520,20,376.0,1.0,0,20,82.17043121149898,10.0
PRV56753,0,0.22853206285955274,22.76998032312911,LOW,24,100080,15,4170.0,1.6,9,15,80.88458655193769,37.5
PRV51913,0,0.19310055090927047,19.223006776510516,LOW,1,70,1,70.0,1.0,0,1,80.08213552361396,0.0
PRV57002,0,0.01886118564343833,1.7802733068032377,LOW,50,10450,49,209.0,1.0204081632653061,0,50,76.14091550377852,0.0
PRV52121,0,0.10931619130878889,10.835532159556706,LOW,53,49610,46,936.0377358490566,1.1521739130434783,4,49,76.1942778918549,9.433962264150944
PRV52281,1,0.5854207834618462,58.49735353935468,HIGH,41,408000,41,9951.219512195123,1.0,41,0,79.03854693577738,85.36585365853658
PRV55357,0,0.1130859882209631,11.212918536473648,LOW,161,37270,106,231.49068322981367,1.5188679245283019,0,161,74.51846112122739,1.8633540372670807
PRV54779,0,0.19593051680980397,19.506308663291698,LOW,31,120680,22,3892.9032258064517,1.4090909090909092,9,22,75.31748029409816,35.483870967741936
PRV53792,1,0.3537451846163022,35.30480049066605,LOW,53,272510,32,5141.698113207547,1.65625,33,20,75.43179065971674,60.37735849056604
PRV54785,0,0.23621604353801354,23.539207338828387,LOW,8,26330,6,3291.25,1.3333333333333333,2,6,72.95893223819301,25.0
PRV56679,0,0.03165546970819006,3.0610819606726283,LOW,25,4170,19,166.8,1.3157894736842106,0,25,77.79069851219424,0.0
PRV52242,0,0.046148781838990544,4.5119767122985515,LOW,31,13600,30,438.7096774193548,1.0333333333333334,0,31,79.03052703627652,6.451612903225806
PRV56982,0,0.022459198405953534,2.1404627366798215,LOW,24,9470,21,394.5833333333333,1.1428571428571428,0,24,76.9243505752746,8.333333333333332
PRV51558,0,0.1302820188210724,12.934376704305114,LOW,26,25870,20,995.0,1.3,5,21,76.24323066392881,11.538461538461538
PRV55997,0,0.21824283262865163,21.73994729785812,LOW,326,79640,243,244.29447852760737,1.3415637860082306,0,326,79.20538105981866,3.067484662576687
PRV55911,1,0.37049505582589715,36.981594587770005,LOW,239,465440,120,1947.44769874477,1.9916666666666667,46,193,74.27181221564602,22.594142259414227
PRV57302,1,0.34198390363726133,34.127403585743,LOW,4,14160,2,3540.0,2.0,2,2,80.27241615331964,50.0
PRV55166,0,0.037149356361865615,3.611063306544968,LOW,72,19740,70,274.1666666666667,1.0285714285714285,0,72,72.82995991004205,2.7777777777777777
PRV52216,0,0.027947424830055374,2.689877448969211,LOW,15,4940,14,329.3333333333333,1.0714285714285714,0,15,77.7864476386037,6.666666666666667
PRV53652,0,0.053165093525722205,5.2143648006925565,LOW,25,3640,24,145.6,1.0416666666666667,0,25,75.27789185489391,4.0
PRV57501,0,0.04163963890167916,4.060575972217006,LOW,64,11740,63,183.4375,1.0158730158730158,0,64,78.3192638223439,0.0
PRV52314,0,0.3088315889554836,30.808595645781402,LOW,223,455180,161,2041.1659192825111,1.3850931677018634,40,183,74.66566849190052,18.83408071748879
PRV56257,0,0.1936029114340347,19.273297023641504,LOW,52,157440,34,3027.6923076923076,1.5294117647058822,17,35,78.15138033310518,30.76923076923077
PRV52205,0,0.22439019630708437,22.355346843309107,LOW,2,1120,2,560.0,1.0,0,2,61.081451060917175,0.0
PRV55061,0,0.043782331810200116,4.275076416784981,LOW,95,24290,83,255.68421052631578,1.144578313253012,0,95,79.58048209264162,2.1052631578947367
PRV51023,0,0.15457777151396496,15.366572999450542,LOW,36,65610,27,1822.5,1.3333333333333333,9,27,75.90323653075193,27.77777777777778
PRV53887,0,0.237798136730156,23.69758733425983,LOW,598,165500,213,276.75585284280936,2.807511737089202,0,598,76.22272994572499,2.1739130434782608
PRV51526,0,0.1885539031889232,18.767851512109303,LOW,20,43150,13,2157.5,1.5384615384615385,7,13,77.70855578370978,35.0
PRV52115,0,0.22107126613657704,22.023095780063976,LOW,90,241500,57,2683.3333333333335,1.5789473684210527,20,70,75.43145198586676,21.11111111111111
PRV51348,0,0.21823670159764658,21.739333533341977,LOW,55,152330,36,2769.6363636363635,1.5277777777777777,19,36,78.40099373843385,30.909090909090907
PRV53991,0,0.016366909426831864,1.5305766026186292,LOW,62,14050,57,226.61290322580646,1.087719298245614,0,62,76.47946011503777,3.225806451612903
PRV55540,1,0.3817670638554555,38.11001141497789,LOW,31,221040,20,7130.322580645161,1.55,23,8,74.28083250944304,77.41935483870968
PRV54992,0,0.039650083449453574,3.8614057937477027,LOW,18,11710,17,650.5555555555555,1.0588235294117647,0,18,75.65197084994162,5.555555555555555
PRV51650,0,0.04013572627542644,3.9100224674941684,LOW,24,13290,23,553.75,1.0434782608695652,0,24,72.98967354105288,12.5
PRV56556,1,0.5544740706367867,55.39934372539825,HIGH,880,852530,352,968.7840909090909,2.5,74,806,76.43573180469998,11.477272727272728
PRV53956,0,0.22714203694852264,22.630827776027637,LOW,526,157610,454,299.638783269962,1.158590308370044,0,526,76.32729980973745,3.2319391634980987
PRV54679,1,0.5674540699325032,56.69874393732367,HIGH,1,7000,1,7000.0,1.0,1,0,74.75154004106776,100.0
PRV53062,0,0.09127248276245445,9.029214749603945,LOW,4,190,4,47.5,1.0,0,4,75.31279945242984,0.0
PRV54634,0,0.021301811481295646,2.024599185309949,LOW,32,6110,23,190.9375,1.391304347826087,0,32,75.84096658036485,0.0
PRV51803,1,0.3714488382248078,37.07707572170845,LOW,5,33570,3,6714.0,1.6666666666666667,2,3,78.34962354551678,40.0
PRV52026,0,0.01894549439630536,1.7887132773183934,LOW,24,6960,23,290.0,1.0434782608695652,0,24,73.12716126536321,4.166666666666666
PRV52039,0,0.045697176627843,4.466767472012584,LOW,50,10170,46,203.4,1.0869565217391304,0,50,75.65389994940928,0.0
PRV55715,1,0.5619780941383503,56.15055560962716,HIGH,864,730210,400,845.1504629629629,2.16,57,807,76.31201093839672,9.49074074074074
PRV57440,0,0.1335843180629309,13.264962880540743,LOW,4,330,3,82.5,1.3333333333333333,0,4,74.08350444900753,0.0
PRV55901,0,0.044034650538587135,4.300335509768679,LOW,101,25300,50,250.4950495049505,2.02,0,101,76.4669130732375,1.9801980198019802
PRV57757,1,0.4184062696319606,41.77788463023151,LOW,11,109000,11,9909.09090909091,1.0,11,0,75.34241802003609,100.0
PRV55570,0,0.04807456477708418,4.704762759575689,LOW,10,4900,9,490.0,1.1111111111111112,0,10,78.32473952391817,10.0
PRV52810,1,0.5025599658751955,50.20233275549851,MEDIUM,6,76000,6,12666.666666666666,1.0,6,0,76.16655258955053,100.0
PRV55964,0,0.022850954113133932,2.1796805700044493,LOW,37,8180,33,221.0810810810811,1.121212121212121,0,37,75.84377657478274,2.7027027027027026
PRV51355,0,0.14369666050658578,14.277288044432218,LOW,74,145060,57,1960.2702702702702,1.2982456140350878,15,59,77.99426638494579,16.216216216216218
PRV54849,0,0.07373518577383587,7.273593127102776,LOW,12,1590,12,132.5,1.0,0,12,75.73602555327402,0.0
PRV55121,1,0.4624947020636122,46.1914841335884,MEDIUM,20,173070,20,8653.5,1.0,20,0,73.20396988364135,75.0
PRV53978,0,0.2571958330830061,25.639449593071824,LOW,1,100,1,100.0,1.0,0,1,88.99931553730322,0.0
PRV55465,0,0.2559074638324776,25.510473678741274,LOW,339,205830,116,607.1681415929204,2.9224137931034484,9,330,74.00804385086633,7.964601769911504
PRV57423,0,0.01928678632070161,1.8228792883316043,LOW,47,21380,41,454.8936170212766,1.146341463414634,0,47,76.77254135991052,6.382978723404255
PRV52052,0,0.12864338281980292,12.770336328122598,LOW,58,48580,51,837.5862068965517,1.1372549019607843,5,53,76.28595873667743,12.068965517241379
PRV54638,1,0.4989777011682163,49.843719830075806,MEDIUM,6,82000,6,13666.666666666666,1.0,6,0,84.44490075290896,100.0
PRV57646,0,0.07617663132787528,7.51800106565868,LOW,25,8570,11,342.8,2.272727272727273,0,25,75.21921473461515,4.0
PRV56139,0,0.17921294790788883,17.832748281728747,LOW,21,45010,13,2143.3333333333335,1.6153846153846154,3,18,79.9110198494182,19.047619047619047
PRV55143,1,0.5471439792130066,54.66554381274066,HIGH,1,10000,1,10000.0,1.0,1,0,82.99794661190965,100.0
PRV55769,0,0.20829101133485078,20.74369156597406,LOW,15,18000,8,1200.0,1.875,2,13,74.95927446954141,26.666666666666668
PRV56953,0,0.032101403745024674,3.105723471721005,LOW,20,2870,19,143.5,1.0526315789473684,0,20,78.32890233798047,0.0
PRV52781,0,0.17976184303227566,17.887697008974705,LOW,1,100,1,100.0,1.0,0,1,72.66803559206024,0.0
PRV55953,0,0.033000550796322664,3.1957351768367572,LOW,13,5630,13,433.0769230769231,1.0,0,13,70.28189332912126,7.6923076923076925
PRV52980,1,0.3381549035325824,33.74409050273503,LOW,601,142660,229,237.3710482529118,2.6244541484716155,0,601,78.4647710935562,2.329450915141431
PRV54514,1,0.4208895296851278,42.02647852964845,LOW,387,644010,271,1664.108527131783,1.4280442804428044,48,339,77.86658587762705,13.953488372093023
PRV52416,0,0.0366735311541661,3.5634294537505204,LOW,42,9650,22,229.76190476190476,1.9090909090909092,0,42,75.3603384979155,0.0
PRV56950,0,0.13615803714696734,13.52261244176507,LOW,3,1140,3,380.0,1.0,0,3,68.9162673967602,0.0
PRV57076,1,0.49605278913549655,49.55091308728704,MEDIUM,2,10000,2,5000.0,1.0,2,0,71.62217659137576,100.0
PRV54986,1,0.6686558643617312,66.82984103006135,HIGH,618,1693410,403,2740.145631067961,1.533498759305211,153,465,76.36447259749805,25.88996763754045
PRV51502,0,0.0335909053036216,3.2548343150122507,LOW,31,8390,31,270.64516129032256,1.0,0,31,78.76346293965689,3.225806451612903
PRV51134,0,0.06823899873711203,6.723381494760279,LOW,15,7610,12,507.3333333333333,1.25,0,15,70.53502167465207,6.666666666666667
PRV52343,1,0.33983352719761534,33.91213395916316,LOW,261,481840,154,1846.1302681992338,1.6948051948051948,42,219,74.91296496092376,17.624521072796934
PRV55163,0,0.29428795931736224,29.35266371517058,LOW,587,168750,365,287.4787052810903,1.6082191780821917,1,586,77.06257864288862,2.8960817717206133
PRV53139,0,0.07533399628167485,7.433646657567923,LOW,9,780,7,86.66666666666667,1.2857142857142858,0,9,81.07128190085068,0.0
PRV53335,0,0.1467180027537024,14.57974821155242,LOW,381,114030,266,299.29133858267716,1.4323308270676691,0,381,74.67288344063444,3.4120734908136483
PRV54122,0,0.08998238364527233,8.900065661990016,LOW,4,510,4,127.5,1.0,0,4,88.49897330595482,0.0
PRV55206,0,0.08639131631216528,8.540571524327186,LOW,103,33090,92,321.2621359223301,1.1195652173913044,0,103,78.54748087968336,2.912621359223301
PRV55743,0,0.10756209597158134,10.659933394026954,LOW,69,64530,56,935.2173913043479,1.2321428571428572,5,64,76.40861300927952,8.695652173913043
PRV52221,0,0.28909355523295177,28.832662934405008,LOW,1,10,1,10.0,1.0,0,1,54.5845311430527,0.0
PRV56582,0,0.22045821094940202,21.961724124951477,LOW,1,30,1,30.0,1.0,0,1,76.91444216290212,0.0
PRV53182,0,0.1417398524194009,14.081396135252803,LOW,3,100,3,33.333333333333336,1.0,0,3,79.49988592288388,0.0
PRV52931,0,0.042778934407170024,4.174628429967835,LOW,14,3010,14,215.0,1.0,0,14,72.92891365991981,0.0
PRV56939,0,0.03845124911454614,3.7413930300061633,LOW,16,5080,15,317.5,1.0666666666666667,0,16,73.87889573351586,0.0
PRV57447,0,0.07115260268387154,7.015056209036681,LOW,9,4240,9,471.1111111111111,1.0,0,9,76.24093086926763,11.11111111111111
PRV56708,0,0.09270603592457476,9.17272471753439,LOW,7,3530,5,504.2857142857143,1.4,0,7,69.08309377138946,14.285714285714285
PRV51811,1,0.562536061120261,56.20641250129751,HIGH,15,199000,15,13266.666666666666,1.0,15,0,73.93967602099019,80.0
PRV57610,0,0.028854564437821622,2.7806892719688,LOW,32,7500,16,234.375,2.0,0,32,75.5319986310746,0.0
PRV52275,0,0.07025566853412175,6.925266032803573,LOW,101,27220,57,269.5049504950495,1.7719298245614035,0,101,77.19903454735402,1.9801980198019802
PRV56504,0,0.02050443212168176,1.9447752280614188,LOW,66,17090,38,258.93939393939394,1.736842105263158,0,66,75.54169818797507,4.545454545454546
PRV56417,0,0.06960799113445731,6.860428421397769,LOW,119,20230,44,170.0,2.7045454545454546,0,119,74.12488333022215,0.8403361344537815
PRV53310,0,0.03228593935393077,3.124196940313526,LOW,10,2290,8,229.0,1.25,0,10,75.07221081451061,0.0
PRV54265,0,0.1477728868628175,14.68535042336404,LOW,406,112930,197,278.1527093596059,2.0609137055837565,0,406,75.21005361045387,3.6945812807881775
PRV55409,0,0.1783810900062137,17.74947275072889,LOW,5,280,4,56.0,1.25,0,5,84.54277891854895,0.0
PRV51644,0,0.09964179995492028,9.867049350808426,LOW,24,16490,23,687.0833333333334,1.0434782608695652,1,23,75.42664841432808,12.5
PRV52808,1,0.38687528497520424,38.621384601858864,LOW,5,31080,4,6216.0,1.25,4,1,77.43353867214236,80.0
PRV52957,0,0.2565579674577768,25.575594217603786,LOW,1,0,1,0.0,1.0,0,1,71.24982888432581,0.0
PRV56700,0,0.09646618263793895,9.54914503350686,LOW,5,640,5,128.0,1.0,0,5,79.73278576317591,0.0
PRV52114,1,0.7159870448784625,71.56806516959706,HIGH,1269,1418220,587,1117.5886524822695,2.1618398637137988,105,1164,77.0146224155586,10.16548463356974
PRV56739,0,0.2598122971090675,25.901378259823094,LOW,5,11150,4,2230.0,1.25,1,4,84.93305954825462,20.0
PRV54866,0,0.2801766031788065,27.940005768182445,LOW,2,40,2,20.0,1.0,0,2,56.12320328542094,0.0
PRV54240,0,0.02696053129853263,2.5910816297404953,LOW,72,14400,37,200.0,1.945945945945946,0,72,74.03414913887194,1.3888888888888888
PRV54467,0,0.10209312438855563,10.112446243057477,LOW,7,1380,5,197.14285714285714,1.4,0,7,74.38466803559206,0.0
PRV54615,0,0.14826776198227853,14.734891322439164,LOW,5,310,2,62.0,2.5,0,5,78.74880219028063,0.0
PRV52146,1,0.3609626549543124,36.027326145183665,LOW,40,240710,23,6017.75,1.7391304347826086,24,16,80.56512048298495,62.5
PRV57396,0,0.2175565619463382,21.671246194743997,LOW,1,0,1,0.0,1.0,0,1,69.58521560574948,0.0
PRV55453,1,0.34133358988824647,34.06230205499277,LOW,795,294610,326,370.57861635220127,2.438650306748466,13,782,76.64079685434922,3.89937106918239
PRV54136,0,0.024696395486021077,2.3644237935126986,LOW,30,7570,16,252.33333333333334,1.875,0,30,75.31279945242984,3.3333333333333335
PRV51991,0,0.020977801837658502,1.9921632667851366,LOW,31,9570,30,308.7096774193548,1.0333333333333334,0,31,78.31667807437829,0.0
PRV51786,0,0.13265636148357915,13.172067114647662,LOW,5,280,4,56.0,1.25,0,5,69.45859000684463,0.0
PRV56012,1,0.42609744936697413,42.547832328220295,LOW,44,325870,26,7406.136363636364,1.6923076923076923,29,15,80.11999799669454,61.36363636363637
PRV51833,1,0.41030356705170945,40.96674025263348,LOW,3,15000,3,5000.0,1.0,3,0,83.80469997718457,66.66666666666666
PRV56603,0,0.30536509854513916,30.46157263975354,LOW,4,6120,3,1530.0,1.3333333333333333,1,3,63.08350444900753,25.0
PRV52030,1,0.7285338862063376,72.82410285565577,HIGH,2275,681360,1175,299.4989010989011,1.9361702127659575,4,2271,77.86325491910394,3.3406593406593412
PRV53015,0,0.07545759171717885,7.446019534594188,LOW,8,1120,6,140.0,1.3333333333333333,0,8,67.99954369153548,0.0
PRV56989,0,0.15687594513878625,15.596638288908583,LOW,2,110,2,55.0,1.0,0,2,74.58179329226557,0.0
PRV51778,0,0.12059332867144094,11.964462473426432,LOW,3,250,3,83.33333333333333,1.0,0,3,74.3335614875656,0.0
PRV52937,0,0.019597464686712376,1.8539806409155177,LOW,24,6030,21,251.25,1.1428571428571428,0,24,76.53987810045305,4.166666666666666
PRV54982,0,0.008607995352803849,0.7538481635477456,LOW,37,11860,33,320.5405405405405,1.121212121212121,0,37,79.68240930869268,5.405405405405405
PRV53109,0,0.09301492083699116,9.20364653128109,LOW,28,22290,20,796.0714285714286,1.4,3,25,80.65583971128119,10.714285714285714
PRV56300,0,0.11525261040313499,11.429814489896813,LOW,8,990,5,123.75,1.6,0,8,79.53401779603011,0.0
PRV54216,0,0.18717032601111233,18.6293445340191,LOW,49,163340,34,3333.469387755102,1.4411764705882353,10,39,74.78324817343966,22.448979591836736
PRV55458,0,0.03914467742602367,3.8108106682017464,LOW,35,11830,34,338.0,1.0294117647058822,0,35,80.13222208801385,0.0
PRV57674,0,0.20783996930149604,20.698538704222994,LOW,413,133220,158,322.5665859564165,2.6139240506329116,0,413,76.3418674568312,5.084745762711865
PRV57285,1,0.42894097755140176,42.83249190649011,LOW,8,83000,8,10375.0,1.0,8,0,84.04140999315537,87.5
PRV57699,1,0.5063339799872146,50.58014130735149,MEDIUM,3,26000,3,8666.666666666666,1.0,3,0,70.24960073009355,100.0
PRV51941,0,0.10295748055063271,10.19897510600993,LOW,27,17990,25,666.2962962962963,1.08,2,25,79.56417471544097,7.4074074074074066
PRV52024,0,0.23946681781958487,23.864635460522464,LOW,2,2100,2,1050.0,1.0,0,2,82.70773442847366,0.0
PRV51555,0,0.042036603664161974,4.100315273024773,LOW,15,2910,15,194.0,1.0,0,15,81.96723705224733,0.0
PRV55390,0,0.12232796715361409,12.138113454447176,LOW,26,23150,16,890.3846153846154,1.625,0,26,80.94318959616702,23.076923076923077
PRV57434,0,0.11436434436841429,11.340892060282885,LOW,316,83990,151,265.7911392405063,2.0927152317880795,0,316,73.92454592019436,3.481012658227848
PRV54023,0,0.056690086048401825,5.567244329161941,LOW,18,2060,14,114.44444444444444,1.2857142857142858,0,18,81.52361396303901,0.0
PRV55456,1,0.4960717813088506,49.55281435349815,MEDIUM,6,71300,5,11883.333333333334,1.2,5,1,76.25005703855807,100.0
PRV54181,0,0.1047989349270148,10.383319199750481,LOW,4,190,4,47.5,1.0,0,4,78.89459274469542,0.0
PRV53634,0,0.24430133110832583,24.348608336701226,LOW,497,145400,286,292.55533199195173,1.7377622377622377,0,497,77.7308577801391,3.6217303822937628
PRV57275,0,0.02857151731402385,2.752354024464659,LOW,61,11330,41,185.7377049180328,1.4878048780487805,0,61,77.66274352681926,0.0
PRV54932,0,0.10377759424186347,10.281074948999896,LOW,59,21160,58,358.64406779661016,1.0172413793103448,1,58,76.80789800345713,3.389830508474576
PRV53599,1,0.4267260789589957,42.61076310398428,LOW,3,22000,3,7333.333333333333,1.0,3,0,73.52863335614876,100.0
PRV51084,0,0.19563889892044187,19.477115414616915,LOW,110,215580,67,1959.8181818181818,1.6417910447761195,20,90,75.66955751499779,19.090909090909093
PRV53397,1,0.5575972623488298,55.71199982653161,HIGH,14,122270,11,8733.57142857143,1.2727272727272727,3,11,76.25638017013787,28.57142857142857
PRV57590,0,0.09875382926168974,9.778156487204951,LOW,76,33520,57,441.05263157894734,1.3333333333333333,3,73,77.89582477754963,5.263157894736842
PRV54521,0,0.03608418388225409,3.504431147774275,LOW,64,31840,39,497.5,1.641025641025641,0,64,76.3103599571772,7.8125
PRV56211,0,0.06229274062316745,6.128114201026865,LOW,83,23700,83,285.5421686746988,1.0,0,83,76.55601461286625,2.4096385542168677
PRV56914,1,0.5005452132407111,50.00064014053126,MEDIUM,6,70000,6,11666.666666666666,1.0,6,0,73.58293406342688,100.0
PRV51308,0,0.03431584545513098,3.3274065367083945,LOW,35,13790,31,394.0,1.1290322580645162,0,35,72.2336004945795,5.714285714285714
PRV57116,0,0.07304432339492299,7.204432358976469,LOW,7,590,7,84.28571428571429,1.0,0,7,82.09562921677912,0.0
PRV56355,0,0.19080131766118213,18.992835410413612,LOW,115,76130,34,662.0,3.3823529411764706,4,111,77.46420260095825,6.086956521739131
PRV55507,0,0.14904039290597237,14.812237766234368,LOW,87,44350,31,509.7701149425287,2.806451612903226,3,84,74.35694729637235,3.4482758620689653
PRV55798,0,0.09321736575792082,9.223912863132588,LOW,6,3060,6,510.0,1.0,0,6,74.37417294090805,0.0
PRV53900,0,0.29599754399585826,29.523806613019214,LOW,789,201850,317,255.83016476552598,2.4889589905362777,0,789,77.27846403979817,2.027883396704689
PRV52098,0,0.2723905089287963,27.1605563793159,LOW,469,122660,435,261.5351812366738,1.07816091954023,0,469,77.03394462932805,2.345415778251599
PRV57655,0,0.21155398998500038,21.070341441133277,LOW,1,400,1,400.0,1.0,0,1,73.41820670773443,0.0
PRV54703,0,0.06139962775551757,6.038706565243669,LOW,11,660,11,60.0,1.0,0,11,79.27272727272727,0.0
PRV57651,0,0.03452577511388502,3.348422149795866,LOW,22,3180,14,144.54545454545453,1.5714285714285714,0,22,79.6788892148235,0.0
PRV55192,0,0.2483706245578222,24.755976677037516,LOW,253,218640,220,864.1897233201581,1.15,15,238,74.62532979986779,8.695652173913043
PRV52294,1,0.4142742251503659,41.3642344171039,LOW,7,54000,7,7714.285714285715,1.0,7,0,83.14266158208663,100.0
PRV51281,0,0.15005750090252098,14.914058291502228,LOW,259,89470,200,345.44401544401546,1.295,0,259,74.69337440109514,4.633204633204633
PRV52474,1,0.3484543487901427,34.77514613266904,LOW,37,228770,20,6182.972972972973,1.85,22,15,75.01672044587856,54.054054054054056
PRV54384,0,0.14966211393758744,14.874476940662188,LOW,28,44280,25,1581.4285714285713,1.12,2,26,77.52163662635941,10.714285714285714
PRV56673,1,0.527108948405788,52.659879352849416,MEDIUM,4,42640,2,10660.0,2.0,2,2,83.08418891170432,50.0
PRV53470,0,0.0412387299581041,4.020441827801748,LOW,64,21900,57,342.1875,1.1228070175438596,0,64,77.08807954177024,1.5625
PRV57676,0,0.024542126486439605,2.3489802510145235,LOW,15,3180,15,212.0,1.0,0,15,79.0282454939539,0.0
PRV56494,0,0.21835515166504862,21.751191318475723,LOW,560,185430,257,331.125,2.178988326848249,0,560,75.29725655632701,4.821428571428572
PRV56897,1,0.4948092813843121,49.42642816254955,MEDIUM,8,62000,8,7750.0,1.0,8,0,76.89664613278576,87.5
PRV53035,0,0.01957382866425924,1.8516144888160473,LOW,34,5140,27,151.1764705882353,1.2592592592592593,0,34,75.07389662078232,0.0
PRV57132,0,0.09281593158393982,9.18372613901488,LOW,9,3940,4,437.77777777777777,2.25,0,9,78.91718001368926,0.0
PRV53255,0,0.015064767153065713,1.400221900130537,LOW,26,7760,24,298.46153846153845,1.0833333333333333,0,26,79.53205566963267,3.8461538461538463
PRV55702,0,0.03827535966158637,3.723785109755598,LOW,14,3640,14,260.0,1.0,0,14,75.92881587953457,0.0
PRV56380,0,0.047380344679868416,4.635265857388434,LOW,21,6040,10,287.6190476190476,2.1,0,21,70.90759753593429,0.0
PRV55419,0,0.08313946529694406,8.215035613110095,LOW,8,4430,6,553.75,1.3333333333333333,0,8,75.79146703171344,12.5
PRV51102,1,0.5201347965535502,51.961711796107835,MEDIUM,12,148000,11,12333.333333333334,1.0909090909090908,12,0,84.31012382552423,100.0
PRV55750,0,0.06771822693897311,6.67124813408361,LOW,5,660,5,132.0,1.0,0,5,74.86652977412732,0.0
PRV54285,0,0.04012530780088859,3.9089794960953257,LOW,20,2550,16,127.5,1.25,0,20,79.6047227926078,0.0
PRV56605,0,0.18979568384246812,18.892163540763544,LOW,108,51240,32,474.44444444444446,3.375,4,104,76.12925974322278,6.481481481481481
PRV52074,0,0.21995901139441076,21.911750315803218,LOW,141,161600,123,1146.099290780142,1.146341463414634,11,130,76.78214676106123,9.219858156028367
PRV56746,0,0.23774805894195217,23.692574153047538,LOW,43,171030,27,3977.4418604651164,1.5925925925925926,15,28,77.06769662005802,39.53488372093023
PRV53561,0,0.09244312042296368,9.146404804048364,LOW,9,5690,8,632.2222222222222,1.125,0,9,77.89390828199863,11.11111111111111
PRV56857,0,0.03526778372521817,3.422703058819872,LOW,46,16480,20,358.2608695652174,2.3,0,46,75.20917180013689,6.521739130434782
PRV55652,0,0.02423194253498895,2.3179283932240646,LOW,28,6140,27,219.28571428571428,1.037037037037037,0,28,74.79940172890207,3.571428571428571
PRV53174,0,0.12771243664991858,12.677141280659221,LOW,5,260,4,52.0,1.25,0,5,81.83230663928816,0.0
PRV54670,0,0.06375877039048976,6.274875333053753,LOW,159,39370,115,247.61006289308176,1.382608695652174,0,159,77.21822456328303,1.8867924528301887
PRV55326,0,0.056281629763875955,5.526354636444443,LOW,58,11700,30,201.72413793103448,1.9333333333333333,0,58,77.18311658681269,1.7241379310344827
PRV53927,0,0.0481556395654433,4.712878984759955,LOW,11,3600,11,327.27272727272725,1.0,0,11,79.39369049841329,9.090909090909092
PRV56590,0,0.022397441439861224,2.1342803777289467,LOW,33,10410,31,315.45454545454544,1.064516129032258,0,33,79.95416307875738,3.0303030303030303
PRV52784,0,0.1909203527016121,19.00475175595704,LOW,2,270,2,135.0,1.0,0,2,82.0848733744011,0.0
PRV52881,0,0.21222585297667465,21.13760022088178,LOW,302,211510,209,700.364238410596,1.444976076555024,20,282,77.26992470910336,7.6158940397351
PRV53941,0,0.10782174168736104,10.685925976185336,LOW,77,82160,67,1067.012987012987,1.1492537313432836,6,71,75.6413415468857,12.987012987012985
PRV56750,0,0.2852416030692408,28.447052169425664,LOW,11,26350,10,2395.4545454545455,1.1,1,10,79.40961981208387,9.090909090909092
PRV57700,0,0.22083130405724358,21.99907368502096,LOW,1,60,1,60.0,1.0,0,1,86.83641341546885,0.0
PRV51952,0,0.039694557883758204,3.86585803508024,LOW,19,2470,19,130.0,1.0,0,19,77.34774307431823,0.0
PRV54555,1,0.38506134614044296,38.439795030657095,LOW,6,51000,6,8500.0,1.0,6,0,80.52794889345198,100.0
PRV57739,0,0.07659914507105771,7.560298020760506,LOW,11,7020,10,638.1818181818181,1.1,0,11,74.62559890485969,18.181818181818183
PRV52425,0,0.09460796872010685,9.363123177601938,LOW,23,3570,8,155.2173913043478,2.875,0,23,70.39664613278576,0.0
PRV53506,1,0.3198376460900194,31.91038869270387,LOW,1,500,1,500.0,1.0,0,1,73.58521560574948,0.0
PRV54124,0,0.07910475272139796,7.81112909075359,LOW,5,700,5,140.0,1.0,0,5,70.86652977412732,0.0
PRV54005,0,0.05824364749014624,5.722768071548277,LOW,8,1800,8,225.0,1.0,0,8,77.71868583162217,0.0
PRV51259,1,0.3667222743988456,36.603909437395856,LOW,21,151960,16,7236.190476190476,1.3125,4,17,81.3076839943802,14.285714285714285
PRV53667,1,0.5988977303005781,59.84650211628371,HIGH,9,155000,8,17222.222222222223,1.125,9,0,71.93805612594113,100.0
PRV52276,0,0.05779673270920123,5.678028380286184,LOW,68,17750,62,261.02941176470586,1.096774193548387,0,68,78.10779183502241,1.4705882352941175
PRV56855,0,0.10569059960785597,10.47258186062241,LOW,4,290,3,72.5,1.3333333333333333,0,4,77.47296372347706,0.0
PRV56608,0,0.305146127848087,30.439651947489025,LOW,856,235250,421,274.8247663551402,2.0332541567695963,0,856,77.37139010959532,3.0373831775700935
PRV56816,0,0.046153107534701525,4.512409748525712,LOW,15,7040,15,469.3333333333333,1.0,0,15,72.58352726443076,6.666666666666667
PRV57137,0,0.03539974674910451,3.435913597379825,LOW,43,9990,21,232.32558139534885,2.0476190476190474,0,43,81.13190573970861,0.0
PRV52800,0,0.07182858254489614,7.082727119848098,LOW,8,1890,6,236.25,1.3333333333333333,0,8,70.94455852156058,0.0
PRV56316,0,0.1378324079564349,13.690230153838586,LOW,6,4450,5,741.6666666666666,1.2,0,6,81.7659137577002,16.666666666666664
PRV56721,0,0.08385573392721743,8.286739747198906,LOW,202,60120,182,297.6237623762376,1.10989010989011,0,202,75.36340456258321,2.9702970297029703
PRV57082,1,0.591623390179595,59.11828334835647,HIGH,5,100000,5,20000.0,1.0,5,0,75.33470225872689,100.0
PRV57089,1,0.4842183318098394,48.36619065343792,MEDIUM,3,21000,3,7000.0,1.0,3,0,78.3335614875656,100.0
PRV52761,0,0.04672323575128941,4.569484075617813,LOW,11,4740,11,430.90909090909093,1.0,0,11,80.39350382676872,9.090909090909092
PRV55613,0,0.08841348074917038,8.743006119131795,LOW,7,740,7,105.71428571428571,1.0,0,7,72.79867018676053,0.0
PRV55984,0,0.15487687937622877,15.396516053433789,LOW,392,126120,282,321.734693877551,1.3900709219858156,0,392,77.91727224625124,4.336734693877551
PRV52357,0,0.11819889894390262,11.724761189588104,LOW,105,98830,79,941.2380952380952,1.3291139240506329,8,97,74.67263716055186,10.476190476190476
PRV57115,0,0.16600793564472502,16.51082249865916,LOW,12,14050,11,1170.8333333333333,1.0909090909090908,1,11,82.89710244125028,16.666666666666664
PRV57755,1,0.34026000563269027,33.9548278111652,LOW,1,300,1,300.0,1.0,0,1,72.83504449007529,0.0
PRV52173,1,0.8092208663189578,80.90150537851719,CRITICAL,119,1381400,108,11608.403361344537,1.1018518518518519,119,0,77.54625193297335,96.63865546218487
PRV51873,0,0.26837266228025675,26.758338269156294,LOW,144,341480,105,2371.3888888888887,1.3714285714285714,26,118,75.78156162796819,21.52777777777778
PRV52676,0,0.04288700976103915,4.18544762452417,LOW,39,9800,34,251.28205128205127,1.1470588235294117,0,39,80.55940733582962,2.564102564102564
PRV52056,0,0.037979395887186525,3.6941568037429526,LOW,60,17280,52,288.0,1.1538461538461537,0,60,77.62996893592376,0.0
PRV57468,0,0.0676732948347132,6.666750076382108,LOW,12,2300,8,191.66666666666666,1.5,0,12,82.76112251882273,0.0
PRV55425,0,0.14128154503833623,14.035515954945016,LOW,26,3880,6,149.23076923076923,4.333333333333333,0,26,87.38991558293407,0.0
PRV57075,1,0.48583191044179946,48.527722589500435,MEDIUM,2,16000,2,8000.0,1.0,2,0,75.08145106091717,100.0
PRV51544,1,0.3689371016260437,36.82563109568201,LOW,233,480150,184,2060.7296137339054,1.266304347826087,45,188,78.56121719780369,19.313304721030043
PRV55050,0,0.11460087122323018,11.364570262282111,LOW,183,49610,137,271.09289617486337,1.3357664233576643,0,183,78.18686331229985,3.825136612021858
PRV56717,0,0.26737032848410286,26.657996757768682,LOW,8,11400,6,1425.0,1.3333333333333333,1,7,73.44128287865455,12.5
PRV56907,0,0.04665651671392908,4.562804974231876,LOW,15,5820,15,388.0,1.0,0,15,76.36723705224732,6.666666666666667
PRV55348,0,0.08088326634166343,7.989172318833567,LOW,7,610,5,87.14285714285714,1.4,0,7,79.6495550992471,0.0
PRV54507,0,0.3007571274805522,30.000278425365845,LOW,109,363310,44,3333.119266055046,2.477272727272727,39,70,77.67353942223846,36.69724770642202
PRV51183,0,0.289360560658483,28.859392281504043,LOW,113,355790,65,3148.5840707964603,1.7384615384615385,41,72,76.22403441869561,34.51327433628318
PRV57190,0,0.03591935472661424,3.4879304504406026,LOW,83,23850,63,287.34939759036143,1.3174603174603174,0,83,78.71590452288605,2.4096385542168677
PRV53516,1,0.49441820388785856,49.387278223462985,MEDIUM,1,3000,1,3000.0,1.0,1,0,81.91375770020534,100.0
PRV54798,0,0.10842434783563688,10.746251600165579,LOW,5,290,5,58.0,1.0,0,5,87.3494866529774,0.0
PRV57153,0,0.05403701856440955,5.301651367836463,LOW,94,29690,92,315.8510638297872,1.0217391304347827,0,94,76.39767282683093,5.319148936170213
PRV54842,0,0.12225156870054457,12.130465367274931,LOW,130,62420,56,480.15384615384613,2.3214285714285716,3,127,77.67398693720345,6.153846153846154
PRV53685,0,0.03299730348656405,3.1954100955411127,LOW,45,17770,29,394.8888888888889,1.5517241379310345,0,45,77.37119120111402,8.88888888888889
PRV54251,0,0.14424290608762258,14.331971531510435,LOW,47,77590,29,1650.8510638297873,1.6206896551724137,6,41,73.01334702258727,19.148936170212767
PRV57326,1,0.4340959681322346,43.34854708496907,LOW,5,37000,5,7400.0,1.0,5,0,69.86830937713894,100.0
PRV55126,1,0.6188927703763497,61.84816318883005,HIGH,2,13000,2,6500.0,1.0,2,0,73.41820670773444,100.0
PRV53100,0,0.12711195757586527,12.617028593570007,LOW,130,86880,71,668.3076923076923,1.8309859154929577,5,125,75.42127754037405,6.923076923076923
PRV53527,0,0.03469283936425556,3.365146597724633,LOW,37,9500,31,256.7567567567568,1.1935483870967742,0,37,74.72875405709743,2.7027027027027026
PRV57437,0,0.15793345661937114,15.70250352130802,LOW,27,63170,21,2339.6296296296296,1.2857142857142858,6,21,69.51220625142597,25.925925925925924
PRV52028,0,0.23055702261348646,22.97269475118538,LOW,18,69530,14,3862.777777777778,1.2857142857142858,4,14,74.98212791847288,22.22222222222222
PRV55633,0,0.14236168729223334,14.143646706083551,LOW,358,91690,209,256.1173184357542,1.7129186602870814,0,358,76.77029235399493,3.072625698324022
PRV57312,0,0.11840385065130189,11.745278470518697,LOW,334,91320,137,273.41317365269464,2.437956204379562,0,334,77.74592944538537,2.694610778443114
PRV55627,0,0.023089565987127976,2.203567498853367,LOW,38,5980,32,157.3684210526316,1.1875,0,38,73.80740930869268,0.0
PRV53154,0,0.10700701762747612,10.604365677763399,LOW,52,23670,15,455.1923076923077,3.466666666666667,0,52,81.07268993839836,7.6923076923076925
PRV56783,0,0.0580373282296166,5.702113887773015,LOW,85,25430,69,299.1764705882353,1.2318840579710144,0,85,75.055639873424,4.705882352941177
PRV52014,0,0.20175682865388422,20.08956839023481,LOW,351,93890,299,267.4928774928775,1.173913043478261,0,351,76.37647737495966,2.2792022792022792
PRV57273,0,0.09238261240041351,9.140347474187738,LOW,9,1090,6,121.11111111111111,1.5,0,9,75.63997262149213,0.0
PRV56481,1,0.5009378147358103,50.039942643891365,MEDIUM,128,668910,48,5225.859375,2.6666666666666665,78,50,73.66474211861335,57.8125
PRV54123,0,0.18414343339335917,18.32632873106125,LOW,2,110,2,55.0,1.0,0,2,79.37440109514031,0.0
PRV55225,0,0.2808280407834938,28.005219805741465,LOW,66,199390,55,3021.060606060606,1.2,9,57,78.5906485284052,19.696969696969695
PRV55670,1,0.48176332113131826,48.12042473902818,MEDIUM,9,98000,8,10888.888888888889,1.125,9,0,85.05167693360713,100.0
PRV51551,0,0.23123968481170107,23.04103461660635,LOW,28,112800,22,4028.5714285714284,1.2727272727272727,5,23,73.8549446092225,17.857142857142858
PRV51362,0,0.24526954957204952,24.445534634483682,LOW,44,151320,38,3439.090909090909,1.1578947368421053,6,38,80.76510484724037,15.909090909090908
PRV56928,0,0.01920194210186124,1.8143857134530441,LOW,32,6530,28,204.0625,1.1428571428571428,0,32,76.66353769433852,0.0
PRV57406,1,0.4703724478695132,46.9801085654141,MEDIUM,68,505460,40,7433.235294117647,1.7,46,22,77.46026576034365,70.58823529411765
PRV53349,0,0.075996171698494,7.499935634735322,LOW,24,2180,16,90.83333333333333,1.5,0,24,71.89630390143738,0.0
PRV55295,0,0.03177640943103462,3.0731889799346623,LOW,88,20380,71,231.5909090909091,1.2394366197183098,0,88,75.6480512093781,1.1363636363636365
PRV53379,1,0.5139493308486638,51.34249793756478,MEDIUM,11,153000,10,13909.09090909091,1.1,11,0,71.94168377823408,100.0
PRV56525,0,0.04120483471061881,4.017048646433842,LOW,66,18830,45,285.3030303030303,1.4666666666666666,0,66,73.03557684995056,3.0303030303030303
PRV56183,0,0.014993076937633206,1.3930451446466812,LOW,23,4240,19,184.34782608695653,1.2105263157894737,0,23,72.84181706833819,0.0
PRV52202,0,0.04667559021403291,4.564714381891495,LOW,50,8200,49,164.0,1.0204081632653061,0,50,79.21451619662238,0.0
PRV54008,0,0.016906861952395488,1.5846301052546863,LOW,50,12860,41,257.2,1.2195121951219512,0,50,77.80651408156793,2.0
PRV55638,0,0.09546766893783637,9.449185943836348,LOW,5,360,4,72.0,1.25,0,5,82.43874058863793,0.0
PRV55112,0,0.059257692239224904,5.824281941605998,LOW,32,5750,31,179.6875,1.032258064516129,0,32,78.77918350224107,3.125
PRV57125,0,0.14241635169745723,14.149119043802102,LOW,370,95950,154,259.3243243243243,2.4025974025974026,0,370,76.35792954478785,2.7027027027027026
PRV56095,0,0.06870602068947296,6.7701340723256624,LOW,11,4910,10,446.3636363636364,1.1,0,11,82.43367556468172,9.090909090909092
PRV55062,0,0.024001114777584934,2.294820715784666,LOW,29,7460,28,257.2413793103448,1.0357142857142858,0,29,81.16681333724455,0.0
PRV54774,0,0.25135668852565385,25.054905210408375,LOW,488,203170,260,416.33196721311475,1.876923076923077,5,483,77.94805342957294,4.918032786885246
PRV54569,0,0.20921496974554407,20.83618708367885,LOW,63,209350,37,3323.0158730158732,1.7027027027027026,12,51,75.05315993611681,23.809523809523807
PRV52224,0,0.026916829823152962,2.5867067676872644,LOW,41,10100,35,246.34146341463415,1.1714285714285715,0,41,73.85023956194387,2.4390243902439024
PRV51749,0,0.09601154505658589,9.503632229068238,LOW,6,2780,6,463.3333333333333,1.0,0,6,75.45881816107689,16.666666666666664
PRV51301,0,0.20402229136899178,20.316359059868464,LOW,112,136910,59,1222.4107142857142,1.8983050847457628,6,106,75.60331584150886,7.142857142857142
PRV53806,0,0.08979038959119345,8.880845544263135,LOW,173,50270,161,290.5780346820809,1.0745341614906831,0,173,76.49084052869429,2.8901734104046244
PRV53861,1,0.46833604049954924,46.77624814078597,MEDIUM,2,11000,2,5500.0,1.0,2,0,64.50102669404518,100.0
PRV57567,1,0.46357654721449076,46.29978535813362,MEDIUM,12,112290,6,9357.5,2.0,7,5,78.53126750046668,58.333333333333336
PRV52450,0,0.12047180439244792,11.952296935487631,LOW,298,81540,232,273.6241610738255,1.2844827586206897,0,298,74.54569378555075,2.348993288590604
PRV54708,0,0.05119999345764035,5.017642798884524,LOW,8,2680,8,335.0,1.0,0,8,78.32375085557837,0.0
PRV55810,1,0.619636570225601,61.922623414884626,HIGH,1,12000,1,12000.0,1.0,1,0,74.33264887063655,100.0
PRV57269,0,0.0684770407606903,6.747211377092155,LOW,37,5320,17,143.78378378378378,2.176470588235294,0,37,79.0103474654749,0.0
PRV56125,1,0.3757114424351428,37.50379599249393,LOW,7,45000,7,6428.571428571428,1.0,7,0,78.44138065903981,85.71428571428571
PRV53168,0,0.25392508055215923,25.312021491196617,LOW,2,2070,2,1035.0,1.0,0,2,57.87405886379192,0.0
PRV56245,0,0.02973493062627507,2.8688208647205724,LOW,76,13720,44,180.52631578947367,1.7272727272727273,0,76,72.33887125878913,0.0
PRV55678,1,0.358869380832051,35.81777291054042,LOW,16,129290,9,8080.625,1.7777777777777777,9,7,76.79739904175223,50.0
PRV51298,0,0.04917500916402062,4.814925914212317,LOW,100,31120,53,311.2,1.8867924528301887,0,100,75.09790399442097,3.0
PRV52204,0,0.04438668395167823,4.3355768284432,LOW,9,2590,8,287.77777777777777,1.125,0,9,83.72861054072553,0.0
PRV53443,0,0.14627579407724925,14.53547963843408,LOW,215,81290,100,378.09302325581393,2.15,0,215,73.03671457905544,5.5813953488372094
PRV51044,0,0.04841697278548814,4.739040499392816,LOW,59,21330,39,361.52542372881356,1.5128205128205128,0,59,73.37166324435319,5.084745762711865
PRV55122,1,0.45671388546221525,45.61277883894051,MEDIUM,1,5000,1,5000.0,1.0,1,0,85.83709787816564,100.0
PRV53196,0,0.045196508401098755,4.416646637248711,LOW,16,4480,9,280.0,1.7777777777777777,0,16,76.21355236139631,0.0
PRV56217,0,0.01997881265183388,1.892156577247019,LOW,45,9920,37,220.44444444444446,1.2162162162162162,0,45,78.16674991212979,0.0
PRV52264,0,0.041637010337327494,4.060312832212311,LOW,25,4420,21,176.8,1.1904761904761905,0,25,81.36931651510706,0.0
PRV52320,1,0.4545817907298877,45.39933935532314,MEDIUM,366,874200,233,2388.5245901639346,1.5708154506437768,69,297,74.59933616494612,19.398907103825135
PRV52206,0,0.08723026844748279,8.624557244017218,LOW,5,1810,5,362.0,1.0,0,5,72.90130047912389,0.0
PRV52168,0,0.05533251967973593,5.43134123803239,LOW,78,17660,77,226.4102564102564,1.0129870129870129,0,78,77.44394961643421,2.564102564102564
PRV57592,0,0.03430893072230031,3.326714317463934,LOW,79,16880,64,213.67088607594937,1.234375,0,79,79.36644421629022,1.2658227848101267
PRV51936,0,0.025236885413407656,2.4185310943059615,LOW,20,4770,20,238.5,1.0,0,20,75.3750855578371,0.0
PRV52419,0,0.23727297416912005,23.645014423617948,LOW,112,113470,34,1013.125,3.2941176470588234,5,107,76.69372307444539,9.821428571428571
PRV55234,0,0.18972489761134473,18.885077281232427,LOW,184,94600,165,514.1304347826087,1.1151515151515152,7,177,75.12320328542094,7.608695652173914
PRV54146,0,0.11883280479003201,11.788220159965178,LOW,5,240,3,48.0,1.6666666666666667,0,5,79.05544147843942,0.0
PRV53438,0,0.10425734044267279,10.32910132410207,LOW,61,67830,45,1111.967213114754,1.3555555555555556,8,53,72.64071076753767,13.114754098360656
PRV52767,0,0.1252424963554398,12.429880794046717,LOW,4,690,4,172.5,1.0,0,4,85.87337440109513,0.0
PRV51632,0,0.1048072690070419,10.384153506833764,LOW,26,26850,21,1032.6923076923076,1.2380952380952381,4,22,78.35400410677619,23.076923076923077
PRV57173,1,0.7753619973888916,77.51196579065281,CRITICAL,1225,1326410,861,1082.7836734693878,1.4227642276422765,96,1129,77.1812249985041,9.877551020408164
PRV54343,0,0.06280688194189414,6.179583798466177,LOW,17,3110,16,182.94117647058823,1.0625,0,17,70.67778918548939,0.0
PRV56734,0,0.2793830501580501,27.860564857605112,LOW,22,109700,12,4986.363636363636,1.8333333333333333,10,12,72.66654221890361,40.909090909090914
PRV56740,0,0.026629041619541615,2.5578969007340646,LOW,45,8720,38,193.77777777777777,1.1842105263157894,0,45,73.66655859360928,0.0
PRV55815,1,0.3575060226784225,35.68129001609683,LOW,4,12000,4,3000.0,1.0,4,0,78.68856947296372,75.0
PRV54439,0,0.12466823740866975,12.372392948313218,LOW,3,190,3,63.333333333333336,1.0,0,3,87.19233401779603,0.0
PRV52166,0,0.10943228579910098,10.847154132861796,LOW,100,69300,78,693.0,1.2820512820512822,7,93,78.78619801103193,7.000000000000001
PRV51272,0,0.15491580744403147,15.400413059774104,LOW,79,50760,29,642.5316455696203,2.7241379310344827,2,77,76.28747433264887,8.860759493670885
PRV53539,0,0.1553803447403065,15.446916903686192,LOW,2,200,2,100.0,1.0,0,2,68.00136892539356,0.0
PRV53913,0,0.1347067540022245,13.377327562861808,LOW,131,36180,129,276.1832061068702,1.0155038759689923,0,131,77.40010293470014,2.2900763358778624
PRV57424,0,0.023393250260433696,2.233968687644039,LOW,38,11890,28,312.89473684210526,1.3571428571428572,0,38,71.29422117923146,5.263157894736842
PRV53896,0,0.017541408258469355,1.648153190719026,LOW,43,10950,38,254.65116279069767,1.131578947368421,0,43,76.9939839331388,4.651162790697675
PRV53228,0,0.2247012375934416,22.386484527079514,LOW,1,600,1,600.0,1.0,0,1,84.83504449007529,0.0
PRV57373,0,0.15558483475019444,15.467387965057721,LOW,2,800,2,400.0,1.0,0,2,73.49897330595482,0.0
PRV52468,0,0.15382774409306282,15.291489344400444,LOW,21,32450,18,1545.2380952380952,1.1666666666666667,3,18,75.08764381864998,14.285714285714285
PRV51156,0,0.25817175974692325,25.73714754243428,LOW,542,140640,425,259.48339483394835,1.275294117647059,0,542,77.02358255827998,3.3210332103321036
PRV52506,0,0.04897744445142977,4.795148129671585,LOW,13,2190,12,168.46153846153845,1.0833333333333333,0,13,77.90280629705681,0.0
PRV53091,1,0.39521567940882,39.45632380699105,LOW,4,19000,4,4750.0,1.0,4,0,82.85352498288843,75.0
PRV51732,0,0.05493367837055241,5.391414080112689,LOW,12,6960,12,580.0,1.0,0,12,74.63244353182752,8.333333333333332
PRV55366,0,0.08192172197897864,8.093129911161618,LOW,107,20310,53,189.81308411214954,2.018867924528302,0,107,74.69549158627458,0.9345794392523363
PRV53479,0,0.07783884233695562,7.684401485894182,LOW,5,390,5,78.0,1.0,0,5,72.10075290896646,0.0
PRV52704,0,0.0788340404967073,7.784028663849103,LOW,159,51790,73,325.72327044025155,2.1780821917808217,0,159,76.21126456827281,5.660377358490567
PRV56458,0,0.09674288215746579,9.576844835804346,LOW,54,53410,42,989.074074074074,1.2857142857142858,7,47,71.00701574264203,14.814814814814813
PRV51167,0,0.1361692448376899,13.523734419923027,LOW,190,51980,182,273.57894736842104,1.043956043956044,0,190,78.10423389068153,2.1052631578947367
PRV57476,0,0.08349273922312447,8.2504011169201,LOW,145,47070,56,324.62068965517244,2.5892857142857144,0,145,74.35416055539258,4.137931034482759
PRV53315,0,0.03454417149545675,3.3502637725547255,LOW,25,8340,18,333.6,1.3888888888888888,0,25,73.33820062362157,4.0
PRV56589,0,0.14846420284896156,14.754556601148616,LOW,24,42650,20,1777.0833333333333,1.2,4,20,73.82363677846224,20.833333333333336
PRV54524,0,0.04013485959870857,3.9099357063252946,LOW,21,2840,16,135.23809523809524,1.3125,0,21,79.29277891854893,0.0
PRV54498,1,0.6196293642847833,61.92190204342594,HIGH,1,12000,1,12000.0,1.0,1,0,101.58521560574948,100.0
PRV54900,0,0.044325728777703674,4.329474735201436,LOW,14,3490,14,249.28571428571428,1.0,0,14,75.81597731495062,0.0
PRV54504,1,0.3398327270103073,33.91205385410815,LOW,120,434920,70,3624.3333333333335,1.7142857142857142,44,76,78.97083391479437,37.5
PRV54572,0,0.062033868429236416,6.102199054500888,LOW,146,53110,117,363.7671232876712,1.2478632478632479,0,146,78.97059150447241,6.164383561643835
PRV56808,1,0.4694967409248546,46.89244339968104,MEDIUM,62,433610,47,6993.709677419355,1.3191489361702127,47,15,78.72570709412466,72.58064516129032
PRV56235,0,0.19985769461556036,19.89945010781802,LOW,171,178900,144,1046.1988304093568,1.1875,14,157,76.78125377461046,9.941520467836257
PRV52510,0,0.01828421835548362,1.7225143347754202,LOW,26,4240,22,163.07692307692307,1.1818181818181819,0,26,77.30247028809657,0.0
PRV55215,1,0.930811168499248,93.073652758624,CRITICAL,3393,2284560,2517,673.315649867374,1.3480333730631704,143,3250,76.10694119899806,7.161803713527852
PRV57445,0,0.11120388360670883,11.024505033598125,LOW,30,22150,18,738.3333333333334,1.6666666666666667,2,28,69.64147843942506,10.0
PRV57278,0,0.07480198315551641,7.38038795137481,LOW,7,950,7,135.71428571428572,1.0,0,7,82.67879143443825,0.0
PRV52293,0,0.08062341744349501,7.9631593965169944,LOW,7,4170,7,595.7142857142857,1.0,0,7,85.16828004302337,14.285714285714285
PRV51454,0,0.010264766277652054,0.9197039884837345,LOW,34,10630,32,312.6470588235294,1.0625,0,34,81.35677618069815,5.88235294117647
PRV54119,0,0.05275636739436478,5.173448094180827,LOW,14,1980,12,141.42857142857142,1.1666666666666667,0,14,78.76431667807438,0.0
PRV55314,0,0.021283899773403264,2.022806082205622,LOW,89,25040,53,281.34831460674155,1.679245283018868,0,89,77.56620562292564,2.247191011235955
PRV54845,0,0.15842267027318785,15.751477663059784,LOW,41,100280,28,2445.8536585365855,1.4642857142857142,8,33,75.79420488250057,19.51219512195122
PRV54227,0,0.05107226829994167,5.004856504124352,LOW,53,7630,47,143.96226415094338,1.127659574468085,0,53,77.82422415425168,1.8867924528301887
PRV51842,1,0.6314002931526742,63.10026477804826,HIGH,294,1220600,144,4151.700680272109,2.0416666666666665,117,177,75.20356780017372,38.095238095238095
PRV56263,0,0.15212026284257021,15.120557016269967,LOW,18,22940,15,1274.4444444444443,1.2,2,16,82.78906470185609,11.11111111111111
PRV56289,1,0.35437179112443573,35.367528739790934,LOW,5,28000,5,5600.0,1.0,5,0,69.38370978781657,100.0
PRV54350,1,0.7699992687128553,76.97511439186734,CRITICAL,1495,1425070,493,953.2240802675585,3.032454361054767,105,1390,76.1390363281805,8.227424749163879
PRV57225,0,0.29727572532076174,29.651762635713823,LOW,178,437520,103,2457.9775280898875,1.7281553398058251,47,131,76.3640586277703,25.280898876404496
PRV52702,0,0.025460406570567678,2.44090732348491,LOW,28,6750,24,241.07142857142858,1.1666666666666667,0,28,79.21184120465435,0.0
PRV55335,0,0.061907330609226964,6.08953162159963,LOW,24,1760,16,73.33333333333333,1.5,0,24,77.822553045859,0.0
PRV57257,0,0.048219142903974783,4.719236169353409,LOW,17,4920,11,289.4117647058824,1.5454545454545454,0,17,71.9323004169,0.0
PRV53522,0,0.04336366401033255,4.233164470915016,LOW,26,3690,25,141.92307692307693,1.04,0,26,71.54617385352498,0.0
PRV56194,0,0.0939967706860322,9.301937438149157,LOW,8,2170,5,271.25,1.6,0,8,62.53470225872691,0.0
PRV51616,0,0.053013075332022756,5.1991465815995275,LOW,26,6120,26,235.3846153846154,1.0,0,26,74.6186489759385,0.0
PRV52721,0,0.053092037900437636,5.207051356923077,LOW,7,1810,7,258.57142857142856,1.0,0,7,76.11890094846974,0.0
PRV55759,0,0.12159466578328007,12.064704208860261,LOW,3,240,3,80.0,1.0,0,3,76.83230663928816,0.0
PRV51211,0,0.1348971760019802,13.396390305563145,LOW,2,100,2,50.0,1.0,0,2,74.25051334702258,0.0
PRV55271,0,0.028564789643711883,2.7516805316523736,LOW,15,6020,12,401.3333333333333,1.25,0,15,74.56285649098791,0.0
PRV51929,0,0.15204918140591178,15.113441204338574,LOW,111,106630,101,960.6306306306307,1.099009900990099,8,103,77.49476605818562,9.90990990990991
PRV56656,0,0.04731395074844043,4.628619301668161,LOW,42,14060,29,334.76190476190476,1.4482758620689655,0,42,78.92053152068729,7.142857142857142
PRV53005,0,0.27593242402636176,27.515129990881288,LOW,50,168860,25,3377.2,2.0,16,34,80.59751743529978,24.0
PRV52386,0,0.10730734173625837,10.634430487607167,LOW,237,55300,161,233.33333333333334,1.4720496894409938,0,237,75.8935129091365,2.5316455696202533
PRV51781,0,0.03868493760561228,3.7647870894277284,LOW,24,3000,20,125.0,1.2,0,24,75.670636550308,0.0
PRV53342,0,0.04115134568123894,4.011693973099244,LOW,73,25810,59,353.56164383561645,1.2372881355932204,0,73,73.7104142739475,6.8493150684931505
PRV55438,0,0.13358331156499326,13.26486212216598,LOW,219,70190,73,320.50228310502285,3.0,0,219,76.81306667416763,4.10958904109589
PRV53221,0,0.046890741889161154,4.5862527599675245,LOW,16,6510,9,406.875,1.7777777777777777,0,16,74.33508251578067,6.25
PRV51725,0,0.10879383187219606,10.783239863760206,LOW,4,190,4,47.5,1.0,0,4,76.70910335386722,0.0
PRV57149,0,0.08186598638104871,8.087550338612195,LOW,143,27390,129,191.53846153846155,1.1085271317829457,0,143,75.51262011259146,0.6993006993006993
PRV51166,1,0.40056123180597225,39.99145572491113,LOW,5,24870,4,4974.0,1.25,1,4,75.0483230663929,40.0
PRV54983,0,0.07133246405804596,7.03306174989958,LOW,126,42140,116,334.44444444444446,1.0862068965517242,0,126,76.15086501923575,3.968253968253968
PRV56242,0,0.11789172929905843,11.694011087641696,LOW,136,50420,74,370.7352941176471,1.837837837837838,1,135,74.98140999315537,3.6764705882352944
PRV53973,0,0.053796121716261594,5.277535695069137,LOW,170,45130,84,265.47058823529414,2.0238095238095237,0,170,76.16909487956715,2.3529411764705883
PRV54810,0,0.061209356981493185,6.019658961429693,LOW,7,3800,7,542.8571428571429,1.0,0,7,74.5720152537401,14.285714285714285
PRV56265,0,0.24559267845966143,24.47788238239001,LOW,126,211760,43,1680.6349206349207,2.9302325581395348,20,106,74.91124800365047,15.079365079365079
PRV53752,0,0.03351092336684693,3.246827492883262,LOW,35,11840,34,338.2857142857143,1.0294117647058822,0,35,79.51242098482103,5.714285714285714
PRV56888,0,0.0831638681330186,8.217478529295558,LOW,10,6050,10,605.0,1.0,0,10,75.45023956194387,10.0
PRV57516,0,0.061218549757590016,6.020579230756082,LOW,10,2290,10,229.0,1.0,0,10,82.94154688569473,0.0
PRV53143,1,0.3484256066537638,34.77226881832942,LOW,12,65670,5,5472.5,2.4,4,8,83.60731397281704,33.33333333333333
PRV52801,0,0.009777138066665652,0.8708885620525757,LOW,31,10510,22,339.03225806451616,1.4090909090909092,0,31,79.77250948914194,3.225806451612903
PRV56267,0,0.09790460043367512,9.693141989595578,LOW,4,350,4,87.5,1.0,0,4,72.31348391512662,0.0
PRV56065,0,0.21739390949487566,21.654963402650907,LOW,1,70,1,70.0,1.0,0,1,62.836413415468854,0.0
PRV56464,0,0.06867515827137141,6.7670445010777724,LOW,84,14920,78,177.61904761904762,1.0769230769230769,0,84,74.4127134558346,1.1904761904761905
PRV52356,0,0.018933694248906497,1.7875319895785786,LOW,98,22350,63,228.0612244897959,1.5555555555555556,0,98,74.78217789511423,3.061224489795918
PRV52396,0,0.310158677385911,30.941447655127053,LOW,40,156300,20,3907.5,2.0,17,23,75.60067641019447,42.5
PRV53681,0,0.02910681874496449,2.805941915878319,LOW,31,9970,26,321.61290322580646,1.1923076923076923,0,31,78.80829779392408,3.225806451612903
PRV54908,0,0.06653552434848285,6.5528502850764125,LOW,115,34230,109,297.6521739130435,1.055045871559633,0,115,78.56177432825325,2.608695652173913
PRV54282,0,0.05503565781928202,5.401623026528813,LOW,19,6540,11,344.2105263157895,1.7272727272727273,0,19,73.04561010515836,0.0
PRV53227,0,0.023379629939527656,2.2326051861931844,LOW,74,18610,59,251.48648648648648,1.2542372881355932,0,74,77.7913432870451,2.7027027027027026
PRV51368,0,0.08243851175947793,8.144864640494252,LOW,4,570,4,142.5,1.0,0,4,73.66598220396989,0.0
PRV51398,0,0.09177912275055397,9.079933404736975,LOW,86,31040,58,360.93023255813955,1.4827586206896552,1,85,78.5483358275618,5.813953488372093
PRV54213,0,0.2794104970290338,27.86331250567199,LOW,67,169320,42,2527.1641791044776,1.5952380952380953,21,46,74.29808911479898,31.343283582089555
PRV56823,0,0.05358764717722562,5.2566657509317904,LOW,18,6320,15,351.1111111111111,1.2,0,18,83.54460415240702,0.0
PRV51829,1,0.4763759790134831,47.58110934076465,MEDIUM,5,36000,5,7200.0,1.0,5,0,78.05065023956195,100.0
PRV53449,0,0.2735483807896284,27.27646847661811,LOW,9,9980,8,1108.888888888889,1.125,1,8,81.26001977336679,11.11111111111111
PRV51764,0,0.053679683293226345,5.265879291388268,LOW,33,6060,33,183.63636363636363,1.0,0,33,77.03034451289072,0.0
PRV52741,0,0.1740345377351666,17.314348617555225,LOW,2,80,2,40.0,1.0,0,2,74.9596167008898,0.0
PRV52877,0,0.035249882878761664,3.4209110430308645,LOW,19,2450,19,128.94736842105263,1.0,0,19,81.935084116863,0.0
PRV53957,0,0.05247964826378705,5.1457463286626135,LOW,15,6640,14,442.6666666666667,1.0714285714285714,0,15,79.0114403050748,13.333333333333334
PRV54358,0,0.06122248681882088,6.020973361609343,LOW,43,13150,30,305.8139534883721,1.4333333333333333,0,43,71.26908510152863,4.651162790697675
PRV53732,0,0.05161702245948265,5.0593906881584285,LOW,15,3150,15,210.0,1.0,0,15,79.25001140771161,0.0
PRV52381,0,0.06140023861319984,6.038767716911225,LOW,80,33460,31,418.25,2.5806451612903225,0,80,73.8254399328785,7.5
PRV52136,0,0.3148781237749225,31.413901427915462,LOW,104,380190,61,3655.673076923077,1.7049180327868851,40,64,75.38691307323751,34.61538461538461
PRV51525,0,0.17466223566565126,17.37718612665787,LOW,61,75770,56,1242.1311475409836,1.0892857142857142,5,56,76.66305360128365,11.475409836065573
PRV54482,0,0.06738805354547735,6.638195175627587,LOW,6,370,6,61.666666666666664,1.0,0,6,76.66621035820215,0.0
PRV51352,0,0.22125544658339955,22.04153369413325,LOW,4,5900,4,1475.0,1.0,0,4,88.33333333333333,25.0
PRV54450,0,0.06970984461548863,6.870624757454667,LOW,10,5790,10,579.0,1.0,0,10,69.92580424366872,10.0
PRV51176,0,0.30163828078425703,30.088488814556747,LOW,445,145980,399,328.0449438202247,1.1152882205513786,0,445,76.60274574183576,5.393258426966292
PRV51125,0,0.2419317822381235,24.11139782274345,LOW,48,131310,20,2735.625,2.4,12,36,72.23682409308692,33.33333333333333
PRV51472,0,0.05146491413450035,5.044163446213751,LOW,16,2170,16,135.625,1.0,0,16,78.07888432580424,0.0
PRV54887,0,0.0848973612791209,8.391014853150363,LOW,143,48780,126,341.1188811188811,1.1349206349206349,0,143,78.37658485707766,4.195804195804196
PRV55745,0,0.047243073156927946,4.621523896242178,LOW,81,14410,74,177.90123456790124,1.0945945945945945,0,81,78.12205634792903,1.2345679012345678
PRV54772,1,0.826926547609153,82.67398359647486,CRITICAL,2115,1751320,1009,828.0472813238771,2.0961347869177405,109,2006,78.17574757067352,8.51063829787234
PRV51841,0,0.17887372606017843,17.798789501703997,LOW,56,132310,45,2362.6785714285716,1.2444444444444445,8,48,75.94919180750803,16.071428571428573
PRV52238,0,0.0637194880609535,6.270942862322328,LOW,11,1530,10,139.0909090909091,1.1,0,11,73.58357289527721,0.0
PRV57165,0,0.15540479911514432,15.449364979307989,LOW,37,39720,29,1073.5135135135135,1.2758620689655173,3,34,79.16991786447639,8.108108108108109
PRV52583,0,0.27088470353189786,27.00981339333639,LOW,208,237790,167,1143.2211538461538,1.2455089820359282,26,182,76.30600092916697,12.980769230769232
PRV53054,0,0.0295252383489723,2.8478290153869397,LOW,49,10690,27,218.16326530612244,1.8148148148148149,0,49,74.86450173650721,2.0408163265306123
PRV55939,1,0.35533878604273067,35.464332551034424,LOW,51,301760,27,5916.862745098039,1.8888888888888888,28,23,78.95386721423682,49.01960784313725
PRV55396,0,0.17228638321849313,17.139344574974615,LOW,75,153830,48,2051.0666666666666,1.5625,15,60,76.58772530230436,21.333333333333336
PRV55431,1,0.7702171063203019,76.9969216529336,CRITICAL,2,58000,2,29000.0,1.0,2,0,91.04175222450377,100.0
PRV55448,0,0.04496145813185129,4.39311625310038,LOW,40,9000,39,225.0,1.0256410256410255,0,40,78.76101721686938,0.0
PRV56171,0,0.06262914790197698,6.161791220525827,LOW,15,1140,12,76.0,1.25,0,15,70.76431667807438,0.0
PRV55557,0,0.10378529416821725,10.281845772303345,LOW,68,60450,60,888.9705882352941,1.1333333333333333,4,64,77.42741979292286,10.294117647058822
PRV57096,1,0.583174269464807,58.272459785715604,HIGH,11,160000,11,14545.454545454546,1.0,11,0,76.7501711156742,90.9090909090909
PRV52143,0,0.06995772969124923,6.895440006873269,LOW,17,8290,17,487.6470588235294,1.0,0,17,84.47541973668318,11.76470588235294
PRV54674,1,0.490737094442773,49.018770160859056,MEDIUM,3,27000,3,9000.0,1.0,3,0,89.77869039470681,100.0
PRV53769,1,0.6906941668225962,69.03604876826782,HIGH,377,1685180,229,4469.9734748010615,1.6462882096069869,132,245,76.93545555439546,33.15649867374005
PRV53144,0,0.16870844508269836,16.78116477342085,LOW,39,36460,32,934.8717948717949,1.21875,4,35,79.51999033699722,7.6923076923076925
PRV55002,0,0.055563351152227436,5.454449287381322,LOW,100,27060,93,270.6,1.075268817204301,0,100,75.31014991941004,3.0
PRV56353,0,0.05562262161299959,5.460382727555981,LOW,96,29340,46,305.625,2.0869565217391304,0,96,75.02603934172545,4.166666666666666
PRV52914,0,0.007765904035769651,0.6695481870311148,LOW,61,17170,44,281.4754098360656,1.3863636363636365,0,61,76.71955696596353,1.639344262295082
PRV55487,0,0.02884147022697599,2.779378438280741,LOW,78,27000,42,346.15384615384613,1.8571428571428572,0,78,74.89123561813501,6.41025641025641
PRV51703,0,0.15631714808800878,15.540698300803719,LOW,2,80,2,40.0,1.0,0,2,73.03901437371664,0.0
PRV51164,1,0.3663931780662059,36.570964301218766,LOW,391,556980,298,1424.5012787723786,1.3120805369127517,41,350,76.77873001430405,13.810741687979538
PRV54505,0,0.1370390727588667,13.610811049078835,LOW,38,55140,21,1451.0526315789473,1.8095238095238095,5,33,79.31314168377823,13.157894736842104
PRV51577,1,0.37032888508191,36.964959586871046,LOW,1,2100,1,2100.0,1.0,0,1,66.5845311430527,100.0
PRV55617,0,0.19974958834492162,19.88862781824942,LOW,2,260,2,130.0,1.0,0,2,76.21081451060917,0.0
PRV55200,0,0.058566130821304276,5.755051194166585,LOW,69,20250,55,293.4782608695652,1.2545454545454546,0,69,76.96715823533071,2.898550724637681
PRV51946,0,0.18630647165003253,18.54286590530067,LOW,91,201370,67,2212.8571428571427,1.3582089552238805,23,68,76.54067938690599,25.274725274725274
PRV56003,1,0.3715141353673064,37.08361248021419,LOW,12,77180,8,6431.666666666667,1.5,8,4,76.19415925165411,66.66666666666666
PRV54201,1,0.341016397792629,34.03054862674702,LOW,4,19600,4,4900.0,1.0,4,0,76.79260780287474,75.0
PRV54413,0,0.031156278391754763,3.011108976268738,LOW,20,3150,14,157.5,1.4285714285714286,0,20,77.29207001075585,0.0
PRV55182,0,0.036393946680622,3.5354408448224635,LOW,102,25940,78,254.31372549019608,1.3076923076923077,0,102,75.5513434774215,2.941176470588235
PRV55300,0,0.03861536461997121,3.7578222853297714,LOW,32,8320,23,260.0,1.391304347826087,0,32,79.32625063238402,0.0
PRV57145,1,0.5995413878069545,59.91093730469461,HIGH,4,70000,4,17500.0,1.0,4,0,81.35523613963039,100.0
PRV52500,0,0.14119211567156426,14.026563370627526,LOW,126,86310,104,685.0,1.2115384615384615,7,119,75.76020373556308,7.142857142857142
PRV52318,0,0.020333490747095763,1.9276626494469367,LOW,39,10000,37,256.4102564102564,1.054054054054054,0,39,76.84525593355161,0.0
PRV57520,0,0.021562970581499138,2.0507432691746263,LOW,23,5740,23,249.56521739130434,1.0,0,23,74.83688956343184,0.0
PRV54368,0,0.10273268055810529,10.176470855333479,LOW,110,45340,94,412.1818181818182,1.1702127659574468,4,106,76.40693402617721,6.363636363636363
PRV55103,0,0.053841312161532026,5.282059614741518,LOW,78,15100,74,193.5897435897436,1.054054054054054,0,78,78.73814677100098,1.282051282051282
PRV54734,0,0.06692322848366455,6.5916625241175755,LOW,138,42870,127,310.6521739130435,1.0866141732283465,0,138,76.66368090025708,5.072463768115942
PRV53799,1,0.4600046031638184,45.94220561173402,MEDIUM,753,306440,664,406.95883134130145,1.1340361445783131,14,739,77.57299247901048,4.249667994687915
PRV53061,1,0.612773963674943,61.23562242180841,HIGH,1,9000,1,9000.0,1.0,1,0,101.41820670773443,100.0
PRV53771,0,0.047315684294169415,4.628792843255977,LOW,51,21610,50,423.72549019607845,1.02,0,51,72.72804928131417,5.88235294117647
PRV51414,0,0.13315716257401747,13.222201250114276,LOW,28,30230,25,1079.642857142857,1.12,3,25,75.29510120269875,10.714285714285714
PRV53445,0,0.11824075902439903,11.728951713503326,LOW,7,4940,7,705.7142857142857,1.0,0,7,70.99990221961475,28.57142857142857
PRV53931,0,0.12401653019317486,12.30715192058783,LOW,55,40410,45,734.7272727272727,1.2222222222222223,3,52,78.43948208989276,7.2727272727272725
PRV54906,0,0.2715091512297433,27.072325528540002,LOW,22,127150,14,5779.545454545455,1.5714285714285714,8,14,77.97013253686765,40.909090909090914
PRV53461,1,0.5639934122404551,56.35230483235911,HIGH,36,425080,22,11807.777777777777,1.6363636363636365,14,22,75.11208076659823,41.66666666666667
PRV54616,0,0.3221122718634231,32.13809665667788,LOW,5,23310,3,4662.0,1.6666666666666667,2,3,81.70020533880903,40.0
PRV56657,0,0.017881514629557036,1.6822005185038864,LOW,20,5200,18,260.0,1.1111111111111112,0,20,75.87481937789946,0.0
PRV55473,0,0.10000230408263029,9.90313865476555,LOW,6,1350,5,225.0,1.2,0,6,90.78384668035592,0.0
PRV53188,0,0.05523429140208141,5.421507813400119,LOW,10,1220,8,122.0,1.25,0,10,73.56297056810403,0.0
PRV56662,0,0.16952694460525247,16.86310302540663,LOW,9,15290,5,1698.888888888889,1.8,3,6,79.64212378996773,22.22222222222222
PRV54579,0,0.23771641644450547,23.689406489710173,LOW,2,1290,2,645.0,1.0,0,2,51.74948665297741,0.0
PRV54608,0,0.09155475726351706,9.057472651484026,LOW,33,10650,10,322.72727272727275,3.3,0,33,77.76700889801506,3.0303030303030303
PRV55072,0,0.036054748137480226,3.501484397768675,LOW,48,9550,41,198.95833333333334,1.170731707317073,0,48,77.87208894676216,2.083333333333333
PRV52421,0,0.029140013339042297,2.8092649563189855,LOW,95,33550,63,353.1578947368421,1.507936507936508,0,95,77.66304879241224,6.315789473684211
PRV56930,0,0.016251044861308885,1.518977646596737,LOW,24,6680,19,278.3333333333333,1.263157894736842,0,24,78.23221297597176,4.166666666666666
PRV52863,0,0.019808379670477005,1.8750948928009121,LOW,52,14650,29,281.7307692307692,1.793103448275862,0,52,74.85378460666998,3.8461538461538463
PRV51439,0,0.026817660032034105,2.5767790901380856,LOW,42,15040,41,358.0952380952381,1.024390243902439,0,42,79.47967479674796,4.761904761904762
PRV51989,0,0.03499634987020454,3.3955303910336085,LOW,18,4060,18,225.55555555555554,1.0,0,18,74.96220244885542,0.0
PRV52859,1,0.3518064030338435,35.110713176658614,LOW,911,287930,441,316.059275521405,2.0657596371882088,0,911,77.48169877122649,3.841931942919868
PRV51185,0,0.052457542213650364,5.143533338848205,LOW,8,1590,8,198.75,1.0,0,8,76.48904859685148,0.0
PRV56668,1,0.5359110945290481,53.54104354071936,MEDIUM,73,623470,45,8540.684931506848,1.6222222222222222,52,21,77.03899331332597,67.12328767123287
PRV55256,0,0.12172294556322318,12.077546025677528,LOW,28,34150,23,1219.642857142857,1.2173913043478262,4,24,77.30869267624914,17.857142857142858
PRV53269,1,0.5487293803442118,54.824254958938845,HIGH,456,1045640,269,2293.0701754385964,1.695167286245353,112,344,76.58091518606074,25.0
PRV51965,0,0.0343828554668868,3.3341147669241984,LOW,19,2680,18,141.05263157894737,1.0555555555555556,0,19,79.05498516997491,0.0
PRV56948,0,0.12724011770877883,12.629858432776794,LOW,3,670,3,223.33333333333334,1.0,0,3,82.14008669860826,0.0
PRV53473,0,0.07529588052948452,7.429830970421457,LOW,11,7140,7,649.0909090909091,1.5714285714285714,0,11,73.48860858511783,9.090909090909092
PRV54347,0,0.020104643282270268,1.9047532148993578,LOW,26,6530,25,251.15384615384616,1.04,0,26,75.51726214921287,3.8461538461538463
PRV56733,0,0.16330038818850562,16.239775662811443,LOW,198,123300,86,622.7272727272727,2.302325581395349,12,186,77.08732667328057,6.565656565656567
PRV53117,0,0.21966794959576452,21.88261273619109,LOW,251,215370,154,858.0478087649402,1.62987012987013,18,233,77.65612102284139,9.9601593625498
PRV55805,0,0.13200475609521595,13.106836280620552,LOW,8,3850,7,481.25,1.1428571428571428,0,8,68.61836315635084,12.5
PRV56535,0,0.030778514940356813,2.9732918780069406,LOW,67,17920,50,267.46268656716416,1.34,0,67,75.11375770020534,1.4925373134328357
PRV51625,0,0.26411223806732664,26.331836233289437,LOW,7,19420,4,2774.285714285714,1.75,4,3,79.16573775300675,57.14285714285714
PRV57199,0,0.08012419990964102,7.9131837875428985,LOW,7,1970,7,281.42857142857144,1.0,0,7,77.07089077930968,0.0
PRV56033,1,0.46177868108775944,46.119804791658616,MEDIUM,8,50160,4,6270.0,2.0,4,4,78.61601642710473,50.0
PRV53071,0,0.01553081096959149,1.446876558591109,LOW,28,12310,20,439.64285714285717,1.4,0,28,77.28377823408624,7.142857142857142
PRV52499,0,0.1818330093734885,18.095037080525625,LOW,157,164670,115,1048.8535031847134,1.3652173913043477,8,149,76.71050678998499,10.191082802547772
PRV55912,1,0.5093117442616846,50.87823897601523,MEDIUM,107,750080,53,7010.093457943925,2.018867924528302,60,47,79.07033538672142,56.074766355140184
PRV54599,0,0.01994709611725794,1.8889815022096024,LOW,17,3820,11,224.7058823529412,1.5454545454545454,0,17,75.61421193454048,0.0
PRV52398,0,0.2831668476930923,28.239352807196084,LOW,48,197890,30,4122.708333333333,1.6,12,36,78.13472229178144,29.166666666666668
PRV52807,1,0.5089287749443551,50.839900729551445,MEDIUM,2,17000,2,8500.0,1.0,2,0,87.12662559890487,100.0
PRV52409,0,0.05585768626492029,5.483914551523239,LOW,16,2630,15,164.375,1.0666666666666667,0,16,77.95555555555555,0.0
PRV54273,0,0.10332810757458008,10.23607779164886,LOW,234,72020,108,307.77777777777777,2.1666666666666665,0,234,75.65913757700206,3.418803418803419
PRV54795,0,0.03745427273664782,3.6415878384023994,LOW,21,7510,21,357.6190476190476,1.0,0,21,82.67840031289722,9.523809523809524
PRV56105,1,0.40624731304891365,40.56067726366278,LOW,32,264570,26,8267.8125,1.2307692307692308,29,3,77.50015341405273,87.5
PRV55364,0,0.1879531499601331,18.707711379970593,LOW,1,80,1,80.0,1.0,0,1,82.08350444900753,0.0
PRV57041,0,0.028007132750467727,2.6958546823010376,LOW,26,5170,21,198.84615384615384,1.2380952380952381,0,26,77.69486001108177,3.8461538461538463
PRV55941,0,0.05461730282163128,5.359742394625634,LOW,57,14730,56,258.42105263157896,1.0178571428571428,0,57,73.4031485284052,3.508771929824561
PRV56949,0,0.07623338738818337,7.523682794533405,LOW,104,31960,43,307.3076923076923,2.4186046511627906,0,104,75.63172723365646,5.769230769230769
PRV53371,0,0.01193843951565457,1.087251868156736,LOW,43,10930,29,254.1860465116279,1.4827586206896552,0,43,77.41112605914701,0.0
PRV57575,0,0.05718421916330297,5.6167109477336234,LOW,24,5970,13,248.75,1.8461538461538463,0,24,78.28884325804243,4.166666666666666
PRV57215,1,0.364353741457498,36.36680062592196,LOW,11,48970,6,4451.818181818182,1.8333333333333333,8,3,71.26868963419273,54.54545454545454
PRV55381,0,0.29549035905672827,29.47303340399382,LOW,45,173700,21,3860.0,2.142857142857143,20,25,76.36728268309378,42.22222222222222
PRV54876,1,0.6602679592123377,65.99014562789527,HIGH,3,58000,3,19333.333333333332,1.0,3,0,74.36185261236595,100.0
PRV56621,0,0.07286838161027202,7.18681919991124,LOW,91,31940,81,350.989010989011,1.123456790123457,0,91,77.09466710607481,6.593406593406594
PRV52670,0,0.06330678393574303,6.2296279272793065,LOW,13,760,13,58.46153846153846,1.0,0,13,75.73105881114094,0.0
PRV57448,0,0.08200279026302615,8.10124548521304,LOW,205,51920,113,253.26829268292684,1.8141592920353982,0,205,75.00511832724585,1.951219512195122
PRV56011,1,0.6224043025807733,62.19969523337466,HIGH,2833,741640,1164,261.7860924814684,2.433848797250859,0,2833,77.59110998210048,2.7532650900105895
PRV52229,0,0.09358601901649928,9.260817959304815,LOW,11,370,11,33.63636363636363,1.0,0,11,81.57700205338809,0.0
PRV51175,0,0.029001381666971967,2.7953868335268517,LOW,41,9650,39,235.3658536585366,1.0512820512820513,0,41,75.12220291686411,2.4390243902439024
PRV53059,0,0.06566507602404381,6.465711548665273,LOW,33,16320,21,494.54545454545456,1.5714285714285714,0,33,81.88168573384179,6.0606060606060606
PRV57224,0,0.16283241808584398,16.19292816792953,LOW,214,78960,143,368.97196261682245,1.4965034965034965,2,212,76.06420640352879,3.7383177570093453
PRV54499,1,0.6692545302319541,66.88977220115909,HIGH,1,11000,1,11000.0,1.0,1,0,71.66872005475702,100.0
PRV55527,0,0.11962934948727824,11.867960560933565,LOW,2,170,2,85.0,1.0,0,2,78.4599589322382,0.0
PRV55071,0,0.016111677956530353,1.505025921216877,LOW,70,25930,58,370.42857142857144,1.206896551724138,0,70,78.30220208171069,5.714285714285714
PRV55470,0,0.18093762380346443,18.00540192932587,LOW,470,135060,204,287.36170212765956,2.303921568627451,0,470,76.51130705533411,4.468085106382979
PRV55945,0,0.02972830469223329,2.8681575565106145,LOW,20,5050,19,252.5,1.0526315789473684,0,20,81.24125508843979,5.0
PRV52581,0,0.06774952665016508,6.674381481815722,LOW,142,40050,135,282.0422535211268,1.0518518518518518,0,142,76.8330164524552,4.929577464788732
PRV54537,0,0.1014425316690072,10.047316785158559,LOW,60,22470,20,374.5,3.0,0,60,74.90855578370979,8.333333333333332
PRV54828,1,0.37803972424188903,37.73687534821519,LOW,60,111610,20,1860.1666666666667,3.0,3,57,72.20446767469355,10.0
PRV57471,0,0.16385490874244987,16.295287539884495,LOW,2,350,2,175.0,1.0,0,2,65.04312114989733,0.0
PRV54309,0,0.039465943215414516,3.8429719052949265,LOW,29,6160,18,212.41379310344828,1.6111111111111112,0,29,79.1772758384668,0.0
PRV52666,0,0.05125705618787205,5.023355227835162,LOW,39,8930,38,228.97435897435898,1.0263157894736843,0,39,77.04189632191361,0.0
PRV57017,1,0.5299259574985058,52.941884161068565,MEDIUM,23,266100,21,11569.565217391304,1.0952380952380953,23,0,81.4882174635768,86.95652173913044
PRV52212,0,0.0547174344919913,5.369766363866463,LOW,64,13220,62,206.5625,1.032258064516129,0,64,78.78920756883267,1.5625
PRV57409,0,0.20235015543730311,20.148965076671455,LOW,71,218620,43,3079.154929577465,1.6511627906976745,24,47,73.8831279945243,33.80281690140845
PRV57100,0,0.02210470688373557,2.104975341911796,LOW,25,7580,18,303.2,1.3888888888888888,0,25,78.39790098106319,4.0
PRV54743,0,0.22946710052460795,22.863584961500084,LOW,80,87470,70,1093.375,1.1428571428571428,7,73,75.99455985492946,12.5
PRV56574,0,0.16307228597815762,16.216940834109668,LOW,62,121180,41,1954.516129032258,1.5121951219512195,12,50,74.88498288843257,22.58064516129032
PRV56216,0,0.22971567350685484,22.888469075778666,LOW,481,157910,352,328.2952182952183,1.3664772727272727,0,481,77.59854707236637,4.158004158004158
PRV53726,0,0.04229843358886889,4.126526511708342,LOW,16,3710,12,231.875,1.3333333333333333,0,16,78.59000684462697,6.25
PRV56259,0,0.298293671044784,29.753667024103088,LOW,196,160020,173,816.4285714285714,1.1329479768786128,16,180,75.54286629676555,11.73469387755102
PRV52331,0,0.2116596337515126,21.08091721463427,LOW,61,68430,41,1121.8032786885246,1.4878048780487805,9,52,75.2637416362849,14.754098360655737
PRV55599,0,0.2452832624173012,24.446907398350625,LOW,1,100,1,100.0,1.0,0,1,74.16563997262149,0.0
PRV54781,1,0.46533363510852604,46.475683702183176,MEDIUM,205,776560,127,3788.0975609756097,1.6141732283464567,71,134,79.06159802121472,35.12195121951219
PRV53819,0,0.03654507253376299,3.550569733593946,LOW,53,17930,40,338.3018867924528,1.325,0,53,73.8974674880219,7.547169811320755
PRV52786,0,0.14825243553932546,14.733357024727155,LOW,2,120,2,60.0,1.0,0,2,74.0,0.0
PRV52452,0,0.1927042352970651,19.183332460760823,LOW,274,87650,134,319.8905109489051,2.044776119402985,2,272,74.65947980835045,4.014598540145985
PRV54861,0,0.022124047518327306,2.106911491838674,LOW,43,6450,32,150.0,1.34375,0,43,71.27369952087611,0.0
PRV52892,0,0.2196275478522229,21.878568203296737,LOW,36,108690,22,3019.1666666666665,1.6363636363636365,7,29,77.82482475394745,19.444444444444446
PRV55549,0,0.04680778147928017,4.577947769210219,LOW,28,7300,11,260.7142857142857,2.5454545454545454,0,28,76.91021093895837,0.0
PRV57242,0,0.07045376017723821,6.945096567242132,LOW,103,31900,44,309.70873786407765,2.340909090909091,0,103,80.72515711530085,0.9708737864077669
PRV51229,0,0.021546802788760363,2.049124745719231,LOW,47,12410,44,264.0425531914894,1.0681818181818181,0,47,75.87922344595856,2.127659574468085
PRV57640,0,0.21402184392243942,21.3173930669656,LOW,15,48130,9,3208.6666666666665,1.6666666666666667,5,10,75.55998826635377,33.33333333333333
PRV56759,0,0.23782268399081521,23.700044708484285,LOW,11,28260,9,2569.090909090909,1.2222222222222223,2,9,76.03011635865845,18.181818181818183
PRV53318,0,0.03001890513351862,2.897248950615419,LOW,21,9420,19,448.57142857142856,1.105263157894737,0,21,77.00032421917216,9.523809523809524
PRV55695,0,0.016554633490140556,1.549369260621878,LOW,73,15150,51,207.53424657534248,1.4313725490196079,0,73,75.80067372602703,2.73972602739726
PRV52167,0,0.16253911428420326,16.163566146150664,LOW,80,116390,65,1454.875,1.2307692307692308,9,71,76.1207614185027,11.25
PRV54953,0,0.03332242193573611,3.22795701423736,LOW,102,28200,84,276.47058823529414,1.2142857142857142,0,102,76.65574785697989,3.9215686274509802
PRV57515,0,0.16873607435635052,16.78393068143217,LOW,88,167970,63,1908.75,1.3968253968253967,19,69,77.17217659137577,23.863636363636363
PRV56260,1,0.5513864306438797,55.090246631498054,HIGH,59,550510,49,9330.677966101695,1.2040816326530612,55,4,76.13384474319734,79.66101694915254
PRV51129,0,0.052730720054299955,5.170880593339239,LOW,96,22920,65,238.75,1.476923076923077,0,96,77.07685989575107,0.0
PRV53086,0,0.11225581752325577,11.129811907886145,LOW,4,1060,4,265.0,1.0,0,4,86.77275838466804,0.0
PRV56073,0,0.06213858798997001,6.112682307720699,LOW,12,2440,12,203.33333333333334,1.0,0,12,86.40885238421173,0.0
PRV53238,0,0.17885527083326022,17.796941988062255,LOW,195,143590,156,736.3589743589744,1.25,9,186,74.62969738452284,7.6923076923076925
PRV52715,0,0.12013198379096196,11.91827821549177,LOW,3,200,3,66.66666666666667,1.0,0,3,80.63883185033082,0.0
PRV55224,0,0.03043471765519987,2.9388750606393357,LOW,23,5800,23,252.17391304347825,1.0,0,23,74.37288337350832,4.3478260869565215
PRV52469,0,0.14017762055158686,13.925004414893921,LOW,184,104420,145,567.5,1.2689655172413794,6,178,76.3841569701118,7.065217391304348
PRV56720,0,0.15687721352175085,15.5967652640382,LOW,12,18750,10,1562.5,1.2,2,10,69.98608259183207,16.666666666666664
PRV51706,0,0.11359147760012812,11.263522006585534,LOW,2,330,2,165.0,1.0,0,2,82.95824777549623,0.0
PRV54566,1,0.45757272153888084,45.69875509784499,MEDIUM,308,755660,213,2453.4415584415583,1.4460093896713615,40,268,77.20616182693347,14.285714285714285
PRV55856,0,0.025436482116575017,2.4385122971154924,LOW,54,12120,40,224.44444444444446,1.35,0,54,79.21218343600273,0.0
PRV53940,0,0.08998150654769767,8.89997785761126,LOW,97,21890,93,225.6701030927835,1.043010752688172,0,97,78.25192643129982,3.0927835051546393
PRV52928,0,0.03440501304912234,3.3363329155077754,LOW,41,9260,23,225.85365853658536,1.7826086956521738,0,41,76.48233788649823,0.0
PRV54006,0,0.2016486060897186,20.07873445876778,LOW,1,90,1,90.0,1.0,0,1,83.41683778234086,0.0
PRV52679,0,0.024170137282635843,2.3117412004379885,LOW,53,16100,36,303.77358490566036,1.4722222222222223,0,53,76.47501711156741,3.7735849056603774
PRV51754,0,0.044924618932033075,4.389428358905597,LOW,9,2120,9,235.55555555555554,1.0,0,9,72.76903186554111,0.0
PRV57454,0,0.04879745060567051,4.777129327359166,LOW,42,5610,29,133.57142857142858,1.4482758620689655,0,42,69.86787509735892,0.0
PRV51795,0,0.009424552333893584,0.8355919518257099,LOW,36,7510,26,208.61111111111111,1.3846153846153846,0,36,77.33333333333334,0.0
PRV52123,1,0.6813584480373942,68.10146975238368,HIGH,256,1447140,140,5652.890625,1.8285714285714285,162,94,77.45458636887851,60.546875
PRV57186,0,0.020550920305633148,1.9494290616019483,LOW,42,11860,36,282.3809523809524,1.1666666666666667,0,42,74.32162141607726,4.761904761904762
PRV57033,0,0.2928816327424553,29.211879343165766,LOW,53,217330,34,4100.566037735849,1.5588235294117647,17,36,75.47645588009331,35.84905660377358
PRV54037,0,0.06979986750775057,6.879636758350685,LOW,17,10510,16,618.2352941176471,1.0625,0,17,73.94301848049281,17.647058823529413
PRV54895,1,0.7232833395918564,72.29848176522685,HIGH,3436,1057610,1466,307.80267753201394,2.3437926330150067,3,3433,76.89326249214312,3.317811408614668
PRV52147,0,0.2820445928824609,28.1270062572814,LOW,211,291500,193,1381.516587677725,1.0932642487046633,18,193,77.2996746369266,11.374407582938389
PRV57455,0,0.08652230610884988,8.553684635175214,LOW,6,2130,6,355.0,1.0,0,6,65.40360483686972,0.0
PRV53326,0,0.05349823106488273,5.247714493487097,LOW,102,31950,46,313.2352941176471,2.217391304347826,0,102,73.31577537719846,4.901960784313726
PRV52844,0,0.12220672124096191,12.125975783172622,LOW,129,46950,110,363.95348837209303,1.1727272727272726,2,127,75.89219712525667,4.651162790697675
PRV55776,0,0.15237031841690965,15.145589549699846,LOW,4,90,4,22.5,1.0,0,4,78.99863107460644,0.0
PRV51508,0,0.2525345376810155,25.172817192314124,LOW,202,239050,180,1183.4158415841584,1.1222222222222222,12,190,75.0095000555454,7.920792079207921
PRV52478,0,0.15462860873905518,15.371662206279524,LOW,55,31700,47,576.3636363636364,1.1702127659574468,5,50,75.29052808929606,9.090909090909092
PRV55145,1,0.4694073905353748,46.88349872161284,MEDIUM,14,143000,14,10214.285714285714,1.0,14,0,75.14324826439817,85.71428571428571
PRV55874,0,0.06193128895818959,6.091930041122633,LOW,10,1380,10,138.0,1.0,0,10,76.2258726899384,0.0
PRV52587,0,0.059048604516506974,5.803350612950198,LOW,137,38900,68,283.94160583941607,2.014705882352941,0,137,77.72098079478198,4.37956204379562
PRV55003,0,0.1267882409108744,12.584622004516358,LOW,76,77850,68,1024.342105263158,1.1176470588235294,5,71,78.71396022615397,7.894736842105263
PRV55792,1,0.5277670789463945,52.7257634060343,MEDIUM,1,7000,1,7000.0,1.0,1,0,69.99863107460644,100.0
PRV53623,1,0.3389342905713649,33.822113286888815,LOW,894,245450,395,274.5525727069351,2.2632911392405064,0,894,76.65468597024753,1.7897091722595078
PRV55486,0,0.029684643359644967,2.8637867130671224,LOW,15,5170,15,344.6666666666667,1.0,0,15,76.09436459046316,0.0
PRV53926,0,0.0218637933253516,2.0808579963181684,LOW,27,8840,26,327.4074074074074,1.0384615384615385,0,27,75.73695572052861,3.7037037037037033
PRV56291,0,0.025430624939490463,2.43792594753476,LOW,36,13150,26,365.27777777777777,1.3846153846153846,0,36,75.96767230032117,5.555555555555555
PRV55086,0,0.03234643389675881,3.1302529207477483,LOW,78,14690,60,188.33333333333334,1.3,0,78,80.6694957791467,2.564102564102564
PRV53727,0,0.05526931207189934,5.425013658411853,LOW,20,7230,17,361.5,1.1764705882352942,0,20,76.26589362644441,10.0
PRV51634,0,0.1227983694760564,12.185204433695029,LOW,119,71090,111,597.3949579831933,1.072072072072072,5,114,77.23064032665391,6.722689075630252
PRV56801,0,0.02928219181803741,2.8234981424331362,LOW,25,8210,24,328.4,1.0416666666666667,0,25,78.4098790782569,8.0
PRV52019,1,1.0,100.0,CRITICAL,1961,5996050,1288,3057.6491585925546,1.5225155279503106,516,1445,76.91535162198711,27.027027027027028
PRV53719,0,0.11455324982464585,11.35980298502709,LOW,5,770,5,154.0,1.0,0,5,69.86666666666666,0.0
PRV55963,0,0.045849490799702027,4.482015320851696,LOW,47,8530,43,181.48936170212767,1.0930232558139534,0,47,74.98916002101141,0.0
PRV57128,0,0.0360569783350181,3.501707658116178,LOW,60,20130,56,335.5,1.0714285714285714,0,60,73.2010364720837,3.3333333333333335
PRV52102,0,0.06508193031056367,6.407334067556353,LOW,15,1910,15,127.33333333333333,1.0,0,15,82.38996121378051,0.0
PRV54408,0,0.17138075999271538,17.048684553761166,LOW,106,53140,27,501.3207547169811,3.925925925925926,2,104,73.7046054561455,9.433962264150944
PRV51501,1,0.8379530078311472,83.7778191532283,CRITICAL,233,2071310,207,8889.742489270386,1.1256038647342994,223,10,79.02823960610274,87.98283261802575
PRV56586,0,0.10928568039915555,10.832477777076372,LOW,4,370,4,92.5,1.0,0,4,75.39698836413416,0.0
PRV55059,0,0.053490669256101506,5.246957496841026,LOW,153,51910,84,339.281045751634,1.8214285714285714,0,153,76.57533978683875,3.2679738562091507
PRV55706,1,0.6422126687119982,64.18266877308078,HIGH,1,12000,1,12000.0,1.0,1,0,60.83504449007529,100.0
PRV52720,0,0.040807351818696706,3.977257476786341,LOW,50,15050,24,301.0,2.0833333333333335,0,50,78.1073465662788,4.0
PRV56306,0,0.1042589439494851,10.329261847769617,LOW,7,1400,5,200.0,1.4,0,7,66.01560574948665,0.0
PRV51265,0,0.09292572030056734,9.194716854684632,LOW,160,45770,84,286.0625,1.9047619047619047,0,160,73.46259900264006,3.75
PRV52291,1,0.4365020972226177,43.58941956721915,LOW,18,128000,16,7111.111111111111,1.125,17,1,75.41764303257237,88.88888888888889
PRV56731,1,0.4040581642693621,40.34152622033228,LOW,20,109700,16,5485.0,1.25,4,16,75.54140999315537,25.0
PRV54345,0,0.09111202240939759,9.013151403835003,LOW,167,47280,139,283.1137724550898,1.2014388489208634,0,167,77.91308801008473,3.592814371257485
PRV56712,1,0.34778201091001043,34.70783981284377,LOW,4,5310,2,1327.5,2.0,2,2,88.91718001368926,25.0
PRV51338,0,0.18554995037960828,18.46713216474186,LOW,128,113860,118,889.53125,1.0847457627118644,7,121,79.09940164712636,8.59375
PRV55848,0,0.15379528682551338,15.288240116155402,LOW,39,34010,29,872.0512820512821,1.3448275862068966,3,36,78.08376112251882,7.6923076923076925
PRV53421,1,0.6242394351536351,62.38340646476701,HIGH,129,999910,77,7751.240310077519,1.6753246753246753,95,34,76.28894281625287,71.31782945736434
PRV53746,1,0.3798730728457991,37.920407990257786,LOW,6,35000,6,5833.333333333333,1.0,6,0,76.61236595938855,83.33333333333334
PRV54207,0,0.02461093558529037,2.3558685840253415,LOW,41,6950,32,169.5121951219512,1.28125,0,41,75.0604893908282,2.4390243902439024
PRV56456,0,0.17596388074990776,17.50749105655819,LOW,46,114710,28,2493.695652173913,1.6428571428571428,14,32,75.52960763638382,34.78260869565217
PRV56126,1,0.36885059805559023,36.81697140663128,LOW,6,31000,6,5166.666666666667,1.0,6,0,77.36116814966918,83.33333333333334
PRV52441,0,0.07389698023152504,7.289790027258158,LOW,94,20410,53,217.12765957446808,1.7735849056603774,0,94,74.13986284917284,1.0638297872340425
PRV53101,0,0.1777363980992294,17.684934010666062,LOW,8,9410,6,1176.25,1.3333333333333333,2,6,71.80321697467488,25.0
PRV52254,0,0.04516338048656368,4.413330271955708,LOW,31,3960,30,127.74193548387096,1.0333333333333334,0,31,77.48683550079855,0.0
PRV51983,0,0.03414196371744059,3.3099996045770954,LOW,40,7050,39,176.25,1.0256410256410255,0,40,79.42533213991119,2.5
PRV51316,1,0.47384419137139694,47.3276574472994,MEDIUM,3,21000,3,7000.0,1.0,3,0,82.52977412731006,100.0
PRV57547,0,0.2201347444599695,21.929342580442604,LOW,86,234080,63,2721.860465116279,1.3650793650793651,18,68,78.33583725383168,24.418604651162788
PRV56452,0,0.09597291059540619,9.499764615064507,LOW,110,63150,78,574.0909090909091,1.4102564102564104,4,106,75.66274352681924,7.2727272727272725
PRV54927,0,0.06513773897740686,6.41292095487978,LOW,102,22600,94,221.5686274509804,1.0851063829787233,0,102,78.86198610686355,3.9215686274509802
PRV51238,1,0.6317597645796851,63.13625070052772,HIGH,8,132000,8,16500.0,1.0,8,0,77.46988364134154,100.0
PRV54737,0,0.2733103560396272,27.252640323507414,LOW,35,169510,22,4843.142857142857,1.5909090909090908,13,22,80.73108438447247,37.142857142857146
PRV57197,0,0.24294966707104781,24.21329611545399,LOW,100,115540,46,1155.4,2.1739130434782608,8,92,73.90193018480494,9.0
PRV54278,0,0.03659693251675454,3.5557613265481844,LOW,61,19690,27,322.78688524590166,2.259259259259259,0,61,74.49124141252821,3.278688524590164
PRV57410,0,0.0882207554932573,8.723712802339437,LOW,241,57710,125,239.46058091286307,1.928,0,241,74.08948391512662,2.0746887966804977
PRV54637,1,0.5987762421101304,59.834340191092664,HIGH,13,226000,12,17384.615384615383,1.0833333333333333,13,0,71.43782797170887,100.0
PRV55765,0,0.21787144358927144,21.70276832846968,LOW,20,20790,7,1039.5,2.857142857142857,2,18,73.35386721423683,15.0
PRV54050,0,0.24180235505963343,24.09844114229013,LOW,1,500,1,500.0,1.0,0,1,87.99726214921287,0.0
PRV53024,0,0.10196887193783596,10.100007593630842,LOW,26,13800,17,530.7692307692307,1.5294117647058822,2,24,80.66745920242083,7.6923076923076925
PRV51136,1,0.7518295751007673,75.15618488407004,CRITICAL,1,20000,1,20000.0,1.0,1,0,74.50239561943874,100.0
PRV53424,1,0.3363550763750624,33.563913621625154,LOW,263,452390,113,1720.1140684410645,2.327433628318584,37,226,74.60308281998631,16.730038022813687
PRV56575,1,0.6029520100610508,60.25236746804082,HIGH,830,1154530,459,1391.0,1.8082788671023966,113,717,77.34881561111781,15.060240963855422
PRV53266,1,0.5453864585898551,54.48960214909666,HIGH,257,974110,153,3790.3112840466924,1.6797385620915033,88,169,73.07562712393579,35.797665369649806
PRV51637,0,0.12796882221118172,12.702807495660473,LOW,34,43440,27,1277.6470588235295,1.2592592592592593,7,27,81.01485686677134,11.76470588235294
PRV52757,0,0.1915188973390072,19.064670790693405,LOW,1,50,1,50.0,1.0,0,1,83.50171115674196,0.0
PRV57346,0,0.24185452709934302,24.10366397458085,LOW,532,150430,447,282.7631578947368,1.1901565995525727,0,532,77.10626934143052,3.571428571428571
PRV53205,0,0.06527769148081718,6.4269313032971995,LOW,14,1280,10,91.42857142857143,1.4,0,14,68.55879534565366,0.0
PRV55783,1,0.33521832774140464,33.450116125814176,LOW,7,43040,4,6148.571428571428,1.75,4,3,72.86946318568495,57.14285714285714
PRV52395,0,0.3226155213856217,32.18847589945735,LOW,912,268430,444,294.3311403508772,2.054054054054054,0,912,75.67404776439683,3.618421052631579
PRV51598,1,0.49223358756733093,49.168580914996554,MEDIUM,422,779530,340,1847.2274881516587,1.2411764705882353,61,361,77.7639855971208,16.587677725118482
PRV55819,0,0.08194214499046283,8.095174415544564,LOW,198,48390,89,244.3939393939394,2.2247191011235956,0,198,79.34196217766805,1.0101010101010102
PRV56164,0,0.022029879041981792,2.0974844853086783,LOW,27,5570,27,206.2962962962963,1.0,0,27,74.77192181914974,0.0
PRV57552,0,0.03803010671066922,3.699233356774976,LOW,11,2340,11,212.72727272727272,1.0,0,11,80.68296932362641,0.0
PRV54808,0,0.04251593460544219,4.148300077375837,LOW,32,15140,32,473.125,1.0,0,32,73.58906570841889,6.25
PRV52161,0,0.08236699866735317,8.137705616449233,LOW,10,1660,10,166.0,1.0,0,10,83.3760438056126,0.0
PRV53781,1,0.5973002756276276,59.686584315574876,HIGH,393,963190,304,2450.8651399491096,1.292763157894737,79,314,76.91841979517777,20.10178117048346
PRV52529,0,0.05383886947904211,5.2818150829759345,LOW,12,2120,8,176.66666666666666,1.5,0,12,72.36516084873374,0.0
PRV51942,0,0.04628213041484631,4.525325955528796,LOW,53,11880,52,224.1509433962264,1.0192307692307692,0,53,78.62043910914548,1.8867924528301887
PRV56597,0,0.1327137740442201,13.17781456437893,LOW,191,52120,110,272.87958115183244,1.7363636363636363,0,191,76.65155870823222,2.094240837696335
PRV55794,0,0.03488826734729926,3.384710478800261,LOW,11,2560,11,232.72727272727272,1.0,0,11,77.35648061726091,0.0
PRV56587,1,0.4072053629111128,40.65658560430403,LOW,473,377970,325,799.0909090909091,1.4553846153846153,18,455,77.30737235175712,7.399577167019028
PRV53712,1,0.7474377507650087,74.71652866047478,CRITICAL,237,1882420,143,7942.700421940928,1.6573426573426573,161,76,77.87258204280083,62.869198312236286
PRV51200,0,0.027522124529277017,2.647301537493953,LOW,19,4420,16,232.6315789473684,1.1875,0,19,75.17060232717317,0.0
PRV56020,0,0.23983894564079772,23.901888387793957,LOW,155,195770,133,1263.032258064516,1.1654135338345866,15,140,79.10488928353405,12.903225806451612
PRV56234,0,0.03939551417089846,3.8359214029578377,LOW,70,21720,56,310.2857142857143,1.25,0,70,77.48557739317494,2.857142857142857
PRV52412,0,0.028170289199023257,2.712187928474634,LOW,63,20340,40,322.85714285714283,1.575,0,63,76.4778918548939,6.349206349206349
PRV51570,0,0.22109854755915825,22.025826865442028,LOW,1,0,1,0.0,1.0,0,1,73.99863107460644,0.0
PRV54591,0,0.0771006062535523,7.6104982366434815,LOW,45,8280,14,184.0,3.2142857142857144,0,45,75.8697565268407,0.0
PRV56261,0,0.027007197057005345,2.5957532398898975,LOW,69,24690,47,357.82608695652175,1.4680851063829787,0,69,74.82097659720098,5.797101449275362
PRV54689,0,0.06076985907295175,5.975661757540169,LOW,20,2070,20,103.5,1.0,0,20,80.87515400410678,0.0
PRV51126,1,0.4547172981878914,45.4129047196684,MEDIUM,20,177000,14,8850.0,1.4285714285714286,20,0,72.9222645937225,90.0
PRV51217,0,0.08700395453849513,8.601901438373433,LOW,5,2930,5,586.0,1.0,0,5,74.39945242984257,20.0
PRV56045,0,0.04606007378466381,4.503096337040775,LOW,120,27980,49,233.16666666666666,2.4489795918367347,0,120,76.60718825517887,1.6666666666666667
PRV56475,0,0.02427417647098712,2.322156343020994,LOW,34,11180,18,328.8235294117647,1.8888888888888888,0,34,72.6902426040003,5.88235294117647
PRV55175,0,0.2806737054616641,27.98976962386362,LOW,304,254600,247,837.5,1.2307692307692308,23,281,77.04426961165073,7.894736842105263
PRV56802,1,0.5820125386478491,58.15616137649662,HIGH,13,185000,11,14230.76923076923,1.1818181818181819,13,0,83.24310870512103,92.3076923076923
PRV56239,0,0.07193281724059913,7.093161834257608,LOW,125,54830,55,438.64,2.272727272727273,0,125,74.18022525045113,7.199999999999999
PRV53436,0,0.14597467007115042,14.505334752565727,LOW,18,16420,15,912.2222222222222,1.2,3,15,72.51867062134004,16.666666666666664
PRV53246,0,0.16800572631427999,16.710817087276666,LOW,109,56490,99,518.256880733945,1.101010101010101,2,107,74.32668523525864,5.5045871559633035
PRV57053,0,0.05439647934993132,5.337636225019004,LOW,23,11400,16,495.6521739130435,1.4375,0,23,75.9840862422998,8.695652173913043
PRV51040,0,0.20949833101982157,20.86455378012152,LOW,86,74470,62,865.9302325581396,1.3870967741935485,9,77,74.6086956521739,8.13953488372093
PRV55603,1,0.44704105897696306,44.6444526858719,MEDIUM,2,15000,2,7500.0,1.0,2,0,71.50171115674195,100.0
PRV56866,0,0.08407261054826151,8.308450805953688,LOW,68,27180,23,399.70588235294116,2.9565217391304346,0,68,81.2472695890248,5.88235294117647
PRV52397,0,0.12285719066066547,12.191092897785467,LOW,8,1010,8,126.25,1.0,0,8,86.08384668035592,0.0
PRV54102,0,0.28879964171554817,28.803239875273718,LOW,23,100720,11,4379.130434782609,2.090909090909091,9,14,78.80584074834589,34.78260869565217
PRV53698,0,0.04323103127964291,4.219886889426761,LOW,77,30550,72,396.75324675324674,1.0694444444444444,0,77,79.20621340025858,7.792207792207792
PRV57392,0,0.1117984076310396,11.084021573284309,LOW,2,70,2,35.0,1.0,0,2,80.16563997262149,0.0
PRV53380,1,0.35907405169137957,35.83826207636605,LOW,4,22000,4,5500.0,1.0,4,0,71.6043805612594,100.0
PRV56919,0,0.16163569200842817,16.073126457375977,LOW,2,30,2,15.0,1.0,0,2,81.1252566735113,0.0
PRV55435,1,0.7260623276881825,72.57668037210165,HIGH,151,1250050,113,8278.476821192053,1.336283185840708,128,23,77.32234075949627,78.80794701986756
PRV55958,0,0.027331625906131463,2.6282311241874963,LOW,30,8020,28,267.3333333333333,1.0714285714285714,0,30,76.59225579348784,3.3333333333333335
PRV51497,1,0.37048908147565235,36.98099650823261,LOW,15,104190,11,6946.0,1.3636363636363635,4,11,78.34962354551678,26.666666666666668
PRV55785,0,0.07383806594560373,7.283892242992727,LOW,9,4570,8,507.77777777777777,1.125,0,9,76.58350444900753,0.0
PRV54645,0,0.17966226997981571,17.877728961787582,LOW,2,1010,2,505.0,1.0,0,2,88.37645448323067,0.0
PRV53261,0,0.09036580529451839,8.93844919044302,LOW,194,41550,101,214.17525773195877,1.9207920792079207,0,194,74.03763867146468,0.5154639175257731
PRV53672,0,0.2150249234964798,21.417809236596387,LOW,487,142060,377,291.7043121149897,1.2917771883289124,0,487,77.32061721469071,2.8747433264887063
PRV54688,1,0.4618726800754873,46.12921483104241,MEDIUM,1032,401660,470,389.20542635658916,2.195744680851064,11,1021,75.87022245749145,3.5852713178294575
PRV54436,0,0.2301172497664396,22.928670023784946,LOW,2,2200,2,1100.0,1.0,0,2,79.95893223819301,50.0
PRV51101,1,0.4354676335175608,43.485861598766604,LOW,3,16600,3,5533.333333333333,1.0,3,0,60.695414099931554,66.66666666666666
PRV53478,0,0.06842567976519877,6.74206973671869,LOW,149,50680,93,340.13422818791946,1.6021505376344085,0,149,71.94830466685802,3.3557046979865772
PRV51350,0,0.24977097360401515,24.896162651315127,LOW,239,213380,212,892.8033472803347,1.1273584905660377,21,218,78.98705421416602,10.460251046025103
PRV52870,1,0.4263470096356427,42.57281527764951,LOW,589,453380,215,769.7453310696095,2.73953488372093,35,554,76.0597224814884,9.168081494057725
PRV56715,0,0.19525237835914266,19.438421660647958,LOW,13,18670,10,1436.1538461538462,1.3,3,10,75.44906018006634,15.384615384615385
PRV51203,0,0.0768359230109133,7.584001358350759,LOW,21,15340,20,730.4761904761905,1.05,0,21,69.69568788501027,9.523809523809524
PRV57429,0,0.05571491087934525,5.469621610356812,LOW,154,41490,80,269.4155844155844,1.925,0,154,76.03754277891855,3.2467532467532463
PRV56143,0,0.02029348791642694,1.9236580508745902,LOW,29,5220,24,180.0,1.2083333333333333,0,29,75.77800593201003,0.0
PRV55602,0,0.08159104188157508,8.060026227651598,LOW,5,780,4,156.0,1.25,0,5,72.83299110198494,0.0
PRV55144,1,0.6819036547050614,68.15604923604695,HIGH,2,41000,2,20500.0,1.0,2,0,64.16700889801506,100.0
PRV52772,0,0.04537472058577385,4.434487081247112,LOW,12,2050,12,170.83333333333334,1.0,0,12,76.8478211270819,0.0
PRV53142,1,0.3320798215884429,33.13592692846703,LOW,111,394050,64,3550.0,1.734375,39,72,76.20586961684057,34.234234234234236
PRV57565,0,0.1510902869293693,15.017448311146001,LOW,6,6340,6,1056.6666666666667,1.0,0,6,80.33401779603012,16.666666666666664
PRV56667,0,0.02912666239059652,2.8079284211740587,LOW,32,6300,28,196.875,1.1428571428571428,0,32,75.7805808154884,3.125
PRV51475,0,0.12391664651836973,12.29715277765625,LOW,43,73130,32,1700.6976744186047,1.34375,11,32,76.03233271405756,23.25581395348837
PRV57638,1,0.3737628687766154,37.30872841451044,LOW,9,72400,8,8044.444444444444,1.125,9,0,77.62559890485969,88.88888888888889
PRV56031,0,0.24804503323156912,24.72338241961919,LOW,19,61570,10,3240.5263157894738,1.9,9,10,77.80309088944125,36.84210526315789
PRV57425,0,0.26894252004452457,26.81538552183999,LOW,124,345720,79,2788.064516129032,1.5696202531645569,32,92,74.07190246745414,24.193548387096776
PRV51121,1,0.48342647627877955,48.28691967495543,MEDIUM,7,81080,6,11582.857142857143,1.1666666666666667,6,1,69.77373618852059,85.71428571428571
PRV52771,0,0.08583459387055387,8.48483922094777,LOW,4,250,4,62.5,1.0,0,4,80.33333333333334,0.0
PRV57500,0,0.05232444122721187,5.130208881269634,LOW,79,26090,78,330.253164556962,1.0128205128205128,0,79,77.85517471349094,6.329113924050633
PRV57298,1,0.39239064978940946,39.17351608084818,LOW,3,14000,3,4666.666666666667,1.0,3,0,76.02829112480036,66.66666666666666
PRV51224,0,0.06873866981872492,6.7734025074389965,LOW,7,3130,7,447.14285714285717,1.0,0,7,79.72582379974577,0.0
PRV53837,0,0.049377460422264575,4.835192880478916,LOW,13,2490,13,191.53846153846155,1.0,0,13,81.7827620702364,0.0
PRV56068,0,0.04316336295748025,4.2131127571517455,LOW,41,15780,38,384.8780487804878,1.0789473684210527,0,41,82.32911848409525,12.195121951219512
PRV51865,0,0.028458071503536252,2.740997204881604,LOW,28,11670,27,416.7857142857143,1.037037037037037,0,28,78.95383679367252,7.142857142857142
PRV55160,1,0.5049473785034361,50.44133157240238,MEDIUM,10,120000,10,12000.0,1.0,10,0,71.52470910335387,80.0
PRV52507,0,0.03391437096351733,3.2872157764779546,LOW,29,7250,24,250.0,1.2083333333333333,0,29,75.59662331736253,0.0
PRV57105,0,0.10906436068472455,10.810321929661972,LOW,4,540,3,135.0,1.3333333333333333,0,4,69.83527264430755,0.0
PRV56563,0,0.27880296965380613,27.802494228094588,LOW,30,96890,21,3229.6666666666665,1.4285714285714286,8,22,80.71021877455826,30.0
PRV56285,1,0.5107787390586077,51.0250967151096,MEDIUM,13,140000,12,10769.23076923077,1.0833333333333333,13,0,77.45083276294775,100.0
PRV53280,0,0.039598543045624345,3.8562461931858962,LOW,15,2030,11,135.33333333333334,1.3636363636363635,0,15,72.37234770704997,0.0
PRV56049,0,0.11067779499620456,10.97183941810719,LOW,149,32580,101,218.65771812080536,1.4752475247524752,0,149,75.58934948936371,0.0
PRV55518,0,0.27869148161657786,27.791333397042052,LOW,235,205770,190,875.6170212765958,1.236842105263158,11,224,78.01240287680703,7.659574468085106
PRV54142,0,0.1450130794826648,14.409071957322276,LOW,28,9940,7,355.0,4.0,0,28,71.42935367165346,3.571428571428571
PRV55631,0,0.15270554630389235,15.17914850278333,LOW,2,400,2,200.0,1.0,0,2,91.29226557152634,0.0
PRV53126,0,0.01202669877861789,1.0960873158625588,LOW,34,11820,25,347.6470588235294,1.36,0,34,80.0,2.941176470588235
PRV55521,0,0.24548449655583457,24.467052521343287,LOW,615,157650,258,256.3414634146341,2.383720930232558,0,615,76.5854543718065,2.7642276422764227
PRV54558,0,0.19420290063489948,19.333360670564343,LOW,73,197970,55,2711.917808219178,1.3272727272727274,15,58,77.55831324584115,23.28767123287671
PRV52825,0,0.025731368296373743,2.468032727417117,LOW,22,5870,21,266.8181818181818,1.0476190476190477,0,22,80.18317525504384,0.0
PRV57432,0,0.01637540223518234,1.531426799657861,LOW,48,13420,41,279.5833333333333,1.170731707317073,0,48,74.86405903073404,4.166666666666666
PRV55322,0,0.004494513909748633,0.3420562568547231,LOW,28,7270,24,259.64285714285717,1.1666666666666667,0,28,77.30595482546201,3.571428571428571
PRV56915,1,0.4483425227022207,44.77473946030733,MEDIUM,4,30900,4,7725.0,1.0,4,0,85.1245722108145,75.0
PRV52719,0,0.0635178170054878,6.25075400050183,LOW,63,10840,33,172.06349206349208,1.9090909090909092,0,63,77.46765395225354,1.5873015873015872
PRV55445,0,0.13520245777006307,13.426951416169272,LOW,133,56500,39,424.812030075188,3.41025641025641,0,133,76.613699784131,6.015037593984962
PRV55496,0,0.28885820698643155,28.80910272038361,LOW,86,277440,45,3226.046511627907,1.9111111111111112,41,45,75.37640183225399,40.69767441860465
PRV56999,0,0.04500599953922558,4.3975751989649385,LOW,8,2350,8,293.75,1.0,0,8,76.50102669404518,0.0
PRV53292,0,0.20040834028474444,19.954574078392483,LOW,41,33700,32,821.9512195121952,1.28125,5,36,73.64059841595775,9.75609756097561
PRV57427,0,0.24669895740382805,24.588629622181703,LOW,30,113590,15,3786.3333333333335,2.0,14,16,78.44419093974193,46.666666666666664
PRV54625,0,0.10543105644596139,10.446599544916053,LOW,16,7290,7,455.625,2.2857142857142856,0,16,75.14266158208663,12.5
PRV52384,0,0.037526855400974134,3.6488539350530242,LOW,33,7880,32,238.78787878787878,1.03125,0,33,78.65391854893909,3.0303030303030303
PRV56186,0,0.07858113929544495,7.758711260740698,LOW,12,2660,10,221.66666666666666,1.2,0,12,64.19137577002053,0.0
PRV55097,0,0.09312821897955795,9.214988568141646,LOW,4,720,4,180.0,1.0,0,4,85.16700889801506,0.0
PRV55877,0,0.10414935261433751,10.318290891541373,LOW,4,1100,4,275.0,1.0,0,4,82.20807665982204,0.0
PRV51145,1,0.729696140911184,72.94045371018062,HIGH,202,1606350,125,7952.227722772277,1.616,161,41,76.62587949205215,72.27722772277228
PRV51364,0,0.16059828986880104,15.969274328468064,LOW,23,55830,17,2427.391304347826,1.3529411764705883,6,17,75.54730232419725,26.08695652173913
PRV57203,0,0.1532390692603814,15.232558354890003,LOW,47,45610,45,970.4255319148937,1.0444444444444445,2,45,76.50353153625468,6.382978723404255
PRV51122,0,0.10392813404219975,10.296145169267527,LOW,7,1120,7,160.0,1.0,0,7,70.15547081255501,0.0
PRV55587,0,0.10301098170845367,10.204330993497054,LOW,7,1730,7,247.14285714285714,1.0,0,7,82.79769238290798,0.0
PRV57104,1,0.3578292288362459,35.71364549936022,LOW,135,161630,55,1197.2592592592594,2.4545454545454546,10,125,73.24617093614299,8.148148148148149
PRV56083,0,0.1983286692520375,19.746382620206013,LOW,3,3570,3,1190.0,1.0,0,3,82.1117955738079,33.33333333333333
PRV53922,0,0.028400632691454524,2.7352471271742522,LOW,55,13530,51,246.0,1.0784313725490196,0,55,77.92825220437251,0.0
PRV51210,0,0.0614475379573057,6.043502753975161,LOW,9,2890,9,321.1111111111111,1.0,0,9,84.1116434709864,0.0
PRV57367,0,0.07669556318760108,7.569950234001476,LOW,11,8070,8,733.6363636363636,1.375,0,11,80.4801505817933,9.090909090909092
PRV56839,0,0.1496227347223926,14.87053477091288,LOW,12,17870,10,1489.1666666666667,1.2,2,10,77.56217202829113,16.666666666666664
PRV51671,0,0.02866919184767129,2.762132014958317,LOW,39,8490,39,217.69230769230768,1.0,0,39,77.26923954439356,0.0
PRV53845,0,0.04753635690250445,4.650883910250973,LOW,20,9160,18,458.0,1.1111111111111112,0,20,81.46353334854362,10.0
PRV54727,0,0.06181088449057654,6.079876605127087,LOW,59,24270,59,411.35593220338984,1.0,0,59,81.3960254759336,3.389830508474576
PRV54217,0,0.028202045612157094,2.7153669956699398,LOW,30,5260,14,175.33333333333334,2.142857142857143,0,30,78.63146572797497,0.0
PRV54304,0,0.23003813385156865,22.920749897272774,LOW,1,50,1,50.0,1.0,0,1,79.33196440793976,0.0
PRV51382,0,0.05921194150508667,5.819701932602871,LOW,16,6840,16,427.5,1.0,0,16,76.03165639972622,6.25
PRV55236,1,0.35880682316307266,35.81151039492111,LOW,54,237260,21,4393.7037037037035,2.5714285714285716,20,34,77.61916495550993,40.74074074074074
PRV54089,0,0.15809094722286562,15.718269571744134,LOW,41,91230,34,2225.121951219512,1.2058823529411764,7,34,74.46753810453916,19.51219512195122
PRV57074,1,0.4022761929817485,40.16313685250432,LOW,7,59000,7,8428.57142857143,1.0,7,0,86.71360125158893,100.0
PRV51340,0,0.1550922844522664,15.418079798937647,LOW,151,43210,141,286.158940397351,1.070921985815603,0,151,78.33761972029262,3.9735099337748347
PRV55281,0,0.12876810888005003,12.782822389594973,LOW,190,54330,95,285.94736842105266,2.0,0,190,77.35030800821356,2.631578947368421
PRV54477,0,0.02375575927053711,2.270258696127221,LOW,100,34310,60,343.1,1.6666666666666667,0,100,75.52311202372805,5.0
PRV54924,0,0.2837623214514897,28.29896442274624,LOW,173,279220,130,1613.9884393063585,1.3307692307692307,21,152,78.76192105863564,16.184971098265898
PRV52576,0,0.13929062166111505,13.836208836404404,LOW,26,49850,23,1917.3076923076924,1.1304347826086956,3,23,79.22792607802874,11.538461538461538
PRV57051,0,0.10903697610640026,10.807580517581169,LOW,3,1470,3,490.0,1.0,0,3,74.38831850330824,0.0
PRV51660,0,0.1406685316778408,13.974148487012739,LOW,3,180,3,60.0,1.0,0,3,62.52703627652293,0.0
PRV53569,0,0.018136936315181356,1.7077702419583487,LOW,14,3790,11,270.7142857142857,1.2727272727272727,0,14,75.76653599651546,0.0
PRV55056,0,0.05079707808942735,4.977307795552378,LOW,100,40290,91,402.9,1.098901098901099,0,100,78.90955314363939,5.0
PRV51666,0,0.2533884572532312,25.2583012703811,LOW,1,50,1,50.0,1.0,0,1,52.082135523613964,0.0
PRV54691,0,0.14326782761283982,14.234358492564064,LOW,67,98310,59,1467.313432835821,1.1355932203389831,7,60,76.18816501773381,11.940298507462686
PRV56395,1,0.5062168894983697,50.568419626744785,MEDIUM,7,107000,7,15285.714285714286,1.0,7,0,73.01261366969786,100.0
PRV53873,0,0.13877940141974593,13.78503166182668,LOW,82,116650,63,1422.560975609756,1.3015873015873016,14,68,79.74458734104255,18.29268292682927
PRV53248,0,0.1371572502305145,13.622641545229527,LOW,57,88890,35,1559.4736842105262,1.6285714285714286,5,52,74.42124291405607,10.526315789473683
PRV51875,0,0.16220798072634748,16.13041706767611,LOW,1,50,1,50.0,1.0,0,1,77.50308008213553,0.0
PRV51652,0,0.028859569513240733,2.781190319458259,LOW,64,17600,49,275.0,1.3061224489795917,0,64,76.24646244534775,3.125
PRV51898,0,0.09493404652622046,9.395766135487769,LOW,59,12520,48,212.20338983050848,1.2291666666666667,1,58,78.40109514031485,1.694915254237288
PRV55304,0,0.13942924358936745,13.850085983763579,LOW,204,76330,122,374.1666666666667,1.6721311475409837,0,204,75.4416804120241,3.9215686274509802
PRV55076,0,0.06623217762531511,6.522482887714448,LOW,5,770,5,154.0,1.0,0,5,68.13196440793976,0.0
PRV53162,0,0.09408377831700539,9.310647587629903,LOW,5,1350,5,270.0,1.0,0,5,77.8009582477755,0.0
PRV53334,0,0.04109634884404734,4.006188356321161,LOW,29,9340,14,322.0689655172414,2.0714285714285716,0,29,70.95863889703726,0.0
PRV53253,0,0.07753306294037617,7.653790558754234,LOW,110,35600,94,323.6363636363636,1.1702127659574468,0,110,73.70393347605109,2.727272727272727
PRV55372,0,0.07687502175276356,7.587915450508145,LOW,12,2620,7,218.33333333333334,1.7142857142857142,0,12,74.12026987386331,0.0
PRV53469,0,0.03603241536668118,3.499248711429405,LOW,14,7460,13,532.8571428571429,1.0769230769230769,0,14,74.14773864055178,7.142857142857142
PRV56624,1,0.47299235601638895,47.242382015798555,MEDIUM,22,187460,14,8520.90909090909,1.5714285714285714,7,15,75.36872983279554,36.36363636363637
PRV54066,0,0.06057828275980004,5.9564834589718965,LOW,148,41710,110,281.8243243243243,1.3454545454545455,0,148,75.44737726339369,1.3513513513513513
PRV55462,1,0.9297417246087658,92.96659299796642,CRITICAL,1907,4713830,823,2471.85631882538,2.3171324422843256,386,1521,76.3898484787481,21.08023072889355
PRV55683,0,0.06322600337843937,6.221541156942234,LOW,28,4100,10,146.42857142857142,2.8,0,28,75.81765913757701,0.0
PRV56539,0,0.3055389354789675,30.478975086665194,LOW,1,900,1,900.0,1.0,0,1,73.33333333333333,0.0
PRV53467,0,0.05669194886174068,5.567430811456134,LOW,10,850,9,85.0,1.1111111111111112,0,10,78.83458818161077,0.0
PRV57156,0,0.09600785175599279,9.50326250057565,LOW,215,70570,105,328.2325581395349,2.0476190476190474,0,215,78.58825983507708,4.186046511627907
PRV56377,0,0.1963734466861607,19.550649434203446,LOW,1,60,1,60.0,1.0,0,1,69.41820670773443,0.0
PRV56113,0,0.027636864381438312,2.6587879008455966,LOW,45,16260,30,361.3333333333333,1.5,0,45,71.71143052703628,6.666666666666667
PRV55957,0,0.24579461715277948,24.49809803684849,LOW,107,243440,78,2275.1401869158876,1.3717948717948718,22,85,77.07085557837098,22.429906542056074
PRV51629,1,0.4644933418930729,46.391563729803856,MEDIUM,22,213000,20,9681.818181818182,1.1,22,0,81.81738535249829,95.45454545454545
PRV53671,1,0.3499591648853314,34.925790081751714,LOW,55,253590,24,4610.727272727273,2.2916666666666665,31,24,80.42412879802399,56.36363636363636
PRV51379,0,0.10391785969540854,10.29511662619185,LOW,22,19340,20,879.0909090909091,1.1,2,20,75.26824715325742,13.636363636363635
PRV53471,0,0.16257071538325926,16.166729665182906,LOW,31,25720,25,829.6774193548387,1.24,1,30,76.78207760753962,3.225806451612903
PRV54530,0,0.16538059921147072,16.448021178277873,LOW,13,2580,4,198.46153846153845,3.25,0,13,84.66598220396989,0.0
PRV57630,1,0.4400875038195732,43.9483470205866,LOW,8,52000,8,6500.0,1.0,8,0,81.46988364134155,87.5
PRV54827,0,0.05788377847548692,5.68674234741222,LOW,17,2570,12,151.1764705882353,1.4166666666666667,0,17,76.57563312799452,0.0
PRV52209,0,0.06815660885267642,6.715133618095797,LOW,8,4960,8,620.0,1.0,0,8,83.64647501711157,12.5
PRV53620,0,0.13432787440717645,13.339398729825417,LOW,128,82850,117,647.265625,1.0940170940170941,6,122,76.52750754592071,10.15625
PRV54407,0,0.039757057232914034,3.8721147124257533,LOW,19,2540,16,133.68421052631578,1.1875,0,19,76.88021902806297,0.0
PRV51761,0,0.05824164212809727,5.722567319004918,LOW,11,1870,11,170.0,1.0,0,11,70.5758197996391,0.0
PRV53344,0,0.1226068558296174,12.166032408558515,LOW,3,630,3,210.0,1.0,0,3,68.19621263974447,0.0
PRV54705,0,0.22778478374986336,22.69517179568811,LOW,257,219740,112,855.0194552529183,2.294642857142857,20,237,78.3818611633565,9.72762645914397
PRV56686,1,0.3579533661760701,35.726072625279144,LOW,20,143000,13,7150.0,1.5384615384615385,15,5,77.34763099855502,75.0
PRV55428,1,0.5276390092852546,52.71294262376497,MEDIUM,1,7000,1,7000.0,1.0,1,0,70.91307323750856,100.0
PRV56062,0,0.016792216976873695,1.5731532398022854,LOW,25,6290,24,251.6,1.0416666666666667,0,25,74.12559890485969,0.0
PRV56818,0,0.28314673358919457,28.237339226896736,LOW,20,45540,13,2277.0,1.5384615384615385,4,16,80.15219229375529,20.0
PRV51721,0,0.08676047572987784,8.577527291017272,LOW,5,680,5,136.0,1.0,0,5,87.18247775496236,0.0
PRV57299,1,0.3352219631392119,33.450480057781625,LOW,6,40000,6,6666.666666666667,1.0,6,0,77.1129363449692,83.33333333333334
PRV55812,1,0.4604711782695202,45.98891345642767,MEDIUM,17,161000,16,9470.588235294117,1.0625,17,0,75.8956194387406,100.0
PRV56277,0,0.012583620416798532,1.1518395603882259,LOW,19,5470,17,287.89473684210526,1.1176470588235294,0,19,79.32842130692111,5.263157894736842
PRV53409,0,0.12159920492207082,12.06515861242164,LOW,34,28130,21,827.3529411764706,1.619047619047619,3,31,71.28069192956256,8.823529411764707
PRV53961,1,0.5750895484835562,57.463115507872544,HIGH,129,811460,92,6290.387596899225,1.4021739130434783,97,32,78.08767746351371,73.64341085271317
PRV51886,0,0.15637525395034105,15.546515155497506,LOW,18,2160,5,120.0,3.6,0,18,75.58494182067076,0.0
PRV56533,1,0.37434234438030123,37.36673848870847,LOW,15,93000,15,6200.0,1.0,15,0,73.66662103582021,73.33333333333333
PRV55141,0,0.1659556378408123,16.505587076380685,LOW,2,90,2,45.0,1.0,0,2,87.45790554414785,0.0
PRV57512,0,0.04366990255318549,4.263821362215014,LOW,108,24330,84,225.27777777777777,1.2857142857142858,0,108,76.33473485218865,0.9259259259259258
PRV57753,0,0.25169736590349145,25.089009700468434,LOW,1,80,1,80.0,1.0,0,1,92.16427104722793,0.0
PRV57031,0,0.23553948356772247,23.47147835450814,LOW,152,203600,131,1339.4736842105262,1.1603053435114503,15,137,78.62905426137034,12.5
PRV51371,0,0.14075721094499266,13.983025980447469,LOW,46,93130,34,2024.5652173913043,1.3529411764705883,11,35,78.55173777473571,21.73913043478261
PRV55371,0,0.13239633062206316,13.146035976366125,LOW,3,330,3,110.0,1.0,0,3,80.414328085786,0.0
PRV54070,1,0.5883715882109395,58.792752347087095,HIGH,1467,393990,1177,268.56850715746424,1.2463891248937977,0,1467,77.33540125971376,2.8629856850715747
PRV52673,0,0.06450415083688149,6.34949378933719,LOW,87,19470,52,223.79310344827587,1.6730769230769231,0,87,78.90543884589059,1.1494252873563218
PRV54392,0,0.05197212463850012,5.094939214484062,LOW,35,4860,33,138.85714285714286,1.0606060606060606,0,35,72.1312509074316,0.0
PRV56581,0,0.09878686421335613,9.78146354618225,LOW,7,2110,7,301.42857142857144,1.0,0,7,78.45233206218833,0.0
PRV51160,1,0.551941783183718,55.14584179691515,HIGH,114,872020,87,7649.298245614035,1.3103448275862069,90,24,76.6730632816875,71.05263157894737
PRV55187,0,0.053341336339324794,5.23200809512795,LOW,125,29270,101,234.16,1.2376237623762376,0,125,76.76334532837268,1.6
PRV54538,0,0.03183984860705233,3.079539741354887,LOW,48,21330,32,444.375,1.5,0,48,79.80475701574264,6.25
PRV51279,0,0.10201733375067701,10.104859002975425,LOW,224,59840,186,267.14285714285717,1.2043010752688172,0,224,74.00235514046204,1.7857142857142856
PRV56333,0,0.017679164416595672,1.6619436676663122,LOW,42,11600,33,276.1904761904762,1.2727272727272727,0,42,77.47993279820795,4.761904761904762
PRV53360,0,0.07405077680744888,7.305186276425507,LOW,20,2660,12,133.0,1.6666666666666667,0,20,79.88181610768879,0.0
PRV57072,1,0.4111505825037642,41.05153317386786,LOW,4,30000,4,7500.0,1.0,4,0,72.33401779603011,100.0
PRV56778,0,0.18933717577496711,18.84626327016207,LOW,38,122180,23,3215.2631578947367,1.6521739130434783,15,23,77.78760041788249,36.84210526315789
PRV52615,0,0.17076755779447253,16.98729818168233,LOW,9,18770,7,2085.5555555555557,1.2857142857142858,2,7,76.10190889040992,22.22222222222222
PRV51432,0,0.20065237543118022,19.979003919548216,LOW,23,59270,16,2576.9565217391305,1.4375,7,16,75.25066214326101,26.08695652173913
PRV57077,1,0.533557468600507,53.305427038694695,MEDIUM,3,29000,2,9666.666666666666,1.5,3,0,72.45585215605749,100.0
PRV55972,0,0.19218573521912713,19.131426517177434,LOW,110,152520,88,1386.5454545454545,1.25,19,91,76.4488028299654,17.272727272727273
PRV57364,0,0.23271277380517935,23.188502432798167,LOW,10,42650,7,4265.0,1.4285714285714286,3,7,74.83397977032475,30.0
PRV54846,0,0.1730158345094621,17.212368397278453,LOW,42,117930,33,2807.8571428571427,1.2727272727272727,9,33,76.57138945927447,19.047619047619047
PRV56038,0,0.25536911491336683,25.456580709747573,LOW,7,1450,6,207.14285714285714,1.1666666666666667,1,6,78.42964701280923,0.0
PRV56764,0,0.14324285873038323,14.231858910675307,LOW,201,95680,134,476.0199004975124,1.5,5,196,77.53043889323858,3.482587064676617
PRV54873,0,0.07174265127026529,7.074124722118907,LOW,8,420,8,52.5,1.0,0,8,67.68822724161532,0.0
PRV57013,0,0.027418678621972236,2.636945787018758,LOW,41,15650,31,381.7073170731707,1.3225806451612903,0,41,76.11560795743084,4.878048780487805
PRV57576,0,0.019537238747441912,1.847951549814005,LOW,22,4320,21,196.36363636363637,1.0476190476190477,0,22,75.00068446269678,0.0
PRV52472,0,0.19531842693259624,19.445033643313568,LOW,61,203810,40,3341.1475409836066,1.525,18,43,77.86423622368721,31.147540983606557
PRV51928,0,0.03328296966275988,3.224007530828437,LOW,30,7140,30,238.0,1.0,0,30,78.13588866073466,0.0
PRV52337,1,0.31957884071674014,31.88448023545168,LOW,773,205790,226,266.22250970245796,3.420353982300885,0,773,76.16274463484217,3.1047865459249677
PRV52483,0,0.17293803731936794,17.20458028550799,LOW,223,52110,61,233.67713004484304,3.6557377049180326,0,223,78.2225962455538,1.7937219730941705
PRV56541,1,0.6316738078169252,63.12764575123596,HIGH,54,584000,53,10814.814814814816,1.0188679245283019,54,0,76.10584634458176,94.44444444444444
PRV52651,1,0.4544294753400672,45.3840913845565,MEDIUM,4,33090,3,8272.5,1.3333333333333333,3,1,88.43737166324435,75.0
PRV53283,0,0.17792146538777234,17.703460704579868,LOW,97,100220,55,1033.1958762886597,1.7636363636363637,3,94,76.398093110943,11.34020618556701
PRV54382,1,0.4063125384840352,40.567206843695025,LOW,257,704830,153,2742.5291828793775,1.6797385620915033,66,191,77.04876316951007,24.90272373540856
PRV52717,0,0.18497146485428745,18.409221205189976,LOW,129,211130,78,1636.6666666666667,1.6538461538461537,20,109,75.48308118356975,16.27906976744186
PRV53298,0,0.11544008316323878,11.448581990468982,LOW,63,67130,53,1065.5555555555557,1.1886792452830188,8,55,75.92141021756936,15.873015873015872
PRV54489,0,0.03121555530930771,3.017043062818034,LOW,14,6300,14,450.0,1.0,0,14,76.38681920406766,7.142857142857142
PRV52295,1,0.36122606499835397,36.053695566263976,LOW,5,19000,5,3800.0,1.0,5,0,85.0984257357974,100.0
PRV53376,0,0.055358345129607966,5.433926569069185,LOW,74,28240,31,381.6216216216216,2.3870967741935485,0,74,74.22869885849286,4.054054054054054
PRV56851,0,0.10796845220027124,10.700612854606826,LOW,20,7380,7,369.0,2.857142857142857,0,20,81.34584922264594,0.0
PRV52493,0,0.024566565769059523,2.3514268157863802,LOW,16,3970,16,248.125,1.0,0,16,78.75017111567419,0.0
PRV56977,0,0.05635082293406255,5.533281418022462,LOW,8,1040,8,130.0,1.0,0,8,81.66563997262149,0.0
PRV55700,0,0.2217435110493357,22.09039279312257,LOW,30,83030,23,2767.6666666666665,1.3043478260869565,3,27,77.58047701784868,16.666666666666664
PRV57147,0,0.03893383954712538,3.7897041351210587,LOW,12,4160,12,346.6666666666667,1.0,0,12,70.53456536618755,8.333333333333332
PRV52842,1,0.3678746046905754,36.71926677996335,LOW,445,396510,246,891.0337078651686,1.8089430894308942,24,421,75.68909257943541,8.539325842696629
PRV56423,0,0.1731875307573185,17.229556544655704,LOW,12,15490,8,1290.8333333333333,1.5,2,10,82.39206023271731,16.666666666666664
PRV56427,0,0.04251874664892829,4.1485815850877055,LOW,23,10460,20,454.7826086956522,1.15,0,23,74.53333333333333,8.695652173913043
PRV54930,0,0.1466653487669337,14.57447713256334,LOW,211,93570,181,443.45971563981044,1.1657458563535912,5,206,77.66380369904249,6.161137440758294
PRV53456,0,0.26133665723199845,26.053978720089738,LOW,29,69670,22,2402.4137931034484,1.3181818181818181,5,24,73.92643293533095,17.24137931034483
PRV53740,0,0.029599852229913893,2.8552984528267453,LOW,47,12140,29,258.29787234042556,1.6206896551724137,0,47,76.1501097500531,0.0
PRV55567,0,0.20149705465454038,20.06356296588078,LOW,70,213870,45,3055.285714285714,1.5555555555555556,21,49,77.0091054279966,27.142857142857142
PRV51596,0,0.16589994347103426,16.500011631094143,LOW,50,41830,47,836.6,1.0638297872340425,3,47,77.08813141683778,6.0
PRV57151,0,0.2191977907012331,21.835546125995325,LOW,515,169030,231,328.2135922330097,2.2294372294372296,0,515,76.74669843047667,3.300970873786408
PRV52724,0,0.06558804793955071,6.458000430426032,LOW,24,5040,17,210.0,1.411764705882353,0,24,76.1277126867174,4.166666666666666
PRV56648,0,0.026085224069557475,2.5034564786971125,LOW,49,14940,48,304.8979591836735,1.0208333333333333,0,49,76.5884668035592,4.081632653061225
PRV55910,0,0.2254070488603848,22.45714179669493,LOW,372,98770,149,265.51075268817203,2.4966442953020134,0,372,77.92040939137945,3.225806451612903
PRV53762,1,0.6207532800295914,62.034414865939866,HIGH,618,1082730,500,1751.990291262136,1.236,84,534,77.38382382397144,15.6957928802589
PRV57474,0,0.08744241192299448,8.645794477607012,LOW,4,830,4,207.5,1.0,0,4,75.89596167008898,0.0
PRV56301,0,0.16202103240660823,16.111702067717022,LOW,3,1030,3,343.3333333333333,1.0,0,3,71.49897330595483,0.0
PRV56266,0,0.04982288470453542,4.879783361078592,LOW,30,9640,26,321.3333333333333,1.1538461538461537,0,30,71.69915231927553,3.3333333333333335
PRV56209,0,0.14787598084782674,14.695670943644304,LOW,189,57370,186,303.5449735449736,1.0161290322580645,0,189,78.55984632708486,4.761904761904762
PRV51007,0,0.11026718284319167,10.930733905965894,LOW,72,33710,56,468.19444444444446,1.2857142857142858,3,69,71.48726663362365,5.555555555555555
PRV54388,0,0.1302631823409347,12.932491024211826,LOW,76,48840,68,642.6315789473684,1.1176470588235294,6,70,79.46259364481074,10.526315789473683
PRV51661,0,0.08446945601699103,8.348178164516716,LOW,134,47570,89,355.0,1.5056179775280898,0,134,77.51879965238524,3.731343283582089
PRV52815,1,0.6194074006631488,61.899681735826476,HIGH,26,390000,24,15000.0,1.0833333333333333,26,0,83.72313483915127,96.15384615384616
PRV55588,0,0.2600081985050051,25.9209895332599,LOW,3,3800,3,1266.6666666666667,1.0,0,3,62.36276522929501,33.33333333333333
PRV52312,0,0.10359572636252987,10.262868541159294,LOW,214,79810,112,372.94392523364485,1.9107142857142858,0,214,77.8059303803657,6.5420560747663545
PRV51066,0,0.11082934933254046,10.987011201422932,LOW,24,24790,19,1032.9166666666667,1.263157894736842,2,22,72.08317851439001,12.5
PRV55556,0,0.12733978761715534,12.63983617600439,LOW,206,54080,181,262.5242718446602,1.138121546961326,0,206,76.8931897852451,1.4563106796116505
PRV56675,0,0.10845711847710965,10.749532199609732,LOW,323,98690,172,305.54179566563465,1.877906976744186,0,323,77.97564586218424,3.4055727554179565
PRV57325,0,0.016288360586438694,1.5227132447302305,LOW,41,11580,39,282.4390243902439,1.0512820512820513,0,41,78.41941768019797,4.878048780487805
PRV52733,0,0.21715057477106714,21.630603679319492,LOW,1,30,1,30.0,1.0,0,1,79.33196440793976,0.0
PRV54891,0,0.11912114548816581,11.817085335973733,LOW,50,83380,40,1667.6,1.25,6,44,78.31429282558646,14.000000000000002
PRV51515,0,0.23685043032031314,23.60271445470588,LOW,48,52800,43,1100.0,1.1162790697674418,5,43,75.73123431439653,14.583333333333334
PRV55674,0,0.06473344237759561,6.372447679380541,LOW,9,4990,8,554.4444444444445,1.125,0,9,76.68754277891856,11.11111111111111
PRV53504,0,0.056093474222815146,5.5075187841181625,LOW,4,730,4,182.5,1.0,0,4,79.45722108145105,0.0
PRV55919,0,0.0032087749552813095,0.21334365588663723,LOW,21,6050,19,288.0952380952381,1.105263157894737,0,21,75.13599193054505,0.0
PRV57103,1,0.7381207662886815,73.78382509653541,HIGH,2049,892770,783,435.71010248901905,2.6168582375478926,29,2020,75.95826480193148,4.5876037091264035
PRV57415,0,0.057705880105522994,5.668933318739267,LOW,86,39090,41,454.5348837209302,2.097560975609756,0,86,73.09787816563997,9.30232558139535
PRV51567,1,0.5594573595103396,55.898210209968646,HIGH,1632,465400,827,285.171568627451,1.973397823458283,0,1632,76.71533055741085,3.4926470588235294
PRV57119,0,0.07878871289392027,7.779491013628509,LOW,5,1330,4,266.0,1.25,0,5,74.04243668720055,0.0
PRV55999,0,0.13175483701748644,13.081817411576925,LOW,306,74190,120,242.45098039215685,2.55,0,306,78.71273100616015,2.941176470588235
PRV52962,0,0.05102580243895024,5.000204905288018,LOW,14,3520,9,251.42857142857142,1.5555555555555556,0,14,81.72241235074911,7.142857142857142
PRV52296,1,0.45809638413148135,45.751177849826725,MEDIUM,2,12000,2,6000.0,1.0,2,0,94.3750855578371,50.0
PRV54247,0,0.22961986103402174,22.878877492245568,LOW,70,47030,44,671.8571428571429,1.5909090909090908,4,66,74.85757472051107,10.0
PRV54745,1,0.36494713223101005,36.42620371827117,LOW,828,295740,493,357.17391304347825,1.6795131845841784,10,818,78.88594015450859,3.7439613526570046
PRV51424,0,0.09124227513777437,9.026190728337317,LOW,86,29670,81,345.0,1.0617283950617284,1,85,77.26148144438324,4.651162790697675
PRV54290,0,0.06458501001821391,6.357588430559101,LOW,6,3300,6,550.0,1.0,0,6,75.13848961898243,0.0
PRV51521,0,0.04229845682426867,4.126528837754955,LOW,46,8070,39,175.43478260869566,1.1794871794871795,0,46,74.10961933343863,0.0
PRV51702,0,0.050217949800807536,4.919332490329293,LOW,10,3230,10,323.0,1.0,0,10,73.86721423682408,10.0
PRV51934,0,0.08913159666851835,8.814895181413615,LOW,111,27270,111,245.67567567567568,1.0,0,111,77.65861960523152,3.6036036036036037
PRV54180,0,0.1613621435622792,16.045742102354083,LOW,2,150,2,75.0,1.0,0,2,62.459958932238195,0.0
PRV55049,1,0.46371648180050373,46.313793912878374,MEDIUM,148,725150,70,4899.6621621621625,2.1142857142857143,75,73,78.08914395362034,51.35135135135135
PRV52144,0,0.19001631032211677,18.914249989913536,LOW,134,123130,121,918.8805970149253,1.1074380165289257,12,122,75.81679043604906,11.940298507462686
PRV55333,0,0.052608555908542624,5.158650999695182,LOW,51,9500,31,186.27450980392157,1.6451612903225807,0,51,76.52169305159967,0.0
PRV53416,0,0.11790662264278517,11.695502028708326,LOW,87,50840,58,584.3678160919541,1.5,1,86,73.05755287184307,10.344827586206897
PRV54093,1,0.41042582384469195,40.978979120994836,LOW,89,514980,46,5786.29213483146,1.934782608695652,41,48,76.83249765213377,46.06741573033708
PRV54618,0,0.044055191003331655,4.302391772148515,LOW,32,10200,18,318.75,1.7777777777777777,0,32,73.87497148072096,3.125
PRV55474,0,0.052707919293500806,5.168598057513198,LOW,80,17430,74,217.875,1.0810810810810811,0,80,76.09956157389422,1.25
PRV56683,0,0.06542513217428422,6.441691278546253,LOW,167,54880,143,328.622754491018,1.167832167832168,0,167,77.7917797466052,3.592814371257485
PRV55790,1,0.41342917526987916,41.27963826507218,LOW,5,48000,5,9600.0,1.0,5,0,75.59972621492129,100.0
PRV56304,0,0.10174383071924427,10.077479194324496,LOW,15,12660,13,844.0,1.1538461538461537,0,15,77.49992102353498,13.333333333333334
PRV56281,0,0.062119983279295105,6.110819829576978,LOW,54,24130,24,446.85185185185185,2.25,0,54,74.7741273100616,5.555555555555555
PRV51574,1,0.7511976107026563,75.09292026793823,CRITICAL,4444,1281810,1715,288.4360936093609,2.5912536443148686,0,4444,77.06944123498623,2.947794779477948
PRV57568,0,0.1970078341411772,19.6141566174252,LOW,47,120350,28,2560.6382978723404,1.6785714285714286,18,29,77.5329583668125,34.04255319148936
PRV56118,1,0.3972992620217641,39.66490684518252,LOW,14,116000,14,8285.714285714286,1.0,14,0,77.81011049183533,100.0
PRV51358,0,0.21888487305265136,21.804220603580504,LOW,17,61210,10,3600.5882352941176,1.7,7,10,82.68148327092644,41.17647058823529
PRV54714,0,0.060084354132942844,5.90703731126478,LOW,10,2480,10,248.0,1.0,0,10,82.04298425735797,0.0
PRV56469,1,0.33319952533518327,33.24801809678383,LOW,131,430560,91,3286.7175572519086,1.4395604395604396,36,95,74.87587466978918,28.24427480916031
PRV57330,0,0.20588480289964237,20.502811140681715,LOW,34,75570,18,2222.6470588235293,1.8888888888888888,12,22,79.83582673315733,32.35294117647059
PRV57098,1,0.5620506587529717,56.157819899360085,HIGH,49,490000,47,10000.0,1.0425531914893618,49,0,78.20973684593764,95.91836734693877
PRV54865,0,0.0736931310857253,7.2693831214318685,LOW,6,610,6,101.66666666666667,1.0,0,6,78.83458818161077,0.0
PRV52335,0,0.20524746709144093,20.439008804073122,LOW,242,109870,85,454.0082644628099,2.847058823529412,2,240,76.46228767888472,5.371900826446281
PRV54320,0,0.08843304580129205,8.74496473502183,LOW,102,21760,44,213.33333333333334,2.3181818181818183,0,102,77.99085308941572,0.9803921568627451
PRV52440,0,0.06018285318023984,5.9168978420719265,LOW,12,4980,8,415.0,1.5,0,12,80.04175222450377,0.0
PRV51205,0,0.05902225358914013,5.800712677475409,LOW,10,4660,10,466.0,1.0,0,10,78.3501711156742,10.0
PRV57210,0,0.27618513119080756,27.540427969375347,LOW,43,137020,31,3186.5116279069766,1.3870967741935485,10,33,80.53364623056615,23.25581395348837
PRV52197,1,0.5587181948039142,55.82421399823587,HIGH,10,114000,10,11400.0,1.0,10,0,81.68323066392881,90.0
PRV57217,0,0.15609811491506828,15.51877135421047,LOW,62,119060,50,1920.3225806451612,1.24,9,53,74.94963978700449,14.516129032258066
PRV51823,0,0.28981795306401004,28.905180865550506,LOW,11,44530,8,4048.181818181818,1.375,8,3,75.58409557588203,63.63636363636363
PRV54420,0,0.31270948578304153,31.19680367605583,LOW,1,300,1,300.0,1.0,0,1,49.91375770020534,0.0
PRV53895,1,0.5013268279049016,50.078885927542075,MEDIUM,1273,401380,576,315.30243519245874,2.2100694444444446,0,1273,75.90615731234315,3.2207384131971715
PRV56632,0,0.19350869507102145,19.263865223278717,LOW,73,64920,22,889.3150684931506,3.3181818181818183,7,66,74.67500466679111,13.698630136986301
PRV57616,0,0.0976280461445104,9.665456726001755,LOW,7,640,7,91.42857142857143,1.0,0,7,65.39395717219125,0.0
PRV56463,0,0.035395445912533706,3.4354830497484854,LOW,18,1660,17,92.22222222222223,1.0588235294117647,0,18,78.72609413375207,0.0
PRV54725,0,0.09772971246647459,9.675634325961221,LOW,116,34700,112,299.13793103448273,1.0357142857142858,0,116,80.6728023858414,2.586206896551724
PRV56655,0,0.12871241814834417,12.777247308508121,LOW,251,69380,104,276.41434262948206,2.4134615384615383,0,251,75.32604117306377,2.788844621513944
PRV56384,0,0.1509945853842093,15.007867832347088,LOW,49,29790,23,607.9591836734694,2.130434782608696,2,47,79.2103086033985,6.122448979591836
PRV57595,0,0.04115228313406027,4.011787819513788,LOW,56,10250,24,183.03571428571428,2.3333333333333335,0,56,77.43725758612823,1.7857142857142856
PRV56760,0,0.24300716404124817,24.2190520152473,LOW,643,188300,403,292.84603421461895,1.5955334987593053,0,643,77.10805508990579,3.8880248833592534
PRV51617,1,0.3534632827996391,35.27657989743111,LOW,22,111270,11,5057.727272727273,2.0,11,11,83.86049405761932,40.909090909090914
PRV55073,0,0.03232077237251498,3.1276839999580717,LOW,18,6570,17,365.0,1.0588235294117647,0,18,74.53492772879173,0.0
PRV52075,0,0.07257727853874825,7.15767748855884,LOW,5,1220,5,244.0,1.0,0,5,66.06762491444216,0.0
PRV52897,0,0.031004521164060724,2.9959168819292623,LOW,45,9140,39,203.11111111111111,1.1538461538461537,0,45,77.45330735885152,0.0
PRV55721,0,0.08544499409610755,8.445837213478578,LOW,5,410,5,82.0,1.0,0,5,76.65160848733744,0.0
PRV57389,0,0.11850156161255428,11.755060107702658,LOW,6,3810,4,635.0,1.5,0,6,78.52224503764545,16.666666666666664
PRV53455,0,0.010368839571079506,0.930122545253613,LOW,39,8640,36,221.53846153846155,1.0833333333333333,0,39,74.67640124724313,2.564102564102564
PRV56546,1,0.43996080789134534,43.93566375980679,LOW,9,80000,9,8888.888888888889,1.0,9,0,82.57540497376226,88.88888888888889
PRV55323,0,0.0652644899035991,6.425609721389211,LOW,144,36470,108,253.26388888888889,1.3333333333333333,0,144,76.18452607295866,2.7777777777777777
PRV55742,0,0.12506673926963782,12.4122861247917,LOW,75,70050,34,934.0,2.2058823529411766,6,69,75.14655106852233,9.333333333333334
PRV53793,0,0.07573453704637163,7.473743944376214,LOW,45,25700,37,571.1111111111111,1.2162162162162162,0,45,76.83112270381265,8.88888888888889
PRV57385,0,0.06600369472178559,6.49960994862534,LOW,90,21930,41,243.66666666666666,2.1951219512195124,0,90,73.92697951620173,1.1111111111111112
PRV53921,1,0.3542167126567544,35.352004163157346,LOW,768,322230,492,419.5703125,1.5609756097560976,9,759,76.81702305457284,6.640625
PRV54919,0,0.14652204356287205,14.560131152391431,LOW,178,66770,152,375.1123595505618,1.1710526315789473,4,174,78.8746903358283,3.3707865168539324
PRV56531,0,0.0923659456193556,9.138678998069567,LOW,5,300,5,60.0,1.0,0,5,70.01724845995894,0.0
PRV53044,0,0.02335203253448355,2.2298424684806544,LOW,67,14460,49,215.82089552238807,1.3673469387755102,0,67,73.36568467222618,0.0
PRV57751,0,0.10603639475128036,10.507198679345715,LOW,4,230,4,57.5,1.0,0,4,82.35455167693361,0.0
PRV56830,0,0.1610335934121288,16.012851643348093,LOW,7,6580,7,940.0,1.0,0,7,81.95365209738927,28.57142857142857
PRV52480,0,0.11767350401343209,11.672165016934748,LOW,30,44350,24,1478.3333333333333,1.25,5,25,74.88729967665039,16.666666666666664
PRV57465,0,0.0438232797886928,4.279175632102263,LOW,22,2730,19,124.0909090909091,1.1578947368421053,0,22,72.82913649627149,0.0
PRV51958,0,0.09318998888363977,9.221172222287223,LOW,29,11000,28,379.3103448275862,1.0357142857142858,1,28,80.56947296372347,6.896551724137931
PRV55361,0,0.027046540706285233,2.5996918492108607,LOW,85,23420,59,275.52941176470586,1.4406779661016949,0,85,76.23485191243519,2.3529411764705883
PRV52520,0,0.049541195741928695,4.851584076211988,LOW,121,39910,51,329.8347107438017,2.372549019607843,0,121,77.99514165693655,4.958677685950414
PRV53971,0,0.04939965563011583,4.837414795683114,LOW,102,22210,55,217.7450980392157,1.8545454545454545,0,102,77.0546699023085,0.9803921568627451
PRV56280,0,0.013015631842476734,1.1950873083496378,LOW,39,8450,32,216.66666666666666,1.21875,0,39,73.24469541409994,2.564102564102564
PRV54859,0,0.16736630757739268,16.646806233093137,LOW,25,12250,6,490.0,4.166666666666667,0,25,69.62582705909195,8.0
PRV52237,0,0.03922281587218023,3.8186329423931533,LOW,38,7400,38,194.73684210526315,1.0,0,38,78.38250657444432,0.0
PRV53354,0,0.04877400184786725,4.774781921926794,LOW,18,5120,18,284.44444444444446,1.0,0,18,69.6205034603392,5.555555555555555
PRV51688,0,0.2259121971571705,22.507711121772914,LOW,9,22660,7,2517.777777777778,1.2857142857142858,2,7,75.74142520343753,22.22222222222222
PRV53077,0,0.08933154200023606,8.83491128468823,LOW,124,38270,81,308.6290322580645,1.5308641975308641,0,124,78.95160595229041,4.032258064516129
PRV55804,0,0.058072049505295896,5.705589761072244,LOW,9,2570,9,285.55555555555554,1.0,0,9,76.98988516236976,0.0
PRV54821,1,0.38961410214644965,38.89556178258612,LOW,7,39000,7,5571.428571428572,1.0,7,0,78.22704605456146,100.0
PRV53444,0,0.2186890265134672,21.78461482173699,LOW,27,101300,17,3751.8518518518517,1.588235294117647,10,17,75.6672458274101,33.33333333333333
PRV54997,0,0.1236934895075471,12.274813002395147,LOW,34,39770,20,1169.7058823529412,1.7,5,29,79.8677120278763,14.705882352941178
PRV57250,0,0.06137030640848232,6.035771267353159,LOW,23,12760,16,554.7826086956521,1.4375,0,23,81.5521902806297,8.695652173913043
PRV54438,0,0.18931337673888513,18.843880799113805,LOW,272,61630,98,226.5808823529412,2.7755102040816326,0,272,74.55631451759348,1.4705882352941175
PRV53844,0,0.07588149558167619,7.488455651793795,LOW,53,7910,40,149.24528301886792,1.325,0,53,79.2791923340178,0.0
PRV53947,0,0.11562082245571285,11.466675417871675,LOW,8,430,8,53.75,1.0,0,8,76.60369609856262,0.0
PRV53141,0,0.22846528265355467,22.76329509828053,LOW,105,332720,65,3168.7619047619046,1.6153846153846154,32,73,77.5377595254392,30.476190476190478
PRV56087,0,0.24573851808839536,24.492482078442883,LOW,1,300,1,300.0,1.0,0,1,95.16495550992471,0.0
PRV54183,0,0.30431635807036606,30.356585454151414,LOW,2,4400,2,2200.0,1.0,0,2,73.62765229295003,100.0
PRV55530,0,0.031161269424416306,3.0116086179675072,LOW,71,17730,67,249.71830985915494,1.0597014925373134,0,71,75.99035622707817,2.8169014084507045
PRV57283,0,0.21259762438674307,21.174817468589193,LOW,1,900,1,900.0,1.0,0,1,78.50239561943874,0.0
PRV54456,0,0.07236409927098213,7.136336564002333,LOW,8,1370,6,171.25,1.3333333333333333,0,8,76.16609628108601,0.0
PRV56703,0,0.23905562055391336,23.823471373993353,LOW,48,186070,27,3876.4583333333335,1.7777777777777777,21,27,80.02220039877392,35.41666666666667
PRV54068,0,0.10513437490910979,10.416899385226017,LOW,7,570,7,81.42857142857143,1.0,0,7,76.10755842378019,0.0
PRV52523,0,0.12352205744349967,12.257651301898942,LOW,3,480,3,160.0,1.0,0,3,75.91877709331509,0.0
PRV54313,0,0.05406033064778445,5.30398509108156,LOW,16,7070,16,441.875,1.0,0,16,71.48477070499658,12.5
PRV55038,0,0.05019047347063856,4.9165818931658345,LOW,15,4230,15,282.0,1.0,0,15,72.20132329454712,0.0
PRV51579,0,0.23041313571153682,22.9582905384711,LOW,72,247680,50,3440.0,1.44,18,54,80.18580051023582,25.0
PRV54929,1,0.41604216688533924,41.541219316159655,LOW,26,197630,15,7601.153846153846,1.7333333333333334,15,11,77.42041804875481,57.692307692307686
PRV51070,0,0.1405074858423692,13.958026529840478,LOW,99,125410,61,1266.7676767676767,1.6229508196721312,10,89,74.26602783481634,14.14141414141414
PRV52226,0,0.18327750960547892,18.239642936413002,LOW,2,100,2,50.0,1.0,0,2,72.25325119780972,0.0
PRV56517,0,0.05352795671729863,5.250690265532138,LOW,123,38170,96,310.3252032520325,1.28125,0,123,75.24061715719826,4.878048780487805
PRV53114,1,0.6615121512787199,66.11469905797645,HIGH,29,364680,14,12575.172413793103,2.0714285714285716,14,15,78.24217534689814,55.172413793103445
PRV52088,0,0.15456778505350566,15.365573276065234,LOW,44,24990,43,567.9545454545455,1.0232558139534884,1,43,79.53244975421568,2.272727272727273
PRV56784,0,0.057913898169137765,5.689757566089924,LOW,19,6920,18,364.2105263157895,1.0555555555555556,0,19,74.393946307704,5.263157894736842
PRV53520,0,0.10079866868815689,9.982861027133678,LOW,4,690,4,172.5,1.0,0,4,77.29158110882958,0.0
PRV54461,1,0.49161943923890905,49.107099827831284,MEDIUM,12,152000,12,12666.666666666666,1.0,12,0,76.49212867898699,83.33333333333334
PRV52179,0,0.16257586743653077,16.167245426313574,LOW,44,39910,18,907.0454545454545,2.4444444444444446,2,42,73.5133109982348,11.363636363636363
PRV54500,1,0.5563750395738013,55.589645695632996,HIGH,2,25000,2,12500.0,1.0,2,0,80.79123887748118,100.0
PRV57694,0,0.025915151211329757,2.4864308454140054,LOW,18,3150,18,175.0,1.0,0,18,79.43524222374326,0.0
PRV57244,0,0.08537741926824963,8.439072440720203,LOW,4,610,4,152.5,1.0,0,4,71.37645448323066,0.0
PRV56396,0,0.27640663550873634,27.56260229705455,LOW,83,289380,48,3486.5060240963853,1.7291666666666667,32,51,77.81334413049137,37.34939759036144
PRV55156,1,0.5806148778450466,58.01624451656576,HIGH,1,6000,1,6000.0,1.0,1,0,72.91444216290212,100.0
PRV56960,0,0.05576894649079125,5.475031000863298,LOW,8,2540,8,317.5,1.0,0,8,74.4072553045859,0.0
PRV51739,0,0.03966691687832823,3.863090952625514,LOW,74,13700,72,185.13513513513513,1.0277777777777777,0,74,76.19803787360256,0.0
PRV51546,0,0.17340680843246087,17.251507967846038,LOW,36,110930,26,3081.3888888888887,1.3846153846153846,9,27,76.12406375281118,25.0
PRV52002,1,0.35188534799166543,35.11861618902304,LOW,188,343260,156,1825.8510638297873,1.205128205128205,24,164,76.98559586280325,15.957446808510639
PRV51297,0,0.1245290764383311,12.358461838593554,LOW,70,77090,44,1101.2857142857142,1.5909090909090908,5,65,76.1757581168348,12.857142857142856
PRV54344,0,0.01545778170531361,1.4395657537661235,LOW,51,17170,42,336.6666666666667,1.2142857142857142,0,51,74.86926762491444,5.88235294117647
PRV54354,0,0.20209810515420523,20.12373285717655,LOW,100,259620,68,2596.2,1.4705882352941178,25,75,77.82334709949319,26.0
PRV54019,0,0.12059103734508043,11.964233093602086,LOW,4,900,4,225.0,1.0,0,4,75.02121834360028,0.0
PRV54611,0,0.19128130983026642,19.04088640887834,LOW,6,4760,5,793.3333333333334,1.2,1,5,73.08281998631075,16.666666666666664
PRV52128,1,0.37160233161999723,37.092441620095215,LOW,113,492550,54,4358.849557522124,2.0925925925925926,53,60,76.21548951997211,42.47787610619469
PRV57438,0,0.1746929935504349,17.380265233296914,LOW,14,24180,9,1727.142857142857,1.5555555555555556,4,10,73.51502706738846,28.57142857142857
PRV56117,0,0.0454058694866162,4.437605331674841,LOW,14,1420,12,101.42857142857143,1.1666666666666667,0,14,78.09765001140771,0.0
PRV57660,0,0.07762831978872342,7.663326519897977,LOW,6,2420,5,403.3333333333333,1.2,0,6,70.44873374401095,0.0
PRV57402,0,0.2487360871603632,24.79256236339802,LOW,1,20,1,20.0,1.0,0,1,74.5845311430527,0.0
PRV51477,0,0.02796917502915055,2.692054815290257,LOW,22,9940,22,451.8181818181818,1.0,0,22,76.46244788749922,9.090909090909092
PRV53910,0,0.2524590920222265,25.165264487357376,LOW,96,275480,64,2869.5833333333335,1.5,27,69,77.59466269527871,28.125
PRV51231,1,0.5655000845889161,56.50313460702161,HIGH,2,16000,2,8000.0,1.0,2,0,72.91718001368926,100.0
PRV56836,0,0.10115649427034752,10.018682187577369,LOW,3,740,3,246.66666666666666,1.0,0,3,75.72347707049965,0.0
PRV55902,0,0.047370686308494524,4.634298978305919,LOW,69,13230,57,191.7391304347826,1.2105263157894737,0,69,80.95137913229343,1.4492753623188406
PRV55943,1,0.41024978266035395,40.96135601123766,LOW,721,484070,491,671.3869625520111,1.4684317718940938,34,687,79.10430077321865,7.073509015256588
PRV54198,0,0.07160312638894709,7.0601571820425715,LOW,6,490,6,81.66666666666667,1.0,0,6,72.32078485055898,0.0
PRV51587,0,0.07224749526312292,7.124663583975776,LOW,5,1500,5,300.0,1.0,0,5,69.46748802190281,0.0
PRV52007,0,0.058986875669947474,5.797171068986141,LOW,18,1910,18,106.11111111111111,1.0,0,18,72.54209445585215,0.0
PRV53451,1,0.32360461276810937,32.28749174088673,LOW,5,25000,5,5000.0,1.0,5,0,77.4340862422998,60.0
PRV57507,0,0.053364462919309276,5.234323248021901,LOW,112,26740,96,238.75,1.1666666666666667,0,112,79.4960643394935,1.7857142857142856
PRV54624,0,0.1189036326207116,11.795310583939672,LOW,10,10180,8,1018.0,1.25,0,10,68.1252566735113,20.0
PRV51973,0,0.03222829482922516,3.1184262691515077,LOW,74,19060,63,257.56756756756755,1.1746031746031746,0,74,80.31376639179514,2.7027027027027026
PRV56040,0,0.16376130793433413,16.28591736141753,LOW,13,22850,11,1757.6923076923076,1.1818181818181819,0,13,76.0684462696783,23.076923076923077
PRV53535,0,0.0665679797914254,6.556099330663927,LOW,19,8970,18,472.10526315789474,1.0555555555555556,0,19,80.84325804243669,10.526315789473683
PRV55401,0,0.04830502652230774,4.727833796311647,LOW,49,11560,23,235.91836734693877,2.130434782608696,0,49,81.59152456625897,2.0408163265306123
PRV51433,1,0.5026440737082127,50.21075261235346,MEDIUM,1610,454630,862,282.37888198757764,1.8677494199535962,0,1610,76.75869275565316,3.1677018633540373
PRV57687,0,0.09406349641901446,9.30861720981961,LOW,6,1080,6,180.0,1.0,0,6,68.9034907597536,0.0
PRV52918,0,0.3060125095867581,30.52638358662009,LOW,22,114010,12,5182.272727272727,1.8333333333333333,13,9,76.04257357973991,59.09090909090909
PRV51465,0,0.15262288268316246,15.170873222958747,LOW,7,3900,6,557.1428571428571,1.1666666666666667,1,6,72.03480981715067,14.285714285714285
PRV54064,0,0.19539483453109413,19.45268264601526,LOW,122,222200,66,1821.311475409836,1.8484848484848484,16,106,79.33481633584303,18.852459016393443
PRV56769,0,0.14002527948560334,13.909753873741021,LOW,23,35120,17,1526.9565217391305,1.3529411764705883,4,19,77.969036211336,17.391304347826086
PRV52899,0,0.2043534614278036,20.349511792376347,LOW,1,30,1,30.0,1.0,0,1,69.75222450376455,0.0
PRV57382,0,0.17094275833659012,17.004837136528973,LOW,79,99810,43,1263.4177215189873,1.8372093023255813,5,74,77.76481861738534,7.59493670886076
PRV53519,1,0.36701793637837743,36.63350753136407,LOW,9,61000,9,6777.777777777777,1.0,9,0,71.71282987299415,88.88888888888889
PRV51549,0,0.2913727989549184,29.060833191419615,LOW,21,82110,13,3910.0,1.6153846153846154,8,13,77.93631237573743,47.61904761904761
PRV52518,0,0.3056671568862712,30.491811059921282,LOW,51,72340,49,1418.4313725490197,1.0408163265306123,1,50,73.29352498288843,7.8431372549019605
PRV55344,0,0.09759209729232378,9.66185796262084,LOW,14,8320,8,594.2857142857143,1.75,0,14,76.01095140314852,14.285714285714285
PRV51128,0,0.17611002617584048,17.52212136532035,LOW,50,102220,37,2044.4,1.3513513513513513,5,45,71.41460427248819,12.0
PRV57284,1,0.5120072913139492,51.148084476863865,MEDIUM,23,161570,19,7024.782608695652,1.2105263157894737,19,4,70.32642648248398,73.91304347826086
PRV56514,0,0.09964221821095391,9.86709122153325,LOW,6,1230,6,205.0,1.0,0,6,83.36116814966918,0.0
PRV51288,0,0.31617891883292826,31.54412126348987,LOW,8,37360,5,4670.0,1.6,3,5,77.51026694045174,37.5
PRV51747,0,0.11674403911120601,11.57911825603636,LOW,4,1500,4,375.0,1.0,0,4,69.22997946611909,0.0
PRV52371,0,0.01817693648282581,1.711774573940971,LOW,72,17370,50,241.25,1.44,0,72,75.98713210130047,4.166666666666666
PRV52674,0,0.10875298739822627,10.779151010061282,LOW,3,730,3,243.33333333333334,1.0,0,3,79.9443303673283,0.0
PRV56299,0,0.08375177705895012,8.276332845504989,LOW,5,320,5,64.0,1.0,0,5,78.36550308008214,0.0
PRV55909,0,0.04367963530525046,4.2647956873908255,LOW,107,23750,91,221.9626168224299,1.1758241758241759,0,107,76.42403592300923,1.8691588785046727
PRV53578,0,0.14080871137746528,13.988181579561504,LOW,7,570,6,81.42857142857143,1.1666666666666667,0,7,76.8893451973534,0.0
PRV51909,0,0.029932267093665376,2.888575800118157,LOW,16,3460,16,216.25,1.0,0,16,80.26557152635182,0.0
PRV55492,1,0.38877370964152147,38.81143187054794,LOW,42,281980,23,6713.809523809524,1.826086956521739,25,17,74.91314168377824,61.904761904761905
PRV53245,0,0.22879150874202042,22.795952900398277,LOW,146,214800,99,1471.2328767123288,1.4747474747474747,16,130,74.61575813929461,14.383561643835616
PRV53828,0,0.034818672177367664,3.37774345388001,LOW,28,6260,24,223.57142857142858,1.1666666666666667,0,28,76.34097650011408,0.0
PRV55374,1,0.47712374073712627,47.65596618166543,MEDIUM,33,335000,31,10151.515151515152,1.064516129032258,33,0,78.57075357134971,96.96969696969697
PRV56319,0,0.052130866989822736,5.110830574741548,LOW,13,6480,12,498.46153846153845,1.0833333333333333,0,13,81.72256445357061,7.6923076923076925
PRV53749,0,0.24476752646037514,24.395278165061807,LOW,69,241350,43,3497.8260869565215,1.6046511627906976,24,45,77.98164784394251,36.231884057971016
PRV51605,0,0.09245717236673176,9.1478115143489,LOW,72,46990,65,652.6388888888889,1.1076923076923078,5,67,77.29406473061505,9.722222222222223
PRV52748,0,0.06449248322007166,6.34832576895368,LOW,10,610,10,61.0,1.0,0,10,77.39164955509925,0.0
PRV57131,0,0.2406576759073937,23.98384973907659,LOW,2,880,1,440.0,2.0,0,2,86.5845311430527,0.0
PRV55104,0,0.0212988461811293,2.0243023353967255,LOW,52,14880,46,286.15384615384613,1.1304347826086956,0,52,76.80808261167158,0.0
PRV53043,0,0.10481045284796818,10.384472234399158,LOW,61,37740,24,618.688524590164,2.5416666666666665,0,61,77.23317362537075,11.475409836065573
PRV54335,0,0.26137419991153565,26.057737038147817,LOW,219,245690,170,1121.8721461187215,1.2882352941176471,19,200,75.40754080239525,11.415525114155251
PRV53175,0,0.08896488657547129,8.798206187423691,LOW,9,710,9,78.88888888888889,1.0,0,9,80.63092250361244,0.0
PRV57588,0,0.19112534468471523,19.02527306880296,LOW,2,530,2,265.0,1.0,0,2,79.70978781656399,0.0
PRV56568,0,0.09169067477534545,9.071079065448354,LOW,131,62180,55,474.6564885496183,2.381818181818182,0,131,76.21380125692241,6.870229007633588
PRV55897,1,0.3728493351292437,37.21727649776129,LOW,482,249890,174,518.4439834024896,2.7701149425287355,9,473,74.77608943645905,2.904564315352697
PRV52695,0,0.08717427082914828,8.618951441160574,LOW,5,200,5,40.0,1.0,0,5,78.43449691991786,0.0
PRV56951,0,0.060224514896789746,5.921068508192995,LOW,19,5170,8,272.10526315789474,2.375,0,19,75.66769336071184,0.0
PRV52411,0,0.06716618710464509,6.615984596592216,LOW,92,32010,51,347.9347826086956,1.803921568627451,0,92,74.90228288440633,5.434782608695652
PRV53659,0,0.07537951226448127,7.438203166112895,LOW,5,680,5,136.0,1.0,0,5,81.08254620123202,0.0
PRV51482,0,0.2638380119534025,26.304384038383223,LOW,91,218470,79,2400.769230769231,1.1518987341772151,11,80,79.29722412350749,18.681318681318682
PRV55099,0,0.047637783137458485,4.661037475608835,LOW,97,24200,54,249.48453608247422,1.7962962962962963,0,97,78.84599589322382,2.0618556701030926
PRV52873,0,0.043795715815715966,4.276416261203112,LOW,69,16500,56,239.1304347826087,1.2321428571428572,0,69,80.11934096020339,1.4492753623188406
PRV51492,0,0.16415166153517108,16.324994832848578,LOW,81,150550,66,1858.641975308642,1.2272727272727273,14,67,78.0979123887748,19.753086419753085
PRV52596,0,0.15153755669691957,15.062223539364576,LOW,2,400,2,200.0,1.0,0,2,78.33401779603011,0.0
PRV56724,0,0.2077512968515891,20.6896618932482,LOW,26,85860,20,3302.3076923076924,1.3,6,20,76.57694940241142,23.076923076923077
PRV55574,0,0.059051711543004794,5.803661650786006,LOW,15,2340,12,156.0,1.25,0,15,78.34793520419804,0.0
PRV56224,0,0.13141871608768413,13.048169057870016,LOW,111,68950,97,621.1711711711712,1.1443298969072164,4,107,75.80818780029954,8.108108108108109
PRV54081,1,0.4096212679529243,40.89843673632662,LOW,14,135200,10,9657.142857142857,1.4,11,3,77.03869846785658,78.57142857142857
PRV52220,0,0.05300471275492567,5.198309421734983,LOW,12,2200,12,183.33333333333334,1.0,0,12,70.80584074834589,0.0
PRV53683,1,0.3494440310897829,34.87422112956182,LOW,9,37300,6,4144.444444444444,1.5,2,7,76.85420944558521,33.33333333333333
PRV51093,0,0.20756165560496231,20.670677310087402,LOW,9,13710,7,1523.3333333333333,1.2857142857142858,2,7,79.21362841280705,22.22222222222222
PRV53398,1,0.3251295945134688,32.44015443045685,LOW,5,17410,4,3482.0,1.25,1,4,80.06789869952088,20.0
PRV53915,0,0.21330744713044086,21.24587631863819,LOW,545,152600,434,280.0,1.2557603686635945,0,545,76.58333254478184,2.7522935779816518
PRV54784,0,0.052311571283936646,5.128920498532601,LOW,9,1520,9,168.88888888888889,1.0,0,9,80.15727431743859,0.0
PRV55377,0,0.16582905502599207,16.49291513914431,LOW,4,3410,4,852.5,1.0,0,4,72.39630390143738,25.0
PRV55436,0,0.05681693020541063,5.579942428810771,LOW,11,2430,11,220.9090909090909,1.0,0,11,78.25748242175347,0.0
PRV54970,0,0.1660067699613363,16.51070580456636,LOW,233,106170,176,455.6652360515021,1.3238636363636365,6,227,76.93953912845083,6.437768240343347
PRV56309,0,0.15220371096498153,15.128910830894737,LOW,3,1320,3,440.0,1.0,0,3,63.639516313027606,0.0
PRV53782,0,0.017739465925262488,1.667980323859887,LOW,53,17820,39,336.22641509433964,1.358974358974359,0,53,75.8331315045894,3.7735849056603774
PRV57348,1,0.38709594021274885,38.643473929900864,LOW,920,255770,638,278.0108695652174,1.4420062695924765,0,920,75.88568829268397,2.8260869565217392
PRV51876,0,0.23851264903973604,23.769115646807425,LOW,61,242320,41,3972.4590163934427,1.4878048780487805,18,43,78.1172232429122,31.147540983606557
PRV56807,0,0.03867573112304829,3.7638654479759697,LOW,91,22740,85,249.8901098901099,1.0705882352941176,0,91,76.52370254056449,2.197802197802198
PRV53577,0,0.04659617651803072,4.556764445141568,LOW,11,2150,11,195.45454545454547,1.0,0,11,78.06807292638915,0.0
PRV55600,1,0.3850560806370481,38.439267912275085,LOW,4,25000,4,6250.0,1.0,4,0,80.91649555099247,100.0
PRV53502,0,0.03637354211119024,3.5333981866342907,LOW,47,8000,27,170.2127659574468,1.7407407407407407,0,47,72.92306132278753,0.0
PRV57181,0,0.06348775200405603,6.247744256946231,LOW,121,31910,48,263.7190082644628,2.5208333333333335,0,121,77.09046315309149,2.479338842975207
PRV54730,0,0.0382309779754059,3.719342153241144,LOW,40,9450,39,236.25,1.0256410256410255,0,40,75.65833026202637,2.5
PRV51357,0,0.268966522249476,26.81778833169306,LOW,161,205130,136,1274.0993788819876,1.1838235294117647,13,148,76.26588389858927,9.316770186335404
PRV55442,0,0.1442783125896568,14.335516001367374,LOW,61,119850,40,1964.7540983606557,1.525,15,46,79.13055814821728,31.147540983606557
PRV57633,1,0.5557206055431004,55.524131692218184,HIGH,4,31000,3,7750.0,1.3333333333333333,4,0,84.08396075747204,100.0
PRV52021,1,0.7439793562169945,74.3703161140616,CRITICAL,613,1951850,419,3184.094616639478,1.4630071599045347,181,432,77.81755346614311,30.0163132137031
PRV55198,0,0.10037920813062601,9.940869719974682,LOW,68,22280,58,327.6470588235294,1.1724137931034482,2,66,74.95961670088981,2.941176470588235
PRV53240,0,0.1983433504939242,19.747852328207095,LOW,6,4860,4,810.0,1.5,1,5,70.52156057494867,16.666666666666664
PRV51394,0,0.11162364061434611,11.066526017748798,LOW,4,460,4,115.0,1.0,0,4,76.33196440793976,0.0
PRV57193,0,0.16290044692008807,16.199738390304734,LOW,393,103520,171,263.40966921119593,2.2982456140350878,0,393,76.88477410729654,2.2900763358778624
PRV54545,0,0.24041906122131088,23.959962528715426,LOW,2,180,1,90.0,2.0,0,2,100.58316221765914,0.0
PRV51837,0,0.25036957779640867,24.956087647976126,LOW,104,200310,84,1926.0576923076924,1.2380952380952381,15,89,77.68187003505278,19.230769230769234
PRV52548,0,0.21469908545774033,21.385190281314074,LOW,15,38750,10,2583.3333333333335,1.5,5,10,77.09477526808122,33.33333333333333
PRV54710,0,0.1880565077258761,18.718058306780897,LOW,2,860,2,430.0,1.0,0,2,65.00068446269678,0.0
PRV53331,0,0.06603517797231272,6.502761670091192,LOW,7,810,7,115.71428571428571,1.0,0,7,75.08242886476974,0.0
PRV57038,0,0.021871683606614904,2.0816478756480596,LOW,33,6310,33,191.21212121212122,1.0,0,33,77.41024205089913,3.0303030303030303
PRV54324,1,0.4601111612756095,45.95287291840247,MEDIUM,32,266000,28,8312.5,1.1428571428571428,32,0,76.75946025227339,93.75
PRV55601,0,0.0687312947626839,6.7726642062138325,LOW,8,1540,8,192.5,1.0,0,8,74.45859000684463,0.0
PRV57112,0,0.25629261694261163,25.54903054007308,LOW,160,286220,110,1788.875,1.4545454545454546,30,130,75.45539244230592,18.125
PRV54275,0,0.2224681330029689,22.162933160703908,LOW,1,50,1,50.0,1.0,0,1,85.33333333333333,0.0
PRV53730,0,0.1896378332948002,18.876361457079305,LOW,2,230,2,115.0,1.0,0,2,100.95824777549623,0.0
PRV53745,0,0.023512700610600536,2.2459266089647727,LOW,23,3760,20,163.47826086956522,1.15,0,23,80.34633812457221,0.0
PRV54283,0,0.11987857183981956,11.89290968229566,LOW,5,550,5,110.0,1.0,0,5,61.35030800821355,0.0
PRV52059,1,0.548701647650124,54.82147869772695,HIGH,1287,540810,420,420.2097902097902,3.0642857142857145,13,1274,77.98541935278482,4.118104118104118
PRV55358,0,0.048405487939281594,4.7378907757869255,LOW,37,14710,34,397.56756756756755,1.088235294117647,0,37,72.4436928775617,5.405405405405405
PRV53815,0,0.04527022488344307,4.424026238017427,LOW,11,1800,11,163.63636363636363,1.0,0,11,75.56144608300666,0.0
PRV53884,1,0.5506131853109854,55.01283868050033,HIGH,269,1039970,138,3866.059479553903,1.9492753623188406,117,152,76.54935097187646,40.14869888475837
PRV51105,0,0.05120659594244952,5.018303759641518,LOW,12,6540,12,545.0,1.0,0,12,79.64453570613735,0.0
PRV53842,0,0.12894554108949044,12.800584751926175,LOW,7,2410,7,344.2857142857143,1.0,0,7,82.9283269776083,14.285714285714285
PRV51802,0,0.04633357779156874,4.530476243344158,LOW,24,4930,22,205.41666666666666,1.0909090909090908,0,24,82.80691929562566,0.0
PRV55005,1,0.354446462680632,35.37500395097821,LOW,130,516780,72,3975.230769230769,1.8055555555555556,56,74,78.52735711841204,40.0
PRV52865,0,0.12118791303046544,12.023985053090893,LOW,66,82790,51,1254.3939393939395,1.2941176470588236,6,60,74.6523049581517,10.606060606060606
PRV55451,0,0.07223918218447675,7.123831379296217,LOW,11,860,11,78.18181818181819,1.0,0,11,81.28131416837782,0.0
PRV55830,1,0.4588811110670066,45.829735199722855,MEDIUM,10,103120,6,10312.0,1.6666666666666667,8,2,75.95790554414785,80.0
PRV52667,0,0.17045923598988416,16.95643273946651,LOW,3,150,3,50.0,1.0,0,3,90.05703855806526,0.0
PRV54426,0,0.2461904060722683,24.537719626506913,LOW,24,100390,12,4182.916666666667,2.0,9,15,77.8009582477755,37.5
PRV52282,1,0.5347586656463277,53.42567632841681,MEDIUM,6,77000,6,12833.333333333334,1.0,6,0,77.66735112936345,83.33333333333334
PRV56221,0,0.24301817663400563,24.220154462561577,LOW,305,228340,198,748.655737704918,1.5404040404040404,18,287,75.7182841516358,9.836065573770492
PRV55642,0,0.2961188016205719,29.535945456763415,LOW,2,2900,2,1450.0,1.0,0,2,86.25051334702259,50.0
PRV53183,0,0.18506553824993305,18.418638693392676,LOW,1,80,1,80.0,1.0,0,1,90.16563997262149,0.0
PRV53164,0,0.03176499343699461,3.0720461489731976,LOW,25,4180,21,167.2,1.1904761904761905,0,25,78.40031289723281,0.0
PRV51744,0,0.07295387974068286,7.195378236490829,LOW,5,660,5,132.0,1.0,0,5,78.68418891170431,0.0
PRV56149,0,0.029266499148150625,2.8219271825191945,LOW,27,6130,16,227.03703703703704,1.6875,0,27,74.99041752224504,3.7037037037037033
PRV55070,0,0.03345523361863195,3.2412525102515986,LOW,20,3220,19,161.0,1.0526315789473684,0,20,76.8027666702691,0.0
PRV52972,1,0.5103174371524546,50.978916759243596,MEDIUM,17,220000,14,12941.176470588236,1.2142857142857142,17,0,71.67282683093772,100.0
PRV56219,0,0.2640982204256474,26.330432956898292,LOW,277,116970,97,422.27436823104694,2.8556701030927836,4,273,78.14823506404616,3.2490974729241873
PRV51285,0,0.1836329673428629,18.275227056932923,LOW,168,196120,98,1167.3809523809523,1.7142857142857142,15,153,75.46938442313609,8.928571428571429
PRV51378,1,0.630728918320085,63.03305486687086,HIGH,161,1215370,85,7548.88198757764,1.8941176470588235,108,53,77.27404754185258,63.975155279503106
PRV56595,0,0.03977197778810557,3.8736083775744348,LOW,56,15760,46,281.42857142857144,1.2173913043478262,0,56,76.69154539773236,5.357142857142857
PRV53017,0,0.09481770631435993,9.384119563519395,LOW,9,1000,4,111.11111111111111,2.25,0,9,78.39767282683093,0.0
PRV54780,0,0.032350640527808144,3.1306740376640496,LOW,21,4950,21,235.71428571428572,1.0,0,21,81.96017078973958,4.761904761904762
PRV52827,0,0.3191263993588519,31.83918729028813,LOW,804,282060,296,350.82089552238807,2.7162162162162162,0,804,78.39134617163364,4.601990049751244
PRV53617,0,0.03694833124488333,3.5909391082566593,LOW,83,33480,70,403.3734939759036,1.1857142857142857,0,83,77.13687298327955,7.228915662650602
PRV53759,0,0.036890857872306504,3.585185570771411,LOW,56,12020,52,214.64285714285714,1.0769230769230769,0,56,78.05454641183594,3.571428571428571
PRV54898,1,0.39835221014978045,39.77031525003061,LOW,9,72000,9,8000.0,1.0,9,0,75.25134991254089,100.0
PRV52310,0,0.18557406601880433,18.469546330256676,LOW,454,106790,190,235.2202643171806,2.389473684210526,0,454,75.75094203681688,1.9823788546255507
PRV51324,0,0.014007855847660075,1.2944167499959245,LOW,28,9330,25,333.2142857142857,1.12,0,28,75.22026009582478,3.571428571428571
PRV51690,0,0.2146910935640853,21.384390229783065,LOW,255,125280,214,491.29411764705884,1.191588785046729,7,248,78.52727165735983,5.490196078431373
PRV52563,0,0.21451461973435748,21.366723808813127,LOW,473,173770,246,367.3784355179704,1.9227642276422765,0,473,77.65449658603362,5.9196617336152215
PRV53050,0,0.1488553221733602,14.793710727542091,LOW,8,3730,6,466.25,1.3333333333333333,2,6,79.88109905153026,12.5
PRV56511,0,0.006656783400967992,0.5585164716143255,LOW,23,6060,19,263.4782608695652,1.2105263157894737,0,23,79.69768363413668,4.3478260869565215
PRV52554,0,0.0475136765936284,4.648613432611595,LOW,13,1970,13,151.53846153846155,1.0,0,13,79.90438582635709,0.0
PRV51360,0,0.28942776892600836,28.86612035868464,LOW,29,94230,20,3249.310344827586,1.45,9,20,74.4000566451887,31.03448275862069
PRV56747,0,0.14438382923224308,14.346079048761649,LOW,16,18530,15,1158.125,1.0666666666666667,1,15,80.19832306639287,12.5
PRV53945,0,0.02685164935543336,2.5801816892462974,LOW,49,15300,47,312.2448979591837,1.0425531914893618,0,49,78.6512298483988,4.081632653061225
PRV52750,0,0.041681552659181526,4.064771869623497,LOW,26,10700,26,411.53846153846155,1.0,0,26,74.77881324698573,3.8461538461538463
PRV53999,0,0.23169409912610955,23.086525070264475,LOW,1,60,1,60.0,1.0,0,1,68.50102669404518,0.0
PRV52509,0,0.19061988878067382,18.97467294981473,LOW,63,113850,24,1807.142857142857,2.625,6,57,76.29189701468962,12.698412698412698
PRV53224,0,0.06395858376371452,6.294878226243392,LOW,12,1680,12,140.0,1.0,0,12,74.39584759297286,0.0
PRV56305,0,0.10048650341638976,9.951610823566732,LOW,29,4200,12,144.82758620689654,2.4166666666666665,0,29,80.507871321013,0.0
PRV51446,0,0.2615020112605282,26.070531961335693,LOW,24,97390,12,4057.9166666666665,2.0,12,12,75.44079397672827,41.66666666666667
PRV51230,0,0.05201356129050317,5.09908734987048,LOW,30,12490,30,416.3333333333333,1.0,0,30,73.97225644535706,0.0
PRV54025,0,0.054093617281604764,5.307317345425725,LOW,20,8980,18,449.0,1.1111111111111112,0,20,72.00456308464521,5.0
PRV53229,0,0.052080374107323225,5.105775839319317,LOW,139,29840,65,214.67625899280574,2.1384615384615384,0,139,76.33342810509136,2.158273381294964
PRV51630,0,0.2212662887335382,22.0426190787983,LOW,5,1860,4,372.0,1.25,1,4,80.41724845995893,0.0
PRV55171,0,0.31790684843696215,31.71710063294291,LOW,247,407360,86,1649.2307692307693,2.872093023255814,41,206,74.38636052516956,17.00404858299595
PRV51932,0,0.21527516805362015,21.44286068869382,LOW,21,31970,19,1522.3809523809523,1.105263157894737,2,19,79.24239757504645,14.285714285714285
PRV56313,0,0.12106199800263184,12.011379966594042,LOW,3,100,3,33.333333333333336,1.0,0,3,72.52657996805841,0.0
PRV51592,0,0.15031435949848598,14.939771861004647,LOW,3,30,3,10.0,1.0,0,3,75.02623773671002,0.0
PRV51505,0,0.04954848838827129,4.8523141275769515,LOW,15,2430,15,162.0,1.0,0,15,77.25539584759298,0.0
PRV57234,0,0.20144336513849784,20.058188222251413,LOW,24,89100,15,3712.5,1.6,9,15,75.95250424069279,37.5
PRV51114,0,0.10926935237349684,10.830843213043055,LOW,262,76720,160,292.82442748091603,1.6375,0,262,73.89332648870636,3.435114503816794
PRV54551,0,0.11154396101943259,11.058549462422564,LOW,7,1960,5,280.0,1.4,0,7,80.14893908281998,0.0
PRV52542,0,0.023921504932404764,2.286851142956368,LOW,62,15920,44,256.7741935483871,1.4090909090909092,0,62,75.97199925331341,3.225806451612903
PRV53087,0,0.04297078553322125,4.193834239472874,LOW,31,9580,16,309.03225806451616,1.9375,0,31,73.92727583846681,6.451612903225806
PRV54517,0,0.11387708827547018,11.292113885800049,LOW,45,5660,16,125.77777777777777,2.8125,0,45,82.36943874058863,0.0
PRV57319,0,0.2234654717477864,22.262774628091734,LOW,279,177460,239,636.0573476702509,1.1673640167364017,16,263,77.45482276727729,7.168458781362006
PRV55816,1,0.5143264104386299,51.38024657590843,MEDIUM,1,6000,1,6000.0,1.0,1,0,74.83641341546885,100.0
PRV54323,0,0.04308369585076614,4.20513745199268,LOW,51,10380,30,203.52941176470588,1.7,0,51,72.97522245037645,0.0
PRV53559,0,0.1460729605848013,14.515174407511653,LOW,2,60,2,30.0,1.0,0,2,81.33333333333334,0.0
PRV52460,1,0.38726816355767074,38.66071484384789,LOW,13,90000,9,6923.076923076923,1.4444444444444444,13,0,73.50946840063882,92.3076923076923
PRV51852,0,0.0424604463777371,4.142745268535196,LOW,19,7740,18,407.36842105263156,1.0555555555555556,0,19,79.55555555555556,10.526315789473683
PRV55501,0,0.13831010054288284,13.738050945960701,LOW,13,12940,12,995.3846153846154,1.0833333333333333,1,12,73.55783709787816,7.6923076923076925
PRV56193,0,0.059724312656214376,5.870994322316599,LOW,14,4880,12,348.57142857142856,1.1666666666666667,0,14,77.84074834588182,7.142857142857142
PRV54024,0,0.044893298221835076,4.386292909007509,LOW,38,17870,32,470.2631578947368,1.1875,0,38,74.0684462696783,7.894736842105263
PRV56824,0,0.08900220587176276,8.801942143058607,LOW,136,47540,125,349.55882352941177,1.088,0,136,77.37019575633127,5.147058823529411
PRV56510,0,0.08736635814011946,8.638180894637241,LOW,9,800,7,88.88888888888889,1.2857142857142858,0,9,69.32277305172582,0.0
PRV53440,0,0.11269535300454919,11.173812873104216,LOW,164,59590,98,363.3536585365854,1.6734693877551021,1,163,76.56802022657112,4.878048780487805
PRV53009,0,0.11414539911846726,11.318973915474114,LOW,37,35620,18,962.7027027027027,2.0555555555555554,5,32,79.48207005326906,8.108108108108109
PRV57717,0,0.16936667148870502,16.847058423487702,LOW,114,197830,76,1735.3508771929824,1.5,15,99,75.00565079668274,11.403508771929824
PRV53303,0,0.030754187304944024,2.9708564900002976,LOW,111,35770,69,322.2522522522523,1.608695652173913,0,111,74.81304248628594,3.6036036036036037
PRV56616,0,0.09044138437193035,8.946015251655261,LOW,176,38150,138,216.76136363636363,1.2753623188405796,0,176,77.88249065063636,1.1363636363636365
PRV54954,0,0.04669992283310984,4.56715026880219,LOW,71,18080,71,254.64788732394365,1.0,0,71,77.09213253511486,2.8169014084507045
PRV54695,0,0.03673165954347512,3.5692485635721938,LOW,53,15750,53,297.1698113207547,1.0,0,53,80.51921015587669,1.8867924528301887
PRV54544,0,0.13775834411944243,13.682815780132435,LOW,28,5250,8,187.5,3.5,0,28,79.15639972621493,0.0
PRV51154,0,0.09229181470220793,9.131257909111289,LOW,161,45750,147,284.16149068322983,1.0952380952380953,0,161,78.06312887920397,3.1055900621118013
PRV56314,0,0.061216478357856784,6.020371867320151,LOW,8,3740,8,467.5,1.0,0,8,76.645106091718,12.5
PRV54977,0,0.13414754550304162,13.321346385529342,LOW,53,89140,36,1681.8867924528302,1.4722222222222223,5,48,78.58773643177909,11.320754716981133
PRV56788,0,0.07081785692500422,6.9815455207767165,LOW,177,50070,116,282.8813559322034,1.5258620689655173,0,177,76.63154664967311,2.2598870056497176
PRV54033,0,0.23747186247968274,23.664924710745613,LOW,1,30,1,30.0,1.0,0,1,57.58521560574949,0.0
PRV56995,0,0.09194766953565296,9.096806266074434,LOW,10,4330,10,433.0,1.0,0,10,78.37426420260095,10.0
PRV57605,0,0.04720129835464802,4.61734190934842,LOW,134,35590,91,265.5970149253731,1.4725274725274726,0,134,76.21415408684403,2.2388059701492535
PRV54266,0,0.3092356395369661,30.8490442929073,LOW,65,339180,42,5218.153846153846,1.5476190476190477,21,44,76.09921228784556,32.30769230769231
PRV55774,0,0.25959645039117635,25.87977030248955,LOW,14,49930,9,3566.4285714285716,1.5555555555555556,4,10,80.59753593429159,28.57142857142857
PRV55764,0,0.17128982587843802,17.039581332360974,LOW,29,9830,27,338.9655172413793,1.0740740740740742,1,28,81.15214627945635,3.4482758620689653
PRV52916,0,0.1559549788085288,15.50444230203302,LOW,26,73130,20,2812.6923076923076,1.3,6,20,75.29013004791238,26.923076923076923
PRV54564,0,0.2993698536610404,29.861401384311836,LOW,803,229780,330,286.1519302615193,2.433333333333333,0,803,77.72638914815506,2.73972602739726
PRV56130,1,0.412139426054611,41.15052420539707,LOW,17,120000,16,7058.823529411765,1.0625,17,0,82.47946611909651,88.23529411764706
PRV54596,0,0.12174218380084503,12.079471924860831,LOW,64,16490,20,257.65625,3.2,0,64,82.72922655715264,0.0
PRV55423,0,0.04741057259875995,4.638291910265547,LOW,25,4710,11,188.4,2.272727272727273,0,25,79.2500777798519,0.0
PRV52653,0,0.28695976084985764,28.619053302352654,LOW,14,68950,10,4925.0,1.4,4,10,70.65360922445112,28.57142857142857
PRV54652,0,0.024335852158864513,2.3283305653820827,LOW,38,12020,33,316.3157894736842,1.1515151515151516,0,38,77.54871092858772,5.263157894736842
PRV52830,0,0.018698924901563566,1.7640297279265562,LOW,34,7250,28,213.23529411764707,1.2142857142857142,0,34,73.96734135132492,5.88235294117647
PRV54044,0,0.04846184188260094,4.743532249582396,LOW,6,820,6,136.66666666666666,1.0,0,6,76.80629705681041,0.0
PRV57473,0,0.2679945668292625,26.720487935118747,LOW,1,90,1,90.0,1.0,0,1,40.7501711156742,0.0
PRV55701,0,0.09643826890597422,9.54635064897692,LOW,186,50800,70,273.1182795698925,2.657142857142857,0,186,75.34033440891757,2.6881720430107525
PRV55264,0,0.20126138914472258,20.039970991303264,LOW,528,147430,305,279.2234848484849,1.7311475409836066,0,528,75.99220834595663,3.4090909090909087
PRV51369,1,0.656496180230935,65.61256083022984,HIGH,2083,601910,963,288.96303408545367,2.1630321910695742,0,2083,77.63565119553529,3.168506961113778
PRV57710,0,0.1620031190513926,16.10990879970266,LOW,409,111150,336,271.76039119804403,1.2172619047619047,0,409,76.34549069456668,3.1784841075794623
PRV56803,1,0.39935396998466577,39.87059930337243,LOW,795,319420,408,401.7861635220126,1.9485294117647058,8,787,77.60605222976886,3.3962264150943398
PRV57170,0,0.21079763698742598,20.994624546012723,LOW,579,168360,232,290.77720207253884,2.4956896551724137,0,579,77.80925912813613,3.6269430051813467
PRV54416,0,0.018040469947565287,1.6981131984047821,LOW,17,7880,16,463.52941176470586,1.0625,0,17,76.39596167008898,5.88235294117647
PRV52838,0,0.02475400749391996,2.3701912094861313,LOW,83,25230,61,303.9759036144578,1.360655737704918,0,83,75.51288697388944,6.024096385542169
PRV52240,0,0.07760045918398531,7.660537453822062,LOW,62,25220,61,406.7741935483871,1.0163934426229508,0,62,78.92420417185625,6.451612903225806
PRV55235,0,0.060014775344162684,5.900071926226871,LOW,160,60920,118,380.75,1.3559322033898304,0,160,75.91280641306744,6.875000000000001
PRV55279,0,0.10579042744945928,10.482575414210523,LOW,81,28610,49,353.2098765432099,1.653061224489796,0,81,76.88605791392533,6.172839506172839
PRV56270,1,0.3522384184806657,35.15396132716823,LOW,1043,289970,485,278.01534036433367,2.1505154639175257,0,1043,75.4427937368135,2.876318312559923
PRV56351,0,0.04640109139567294,4.537234887122344,LOW,29,10920,17,376.55172413793105,1.7058823529411764,0,29,74.88698313000765,3.4482758620689653
PRV55447,0,0.03654199356931286,3.550261504990241,LOW,66,22990,60,348.3333333333333,1.1,0,66,77.60447182295232,4.545454545454546
PRV52448,0,0.1634217206718093,16.251922000490385,LOW,2,170,2,85.0,1.0,0,2,94.83367556468173,0.0
PRV57333,1,0.3913529533832308,39.06963449353964,LOW,1004,291020,723,289.8605577689243,1.38865836791148,0,1004,76.0393371977548,3.48605577689243
PRV51963,0,0.05784610881005776,5.682971317065711,LOW,54,13630,48,252.40740740740742,1.125,0,54,80.7624914442163,1.8518518518518516
PRV55154,0,0.2546681278347667,25.38640637939992,LOW,1,900,1,900.0,1.0,0,1,83.41683778234086,0.0
PRV54150,0,0.015497918623220775,1.4435837755276357,LOW,25,11020,24,440.8,1.0416666666666667,0,25,77.1047227926078,8.0
PRV57317,1,0.4616344104163523,46.10536216059754,MEDIUM,458,926330,298,2022.5545851528384,1.5369127516778522,84,374,76.7348407068633,19.65065502183406
PRV56057,1,0.42355264311839924,42.29307716965888,LOW,9,97000,9,10777.777777777777,1.0,9,0,83.34382842801735,88.88888888888889
PRV55184,0,0.07732909041466333,7.633371301626409,LOW,56,15760,44,281.42857142857144,1.2727272727272727,1,55,74.96509240246407,3.571428571428571
PRV53350,0,0.12465424440331457,12.370992138212252,LOW,4,2420,3,605.0,1.3333333333333333,0,4,74.83458818161077,0.0
PRV55893,1,0.3332941875049397,33.25749452591457,LOW,615,373630,276,607.5284552845528,2.2282608695652173,26,589,77.16601101132244,6.016260162601626
PRV52025,0,0.1002990301672873,9.932843274041945,LOW,119,35190,117,295.7142857142857,1.017094017094017,0,119,74.70188431995413,3.361344537815126
PRV53697,1,0.5359599198849704,53.5459313435911,MEDIUM,114,879270,62,7712.894736842105,1.8387096774193548,71,43,78.71255304585901,58.77192982456141
PRV54946,0,0.08500840104526229,8.402130808734727,LOW,91,33740,91,370.7692307692308,1.0,0,91,76.34445773254808,5.4945054945054945
PRV57021,1,0.4126116050090599,41.19779303950865,LOW,14,137000,12,9785.714285714286,1.1666666666666667,14,0,78.8268309377139,100.0
PRV57339,0,0.1768316146486954,17.594358057571945,LOW,458,105130,187,229.5414847161572,2.449197860962567,0,458,76.02913541746734,1.7467248908296942
PRV54246,0,0.011055899741907833,0.9989026823892487,LOW,43,9900,27,230.2325581395349,1.5925925925925926,0,43,73.88921844500216,0.0
PRV51969,0,0.046709891709382376,4.568148231871838,LOW,42,15450,39,367.85714285714283,1.0769230769230769,0,42,75.51322417030836,7.142857142857142
PRV55548,0,0.21188534812689133,21.103513002239474,LOW,562,159660,289,284.0925266903915,1.944636678200692,0,562,77.24420634300344,3.202846975088968
PRV51902,0,0.2490850317431967,24.827494465823765,LOW,4,1300,1,325.0,4.0,0,4,80.08213552361396,0.0
PRV52982,0,0.27188237316774216,27.10968798552342,LOW,643,216220,231,336.2674961119751,2.7835497835497836,0,643,77.95226539374384,5.132192846034215
PRV53794,0,0.13308011271872522,13.214487952446486,LOW,167,47640,160,285.2694610778443,1.04375,0,167,76.5485968514716,4.790419161676647
PRV55807,0,0.06388204100199302,6.287215692637931,LOW,17,6080,16,357.6470588235294,1.0625,0,17,77.31331279945243,5.88235294117647
PRV57414,1,0.3890478947804116,38.83887996353037,LOW,28,215460,16,7695.0,1.75,18,10,78.02305270362766,57.14285714285714
PRV55622,1,0.3296867565423003,32.896362259990106,LOW,1,1500,1,1500.0,1.0,0,1,74.75154004106776,0.0
PRV54389,0,0.049671558505737665,4.864634416128142,LOW,56,25590,44,456.9642857142857,1.2727272727272727,0,56,74.43986061850538,5.357142857142857
PRV54176,0,0.06836424148439184,6.735919280676122,LOW,10,1670,10,167.0,1.0,0,10,76.32553045859001,0.0
PRV51342,0,0.2491644075294515,24.835440607509245,LOW,207,356780,154,1723.574879227053,1.344155844155844,28,179,78.88566413912565,14.492753623188406
PRV55400,1,0.3393087700610846,33.859601634708994,LOW,1,200,1,200.0,1.0,0,1,85.83709787816564,0.0
PRV53952,0,0.029384206382735374,2.833710604234406,LOW,15,4580,13,305.3333333333333,1.1538461538461537,0,15,71.47517506449745,0.0
PRV53127,0,0.15047751802967235,14.956105315666,LOW,99,29730,54,300.3030303030303,1.8333333333333333,1,98,78.3124883330222,2.0202020202020203
PRV56438,1,0.5241884428196216,52.367513730083445,MEDIUM,133,827300,67,6220.300751879699,1.9850746268656716,64,69,76.56621361754831,46.616541353383454
PRV51676,0,0.1737081164511479,17.281671274824486,LOW,138,91920,124,666.0869565217391,1.1129032258064515,3,135,78.00010864487251,4.3478260869565215
PRV55012,0,0.02955513972288148,2.8508223785381435,LOW,73,19800,69,271.2328767123288,1.0579710144927537,0,73,78.2574174924858,1.36986301369863
PRV53329,0,0.08932360495324802,8.83411672374078,LOW,11,2070,10,188.1818181818182,1.1,1,10,70.25698463070127,0.0
PRV56993,0,0.023492090403250374,2.24386336480054,LOW,24,5400,24,225.0,1.0,0,24,76.77104722792608,0.0
PRV54375,0,0.1849265098579321,18.404720855809334,LOW,56,143990,35,2571.25,1.6,16,40,75.2168605977641,32.142857142857146
PRV52353,0,0.27948741665009386,27.871012765866887,LOW,48,150420,41,3133.75,1.170731707317073,6,42,74.08192257966385,12.5
PRV53526,0,0.0630764740186955,6.206572089740175,LOW,60,18440,28,307.3333333333333,2.142857142857143,0,60,70.53241419771193,5.0
PRV51889,0,0.24621855454310115,24.540537510247297,LOW,4,170,1,42.5,4.0,0,4,81.41820670773443,0.0
PRV51535,0,0.2423484133958685,24.153105884688202,LOW,388,121350,304,312.75773195876286,1.2763157894736843,2,386,77.58406141375099,3.0927835051546393
PRV51004,0,0.09315057878098974,9.217226960460255,LOW,149,52170,138,350.13422818791946,1.0797101449275361,0,149,75.94677062563858,6.0402684563758395
PRV53394,1,0.5980248033099778,59.75911524585792,HIGH,1215,785420,355,646.4362139917696,3.4225352112676055,47,1168,76.54745112043567,7.160493827160494
PRV54288,0,0.034311872007885984,3.327008763328397,LOW,15,4100,13,273.3333333333333,1.1538461538461537,0,15,74.91749591954931,6.666666666666667
PRV51149,1,0.6461101171818373,64.57283407681453,HIGH,148,1120680,108,7572.1621621621625,1.3703703703703705,116,32,75.24429278898417,72.97297297297297
PRV52184,0,0.04453134257105741,4.350058296153308,LOW,21,2960,20,140.95238095238096,1.05,0,21,75.396167008898,0.0
PRV51113,0,0.08549242706143687,8.450585627079917,LOW,132,46390,78,351.43939393939394,1.6923076923076923,0,132,75.98553853173976,4.545454545454546
PRV56986,0,0.20952711859076528,20.86743564281911,LOW,2,310,2,155.0,1.0,0,2,80.25051334702258,0.0
PRV54402,0,0.10036955106922606,9.93990297203088,LOW,56,74520,45,1330.7142857142858,1.2444444444444445,6,50,76.20347707049966,16.071428571428573
PRV52687,0,0.1331030208226584,13.216781234166108,LOW,41,61920,20,1510.2439024390244,2.05,6,35,75.51364818617385,14.634146341463413
PRV51604,1,0.4710053916675859,47.04347122719975,MEDIUM,329,697510,222,2120.091185410334,1.481981981981982,50,279,77.06113556888971,17.325227963525837
PRV52099,0,0.13285676108105912,13.192128693504692,LOW,90,31370,69,348.55555555555554,1.3043478260869565,2,88,74.96189181633262,2.2222222222222223
PRV54561,0,0.23239924053551406,23.15711528186179,LOW,186,269670,86,1449.8387096774193,2.1627906976744184,25,161,80.04745608031028,13.978494623655912
PRV56820,0,0.09938299452276667,9.84114088766245,LOW,5,820,4,164.0,1.25,0,5,72.64681724845995,0.0
PRV57365,0,0.07813353790898792,7.713902834856398,LOW,183,57260,84,312.89617486338796,2.1785714285714284,0,183,76.05654965613897,3.825136612021858
PRV53925,0,0.211004386730975,21.01532182453043,LOW,61,160200,40,2626.2295081967213,1.525,20,41,76.7510679978286,37.704918032786885
PRV54856,0,0.21110633283489735,21.025527432868593,LOW,1,40,1,40.0,1.0,0,1,69.41820670773443,0.0
PRV52754,0,0.2081877541047922,20.733354703577987,LOW,1,10,1,10.0,1.0,0,1,81.99863107460644,0.0
PRV57456,0,0.04327332388347477,4.224120712336145,LOW,16,2350,15,146.875,1.0666666666666667,0,16,71.62235911476158,0.0
PRV52729,0,0.2007703821604529,19.990817323041707,LOW,2,500,2,250.0,1.0,0,2,85.62217659137576,0.0
PRV55865,0,0.11185946161663883,11.090133558348338,LOW,325,91750,163,282.3076923076923,1.9938650306748467,0,325,77.40665062588445,3.6923076923076925
PRV54793,0,0.10825714991245111,10.729513770534664,LOW,10,3820,5,382.0,2.0,0,10,72.63353867214236,10.0
PRV56981,0,0.11064571008098024,10.968627465264031,LOW,7,710,7,101.42857142857143,1.0,0,7,75.97653270753888,0.0
PRV56282,0,0.0693179211589077,6.831390131093181,LOW,4,500,4,125.0,1.0,0,4,85.3750855578371,0.0
PRV56773,0,0.12371140352943259,12.276606337148419,LOW,43,64730,27,1505.3488372093022,1.5925925925925926,7,36,75.00790243295377,25.581395348837212
PRV53427,0,0.01159757327062366,1.0531284710023503,LOW,24,8880,17,370.0,1.411764705882353,0,24,75.31908040423562,8.333333333333332
PRV53857,1,0.5806329989387389,58.01805858083861,HIGH,10,140000,10,14000.0,1.0,10,0,79.67474332648871,100.0
PRV56809,0,0.1009695456568439,9.999967158210152,LOW,44,45270,37,1028.8636363636363,1.1891891891891893,4,40,78.52236189713027,11.363636363636363
PRV55977,1,0.47368870229533283,47.312091765531115,MEDIUM,1302,371100,762,285.0230414746544,1.7086614173228347,0,1302,77.97608153190296,3.225806451612903
PRV52602,0,0.14808713218716843,14.716808856585445,LOW,79,108520,65,1373.6708860759493,1.2153846153846153,9,70,76.73168124665973,16.455696202531644
PRV51380,1,0.37266225868761366,37.19854867179134,LOW,8,51560,4,6445.0,2.0,4,4,78.6043805612594,50.0
PRV53000,1,0.3453731058081573,34.46668942997055,LOW,703,200250,469,284.850640113798,1.4989339019189765,0,703,78.10970375462085,3.2716927453769555
PRV55481,0,0.09465173085048799,9.367504111698779,LOW,52,20310,26,390.5769230769231,2.0,1,51,78.19778436890003,5.769230769230769
PRV56489,0,0.031489403742124354,3.0444574488692577,LOW,21,9350,20,445.23809523809524,1.05,0,21,75.62888432580425,9.523809523809524
PRV54902,0,0.11734438364340387,11.639217474425655,LOW,16,9840,14,615.0,1.1428571428571428,1,15,72.49555099247091,12.5
PRV54422,0,0.06641019682967593,6.540304012862705,LOW,15,2750,12,183.33333333333334,1.25,0,15,73.00091261692904,0.0
PRV56025,0,0.11201790679794127,11.105995169545103,LOW,153,44660,148,291.8954248366013,1.0337837837837838,0,153,75.7991194479901,3.2679738562091507
PRV54457,0,0.08413012021535068,8.314207976805625,LOW,16,2220,8,138.75,2.0,0,16,76.41581108829568,0.0
PRV57054,0,0.028423784033638384,2.7375647589594863,LOW,27,5190,18,192.22222222222223,1.5,0,27,76.37538976348011,0.0
PRV56523,0,0.016342850792045338,1.5281681436944006,LOW,21,6670,20,317.6190476190476,1.05,0,21,73.23381245722109,0.0
PRV56338,1,0.38773911022900426,38.70786031670923,LOW,10,97400,10,9740.0,1.0,10,0,71.31663244353183,90.0
PRV51905,0,0.21365769839681534,21.280939230383055,LOW,257,82540,85,321.16731517509726,3.023529411764706,0,257,75.38379031283972,4.280155642023346
PRV52726,0,0.13372561215424916,13.279107532479465,LOW,2,380,2,190.0,1.0,0,2,82.91718001368926,0.0
PRV53032,0,0.16478975466080026,16.38887298289935,LOW,23,48310,15,2100.4347826086955,1.5333333333333334,5,18,78.73698620267301,26.08695652173913
PRV52758,0,0.09846270854672459,9.749013009605038,LOW,4,130,4,32.5,1.0,0,4,77.27104722792608,0.0
PRV51745,0,0.036164069786014816,3.5124283562418284,LOW,13,2290,12,176.15384615384616,1.0833333333333333,0,13,77.36093999543691,0.0
PRV55632,0,0.21896594484731183,21.812336529071946,LOW,1,60,1,60.0,1.0,0,1,75.75085557837097,0.0
PRV57401,1,0.51603303873089,51.551093516198506,MEDIUM,8,65000,8,8125.0,1.0,8,0,79.55099247091033,87.5
PRV53408,0,0.15823986516174235,15.733177430899392,LOW,47,88780,36,1888.936170212766,1.3055555555555556,10,37,78.39689710244124,25.53191489361702
PRV51568,0,0.14858148922550868,14.766297891657898,LOW,58,105010,49,1810.5172413793102,1.183673469387755,9,49,79.29123287342243,20.689655172413794
PRV51704,0,0.23860569458903746,23.77843023949164,LOW,1,600,1,600.0,1.0,0,1,70.41752224503765,0.0
PRV51915,0,0.02140236926885108,2.034665812239844,LOW,20,6170,16,308.5,1.25,0,20,78.96355236139631,5.0
PRV54276,0,0.20147729710142856,20.061585079124725,LOW,77,100810,33,1309.2207792207791,2.3333333333333335,4,73,75.14532120856556,7.792207792207792
PRV56145,0,0.03707918514650736,3.6040386149382693,LOW,52,22650,40,435.5769230769231,1.3,0,52,75.05612594113622,5.769230769230769
PRV57680,0,0.0455579739918101,4.4528321912286,LOW,19,9360,18,492.63157894736844,1.0555555555555556,0,19,75.20450224351663,10.526315789473683
PRV51221,0,0.18576022195157418,18.488182006036112,LOW,1,70,1,70.0,1.0,0,1,83.41683778234086,0.0
PRV53635,0,0.18058860619745098,17.97046251670439,LOW,54,90660,47,1678.888888888889,1.148936170212766,5,49,73.32738377296899,11.11111111111111
PRV56502,0,0.049476262890390095,4.845083786101955,LOW,7,1410,6,201.42857142857142,1.1666666666666667,0,7,70.25096965548711,0.0
PRV55027,0,0.20114978726807745,20.028798764028043,LOW,156,191990,134,1230.7051282051282,1.164179104477612,13,143,78.5122109076348,10.256410256410255
PRV55509,1,0.45255525918160494,45.1964675782668,MEDIUM,39,362510,27,9295.128205128205,1.4444444444444444,28,11,80.81840123923773,71.7948717948718
PRV57161,0,0.05583708915919419,5.481852618934816,LOW,6,1480,6,246.66666666666666,1.0,0,6,80.25096965548711,0.0
PRV55094,0,0.08688401836003092,8.589894881811803,LOW,19,17100,18,900.0,1.0555555555555556,0,19,74.07863715871929,10.526315789473683
PRV51752,0,0.04577840072396699,4.474898644080659,LOW,87,32740,69,376.32183908045977,1.2608695652173914,0,87,76.19835530557788,6.896551724137931
PRV57388,0,0.07968968072742058,7.869684993390481,LOW,9,1660,7,184.44444444444446,1.2857142857142858,0,9,77.71428571428571,0.0
PRV56430,0,0.008599430472865396,0.7529907515746329,LOW,38,11130,36,292.89473684210526,1.0555555555555556,0,38,78.58795345653661,2.631578947368421
PRV53198,0,0.101013309828852,10.004348296689939,LOW,6,250,5,41.666666666666664,1.2,0,6,74.28446269678302,0.0
PRV55658,1,0.5357828131019198,53.528201559005886,MEDIUM,15,196400,14,13093.333333333334,1.0714285714285714,15,0,77.06013493693165,86.66666666666667
PRV56579,0,0.03025248472007876,2.9206321078377666,LOW,39,6850,17,175.64102564102564,2.2941176470588234,0,39,75.15255465635947,0.0
PRV57263,0,0.1564111325179017,15.550106882833523,LOW,52,30130,22,579.4230769230769,2.3636363636363638,0,52,74.5830377698961,9.615384615384617
PRV57509,0,0.030717045879602126,2.967138340649057,LOW,58,11690,53,201.55172413793105,1.0943396226415094,0,58,78.58664910309557,0.0
PRV51242,0,0.19379865341285127,19.29289233816828,LOW,111,117200,79,1055.855855855856,1.4050632911392404,11,100,75.82235439432918,12.612612612612612
PRV56577,0,0.20093365001484695,20.007161721817617,LOW,293,112430,240,383.7201365187713,1.2208333333333334,8,285,76.10544605076107,4.436860068259386
PRV52365,0,0.26876437282390236,26.797551581255203,LOW,739,202130,381,273.51826792963465,1.9396325459317585,0,739,75.78645482456378,2.841677943166441
PRV56236,0,0.14218635274141297,14.126094335909773,LOW,36,56080,29,1557.7777777777778,1.2413793103448276,7,29,76.86672533489782,19.444444444444446
PRV52555,0,0.09672406061430214,9.574960651019861,LOW,7,3600,7,514.2857142857143,1.0,0,7,84.19008506893518,14.285714285714285
PRV53916,0,0.07828457124620554,7.7290224620549255,LOW,192,43180,109,224.89583333333334,1.761467889908257,0,192,77.33082154362036,1.5625
PRV52662,0,0.11561076528953039,11.465668616286319,LOW,19,12790,16,673.1578947368421,1.1875,2,17,77.99102593353106,10.526315789473683
PRV57692,0,0.11313472127632072,11.217797099331534,LOW,2,450,2,225.0,1.0,0,2,78.62422997946612,0.0
PRV57657,0,0.049261130053100954,4.823547293842061,LOW,54,15930,20,295.0,2.7,0,54,77.15427789185489,5.555555555555555
PRV51098,0,0.09012185938661692,8.91402828276777,LOW,4,300,4,75.0,1.0,0,4,85.45859000684463,0.0
PRV54131,0,0.07355930421608053,7.255985997224388,LOW,24,4010,12,167.08333333333334,2.0,0,24,79.16586812685375,0.0
PRV51303,0,0.04711406842244664,4.608609505762995,LOW,93,36110,49,388.2795698924731,1.8979591836734695,0,93,75.8878598667393,4.301075268817205
PRV57581,0,0.037120849431532356,3.6082095381839325,LOW,15,2370,15,158.0,1.0,0,15,74.25087839379421,0.0
PRV53785,0,0.11952963289521334,11.857978144300894,LOW,129,54580,124,423.1007751937984,1.0403225806451613,0,129,78.86628690026717,8.527131782945736
PRV54144,0,0.1377011657673916,13.677091776526604,LOW,294,73130,103,248.74149659863946,2.854368932038835,0,294,77.228311503625,3.061224489795918
PRV51013,0,0.018717725801758837,1.7659118461872396,LOW,46,14880,44,323.4782608695652,1.0454545454545454,0,46,77.56449505320141,0.0
PRV54993,1,0.35742185337185767,35.67286400525536,LOW,53,185920,40,3507.9245283018868,1.325,8,45,75.92527948893452,15.09433962264151
PRV51132,0,0.18440252831793374,18.352266174679762,LOW,8,5330,5,666.25,1.6,1,7,75.66689482089892,12.5
PRV55152,1,0.3404021335393752,33.969055934592596,LOW,10,78300,10,7830.0,1.0,10,0,78.09226557152635,90.0
PRV53654,0,0.04137249344467905,4.033832606864481,LOW,39,12040,35,308.71794871794873,1.1142857142857143,0,39,81.88121638799257,5.128205128205128
PRV51689,0,0.31114900439977716,31.04058719299419,LOW,1,1700,1,1700.0,1.0,0,1,70.33264887063655,0.0
PRV56625,0,0.016217799844465558,1.5156495584399112,LOW,36,10020,32,278.3333333333333,1.125,0,36,77.24486652977413,2.7777777777777777
PRV56711,0,0.25822609002967367,25.74258643186035,LOW,63,107950,38,1713.4920634920634,1.6578947368421053,8,55,74.16423594657681,14.285714285714285
PRV54228,1,0.34824286201564486,34.75397464002554,LOW,352,406000,188,1153.409090909091,1.872340425531915,41,311,74.36421711986394,14.204545454545455
PRV54330,1,0.3311145073728348,33.03929136880643,LOW,472,280120,361,593.4745762711865,1.3074792243767313,18,454,77.20530200996518,7.203389830508475
PRV51859,0,0.015471336415504987,1.4409226870674277,LOW,65,15500,60,238.46153846153845,1.0833333333333333,0,65,78.1418663016199,1.5384615384615385
PRV56645,0,0.04156308874991962,4.052912698810504,LOW,64,22720,52,355.0,1.2307692307692308,0,64,77.609803611857,6.25
PRV57636,1,0.32292658687215137,32.21961600585572,LOW,5,28000,5,5600.0,1.0,5,0,78.93278576317591,80.0
PRV51325,0,0.17520310698612174,17.43133160790421,LOW,15,15140,5,1009.3333333333334,3.0,0,15,77.33442847364819,26.666666666666668
PRV53700,1,0.44399982537613353,44.34000123750112,MEDIUM,913,220320,454,241.31434830230012,2.011013215859031,0,913,78.40464710972812,2.190580503833516
PRV53070,1,0.340166032895215,33.94542039963854,LOW,20,111530,10,5576.5,2.0,12,8,80.09340902685508,50.0
PRV55918,0,0.16260564163894672,16.170226058596192,LOW,10,17760,8,1776.0,1.25,2,8,81.11622176591376,20.0
PRV56182,0,0.007185405105602569,0.6114356697884903,LOW,51,13590,44,266.47058823529414,1.1590909090909092,0,51,74.95457656648622,3.9215686274509802
PRV52427,0,0.1697250590843937,16.882935845911216,LOW,19,36850,10,1939.4736842105262,1.9,3,16,75.0205338809035,21.052631578947366
PRV53721,0,0.1089670774575477,10.800583112029516,LOW,5,2560,5,512.0,1.0,0,5,71.33305954825462,0.0
PRV53019,0,0.03667919496602745,3.5639964459486917,LOW,15,4920,13,328.0,1.1538461538461537,0,15,75.27594376875692,6.666666666666667
PRV55417,0,0.0964121684814288,9.543737790808517,LOW,30,3710,12,123.66666666666667,2.5,0,30,73.52156057494867,0.0
PRV52528,0,0.00629816479751082,0.5226159234928458,LOW,26,6460,16,248.46153846153845,1.625,0,26,76.79192334017796,0.0
PRV56449,0,0.19256845458409474,19.169739741440164,LOW,135,211880,96,1569.4814814814815,1.40625,13,122,75.23948031070839,14.814814814814813
PRV52328,0,0.03290403609760112,3.186073294958684,LOW,35,19560,28,558.8571428571429,1.25,0,35,80.46817248459959,11.428571428571429
PRV52313,0,0.19631195170231272,19.544493301739653,LOW,504,146700,196,291.07142857142856,2.5714285714285716,0,504,74.2641467264524,3.373015873015873
PRV53763,1,0.6789837577449321,67.86374454154328,HIGH,58,739000,57,12741.379310344828,1.0175438596491229,58,0,76.80608091069563,96.55172413793103
PRV55590,0,0.10479271705421431,10.382696741686301,LOW,5,2500,5,500.0,1.0,0,5,77.65092402464066,20.0
PRV51812,1,0.5848190087686532,58.4371111505801,HIGH,1,6000,1,6000.0,1.0,1,0,61.503080082135526,100.0
PRV52058,0,0.1399690223808797,13.90412209425207,LOW,204,55450,199,271.8137254901961,1.0251256281407035,0,204,77.24554325357107,2.941176470588235
PRV57350,0,0.11565330952386531,11.46992762939191,LOW,46,71390,34,1551.9565217391305,1.3529411764705883,9,37,74.47595198744595,19.565217391304348
PRV56669,1,0.4359190441052641,43.531051355712165,LOW,40,283610,24,7090.25,1.6666666666666667,29,11,74.34881930184805,62.5
PRV54224,0,0.04096812124091628,3.993351762813936,LOW,43,15460,23,359.5348837209302,1.8695652173913044,0,43,77.21739130434783,4.651162790697675
PRV53388,0,0.1535741715580205,15.266104735490549,LOW,122,123340,61,1010.983606557377,2.0,11,111,74.3539198652135,9.836065573770492
PRV53180,0,0.16442930935104336,16.352789567082816,LOW,5,3010,4,602.0,1.25,0,5,83.1252566735113,0.0
PRV53678,0,0.15267283032634282,15.175873375628642,LOW,3,120,3,40.0,1.0,0,3,78.1117955738079,0.0
PRV53513,1,0.4597848338816859,45.920204974810105,MEDIUM,2,18000,2,9000.0,1.0,2,0,69.37440109514031,100.0
PRV52315,0,0.13202310047640756,13.108672697731597,LOW,85,61930,61,728.5882352941177,1.3934426229508197,5,80,75.32337751228921,8.235294117647058
PRV51415,0,0.11495889696727037,11.400411460504218,LOW,51,63690,43,1248.8235294117646,1.186046511627907,7,44,75.54398357289527,15.686274509803921
PRV54761,1,0.3215463500187786,32.08144342056354,LOW,822,216040,483,262.82238442822387,1.7018633540372672,0,822,77.53913128504684,3.40632603406326
PRV51383,0,0.14349441557401924,14.257041732991777,LOW,77,108490,68,1408.9610389610389,1.1323529411764706,9,68,76.32729761682533,14.285714285714285
PRV57117,1,0.387116841289122,38.64556629234634,LOW,190,552370,99,2907.2105263157896,1.9191919191919191,67,123,74.79395717219126,34.73684210526316
PRV56969,0,0.21985578373402,21.9014164135639,LOW,1,10,1,10.0,1.0,0,1,88.50102669404518,0.0
PRV57121,0,0.14777313677016143,14.685375441058438,LOW,38,35470,15,933.421052631579,2.533333333333333,3,35,77.95893223819301,7.894736842105263
PRV51490,1,0.5313947280877735,53.08891967096988,MEDIUM,64,442070,40,6907.34375,1.6,48,16,76.27813630585705,70.3125
PRV56486,0,0.06238614949154554,6.137465164813609,LOW,77,26220,37,340.5194805194805,2.081081081081081,0,77,71.74789573968219,2.5974025974025974
PRV56086,0,0.06511198856992306,6.410343136177381,LOW,16,4280,14,267.5,1.1428571428571428,0,16,76.28669208956683,6.25
PRV56166,0,0.15605488119065916,15.514443317715267,LOW,8,8720,6,1090.0,1.3333333333333333,2,6,81.63449691991786,25.0
PRV52570,0,0.21578660735405725,21.49405979281043,LOW,24,68190,15,2841.25,1.6,8,16,79.3299407790971,37.5
PRV55324,0,0.009713174101707423,0.8644852651240666,LOW,25,7530,24,301.2,1.0416666666666667,0,25,78.8960757472051,4.0
PRV55362,0,0.05025860350783522,4.92340224675407,LOW,148,36170,101,244.3918918918919,1.4653465346534653,0,148,77.48621925847615,3.3783783783783785
PRV52378,0,0.22363737765497968,22.279983764020724,LOW,12,11920,9,993.3333333333334,1.3333333333333333,3,9,78.64590463153091,16.666666666666664
PRV56352,0,0.1772660186515862,17.63784532136585,LOW,24,37730,18,1572.0833333333333,1.3333333333333333,4,20,80.12058988239686,16.666666666666664
PRV52300,0,0.21298995513162902,21.214092867719444,LOW,21,59160,17,2817.1428571428573,1.2352941176470589,3,18,82.5483626931806,19.047619047619047
PRV57239,0,0.012424229538509309,1.1358832774709886,LOW,28,6180,19,220.71428571428572,1.4736842105263157,0,28,74.324579415685,0.0
PRV54803,0,0.12770064787661106,12.67596113155558,LOW,3,1880,3,626.6666666666666,1.0,0,3,73.86356376910793,0.0
PRV53220,1,0.6231143302845202,62.27077460153967,HIGH,5,110000,5,22000.0,1.0,5,0,77.43463381245722,100.0
PRV54072,0,0.20954854470180007,20.869580565371496,LOW,30,105640,20,3521.3333333333335,1.5,6,24,72.73100616016427,20.0
PRV53680,0,0.03641955030943769,3.538003969823568,LOW,27,7890,25,292.22222222222223,1.08,0,27,79.41694729637234,3.7037037037037033
PRV54548,0,0.04592976822183166,4.490051723393142,LOW,12,1890,7,157.5,1.7142857142857142,0,12,71.47589713503471,0.0
PRV57705,0,0.20450615691440932,20.364797813826367,LOW,2,400,2,200.0,1.0,0,2,59.12662559890486,0.0
PRV53359,0,0.09670369859620946,9.572922252556035,LOW,213,57150,155,268.3098591549296,1.3741935483870968,0,213,76.91597889205362,3.755868544600939
PRV55852,0,0.11071263493110171,10.975327170129162,LOW,60,31730,31,528.8333333333334,1.935483870967742,3,57,79.9115331964408,5.0
PRV51571,0,0.03047373360720192,2.942780864880532,LOW,22,4640,22,210.9090909090909,1.0,0,22,75.71563686142741,0.0
PRV56414,0,0.03532873628463098,3.4288048903234016,LOW,27,5900,26,218.5185185185185,1.0384615384615385,0,27,72.99320802400885,0.0
PRV51258,1,0.3724809055316371,37.1803937918148,LOW,14,99660,7,7118.571428571428,2.0,8,6,79.2644307551905,57.14285714285714
PRV54651,0,0.23613900253353276,23.531494927196572,LOW,91,291760,66,3206.153846153846,1.378787878787879,21,70,75.28932316866891,25.274725274725274
PRV52738,0,0.053440568300914724,5.241941996431187,LOW,62,17660,49,284.83870967741933,1.2653061224489797,0,62,76.83817346240345,4.838709677419355
PRV56187,0,0.02461140083658716,2.3559151593463312,LOW,18,4970,14,276.1111111111111,1.2857142857142858,0,18,73.53006746846583,5.555555555555555
PRV53177,0,0.11053767340206229,10.957812142375065,LOW,16,1520,11,95.0,1.4545454545454546,0,16,83.9325493124261,0.0
PRV51869,0,0.1434077262840208,14.248363451951128,LOW,21,26480,19,1260.952380952381,1.105263157894737,2,19,76.96528796323457,14.285714285714285
PRV55213,1,0.3871323208870856,38.64711592208177,LOW,81,80390,65,992.4691358024692,1.2461538461538462,3,78,78.12656337502334,2.4691358024691357
PRV57679,0,0.3073835166824418,30.66363220043708,LOW,1,400,1,400.0,1.0,0,1,79.99726214921287,0.0
PRV53323,0,0.04187992302098696,4.084630305999127,LOW,18,2920,11,162.22222222222223,1.6363636363636365,0,18,71.30284363138573,0.0
PRV51734,0,0.0752050966005906,7.420742783761608,LOW,20,7900,20,395.0,1.0,0,20,81.49185489390828,10.0
PRV56468,0,0.1274567638191035,12.65154641559214,LOW,34,47270,28,1390.2941176470588,1.2142857142857142,5,29,76.24751882272416,17.647058823529413
PRV53450,0,0.03541101201757673,3.4370413395242356,LOW,50,14890,48,297.8,1.0416666666666667,0,50,75.11487565594342,2.0
PRV53454,0,0.0691388547141743,6.813464168931373,LOW,25,5580,21,223.2,1.1904761904761905,0,25,70.44829047293112,4.0
PRV57133,0,0.14532285355463437,14.440082782946828,LOW,14,1650,4,117.85714285714286,3.5,0,14,66.35455167693361,0.0
PRV54092,0,0.2934694782317196,29.27072730886492,LOW,481,141550,401,294.28274428274426,1.199501246882793,0,481,77.25403124631953,3.5343035343035343
PRV51408,0,0.05884333899835798,5.782801917090731,LOW,15,1390,15,92.66666666666667,1.0,0,15,79.58932238193019,0.0
PRV55731,0,0.06278858595387009,6.177752225892541,LOW,135,32410,52,240.07407407407408,2.5961538461538463,0,135,77.09982625177697,2.2222222222222223
PRV57735,0,0.09564425581088287,9.466863681333267,LOW,6,780,6,130.0,1.0,0,6,80.18115446041524,0.0
PRV52656,1,0.37543557525990356,37.476179514418504,LOW,775,239770,631,309.3806451612903,1.2282091917591125,0,775,77.32646050346516,3.870967741935484
PRV57747,0,0.14035017995309093,13.942278970752955,LOW,2,110,2,55.0,1.0,0,2,82.24914442162903,0.0
PRV52971,1,0.3476798384079657,34.69761154026954,LOW,3,15000,3,5000.0,1.0,3,0,77.61076887976272,100.0
PRV52284,0,0.05842610851586695,5.7410338580162215,LOW,39,5320,32,136.4102564102564,1.21875,0,39,76.38800479123887,0.0
PRV53452,0,0.0782622436823494,7.726787296971671,LOW,62,37100,44,598.3870967741935,1.4090909090909092,0,62,73.7332462198992,12.903225806451612
PRV52045,1,0.4144169810184814,41.37852540441883,LOW,243,577030,187,2374.6090534979426,1.2994652406417113,46,197,77.70188834665221,19.753086419753085
PRV51977,1,0.5229680999036738,52.24534778789209,MEDIUM,1,8000,1,8000.0,1.0,1,0,77.16632443531827,100.0
PRV52568,0,0.03923307359877264,3.819659821655962,LOW,87,25730,41,295.7471264367816,2.1219512195121952,0,87,77.050800487471,4.597701149425287
PRV51271,0,0.115359286382392,11.440493596027402,LOW,123,43180,89,351.0569105691057,1.3820224719101124,2,121,77.11585671914214,3.2520325203252036
PRV54776,0,0.11820100002699559,11.724971524562251,LOW,37,37450,32,1012.1621621621622,1.15625,5,32,77.64678025047635,13.513513513513514
PRV56106,1,0.42162621573391806,42.10022660822011,LOW,2,10000,2,5000.0,1.0,2,0,77.70841889117042,100.0
PRV56480,0,0.059009310769733175,5.799416999263326,LOW,21,3120,19,148.57142857142858,1.105263157894737,0,21,70.10468676825535,0.0
PRV57227,0,0.30999361049940316,30.924923159060175,LOW,52,191800,31,3688.4615384615386,1.6774193548387097,21,31,78.28676249144422,38.46153846153847
PRV52133,0,0.192172324436584,19.13008399216787,LOW,305,105080,268,344.5245901639344,1.1380597014925373,2,303,77.22060486222018,3.606557377049181
PRV52367,0,0.21436284577438564,21.351530039440796,LOW,297,156620,176,527.3400673400673,1.6875,4,293,75.06645372271656,5.387205387205387
PRV52791,0,0.2558909585924582,25.508821374154007,LOW,1,200,1,200.0,1.0,0,1,81.75222450376455,0.0
PRV55114,0,0.04209988609368689,4.1066503428859065,LOW,13,4480,13,344.61538461538464,1.0,0,13,79.57647554362134,7.6923076923076925
PRV56651,0,0.06977149286685619,6.876796233204923,LOW,71,18630,38,262.3943661971831,1.868421052631579,0,71,79.01581469073093,4.225352112676056
PRV54794,0,0.07483380756535635,7.38357382557621,LOW,3,450,3,150.0,1.0,0,3,78.19575633127994,0.0
PRV55164,0,0.18607318926781208,18.519512500574695,LOW,154,239760,98,1556.8831168831168,1.5714285714285714,17,137,75.23730261125549,12.337662337662337
PRV55185,0,0.18187987936488653,18.099729136000207,LOW,206,112170,68,544.5145631067961,3.0294117647058822,5,201,74.17072455265475,7.281553398058252
PRV54883,1,0.5832174713053345,58.27678463038302,HIGH,1,13000,1,13000.0,1.0,1,0,84.99931553730322,100.0
PRV55607,0,0.27092728369128727,27.014076002823025,LOW,1,40,1,40.0,1.0,0,1,92.41615331964408,0.0
PRV54892,0,0.03908176611341135,3.8045127500679654,LOW,49,10670,46,217.75510204081633,1.065217391304348,0,49,74.09778888789693,2.0408163265306123
PRV55592,0,0.06072877371691829,5.971548789648519,LOW,117,22140,52,189.23076923076923,2.25,0,117,76.17048386247565,1.7094017094017095
PRV55037,1,0.3410195587778015,34.03086506627136,LOW,649,313660,437,483.2973805855162,1.4851258581235698,11,638,76.53506649066198,5.701078582434515
PRV56324,0,0.2289157195138188,22.80838737743646,LOW,1,100,1,100.0,1.0,0,1,69.67008898015058,0.0
PRV55566,0,0.012929497127195475,1.18646454460823,LOW,53,17310,47,326.60377358490564,1.127659574468085,0,53,74.0147669186072,5.660377358490567
PRV54209,0,0.20923749492435634,20.83844203157642,LOW,151,178900,122,1184.76821192053,1.2377049180327868,20,131,77.09062975492296,13.90728476821192
PRV52633,0,0.15698886299266834,15.607942255875127,LOW,379,100770,224,265.8839050131926,1.6919642857142858,0,379,76.73461181187054,3.16622691292876
PRV57701,0,0.10217094352079407,10.120236551409485,LOW,4,620,4,155.0,1.0,0,4,76.35318275154005,0.0
PRV54154,0,0.026999500504101923,2.5949827542954105,LOW,12,1640,11,136.66666666666666,1.0909090909090908,0,12,77.73455292141124,0.0
PRV54593,0,0.06320840702608707,6.219779623412472,LOW,35,10960,22,313.14285714285717,1.5909090909090908,0,35,73.24186422749051,5.714285714285714
PRV54483,0,0.06166971981125215,6.065744908348718,LOW,13,1170,11,90.0,1.1818181818181819,0,13,78.78066081762181,0.0
PRV57702,1,0.4235360004529792,42.2914111077061,LOW,15,80830,8,5388.666666666667,1.875,7,8,72.1029853103775,33.33333333333333
PRV56342,1,0.45508938149298517,45.450153190525576,MEDIUM,5,52000,5,10400.0,1.0,5,0,72.45010266940452,100.0
PRV54837,1,0.5553146507032111,55.48349241382019,HIGH,1843,524060,728,284.35160065111234,2.5315934065934065,0,1843,76.4271047227926,2.930005425935974
PRV57549,0,0.21720347126636014,21.635899035322826,LOW,518,161160,324,311.11969111969114,1.5987654320987654,0,518,77.16536956760548,3.861003861003861
PRV53786,1,0.5449085276413312,54.44175749505244,HIGH,1382,715760,530,517.9160636758321,2.607547169811321,36,1346,76.90320069006053,5.499276410998553
PRV54629,0,0.11025516541557609,10.929530866764217,LOW,3,580,3,193.33333333333334,1.0,0,3,83.11202372804016,0.0
PRV53383,0,0.1854595660966951,18.45808398579389,LOW,22,51890,16,2358.6363636363635,1.375,4,18,69.02477754962355,22.727272727272727
PRV51309,0,0.03609875439328449,3.5058897707440786,LOW,18,3790,17,210.55555555555554,1.0588235294117647,0,18,79.33792325965294,0.0
PRV56900,1,0.49042465243985955,48.98749225432372,MEDIUM,2,19000,2,9500.0,1.0,2,0,88.20670773442848,100.0
PRV56136,0,0.15878474132862666,15.787723828829956,LOW,8,7120,7,890.0,1.1428571428571428,1,7,68.95859000684463,12.5
PRV55849,1,0.7012016007188692,70.0879256998879,HIGH,176,1283730,119,7293.920454545455,1.4789915966386555,128,48,76.78069733223491,69.88636363636364
PRV54133,0,0.036968922148999786,3.5930004200150885,LOW,25,3560,24,142.4,1.0416666666666667,0,25,79.57996805840749,0.0
PRV57760,0,0.09223022200257866,9.125091994527784,LOW,22,4770,9,216.8181818181818,2.4444444444444446,0,22,68.56399726214921,0.0
PRV57023,1,0.4951682772077962,49.46236647336822,MEDIUM,15,173000,15,11533.333333333334,1.0,15,0,74.66611909650923,100.0
PRV54250,0,0.05264525602847106,5.162324970897048,LOW,62,22530,61,363.38709677419354,1.0163934426229508,0,62,73.81012331549242,6.451612903225806
PRV51816,1,0.4180888812169905,41.74611154887157,LOW,7,68000,7,9714.285714285714,1.0,7,0,76.51236921873473,100.0
PRV55195,0,0.28257182599549113,28.179786446493864,LOW,77,246730,55,3204.285714285714,1.4,16,61,74.07533057564305,22.07792207792208
PRV52046,0,0.06877550316070671,6.777089815218193,LOW,101,28190,98,279.1089108910891,1.030612244897959,0,101,80.0307309782229,1.9801980198019802
PRV51767,0,0.07108122846215716,7.00791108701404,LOW,12,4060,12,338.3333333333333,1.0,0,12,75.7091033538672,8.333333333333332
PRV52503,0,0.12159173275967997,12.064410590085659,LOW,78,72800,60,933.3333333333334,1.3,5,73,77.01848049281314,11.538461538461538
PRV55345,0,0.040868478248710885,3.9833767141071688,LOW,15,7310,14,487.3333333333333,1.0714285714285714,0,15,78.64887063655031,13.333333333333334
PRV52924,0,0.20609343992529905,20.52369735101019,LOW,13,38730,8,2979.230769230769,1.625,3,10,75.77275838466804,30.76923076923077
PRV55177,0,0.19942831767993893,19.856466093071077,LOW,327,104420,286,319.3272171253823,1.1433566433566433,0,327,77.12902839802223,3.669724770642202
PRV57078,1,0.4469047264331196,44.630804723932414,MEDIUM,10,75000,9,7500.0,1.1111111111111112,10,0,83.12023728040155,90.0
PRV54468,0,0.05129688779395773,5.027342685477486,LOW,21,1710,19,81.42857142857143,1.105263157894737,0,21,75.94726034799524,0.0
PRV52763,0,0.24059750058905754,23.977825715529494,LOW,1,50,1,50.0,1.0,0,1,72.08213552361396,0.0
PRV52578,1,0.4194957570068,41.88695090161595,LOW,49,353050,28,7205.102040816327,1.75,37,12,77.03353867214237,75.51020408163265
PRV52348,0,0.22176732446589859,22.09277670377029,LOW,67,102790,32,1534.1791044776119,2.09375,9,58,77.10434253555404,16.417910447761194
PRV54675,1,0.5568758031620934,55.63977607683926,HIGH,37,422000,34,11405.405405405405,1.088235294117647,37,0,75.59793855940734,94.5945945945946
PRV55131,1,0.6767053042357911,67.63565339105939,HIGH,2,47000,2,23500.0,1.0,2,0,85.29226557152634,100.0
PRV51074,0,0.09666291792246344,9.568839785762256,LOW,39,41170,34,1055.6410256410256,1.1470588235294117,5,34,76.51941943523053,15.384615384615385
PRV57536,0,0.04852560167129795,4.749915106858247,LOW,79,18560,71,234.9367088607595,1.1126760563380282,0,79,75.77507206138955,1.2658227848101267
PRV52470,0,0.09997457852251278,9.900363107720308,LOW,3,270,3,90.0,1.0,0,3,77.08327629477527,0.0
PRV56580,0,0.13618554664938134,13.525366359731652,LOW,185,62890,163,339.94594594594594,1.1349693251533743,0,185,77.14566457968532,4.324324324324325
PRV52577,0,0.05532368216790037,5.430456533458037,LOW,8,2550,8,318.75,1.0,0,8,82.50068446269678,0.0
PRV52272,0,0.08414105255378375,8.315302390029625,LOW,8,4210,8,526.25,1.0,0,8,83.43771389459275,12.5
PRV57129,0,0.30486293112365465,30.411301723782515,LOW,282,397490,217,1409.5390070921985,1.2995391705069124,32,250,75.34242210029062,12.411347517730496
PRV52156,1,0.36005851926578586,35.93681503817086,LOW,124,271910,110,2192.8225806451615,1.1272727272727272,13,111,77.13017590134834,13.709677419354838
PRV51108,1,0.38623569424732307,38.557356530021565,LOW,19,156000,19,8210.526315789473,1.0,19,0,75.52102020966174,84.21052631578947
PRV53396,1,0.36160628382793486,36.09175846723027,LOW,99,452600,50,4571.717171717171,1.98,45,54,70.89862530202947,42.42424242424242
PRV55522,0,0.10127718996583346,10.030764777777868,LOW,248,69570,192,280.5241935483871,1.2916666666666667,0,248,74.99508042436688,2.4193548387096775
PRV55387,1,0.5824070794728069,58.19565802205751,HIGH,6,90000,6,15000.0,1.0,6,0,85.30595482546201,83.33333333333334
PRV54399,0,0.27978760517691825,27.901064002888287,LOW,349,263040,140,753.6962750716332,2.492857142857143,13,336,76.2721689862347,7.163323782234957
PRV56115,0,0.10858467937630185,10.76230205079905,LOW,2,290,2,145.0,1.0,0,2,78.41615331964408,0.0
PRV53632,0,0.12002578680166479,11.907647060030603,LOW,15,14380,10,958.6666666666666,1.5,2,13,79.22929500342231,20.0
PRV57265,0,0.2919686729526401,29.120484874080027,LOW,1,200,1,200.0,1.0,0,1,73.16632443531827,0.0
PRV53614,0,0.06126231526734081,6.024960503154453,LOW,118,25710,104,217.88135593220338,1.1346153846153846,0,118,78.1886221239404,0.0
PRV52910,1,0.4087326180197754,40.80947587545491,LOW,18,151600,9,8422.222222222223,2.0,10,8,81.14664613278576,55.55555555555556
PRV53572,0,0.09329769170004899,9.231954122908226,LOW,5,1610,5,322.0,1.0,0,5,77.71718001368926,0.0
PRV55286,0,0.13809393863228347,13.716411435353354,LOW,4,570,3,142.5,1.3333333333333333,0,4,89.25119780971937,0.0
PRV54460,1,0.41876968647335067,41.8142655197802,LOW,5,47000,5,9400.0,1.0,5,0,68.79945242984257,100.0
PRV51951,1,0.3579471860717444,35.7254539481369,LOW,102,473010,53,4637.35294117647,1.9245283018867925,48,54,77.57602649736049,45.09803921568628
PRV54153,0,0.270545552154638,26.975861667959045,LOW,14,41410,8,2957.8571428571427,1.75,3,11,73.9617945367432,21.428571428571427
PRV53751,0,0.03232899084262825,3.128506733577973,LOW,22,9070,22,412.27272727272725,1.0,0,22,75.15176404704125,9.090909090909092
PRV54038,0,0.04229191222120277,4.125873671416571,LOW,19,5840,15,307.36842105263156,1.2666666666666666,0,19,83.96185261236596,0.0
PRV57689,0,0.005676621629065454,0.4603945545698733,LOW,53,15380,41,290.188679245283,1.2926829268292683,0,53,77.65018947930753,1.8867924528301887
PRV57394,0,0.027572242688859556,2.652318760199378,LOW,16,6630,15,414.375,1.0666666666666667,0,16,73.7056810403833,6.25
PRV53591,1,0.5024364093481534,50.18996377351589,MEDIUM,6,70000,6,11666.666666666666,1.0,6,0,75.22290668491901,100.0
PRV51293,0,0.07950364230884271,7.851061081707673,LOW,88,21200,64,240.9090909090909,1.375,0,88,73.11777036276523,1.1363636363636365
PRV56444,1,0.5329345186172564,53.24306483652401,MEDIUM,1317,383140,790,290.91875474563403,1.6670886075949367,0,1317,75.14028366213535,3.037205770690964
PRV56334,0,0.0876854671586268,8.670126221969621,LOW,8,670,8,83.75,1.0,0,8,72.20910335386722,0.0
PRV52560,0,0.2973603036039949,29.660229588342528,LOW,503,145450,174,289.16500994035783,2.8908045977011496,0,503,77.50728126696406,3.3797216699801194
PRV51418,0,0.23249346784802039,23.16654817835511,LOW,61,189340,44,3103.934426229508,1.3863636363636365,17,44,75.37298728694695,27.86885245901639
PRV56389,0,0.06224426151656993,6.123261060440982,LOW,15,6520,13,434.6666666666667,1.1538461538461537,0,15,80.1282577791818,6.666666666666667
PRV54134,0,0.08138733605341762,8.039633669050644,LOW,44,27250,34,619.3181818181819,1.2941176470588236,2,42,77.53448931477679,9.090909090909092
PRV54238,0,0.13880440369489133,13.787534586586721,LOW,348,92890,153,266.92528735632186,2.2745098039215685,0,348,77.2654417915923,2.586206896551724
PRV57063,0,0.17861400413240713,17.772789290124706,LOW,1,40,1,40.0,1.0,0,1,75.24982888432581,0.0
PRV54215,0,0.2974842247862805,29.672635075188513,LOW,31,144370,15,4657.096774193548,2.066666666666667,14,17,75.24424788079818,41.935483870967744
PRV53314,0,0.25564009867890874,25.483708320031013,LOW,57,92490,23,1622.6315789473683,2.4782608695652173,4,53,75.82717316906229,10.526315789473683
PRV57194,0,0.10802264855539154,10.70603833682177,LOW,30,24260,25,808.6666666666666,1.2,2,28,78.79481914389513,6.666666666666667
PRV56622,0,0.0188176005138074,1.7759100918762605,LOW,26,8930,21,343.46153846153845,1.2380952380952381,0,26,75.80939343567681,3.8461538461538463
PRV54352,0,0.06171291045847851,6.070068632478476,LOW,12,1670,7,139.16666666666666,1.7142857142857142,0,12,71.46416348880415,0.0
PRV51949,0,0.3078966677439165,30.71500266532224,LOW,71,260140,50,3663.943661971831,1.42,19,52,79.36417441720015,28.169014084507044
PRV55058,0,0.1035137171864132,10.254658776397521,LOW,227,63470,164,279.6035242290749,1.3841463414634145,0,227,77.78130582127176,3.524229074889868
PRV57490,1,0.48689251005649314,48.633896968458664,MEDIUM,21,201200,19,9580.952380952382,1.105263157894737,21,0,74.61363881984222,95.23809523809523
PRV56743,0,0.17714333905439097,17.625564126971103,LOW,393,126960,328,323.0534351145038,1.1981707317073171,0,393,76.13624146508405,3.5623409669211195
PRV53346,0,0.13821345281692413,13.72837574700793,LOW,4,770,4,192.5,1.0,0,4,61.0403832991102,0.0
PRV55993,0,0.0323121544137456,3.1268212743757227,LOW,32,5360,28,167.5,1.1428571428571428,0,32,74.62462110100714,0.0
PRV54184,0,0.0711456303136439,7.014358219834602,LOW,10,3560,8,356.0,1.25,0,10,78.18788501026694,0.0
PRV55134,1,0.556443717711094,55.59652091835988,HIGH,1,11000,1,11000.0,1.0,1,0,88.66803559206024,100.0
PRV55740,0,0.015049000032919622,1.3986434871589701,LOW,21,4510,18,214.76190476190476,1.1666666666666667,0,21,74.30557456840825,4.761904761904762
PRV56212,0,0.053058871961552914,5.203731185093042,LOW,17,5360,17,315.29411764705884,1.0,0,17,74.77956274912428,5.88235294117647
PRV55661,1,0.5325188851755079,53.20145665381252,MEDIUM,14,202000,11,14428.57142857143,1.2727272727272727,14,0,79.55323253064526,100.0
PRV57253,0,0.0010776374675854886,0.0,LOW,44,10910,36,247.95454545454547,1.2222222222222223,0,44,77.03551600882196,2.272727272727273
PRV52537,1,0.8236965377838967,82.35063416048189,CRITICAL,1,57000,1,57000.0,1.0,1,0,75.16495550992471,100.0
PRV56891,0,0.24181531933931552,24.09973896884486,LOW,1,10,1,10.0,1.0,0,1,50.332648870636554,0.0
PRV54061,1,0.32195169174925625,32.122021321878115,LOW,11,30470,7,2770.0,1.5714285714285714,4,7,74.80766598220397,36.36363636363637
PRV57058,0,0.16111495851644853,16.020996931447705,LOW,29,10520,8,362.7586206896552,3.625,0,29,64.62422997946612,6.896551724137931
PRV56104,0,0.19288062543007076,19.200990503029345,LOW,483,116260,232,240.703933747412,2.081896551724138,0,483,78.70078359177701,2.070393374741201
PRV55935,0,0.23739282226226038,23.657012162144543,LOW,550,125030,393,227.3272727272727,1.3994910941475827,0,550,76.99969173054114,1.8181818181818181
PRV53476,0,0.05780868340648691,5.679224739256003,LOW,10,3310,10,331.0,1.0,0,10,74.39233401779603,0.0
PRV51351,0,0.024959534207778845,2.390766053094382,LOW,32,10840,32,338.75,1.0,0,32,79.59608145106091,3.125
PRV53818,0,0.053614726181617806,5.259376572654065,LOW,10,1020,9,102.0,1.1111111111111112,0,10,76.68385428549699,0.0
PRV54967,0,0.05509889887777104,5.407953954823249,LOW,51,21920,51,429.80392156862746,1.0,0,51,77.86098696836709,7.8431372549019605
PRV55879,0,0.13212745210410637,13.119119117955314,LOW,2,90,2,45.0,1.0,0,2,73.20739219712526,0.0
PRV51539,1,0.5527032982592753,55.222075456718976,HIGH,538,854240,425,1587.806691449814,1.2658823529411765,69,469,77.46129419553192,13.754646840148698
PRV53074,0,0.1452355504681101,14.431343056037226,LOW,178,48950,66,275.0,2.696969696969697,0,178,80.85433389334827,2.8089887640449436
PRV52511,1,0.4140988570209998,41.34667868545309,LOW,246,720280,140,2927.967479674797,1.7571428571428571,75,171,74.397644889578,28.86178861788618
PRV54938,0,0.07382647460533767,7.282731858492308,LOW,86,25530,86,296.86046511627904,1.0,0,86,77.67830253251198,4.651162790697675
PRV57182,0,0.1194183158516877,11.84683443106542,LOW,76,77000,58,1013.1578947368421,1.3103448275862069,5,71,76.97654357202613,7.894736842105263
PRV54080,0,0.24341951451567378,24.260331547059987,LOW,573,176370,261,307.80104712041884,2.1954022988505746,0,573,76.22277293933458,3.664921465968586
PRV55761,0,0.2671799051993699,26.638933886430994,LOW,4,210,1,52.5,4.0,0,4,79.16495550992471,0.0
PRV55864,0,0.3073406877874878,30.659344690560395,LOW,89,85400,41,959.5505617977528,2.1707317073170733,4,85,79.2496985104788,5.617977528089887
PRV54284,0,0.17816133671155965,17.727473714277558,LOW,113,96100,43,850.4424778761062,2.627906976744186,8,105,74.03938048167073,10.619469026548673
PRV53016,0,0.06519050048569426,6.418202797620154,LOW,31,16900,18,545.1612903225806,1.7222222222222223,0,31,72.70347554947143,6.451612903225806
PRV55699,0,0.2369346333918432,23.611143845686435,LOW,30,22960,7,765.3333333333334,4.285714285714286,1,29,81.13229686124964,10.0
PRV51244,1,0.8173739173247353,81.71769003025612,CRITICAL,1415,2153990,587,1522.2544169611308,2.4105621805792166,200,1215,75.1118187700652,15.335689045936396
PRV51572,0,0.2802211539382477,27.9444656502626,LOW,4,5710,3,1427.5,1.3333333333333333,1,3,78.75017111567419,25.0
PRV51872,0,0.037994021983363886,3.695620991223978,LOW,24,8840,23,368.3333333333333,1.0434782608695652,0,24,80.85885188822427,4.166666666666666
PRV55837,0,0.22842835244420262,22.759598093314256,LOW,45,155370,36,3452.6666666666665,1.25,8,37,77.4096820359654,17.77777777777778
PRV54202,1,0.4793573779225666,47.87957086499414,MEDIUM,10,137000,10,13700.0,1.0,10,0,80.68309377138947,100.0
PRV55404,0,0.11410888079124723,11.315318143154887,LOW,25,2420,9,96.8,2.7777777777777777,0,25,78.35272644307553,0.0
PRV54692,1,0.39047207185023775,38.981451310738535,LOW,72,375880,38,5220.555555555556,1.894736842105263,48,24,81.75717029873485,63.888888888888886
PRV54812,1,0.5117928305326206,51.12661526270143,MEDIUM,12,156000,12,13000.0,1.0,12,0,80.81291352954598,100.0
PRV52325,0,0.23494192406624728,23.411657939640232,LOW,130,281800,94,2167.6923076923076,1.3829787234042554,27,103,76.80586541366829,20.76923076923077
PRV56554,0,0.017458518607729772,1.639855283509356,LOW,48,13810,46,287.7083333333333,1.0434782608695652,0,48,77.51694789155731,2.083333333333333
PRV52458,1,0.7236896430037466,72.33915593842887,HIGH,1,27000,1,27000.0,1.0,1,0,70.83641341546885,100.0
PRV51793,0,0.038492867063214704,3.745559314617417,LOW,25,5000,12,200.0,2.0833333333333335,0,25,73.13917408167922,0.0
PRV55433,0,0.27717817088470575,27.639839067889614,LOW,87,342020,47,3931.264367816092,1.851063829787234,32,55,75.67234681813737,35.63218390804598
PRV51878,0,0.04348133890250484,4.244944654899882,LOW,12,3110,12,259.1666666666667,1.0,0,12,76.79945242984257,0.0
PRV54543,0,0.21107108325389734,21.02199867204371,LOW,17,41500,13,2441.176470588235,1.3076923076923077,3,14,71.80050193931098,17.647058823529413
PRV51086,1,0.3347250427980434,33.40073441589723,LOW,139,446170,86,3209.856115107914,1.6162790697674418,31,108,77.83195548016546,25.179856115107913
PRV56741,0,0.030821644019932374,2.9776094387297,LOW,25,5620,25,224.8,1.0,0,25,77.20323066392882,0.0
PRV51008,0,0.108638596064426,10.767699536143901,LOW,43,35630,34,828.6046511627907,1.2647058823529411,2,41,78.24298425735797,4.651162790697675
PRV52659,0,0.06682779346623603,6.582108726844823,LOW,24,3310,24,137.91666666666666,1.0,0,24,80.57004334930413,0.0
PRV55418,1,0.31917444658503785,31.84399719624159,LOW,9,20190,3,2243.3333333333335,3.0,3,6,81.43098334474105,33.33333333333333
PRV54121,0,0.042731969322141225,4.169926854871473,LOW,48,15370,19,320.2083333333333,2.526315789473684,0,48,78.39936597139666,2.083333333333333
PRV57187,0,0.0721508564920524,7.114989281477881,LOW,114,35010,98,307.10526315789474,1.163265306122449,0,114,78.47990613083016,3.508771929824561
PRV55775,0,0.21240685572280224,21.155720022071208,LOW,14,11610,13,829.2857142857143,1.0769230769230769,1,13,69.50151559597144,7.142857142857142
PRV55067,1,0.7927076981399579,79.24840711999622,CRITICAL,1,29000,1,29000.0,1.0,1,0,81.50308008213553,100.0
PRV55133,1,0.6706888203307065,67.03335594225346,HIGH,2,50000,2,25000.0,1.0,2,0,81.58384668035592,100.0
PRV54694,0,0.12048105267535275,11.953222761482895,LOW,330,90760,155,275.030303030303,2.129032258064516,0,330,76.42706939568568,1.5151515151515151
PRV57004,0,0.03388067278169225,3.2838423229355143,LOW,123,33440,93,271.869918699187,1.3225806451612903,0,123,76.14172057730381,3.2520325203252036
PRV51896,0,0.09549410261260083,9.451832162977688,LOW,5,530,4,106.0,1.25,0,5,70.02190280629706,0.0
PRV52120,1,0.8231398941039729,82.29490974176804,CRITICAL,1231,1950720,956,1584.6628757108042,1.2876569037656904,165,1066,77.38284903545616,15.109666937449228
PRV55089,0,0.25988851594961904,25.909008366366937,LOW,1,400,1,400.0,1.0,0,1,83.91238877481177,0.0
PRV52077,1,0.7421604997062845,74.18823424474606,CRITICAL,1156,1364150,662,1180.060553633218,1.7462235649546827,104,1052,78.22275272184716,11.159169550173011
PRV51194,0,0.17452786558219158,17.36373462246699,LOW,9,18540,7,2060.0,1.2857142857142858,2,7,75.9069130732375,22.22222222222222
PRV53761,0,0.031289809717344304,3.0244765141874024,LOW,38,9980,38,262.63157894736844,1.0,0,38,73.6339925789834,2.631578947368421
PRV55013,0,0.060957750131537265,5.994471133086551,LOW,83,17800,78,214.4578313253012,1.064102564102564,0,83,76.25037294441812,2.4096385542168677
PRV52231,0,0.10439797676778856,10.343180128460721,LOW,6,3980,6,663.3333333333334,1.0,0,6,81.44421629021218,16.666666666666664
PRV51323,0,0.09549138964888494,9.451560573931568,LOW,76,20860,32,274.4736842105263,2.375,0,76,74.34933264887064,3.9473684210526314
PRV51639,0,0.2378558167610422,23.703361559870313,LOW,29,112520,17,3880.0,1.7058823529411764,12,17,78.70679034199533,41.37931034482759
PRV53138,0,0.0540464508439883,5.30259561334868,LOW,10,1570,10,157.0,1.0,0,10,76.04928131416838,0.0
PRV52285,1,0.4404151156593621,43.98114354733152,LOW,19,144000,19,7578.9473684210525,1.0,19,0,83.33311718721856,84.21052631578947
PRV53624,0,0.08431292155068885,8.332507830947915,LOW,143,40790,140,285.24475524475525,1.0214285714285714,0,143,77.45970470323654,2.797202797202797
PRV55111,0,0.04512249680502606,4.409237493270288,LOW,29,4070,25,140.3448275862069,1.16,0,29,76.53629021218345,0.0
PRV53305,0,0.16084021988525588,15.993493429524278,LOW,19,21440,15,1128.421052631579,1.2666666666666666,1,18,76.59941820670774,10.526315789473683
PRV56156,0,0.11168022902470125,11.07219096354215,LOW,69,46620,42,675.6521739130435,1.6428571428571428,5,64,74.17938874505252,8.695652173913043
PRV54580,0,0.01332642904059612,1.2262005569640215,LOW,30,7280,19,242.66666666666666,1.5789473684210527,0,30,76.57509276270758,3.3333333333333335
PRV55666,1,0.4000882821062396,39.94410973312317,LOW,19,125000,19,6578.9473684210525,1.0,19,0,75.81627580244245,89.47368421052632
PRV55472,1,0.578867476708045,57.84131589322693,HIGH,23,255090,17,11090.869565217392,1.3529411764705883,21,2,75.98717533052343,86.95652173913044
PRV53596,0,0.12094386748549586,11.999554170959986,LOW,4,820,4,205.0,1.0,0,4,88.68651608487338,0.0
PRV57048,0,0.0874470565733296,8.646259443705413,LOW,5,220,5,44.0,1.0,0,5,69.03162217659137,0.0
PRV56151,0,0.0547553767168095,5.373564679555584,LOW,87,17780,42,204.367816091954,2.0714285714285716,0,87,76.30566148430624,1.1494252873563218
PRV52614,0,0.0840094935928589,8.302132301356133,LOW,156,42480,94,272.3076923076923,1.6595744680851063,0,156,79.07530545968224,2.564102564102564
PRV56207,0,0.24015084414648213,23.933111885973908,LOW,95,89520,89,942.3157894736842,1.0674157303370786,3,92,79.40490432401869,2.1052631578947367
PRV52145,0,0.16665550100943324,16.57564889448301,LOW,245,60910,236,248.6122448979592,1.0381355932203389,0,245,77.65765264098191,2.0408163265306123
PRV57446,0,0.08615411203716423,8.516825507229353,LOW,8,5600,7,700.0,1.1428571428571428,0,8,82.57123301065806,12.5
PRV51130,0,0.1110872713648143,11.01283122927975,LOW,7,4970,7,710.0,1.0,0,7,65.4631856849516,14.285714285714285
PRV52100,1,0.7755360476536984,77.52938959367647,CRITICAL,201,1533150,140,7627.611940298508,1.4357142857142857,164,37,77.37407626538591,79.60199004975125
PRV56169,0,0.02550204599691247,2.445075758180799,LOW,22,7350,17,334.09090909090907,1.2941176470588236,0,22,81.54430889398881,0.0
PRV54787,0,0.26096675269745107,26.016948361332965,LOW,77,297820,53,3867.7922077922076,1.4528301886792452,24,53,75.99668575957348,31.16883116883117
PRV53025,0,0.0636743329361519,6.266422478507201,LOW,50,9460,19,189.2,2.6315789473684212,0,50,81.21560574948666,0.0
PRV54235,0,0.010278286454483908,0.9210574647236274,LOW,16,4280,13,267.5,1.2307692307692308,0,16,74.92360343284368,0.0
PRV57652,0,0.07016445489189671,6.916134828453135,LOW,15,4900,6,326.6666666666667,2.5,0,15,72.13826146475017,6.666666666666667
PRV51655,0,0.1927796811888805,19.190885189045346,LOW,3,70,3,23.333333333333332,1.0,0,3,79.74994296144195,0.0
PRV52466,1,0.5127828238248276,51.22572139240076,MEDIUM,13,139000,11,10692.307692307691,1.1818181818181819,13,0,72.69815195071868,100.0
PRV56366,0,0.04470776813664974,4.367719885502962,LOW,9,1880,8,208.88888888888889,1.125,0,9,75.13415468856948,0.0
PRV56001,1,0.47536836647152725,47.48023938532573,MEDIUM,70,528570,54,7551.0,1.2962962962962963,57,13,81.04107797766812,75.71428571428571
PRV51612,1,0.3781541825964678,37.74833353144062,LOW,13,66770,7,5136.153846153846,1.8571428571428572,6,7,79.58300426472911,38.46153846153847
PRV53304,0,0.3056330825905707,30.488399954416135,LOW,13,59670,11,4590.0,1.1818181818181819,2,11,72.82114463223293,15.384615384615385
PRV54028,0,0.07118207751855694,7.018006872250456,LOW,6,720,6,120.0,1.0,0,6,72.00091261692904,0.0
PRV52557,0,0.03984565174782464,3.8809837214932856,LOW,11,970,9,88.18181818181819,1.2222222222222223,0,11,76.16640048672903,0.0
PRV56295,0,0.08995351416034576,8.897175599057258,LOW,4,1200,4,300.0,1.0,0,4,75.45790554414785,0.0
PRV52181,0,0.2329481988059084,23.21207033052069,LOW,27,108640,16,4023.703703703704,1.6875,10,17,75.47707049965777,37.03703703703704
PRV53702,1,0.41530878975615926,41.46780248651528,LOW,1010,289070,729,286.2079207920792,1.3854595336076818,0,1010,78.33216815060808,3.0693069306930694
PRV54945,0,0.03245170422429936,3.1407913100649805,LOW,37,5950,36,160.8108108108108,1.0277777777777777,0,37,75.4703019241007,0.0
PRV52845,0,0.29058323976623784,28.981792094904478,LOW,231,268340,129,1161.6450216450216,1.7906976744186047,8,223,77.29816094365923,5.194805194805195
PRV54317,0,0.04899148367536675,4.796553566616793,LOW,25,3650,22,146.0,1.1363636363636365,0,25,72.73436624976665,0.0
PRV53075,0,0.19688294619443977,19.601654349839475,LOW,2,1780,2,890.0,1.0,0,2,76.79397672826832,0.0
PRV53156,0,0.06659121340155556,6.558425198118857,LOW,16,6570,10,410.625,1.6,0,16,73.97535934291581,6.25
PRV53663,0,0.029392815292454123,2.834572423935481,LOW,76,19810,55,260.6578947368421,1.3818181818181818,0,76,73.16965963536805,2.631578947368421
PRV51967,0,0.027355981650645483,2.630669326136672,LOW,57,16830,53,295.2631578947368,1.0754716981132075,0,57,82.14962612839487,3.508771929824561
PRV55682,0,0.18113146118465914,18.02480657862247,LOW,23,62740,15,2727.8260869565215,1.5333333333333334,6,17,78.64130552253323,26.08695652173913
PRV56023,0,0.15743011832124848,15.652115391358997,LOW,42,88070,33,2096.904761904762,1.2727272727272727,7,35,76.12744695414099,19.047619047619047
PRV56412,0,0.1385311519435389,13.760179933051916,LOW,112,111360,72,994.2857142857143,1.5555555555555556,9,103,73.74664213267909,10.714285714285714
PRV54120,0,0.2157310381633351,21.488496878933795,LOW,2,1000,2,500.0,1.0,0,2,72.00136892539356,0.0
PRV54515,0,0.048151478605718556,4.712462439903136,LOW,67,22750,66,339.55223880597015,1.0151515151515151,0,67,78.06363428950698,5.970149253731343
PRV54595,0,0.06768985393052335,6.668407772358417,LOW,11,7620,9,692.7272727272727,1.2222222222222223,0,11,79.5832382690699,9.090909090909092
PRV54503,1,0.5698921498055876,56.9428149446944,HIGH,1,8000,1,8000.0,1.0,1,0,75.75085557837097,100.0
PRV57176,0,0.12407618454136199,12.31312379091776,LOW,131,61520,101,469.618320610687,1.297029702970297,4,127,74.78588051236922,4.580152671755725
PRV57307,0,0.21479165095153643,21.394456816659364,LOW,38,141740,25,3730.0,1.52,12,26,77.08364134154688,31.57894736842105
PRV54800,0,0.14953923087033383,14.862175377311251,LOW,2,500,2,250.0,1.0,0,2,70.12320328542094,0.0
PRV56777,0,0.17169651802282718,17.080294420749357,LOW,44,113150,31,2571.590909090909,1.4193548387096775,13,31,79.12687449443096,29.545454545454547
PRV56763,1,0.4223434319669165,42.172025604808816,LOW,26,116490,13,4480.384615384615,2.0,13,13,77.5672553045859,42.30769230769231
PRV57541,0,0.013292635108749241,1.2228175180898888,LOW,31,9750,24,314.51612903225805,1.2916666666666667,0,31,78.42721879990874,0.0
PRV54609,0,0.11656257861767291,11.560952630724593,LOW,45,17160,14,381.3333333333333,3.2142857142857144,0,45,68.39327270949448,2.2222222222222223
PRV51201,0,0.028631003520416053,2.7583090624759614,LOW,45,10660,41,236.88888888888889,1.0975609756097562,0,45,77.09333733994424,2.2222222222222223
PRV53262,0,0.04686521870126046,4.583697687735886,LOW,118,45250,83,383.47457627118644,1.4216867469879517,0,118,74.23844041463596,5.932203389830509
PRV54869,0,0.08151078688903333,8.051992070488643,LOW,8,950,8,118.75,1.0,0,8,73.15571526351815,0.0
PRV51940,1,0.8128792215052039,81.26773556050767,CRITICAL,251,1992270,170,7937.330677290836,1.4764705882352942,193,58,77.43037627356799,71.71314741035857
PRV52652,1,0.3814999360639155,38.083269818077135,LOW,743,190560,503,256.47375504710635,1.4771371769383699,0,743,76.975834248445,2.4226110363391657
PRV52848,0,0.04031000749373672,3.9274693907834264,LOW,25,5280,25,211.2,1.0,0,25,81.01946611909652,0.0
PRV56630,1,0.38655936691312653,38.58975871440984,LOW,159,597230,74,3756.1635220125786,2.1486486486486487,63,96,75.9298071703368,37.735849056603776
PRV52828,0,0.31347876060397867,31.27381414751899,LOW,44,221050,20,5023.863636363636,2.2,23,21,74.42746496631723,54.54545454545454
PRV52407,0,0.07611769440952897,7.512101015709163,LOW,43,15970,18,371.3953488372093,2.388888888888889,0,43,76.96737394478667,6.976744186046512
PRV53161,0,0.09846347588552916,9.749089826266008,LOW,7,6810,7,972.8571428571429,1.0,0,7,73.27270949447541,14.285714285714285
PRV52387,0,0.16321777443975108,16.231505375564584,LOW,63,121740,28,1932.3809523809523,2.25,13,50,75.16467470471578,23.809523809523807
PRV56473,0,0.13246095958309695,13.152505844641968,LOW,55,71310,44,1296.5454545454545,1.25,7,48,77.72167008898015,10.909090909090908
PRV54741,0,0.11934259510313472,11.839254187455593,LOW,177,47650,171,269.2090395480226,1.0350877192982457,0,177,77.45584815335167,3.389830508474576
PRV54076,0,0.1328829424284729,13.194749652689891,LOW,52,91970,41,1768.6538461538462,1.2682926829268293,9,43,77.4035318275154,17.307692307692307
PRV52495,1,0.3459000632621217,34.51944202353833,LOW,15,98800,11,6586.666666666667,1.3636363636363635,12,3,76.96450572015253,73.33333333333333
PRV55505,0,0.1878868024275495,18.701069469140265,LOW,480,128250,276,267.1875,1.7391304347826086,0,480,76.84035155591268,2.2916666666666665
PRV53031,0,0.053376418381490355,5.235520083995296,LOW,6,1390,6,231.66666666666666,1.0,0,6,82.80492813141684,0.0
PRV56214,0,0.10411452875175796,10.314804748485043,LOW,3,710,3,236.66666666666666,1.0,0,3,72.83230663928816,0.0
PRV56526,0,0.027407679157152327,2.6358446539144773,LOW,32,9020,26,281.875,1.2307692307692308,0,32,74.47112093929343,3.125
PRV53619,0,0.17629708922721196,17.540847850819908,LOW,2,560,2,280.0,1.0,0,2,63.41683778234086,0.0
PRV51503,0,0.0481928238636508,4.71660142602288,LOW,57,24070,52,422.280701754386,1.0961538461538463,0,57,78.21513189069657,7.017543859649122
PRV57727,0,0.03606679274169405,3.502690157561987,LOW,16,2670,16,166.875,1.0,0,16,78.36002737850788,0.0
PRV56681,0,0.046154772743762104,4.512576449074528,LOW,5,790,5,158.0,1.0,0,5,78.88405201916495,0.0
PRV56448,1,0.3427860082889927,34.20770058196779,LOW,584,198950,315,340.6678082191781,1.853968253968254,0,584,74.76080527579501,4.4520547945205475
PRV57052,0,0.07160087797707099,7.059932098296283,LOW,13,7720,13,593.8461538461538,1.0,0,13,81.33375454114675,15.384615384615385
PRV53256,0,0.312963531593461,31.222235663560387,LOW,345,458710,261,1329.5942028985507,1.3218390804597702,36,309,75.09152519497546,13.333333333333334
PRV51930,0,0.06517291529147178,6.416442381107112,LOW,6,1010,6,168.33333333333334,1.0,0,6,83.70887519963496,0.0
PRV56878,0,0.12180248047276081,12.085508096857513,LOW,26,6660,8,256.15384615384613,3.25,0,26,78.11464750171116,0.0
PRV56702,0,0.11189943285110561,11.094134993891881,LOW,224,47350,82,211.38392857142858,2.731707317073171,0,224,76.8436587035275,1.3392857142857142
PRV52525,0,0.13245805015952972,13.152214588416625,LOW,2,150,2,75.0,1.0,0,2,83.04175222450377,0.0
PRV52508,0,0.13924893726654136,13.83203590003445,LOW,37,30640,34,828.1081081081081,1.088235294117647,2,35,75.30534641417597,5.405405405405405
PRV53428,0,0.017496703970547256,1.6436779392281327,LOW,22,4930,22,224.0909090909091,1.0,0,22,76.50065335075602,0.0
PRV52552,0,0.14421362868685125,14.329040632987239,LOW,55,119870,43,2179.4545454545455,1.2790697674418605,11,44,75.26585038152459,21.818181818181817
PRV52048,0,0.07888399559536896,7.789029562871429,LOW,108,38820,98,359.44444444444446,1.1020408163265305,0,108,78.45057201525374,5.555555555555555
PRV57046,0,0.04287412249200114,4.184157507341755,LOW,97,28790,56,296.8041237113402,1.7321428571428572,0,97,72.26811381636843,3.0927835051546393
PRV56262,0,0.015434779385020417,1.4372630402464381,LOW,15,3480,15,232.0,1.0,0,15,74.57796030116359,0.0
PRV53679,1,0.387922985363515,38.726267666610234,LOW,826,283020,667,342.6392251815981,1.2383808095952025,0,826,77.95752637028508,4.963680387409201
PRV52551,0,0.05618814165320875,5.51699573988013,LOW,5,920,5,184.0,1.0,0,5,79.21587953456536,0.0
PRV54742,1,0.8868170405111071,88.66949387318175,CRITICAL,1892,2969530,879,1569.5190274841439,2.1524459613196814,231,1661,77.9501636412585,14.112050739957716
PRV53718,0,0.18747741605916352,18.660086667699307,LOW,1,200,1,200.0,1.0,0,1,75.50171115674196,0.0
PRV53605,0,0.0967224497261673,9.57479938842376,LOW,55,7250,55,131.8181818181818,1.0,0,55,75.80476634932488,0.0
PRV56114,0,0.024978108139312942,2.392625450003568,LOW,41,13180,26,321.4634146341463,1.5769230769230769,0,41,78.98436265992733,4.878048780487805
PRV55475,0,0.044238776838093775,4.320770160865002,LOW,17,3700,17,217.64705882352942,1.0,0,17,77.15714458267907,5.88235294117647
PRV52822,0,0.08732070356817265,8.633610512227232,LOW,135,43480,97,322.0740740740741,1.3917525773195876,0,135,76.30359095944735,2.9629629629629632
PRV52886,0,0.04001073071333663,3.8975094267636616,LOW,70,24030,41,343.2857142857143,1.7073170731707317,0,70,78.11195138645432,5.714285714285714
PRV53566,0,0.09770365152563255,9.673025420422661,LOW,4,590,4,147.5,1.0,0,4,81.81245722108144,0.0
PRV55687,0,0.10944050775967054,10.847977215903876,LOW,81,61240,46,756.0493827160494,1.7608695652173914,5,76,77.70357061373488,13.580246913580247
PRV57099,0,0.0519789818674744,5.095625677139367,LOW,14,6440,13,460.0,1.0769230769230769,0,14,72.55767914494814,7.142857142857142
PRV52352,0,0.03740977847861543,3.637133612558502,LOW,32,9660,32,301.875,1.0,0,32,70.03892881587953,3.125
PRV57730,0,0.010931681042144589,0.9864674116993093,LOW,40,8720,23,218.0,1.7391304347826086,0,40,75.80085111448383,0.0
PRV55767,0,0.16279412242971988,16.18909447098165,LOW,2,80,2,40.0,1.0,0,2,73.91786447638603,0.0
PRV56255,0,0.03765734407557442,3.6619168796315673,LOW,102,38510,68,377.54901960784315,1.5,0,102,79.68542899706084,5.88235294117647
PRV52665,0,0.22414316445688334,22.33061700849244,LOW,607,146130,416,240.74135090609556,1.4591346153846154,0,607,78.02652292950035,1.8121911037891267
PRV54502,1,0.6388792979568096,63.84897209351721,HIGH,3,55000,3,18333.333333333332,1.0,3,0,64.55578370978782,100.0
PRV55106,0,0.1705412384463444,16.964641831537723,LOW,5,3870,5,774.0,1.0,0,5,77.16522929500343,20.0
PRV54026,0,0.19177713653353154,19.090522568990735,LOW,3,2420,3,806.6666666666666,1.0,0,3,78.8893451973534,33.33333333333333
PRV51560,1,0.833659495753086,83.34800476132935,CRITICAL,238,1956190,167,8219.285714285714,1.4251497005988023,200,38,78.87187126732965,77.31092436974791
PRV55789,0,0.0474418044471994,4.641418464401373,LOW,23,6860,17,298.2608695652174,1.3529411764705883,0,23,76.84792849377945,4.3478260869565215
PRV57548,1,0.6150827823910346,61.46675336878595,HIGH,210,1069050,95,5090.714285714285,2.210526315789474,107,103,76.12510457068979,47.61904761904761
PRV55883,0,0.09217234225837626,9.119297776040607,LOW,8,5480,8,685.0,1.0,0,8,75.44832306639287,25.0
PRV55383,1,0.3876072921246155,38.69466428573295,LOW,8,70000,8,8750.0,1.0,8,0,77.88569472963724,100.0
PRV54030,0,0.04083631225273118,3.9801566444414784,LOW,14,2820,14,201.42857142857142,1.0,0,14,72.4413806590398,0.0
PRV57126,0,0.15482456819379528,15.391279291859961,LOW,43,82620,32,1921.3953488372092,1.34375,10,33,75.48671816433622,23.25581395348837
PRV51030,1,0.4629779615727454,46.23986221853868,MEDIUM,171,739760,78,4326.081871345029,2.1923076923076925,82,89,74.862885600321,47.953216374269005
PRV53171,0,0.14293243105266884,14.200782653965286,LOW,17,8330,5,490.0,3.4,0,17,68.61546885694729,5.88235294117647
PRV55580,0,0.04472136526631323,4.3690810653276895,LOW,66,19380,26,293.6363636363636,2.5384615384615383,0,66,78.25051334702259,3.0303030303030303
PRV57759,0,0.05667287622906947,5.5655214906333565,LOW,28,10640,24,380.0,1.1666666666666667,0,28,78.03445128907141,10.714285714285714
PRV55272,0,0.11696867820066642,11.601606399047887,LOW,211,53340,185,252.7962085308057,1.1405405405405404,0,211,75.69498862312004,4.265402843601896
PRV57184,0,0.14859182968097528,14.767333052732917,LOW,115,66960,73,582.2608695652174,1.5753424657534247,2,113,76.18715947980834,5.217391304347826
PRV54356,1,0.3852615138323081,38.45983339393466,LOW,31,195370,12,6302.258064516129,2.5833333333333335,15,16,72.54506046087155,48.38709677419355
PRV57355,0,0.033750039871745886,3.2707649392622535,LOW,34,16240,21,477.6470588235294,1.619047619047619,0,34,76.33714676835827,5.88235294117647
PRV51987,0,0.11312378880389304,11.216702672693616,LOW,2,30,2,15.0,1.0,0,2,84.25051334702258,0.0
PRV53064,0,0.008376284293502711,0.7306520606280236,LOW,35,6640,28,189.71428571428572,1.25,0,35,78.27398063948372,0.0
PRV56853,0,0.12107114667376669,12.01229582066619,LOW,27,5340,6,197.77777777777777,4.5,0,27,71.94615560118639,3.7037037037037033
PRV54554,0,0.1108589577506336,10.989975237388458,LOW,26,6990,8,268.84615384615387,3.25,0,26,80.6974674880219,3.8461538461538463
PRV51096,0,0.13302521559311953,13.208992317583881,LOW,5,3200,5,640.0,1.0,0,5,88.54866529774128,20.0
PRV54867,0,0.2246661912503781,22.382976111973594,LOW,3,3550,3,1183.3333333333333,1.0,0,3,80.08213552361396,33.33333333333333
PRV56978,0,0.09833811259875413,9.736539973396841,LOW,120,24030,97,200.25,1.2371134020618557,0,120,76.18679480937361,0.8333333333333334
PRV54975,0,0.07040476611177719,6.940191875216136,LOW,132,36460,122,276.2121212121212,1.0819672131147542,0,132,78.37723993222697,3.787878787878788
PRV57422,0,0.029050223408535258,2.8002762767303726,LOW,104,33620,60,323.2692307692308,1.7333333333333334,0,104,77.2655715263518,3.8461538461538463
PRV56555,1,0.4614826231294705,46.0901670570965,MEDIUM,69,494800,57,7171.014492753623,1.2105263157894737,59,10,77.11091360446228,75.36231884057972
PRV56780,0,0.053477313067107644,5.2456204370759405,LOW,7,880,7,125.71428571428571,1.0,0,7,76.35709396695022,0.0
PRV52561,0,0.25753655408510434,25.67355845026413,LOW,280,128900,261,460.35714285714283,1.0727969348659003,0,280,78.2273622486042,8.214285714285714
PRV57469,0,0.04857114898779623,4.7544747521526824,LOW,58,22050,37,380.17241379310343,1.5675675675675675,0,58,77.58810144847106,5.172413793103448
PRV55846,1,0.38439296735776324,38.37288504768451,LOW,127,511670,81,4028.8976377952754,1.5679012345679013,46,81,78.65085284052019,33.85826771653544
PRV51486,0,0.07262916091310505,7.162871323065184,LOW,214,53660,132,250.74766355140187,1.621212121212121,0,214,78.88660734656628,1.8691588785046727
PRV52626,0,0.14607642754663225,14.5155214777106,LOW,3,560,3,186.66666666666666,1.0,0,3,80.60780287474333,0.0
PRV54783,0,0.055277285837523456,5.425811895184117,LOW,28,20530,26,733.2142857142857,1.0769230769230769,0,28,78.39825198757437,14.285714285714285
PRV56137,0,0.029729583183155436,2.868285543526433,LOW,48,16150,30,336.4583333333333,1.6,0,48,73.9978097193703,4.166666666666666
PRV57728,0,0.2684653590949861,26.767617950761814,LOW,4,7310,3,1827.5,1.3333333333333333,1,3,80.24914442162903,25.0
PRV56349,1,0.3575385297783474,35.68454423295533,LOW,61,288280,28,4725.901639344263,2.1785714285714284,31,30,72.91089906188348,52.459016393442624
PRV51628,0,0.2817129296361203,28.093804152815565,LOW,6,13320,4,2220.0,1.5,2,4,81.26306182979694,33.33333333333333
PRV54991,0,0.09460206111759999,9.36253178003908,LOW,130,21180,125,162.92307692307693,1.04,0,130,77.7719370294319,0.7692307692307693
PRV51405,0,0.07580898255387843,7.481196526308414,LOW,49,23710,46,483.8775510204082,1.065217391304348,2,47,75.24866384143766,8.16326530612245
PRV54199,0,0.22524307935699647,22.440727157325696,LOW,1,40,1,40.0,1.0,0,1,60.33127994524298,0.0
PRV55026,0,0.1464110921212268,14.549024038785127,LOW,272,76910,239,282.75735294117646,1.1380753138075315,0,272,77.1072945394769,3.308823529411765
PRV57488,0,0.09093061351811954,8.994990944315592,LOW,5,540,5,108.0,1.0,0,5,84.11553730321698,0.0
PRV52049,0,0.15174083222516974,15.082573021554047,LOW,192,55850,189,290.8854166666667,1.0158730158730158,0,192,77.38633754513289,3.125
PRV52671,0,0.17571177440245467,17.48225322457954,LOW,2,240,2,120.0,1.0,0,2,85.70978781656399,0.0
PRV57499,0,0.036507602932484375,3.5468187312454122,LOW,18,8940,18,496.6666666666667,1.0,0,18,70.42619210586356,5.555555555555555
PRV51075,0,0.03146796186160517,3.0423109476672203,LOW,17,8550,13,502.94117647058823,1.3076923076923077,0,17,78.54578002421945,5.88235294117647
PRV52868,0,0.3143972894663877,31.36576612465567,LOW,110,434120,61,3946.5454545454545,1.8032786885245902,42,68,73.94743620881263,39.09090909090909
PRV57255,0,0.04086892641164217,3.9834215787481155,LOW,34,6890,23,202.64705882352942,1.4782608695652173,0,34,71.64872184031188,0.0
PRV55490,0,0.2292664984527973,22.843503113367053,LOW,50,160900,29,3218.0,1.7241379310344827,19,31,73.95684909085499,38.0
PRV54829,0,0.02243294225586909,2.137834289157846,LOW,75,21140,55,281.8666666666667,1.3636363636363635,0,75,78.66029494119843,1.3333333333333335
PRV52890,0,0.14591527951769367,14.499389290167011,LOW,22,34950,18,1588.6363636363637,1.2222222222222223,4,18,71.70456101051583,22.727272727272727
PRV56610,0,0.21405067281920717,21.320279066703826,LOW,30,76590,17,2553.0,1.7647058823529411,12,18,71.52420064535055,36.666666666666664
PRV57643,0,0.20613438113817212,20.527795889035634,LOW,109,78870,29,723.5779816513761,3.7586206896551726,7,102,74.4522311275971,7.339449541284404
PRV52037,0,0.14213222257684058,14.120675479890254,LOW,171,52660,159,307.953216374269,1.0754716981132075,0,171,76.06452029496468,4.093567251461988
PRV51488,0,0.21378488422358066,21.29367153386687,LOW,272,108930,257,400.4779411764706,1.0583657587548638,3,269,77.77753909335019,6.25
PRV52502,0,0.242329033242273,24.151165778597637,LOW,119,260900,76,2192.436974789916,1.5657894736842106,26,93,76.54750721832787,22.689075630252102
PRV54635,0,0.09414606295963487,9.316882771160243,LOW,33,6590,11,199.6969696969697,3.0,0,33,74.0292452243171,3.0303030303030303
PRV54001,1,0.3829190350086965,38.22533280495264,LOW,8,61000,8,7625.0,1.0,8,0,71.8347022587269,100.0
PRV57340,0,0.2657252522321568,26.493311661744244,LOW,41,204360,22,4984.390243902439,1.8636363636363635,17,24,75.32332964776496,41.46341463414634
PRV51353,0,0.18842220315261624,18.754667300678385,LOW,18,51210,12,2845.0,1.5,5,13,73.90667149816807,27.77777777777778
PRV56442,1,0.6697636304253523,66.94073714222894,HIGH,1330,1234150,558,927.9323308270676,2.3835125448028673,81,1249,73.88187585347794,8.796992481203008
PRV56980,0,0.024506571318586117,2.345420898537585,LOW,17,3070,17,180.58823529411765,1.0,0,17,74.56278938680194,0.0
PRV57574,0,0.02040146466051552,1.9344673738148477,LOW,58,19640,48,338.62068965517244,1.2083333333333333,0,58,78.36784166096281,5.172413793103448
PRV52484,0,0.0831097775741031,8.212063638114389,LOW,13,1570,10,120.76923076923077,1.3,0,13,81.5085557837098,0.0
PRV53969,0,0.048053083692445445,4.702612333732355,LOW,118,35990,72,305.0,1.6388888888888888,0,118,74.43896874287017,5.084745762711865
PRV55551,0,0.026203524556222095,2.515299289620347,LOW,91,29760,74,327.032967032967,1.2297297297297298,0,91,76.03081932034705,4.395604395604396
PRV52872,0,0.06925979765979441,6.825571510818635,LOW,108,47710,102,441.75925925925924,1.0588235294117647,0,108,76.73154299365194,6.481481481481481
PRV53668,1,0.4253774615545358,42.47575587468961,LOW,16,141200,16,8825.0,1.0,16,0,69.32357973990418,81.25
PRV56051,0,0.0902353291286722,8.92538749808933,LOW,4,1280,4,320.0,1.0,0,4,85.2703627652293,0.0
PRV55762,0,0.03892690325645947,3.789009757767415,LOW,9,1140,9,126.66666666666667,1.0,0,9,80.352270134611,0.0
PRV56606,0,0.2600577995553447,25.925954989255278,LOW,64,94550,18,1477.34375,3.5555555555555554,9,55,71.79560890854526,14.0625
PRV57321,0,0.16238163398289604,16.147801127044676,LOW,84,181460,47,2160.2380952380954,1.7872340425531914,15,69,75.7668720054757,20.238095238095237
PRV52501,0,0.04391965265582953,4.288823315521064,LOW,19,4840,16,254.73684210526315,1.1875,0,19,75.14048596851472,5.263157894736842
PRV56157,0,0.028466985323463687,2.7418895484972614,LOW,38,13840,32,364.2105263157895,1.1875,0,38,75.73151950718686,5.263157894736842
PRV57272,0,0.018578128440604882,1.7519370503082028,LOW,25,8770,18,350.8,1.3888888888888888,0,25,78.03224579815955,8.0
PRV56571,0,0.2746025546371442,27.381999585646778,LOW,11,31520,6,2865.4545454545455,1.8333333333333333,3,8,83.87577002053388,36.36363636363637
PRV51347,1,0.6337722432741456,63.33771567617994,HIGH,2067,596900,947,288.7760038703435,2.1826821541710664,0,2067,77.0244390043995,3.0478955007256894
PRV52437,0,0.02038738059743128,1.9330574481176663,LOW,43,11050,26,256.9767441860465,1.6538461538461537,0,43,77.68251461064602,2.3255813953488373
PRV57259,0,0.0382583177747345,3.722079082591618,LOW,48,16450,38,342.7083333333333,1.263157894736842,0,48,73.94733239670016,6.25
PRV52902,0,0.21972689513813407,21.88851364947329,LOW,46,132250,25,2875.0,1.84,21,25,76.81992408686455,43.47826086956522
PRV52649,1,0.6108082499353235,61.03883898664372,HIGH,2156,602190,1421,279.30890538033395,1.5172413793103448,0,2156,77.40286241240106,3.385899814471243
PRV57529,0,0.11936389667005888,11.841386642161098,LOW,295,75340,188,255.38983050847457,1.5691489361702127,0,295,77.77859816214485,3.389830508474576
PRV55974,0,0.15350715584214722,15.25939593424764,LOW,175,69110,51,394.9142857142857,3.4313725490196076,0,175,79.51819194481352,8.571428571428571
PRV55147,1,0.6094868558699247,60.90655702810904,HIGH,6,112200,6,18700.0,1.0,6,0,78.81998631074606,100.0
PRV51061,0,0.1832216487507921,18.23405082467519,LOW,145,54940,66,378.8965517241379,2.196969696969697,1,144,77.84939777498543,5.517241379310345
PRV53827,0,0.07091307298444044,6.991077398629048,LOW,9,2830,9,314.44444444444446,1.0,0,9,79.82295231576546,0.0
PRV57577,0,0.06115700074979779,6.014417690069758,LOW,73,29810,36,408.35616438356163,2.0277777777777777,0,73,77.48459958932239,5.47945205479452
PRV53517,1,0.46120762424062833,46.06263750133153,MEDIUM,2,17000,2,8500.0,1.0,2,0,79.29089664613278,100.0
PRV56330,0,0.039626943947223596,3.8590893472351513,LOW,16,3130,15,195.625,1.0666666666666667,0,16,74.17312343143966,0.0
PRV53159,0,0.25062412248269644,24.981569576886244,LOW,27,36160,8,1339.2592592592594,3.375,2,25,86.43340177960302,7.4074074074074066
PRV53820,0,0.048845497995965076,4.781939249741198,LOW,15,2450,15,163.33333333333334,1.0,0,15,76.72224503764545,0.0
PRV56032,0,0.04080682451940364,3.9772046899719853,LOW,9,3000,9,333.3333333333333,1.0,0,9,82.0372651912693,0.0
PRV57376,0,0.02208976784244659,2.1034798261590897,LOW,20,5060,18,253.0,1.1111111111111112,0,20,70.81086014145563,0.0
PRV55079,0,0.04022257588577458,3.9187167978651454,LOW,47,10940,46,232.7659574468085,1.0217391304347827,0,47,77.98762015296253,2.127659574468085
PRV56368,0,0.11911678591191834,11.81664890803789,LOW,34,9050,12,266.1764705882353,2.8333333333333335,1,33,74.3750855578371,2.941176470588235
PRV57369,0,0.21618112172347367,21.53355378996315,LOW,28,119350,17,4262.5,1.6470588235294117,11,17,74.74129845108627,39.285714285714285
PRV55914,0,0.2778946891783129,27.71156819524549,LOW,63,170660,41,2708.8888888888887,1.5365853658536586,21,42,79.68051047669515,33.33333333333333
PRV52711,0,0.0301470965869738,2.9100819252552297,LOW,28,9110,18,325.35714285714283,1.5555555555555556,0,28,70.62575100768119,7.142857142857142
PRV56037,0,0.05418228877779433,5.316194060925893,LOW,5,1840,5,368.0,1.0,0,5,74.40054757015743,0.0
PRV51622,0,0.13221955702712906,13.12833954653689,LOW,103,101690,85,987.2815533980582,1.2117647058823529,9,94,74.0914558667191,11.650485436893204
PRV54041,0,0.07318026594567237,7.218041279534091,LOW,65,35330,32,543.5384615384615,2.03125,0,65,80.72938056125942,7.6923076923076925
PRV53722,0,0.0445789495168921,4.3548241265742025,LOW,6,1000,6,166.66666666666666,1.0,0,6,76.30663928815879,0.0
PRV52636,0,0.03481773175996636,3.377649310687648,LOW,21,6820,21,324.76190476190476,1.0,0,21,74.7461947133405,9.523809523809524
PRV53369,0,0.21943572628367478,21.859365352730673,LOW,1,90,1,90.0,1.0,0,1,87.50171115674196,0.0
PRV51248,1,0.5958864507010752,59.54504929948331,HIGH,2,23500,1,11750.0,2.0,1,1,87.04312114989733,50.0
PRV51988,0,0.024219505167146844,2.316683314696583,LOW,37,12230,32,330.5405405405405,1.15625,0,37,76.78131416837782,2.7027027027027026
PRV53616,0,0.1398106866184823,13.888271436749921,LOW,44,34970,39,794.7727272727273,1.1282051282051282,2,42,76.56967329426887,6.8181818181818175
PRV53662,0,0.11893602796642168,11.79855361332065,LOW,331,86030,140,259.9093655589124,2.3642857142857143,0,331,76.09924709103353,2.719033232628399
PRV53989,0,0.21297121368707952,21.212216701437413,LOW,27,22130,21,819.6296296296297,1.2857142857142858,1,26,79.78781656399725,11.11111111111111
PRV53103,0,0.1312779453997075,13.03407680273021,LOW,79,88440,60,1119.493670886076,1.3166666666666667,7,72,74.91011459230312,7.59493670886076
PRV52850,0,0.18561000641428504,18.473144247054694,LOW,146,48470,51,331.986301369863,2.8627450980392157,1,145,77.4312114989733,3.4246575342465753
PRV57486,0,0.06935280377426589,6.834882155765625,LOW,35,4430,19,126.57142857142857,1.8421052631578947,0,35,77.72801613890991,0.0
PRV53136,0,0.3130150492801449,31.227392989956936,LOW,43,161020,33,3744.6511627906975,1.303030303030303,7,36,76.51088295687885,20.930232558139537
PRV53215,0,0.04538953782439341,4.435970403592804,LOW,11,1560,11,141.8181818181818,1.0,0,11,79.89322381930185,0.0
PRV56611,0,0.05760775943230936,5.659110666159453,LOW,123,26970,59,219.26829268292684,2.0847457627118646,0,123,76.59054049350921,2.4390243902439024
PRV56391,0,0.13847357334241453,13.75441586135986,LOW,2,150,2,75.0,1.0,0,2,74.41341546885695,0.0
PRV51968,0,0.3084999515019523,30.775396123379018,LOW,1,90,1,90.0,1.0,0,1,44.58316221765914,0.0
PRV51550,0,0.2224089099731964,22.157004468746074,LOW,61,124040,40,2033.4426229508197,1.525,16,45,79.3226143892139,29.508196721311474
PRV53871,1,0.4222500098791164,42.16267331765376,LOW,1220,272730,531,223.54918032786884,2.297551789077213,0,1220,76.36397947385314,1.7213114754098362
PRV56091,0,0.22059876317983745,21.975794510769962,LOW,1,200,1,200.0,1.0,0,1,92.24914442162903,0.0
PRV55714,0,0.11501964738197505,11.406493055729564,LOW,22,29640,15,1347.2727272727273,1.4666666666666666,3,19,75.48979345331563,18.181818181818183
PRV54415,0,0.022299332385752504,2.1244588883130926,LOW,27,7130,16,264.0740740740741,1.6875,0,27,74.83812457221082,3.7037037037037033
PRV56637,0,0.08935355864370914,8.837115324191087,LOW,161,40250,137,250.0,1.1751824817518248,0,161,75.87695658907758,3.1055900621118013
PRV55946,0,0.090694654568443,8.971369594095906,LOW,50,22600,50,452.0,1.0,0,50,78.04325804243669,2.0
PRV57274,0,0.11839354389392752,11.74424668288825,LOW,4,130,4,32.5,1.0,0,4,68.18754277891856,0.0
PRV57294,1,0.43502601632653864,43.441652238000806,LOW,2,12000,2,6000.0,1.0,2,0,79.37577002053388,100.0
PRV52068,0,0.0870631200610484,8.607824373405467,LOW,48,13080,48,272.5,1.0,0,48,79.61088295687885,0.0
PRV54830,0,0.24274758014857725,24.193065622069273,LOW,11,13810,10,1255.4545454545455,1.1,1,10,77.12923900192894,9.090909090909092
PRV51117,0,0.061022564268476555,6.000959538929722,LOW,12,1950,10,162.5,1.2,0,12,70.98316221765914,0.0
PRV54673,1,0.5973916644807984,59.69573305992164,HIGH,1,6000,1,6000.0,1.0,1,0,69.99863107460644,100.0
PRV54125,0,0.06282071811308423,6.180968908231366,LOW,11,7180,10,652.7272727272727,1.1,0,11,79.37522245037646,18.181818181818183
PRV56663,0,0.18725247339741458,18.637568134709547,LOW,251,159640,123,636.01593625498,2.040650406504065,13,238,78.58181387760983,6.772908366533864
PRV57018,1,0.4909706903523402,49.042154952143036,MEDIUM,33,332690,22,10081.515151515152,1.5,24,9,74.38696429754255,69.6969696969697
PRV56562,0,0.1977598936633856,19.689443701829017,LOW,37,48650,21,1314.8648648648648,1.7619047619047619,2,35,79.1675743237211,8.108108108108109
PRV51152,0,0.04466047892781094,4.362985863059123,LOW,83,25770,39,310.48192771084337,2.128205128205128,0,83,76.80942101475982,4.819277108433735
PRV54085,1,0.4036484273517691,40.30050832615336,LOW,234,602110,143,2573.119658119658,1.6363636363636365,58,176,76.05303369849592,25.213675213675213
PRV53899,0,0.1323125580225948,13.13764967903107,LOW,3,120,3,40.0,1.0,0,3,64.91718001368925,0.0
PRV54773,0,0.25246059995746994,25.165415443557777,LOW,34,160210,24,4712.058823529412,1.4166666666666667,10,24,78.09075170109111,29.411764705882355
PRV51048,0,0.08928407635794086,8.830159599865112,LOW,38,27700,30,728.9473684210526,1.2666666666666666,4,34,74.77526808122292,13.157894736842104
PRV51462,0,0.005548377888972907,0.4475563456256436,LOW,30,9430,29,314.3333333333333,1.0344827586206897,0,30,80.60638674502584,3.3333333333333335
PRV57290,1,0.7051875715028167,70.48695278481998,HIGH,2,55000,2,27500.0,1.0,2,0,94.50102669404518,50.0
PRV57720,0,0.07131505281463842,7.031318747233849,LOW,14,4670,14,333.57142857142856,1.0,0,14,70.5843355822822,0.0
PRV56364,0,0.10241323090359211,10.144491427652701,LOW,79,31280,28,395.9493670886076,2.8214285714285716,0,79,80.89263713699032,6.329113924050633
PRV51171,0,0.0772766261663135,7.628119216948194,LOW,59,13820,59,234.23728813559322,1.0,0,59,76.39007413079038,1.694915254237288
PRV56467,0,0.10951469125948417,10.85540356880137,LOW,349,95720,188,274.269340974212,1.8563829787234043,0,349,76.11982466104533,2.5787965616045847
PRV57481,1,0.6848817064618911,68.45417568396027,HIGH,62,776000,52,12516.129032258064,1.1923076923076923,62,0,79.41346811983362,91.93548387096774
PRV56146,0,0.05527801067118294,5.425884456745123,LOW,21,11600,14,552.3809523809524,1.5,0,21,73.17258237997457,9.523809523809524
PRV52253,0,0.20768491830974092,20.683016878146137,LOW,1,80,1,80.0,1.0,0,1,80.66803559206024,0.0
PRV52989,1,0.5251498073617689,52.46375389630719,MEDIUM,177,882590,86,4986.38418079096,2.058139534883721,70,107,78.47477903758593,36.72316384180791
PRV54098,0,0.1840177997257833,18.313751810943316,LOW,256,120400,93,470.3125,2.752688172043011,9,247,77.14310974218571,5.078125
PRV54362,0,0.018242280414218014,1.71831601638366,LOW,50,14510,38,290.2,1.3157894736842106,0,50,76.92777117331316,4.0
PRV55843,0,0.08504094295295538,8.40538851012511,LOW,213,46740,106,219.43661971830986,2.009433962264151,0,213,77.64345950692858,2.3474178403755865
PRV55688,0,0.14411988641383858,14.319656292769341,LOW,47,23600,28,502.1276595744681,1.6785714285714286,1,46,79.43468101678114,2.127659574468085
PRV56990,0,0.14949541335290825,14.857788898534812,LOW,55,8320,11,151.27272727272728,5.0,0,55,76.12942567357351,0.0
PRV53558,0,0.05468636186925934,5.366655749478657,LOW,22,7320,10,332.72727272727275,2.2,0,22,78.00082135523614,4.545454545454546
PRV52261,0,0.258775221861003,25.7975588553365,LOW,1,200,1,200.0,1.0,0,1,76.16427104722793,0.0
PRV56957,0,0.09744920365799911,9.647553183822772,LOW,138,44400,108,321.7391304347826,1.2777777777777777,0,138,74.23327502725175,4.3478260869565215
PRV52952,0,0.2606724187940549,25.987483218251178,LOW,1,600,1,600.0,1.0,0,1,87.91238877481177,0.0
PRV51228,0,0.11604303127371743,11.508941847560388,LOW,5,430,5,86.0,1.0,0,5,72.95167693360712,0.0
PRV53244,1,0.3912668784549584,39.06101771494894,LOW,508,465750,148,916.8307086614174,3.4324324324324325,42,466,71.90557794847093,9.84251968503937
PRV56278,0,0.06376445983081144,6.275444890862756,LOW,27,20910,18,774.4444444444445,1.5,0,27,74.51851851851852,22.22222222222222
PRV53239,0,0.18661700411725946,18.573952652266637,LOW,113,232580,76,2058.2300884955753,1.486842105263158,19,94,76.03229419451185,21.238938053097346
PRV55514,0,0.20401239133627566,20.315367988581297,LOW,295,158330,148,536.7118644067797,1.9932432432432432,7,288,77.98873544398366,6.440677966101695
PRV52031,0,0.17378092524543126,17.28896000886572,LOW,125,37770,111,302.16,1.1261261261261262,1,124,76.55688373912194,3.2
PRV55318,0,0.060221166159058974,5.920733273158084,LOW,63,26300,45,417.46031746031747,1.4,0,63,75.7930793216214,3.1746031746031744
PRV52677,0,0.1631151313066199,16.221229989110025,LOW,2,140,2,70.0,1.0,0,2,84.8747433264887,0.0
PRV52893,0,0.15740821630295204,15.649922826739571,LOW,362,131850,227,364.22651933701655,1.5947136563876652,0,362,74.37424731717759,6.629834254143646
PRV51950,0,0.14015070696593734,13.922310152891287,LOW,69,45770,65,663.3333333333334,1.0615384615384615,3,66,79.64581068567057,7.246376811594203
PRV52958,0,0.05983047161699877,5.881621670823971,LOW,16,2020,15,126.25,1.0666666666666667,0,16,79.58913985854437,0.0
PRV51423,0,0.24866148040741803,24.785093639526824,LOW,1,50,1,50.0,1.0,0,1,101.67008898015058,0.0
PRV51723,0,0.051800641771565265,5.077772428218498,LOW,16,5340,16,333.75,1.0,0,16,79.79739904175223,6.25
PRV53966,0,0.14237688101429583,14.14516771738857,LOW,2,500,2,250.0,1.0,0,2,69.62628336755647,0.0
PRV55207,0,0.11924314072924115,11.829298020928153,LOW,167,41510,151,248.562874251497,1.1059602649006623,0,167,76.53469681928826,0.5988023952095809
PRV54818,1,0.39944783773281345,39.879996204640086,LOW,5,46000,5,9200.0,1.0,5,0,74.24996577686515,80.0
PRV56477,0,0.0851434569799327,8.415650972036309,LOW,9,4460,8,495.55555555555554,1.125,0,9,72.45824777549623,11.11111111111111
PRV56232,0,0.03214439256848885,3.110026991701796,LOW,35,9780,34,279.42857142857144,1.0294117647058822,0,35,75.88058139066715,0.0
PRV55966,0,0.02476857525093536,2.3716495567573315,LOW,21,7620,21,362.85714285714283,1.0,0,21,77.96030116358659,0.0
PRV54894,1,0.7632294710925969,76.29740430405872,CRITICAL,229,1757060,120,7672.751091703057,1.9083333333333334,138,91,78.00288849807924,59.388646288209614
PRV56680,0,0.1424809033137824,14.155581169263137,LOW,33,64400,24,1951.5151515151515,1.375,8,25,78.54936687200548,21.21212121212121
PRV56894,0,0.01745388184054049,1.6393911065759728,LOW,26,4360,23,167.69230769230768,1.1304347826086956,0,26,77.63747284468649,3.8461538461538463
PRV52713,0,0.07252939153709871,7.152883622344039,LOW,60,14260,21,237.66666666666666,2.857142857142857,0,60,75.55151396629836,1.6666666666666667
PRV51890,0,0.12214199975628959,12.119496652551476,LOW,21,14510,17,690.952380952381,1.2352941176470589,1,20,76.2404745608031,4.761904761904762
PRV54179,0,0.206758177750727,20.590242845471117,LOW,1,0,1,0.0,1.0,0,1,71.08281998631075,0.0
PRV56172,0,0.26092482483728163,26.012751052138373,LOW,11,31140,8,2830.909090909091,1.375,3,8,65.2880343475826,45.45454545454545
PRV54178,0,0.19587081749412813,19.5003322913618,LOW,2,90,2,45.0,1.0,0,2,60.50102669404517,0.0
PRV57216,0,0.13642265343240073,13.549102617113887,LOW,82,106260,53,1295.8536585365853,1.5471698113207548,10,72,76.59159656443886,13.414634146341465
PRV57127,0,0.21413958176291334,21.329179552571496,LOW,22,81530,14,3705.909090909091,1.5714285714285714,8,14,73.10621616576442,36.36363636363637
PRV53716,0,0.03291480340471763,3.187151187247451,LOW,33,7400,30,224.24242424242425,1.1,0,33,72.26383755418664,3.0303030303030303
PRV52710,0,0.06166575469357885,6.065347968824485,LOW,28,4410,26,157.5,1.0769230769230769,0,28,72.67982941083557,0.0
PRV56218,0,0.14335344143058498,14.242929110357435,LOW,118,59160,97,501.35593220338984,1.2164948453608246,6,112,76.58411913638085,7.627118644067797
PRV52723,0,0.21748187234274072,21.66376917686964,LOW,181,219760,88,1214.1436464088397,2.0568181818181817,18,163,76.74042672201247,11.049723756906078
PRV52414,0,0.055004443637554884,5.3984982409701034,LOW,132,43600,59,330.3030303030303,2.23728813559322,0,132,73.43231359992575,4.545454545454546
PRV53573,0,0.005959427711055526,0.4887056718896535,LOW,32,10830,27,338.4375,1.1851851851851851,0,32,74.79007275584962,3.125
PRV51256,0,0.07621702316516012,7.522044606858663,LOW,95,38550,80,405.7894736842105,1.1875,0,95,75.88490759753594,2.1052631578947367
PRV53123,0,0.06075554128394754,5.974228434036637,LOW,132,45750,82,346.59090909090907,1.6097560975609757,0,132,76.44860686799886,5.303030303030303
PRV51313,0,0.041421784565430955,4.038767036465892,LOW,19,4970,16,261.57894736842104,1.1875,0,19,68.85438056125942,0.0
PRV56584,0,0.08701840312026055,8.603347855263008,LOW,55,36660,34,666.5454545454545,1.6176470588235294,4,51,76.44145994043325,12.727272727272727
PRV55274,0,0.046434204685527135,4.540549788369549,LOW,70,20800,45,297.14285714285717,1.5555555555555556,0,70,77.75617917712374,4.285714285714286
PRV56357,0,0.04791147493800172,4.688436181535229,LOW,16,1690,13,105.625,1.2307692307692308,0,16,76.0,0.0
PRV52349,0,0.07035633823165269,6.935343862803867,LOW,99,20410,94,206.16161616161617,1.053191489361702,0,99,78.67027829961991,1.0101010101010102
PRV57731,0,0.15613150216175622,15.522113680695512,LOW,2,150,2,75.0,1.0,0,2,85.21013004791239,0.0
PRV51067,1,0.3831726499744915,38.250721661515236,LOW,58,334520,39,5767.586206896552,1.4871794871794872,12,46,71.31542555420526,22.413793103448278
PRV52837,0,0.1380883916454376,13.715856138259813,LOW,71,31930,57,449.71830985915494,1.2456140350877194,2,69,74.79265420712538,2.8169014084507045
PRV54870,0,0.08795217263517223,8.696825541811585,LOW,8,1080,8,135.0,1.0,0,8,83.6779603011636,0.0
PRV53774,1,0.385974837816764,38.53124274577333,LOW,224,589370,163,2631.1160714285716,1.3742331288343559,50,174,78.1985872158317,22.321428571428573
PRV55777,0,0.055806082148475655,5.478748572826575,LOW,17,4620,11,271.7647058823529,1.5454545454545454,0,17,70.20546325679796,0.0
PRV54907,0,0.06321093550026534,6.220032743602099,LOW,170,59920,120,352.47058823529414,1.4166666666666667,0,170,77.09723933378964,4.705882352941177
PRV53036,0,0.05353098624371241,5.250993544998832,LOW,122,39530,69,324.0163934426229,1.7681159420289856,0,122,78.3733595214713,4.098360655737705
PRV51391,0,0.18753407183127677,18.66575835693546,LOW,177,144400,153,815.819209039548,1.1568627450980393,13,164,76.97719832100476,9.03954802259887
PRV56071,0,0.09725309844500529,9.627921506692564,LOW,3,270,3,90.0,1.0,0,3,79.41683778234086,0.0
PRV51397,0,0.028599145931816443,2.755119866819269,LOW,40,17870,40,446.75,1.0,0,40,79.38316221765913,7.5
PRV57629,1,0.44637400482364514,44.57767530873652,MEDIUM,10,122300,9,12230.0,1.1111111111111112,10,0,72.74074074074073,70.0
PRV57426,0,0.028761052046706256,2.7713279447402956,LOW,60,16240,33,270.6666666666667,1.8181818181818181,0,60,75.6592620247651,5.0
PRV56002,0,0.29571940120893014,29.495962328281912,LOW,32,177810,20,5556.5625,1.6,11,21,76.48716080457487,34.375
PRV52981,0,0.1445993987014277,14.36765925131494,LOW,369,85830,149,232.60162601626016,2.476510067114094,0,369,78.09463960053104,2.168021680216802
PRV56120,1,0.4695165157471074,46.89442301521419,MEDIUM,4,36000,4,9000.0,1.0,4,0,71.16769336071184,100.0
PRV57697,1,0.4704229909671076,46.98516832776302,MEDIUM,66,507650,43,7691.666666666667,1.5348837209302326,48,18,76.52904403376684,68.18181818181817
PRV53821,0,0.05147854415401011,5.045527918571263,LOW,10,1070,10,107.0,1.0,0,10,80.03285420944559,0.0
PRV52925,1,0.5056682097951655,50.513492464856725,MEDIUM,4,29000,4,7250.0,1.0,4,0,84.7296372347707,100.0
PRV55260,0,0.03951881559920616,3.848264847546976,LOW,57,22310,41,391.4035087719298,1.3902439024390243,0,57,74.92923323483748,7.017543859649122
PRV52770,0,0.08550771256989743,8.452115826926661,LOW,7,1090,7,155.71428571428572,1.0,0,7,69.71545907890876,0.0
PRV55382,1,0.5181150520620816,51.759519456920614,MEDIUM,8,129000,8,16125.0,1.0,8,0,68.99041752224504,100.0
PRV52228,0,0.06509991474693541,6.409134451354564,LOW,8,2400,8,300.0,1.0,0,8,86.76043805612593,0.0
PRV51993,0,0.12034050124066814,11.939152455325338,LOW,2,230,2,115.0,1.0,0,2,75.83436002737851,0.0
PRV55892,0,0.16859005665236954,16.769313158643833,LOW,449,118910,235,264.8329621380846,1.9106382978723404,0,449,78.64641822127078,3.78619153674833
PRV55582,0,0.04601810828460796,4.498895259796947,LOW,24,7870,22,327.9166666666667,1.0909090909090908,0,24,78.44365627527844,0.0
PRV56378,0,0.04556705226655298,4.453740998067188,LOW,31,4480,19,144.51612903225808,1.631578947368421,0,31,78.90802982816383,0.0
PRV53236,1,0.4377238720102559,43.71172885104988,LOW,9,96000,8,10666.666666666666,1.125,9,0,83.01060917180014,88.88888888888889
PRV57108,0,0.13355111828975016,13.26163932163106,LOW,49,73170,40,1493.265306122449,1.225,5,44,81.20769640276828,14.285714285714285
PRV53056,0,0.00852172728191017,0.745212049858692,LOW,35,10110,22,288.85714285714283,1.5909090909090908,0,35,78.1412482110634,2.857142857142857
PRV55618,0,0.048903525818098155,4.78774829199609,LOW,13,1410,11,108.46153846153847,1.1818181818181819,0,13,75.12886565863978,0.0
PRV51243,0,0.03679844235685226,3.5759340494399683,LOW,36,6330,15,175.83333333333334,2.4,0,36,78.42756103125713,2.7777777777777777
PRV52459,1,0.6010282521664975,60.05978414357942,HIGH,50,505900,49,10118.0,1.0204081632653061,50,0,75.35710793557669,82.0
PRV57189,0,0.27609415001025456,27.53132003627008,LOW,256,112310,124,438.7109375,2.064516129032258,4,252,78.43535061197433,2.734375
PRV51233,1,0.3925481228357219,39.18928037367202,LOW,3,27000,3,9000.0,1.0,3,0,70.88843258042436,66.66666666666666
PRV52527,0,0.11598736502097852,11.503369217011024,LOW,160,48730,73,304.5625,2.191780821917808,0,160,77.93768576598877,5.625
PRV57206,0,0.2740379515004443,27.325478362589106,LOW,490,235300,224,480.2040816326531,2.1875,7,483,76.38249456632683,4.285714285714286
PRV54602,0,0.040001727265723756,3.8966081107104253,LOW,14,1710,13,122.14285714285714,1.0769230769230769,0,14,78.69909966829884,0.0
PRV56161,0,0.15856512835165518,15.76573883928435,LOW,47,105640,28,2247.659574468085,1.6785714285714286,13,34,77.13095436298723,23.404255319148938
PRV57328,0,0.07472323694387877,7.372504835069553,LOW,38,5360,38,141.05263157894737,1.0,0,38,76.79195936453043,0.0
PRV55724,0,0.026654590643400373,2.5604545593486927,LOW,31,12550,31,404.83870967741933,1.0,0,31,74.44048486454263,3.225806451612903
PRV55895,1,0.34119259745901365,34.0481876018059,LOW,1,200,1,200.0,1.0,0,1,93.25119780971937,0.0
PRV53829,0,0.05985496889465535,5.884074041355999,LOW,16,5910,16,369.375,1.0,0,16,75.86430527036276,6.25
PRV53676,0,0.30454753855748795,30.37972844261508,LOW,471,167540,374,355.71125265392783,1.2593582887700534,0,471,78.75020771795745,5.3078556263269645
PRV54560,1,0.3508850675814623,35.018480237749785,LOW,98,473080,54,4827.34693877551,1.8148148148148149,40,58,77.73400363473294,41.83673469387755
PRV56583,0,0.2617581924153612,26.09617771364256,LOW,24,109070,13,4544.583333333333,1.8461538461538463,13,11,75.75085557837097,50.0
PRV56437,1,0.4497742759702574,44.91806924465683,MEDIUM,719,469300,317,652.712100139082,2.2681388012618298,39,680,75.46274047213363,7.093184979137692
PRV57523,0,0.23744401047928312,23.662136506031786,LOW,151,169960,116,1125.5629139072848,1.3017241379310345,15,136,79.16349107810834,12.582781456953644
PRV56550,1,0.4858978133282352,48.53431998774755,MEDIUM,80,554890,43,6936.125,1.8604651162790697,55,25,74.02188174590638,70.0
PRV51602,0,0.16174905403693404,16.084474889722458,LOW,39,77480,26,1986.6666666666667,1.5,12,27,79.60574948665298,28.205128205128204
PRV55719,0,0.0586897268015267,5.767424125723457,LOW,23,6600,11,286.95652173913044,2.090909090909091,0,23,82.5238006346836,4.3478260869565215
PRV52566,0,0.2548865397651448,25.408271134717275,LOW,139,252030,113,1813.1654676258993,1.2300884955752212,22,117,79.57003574416306,17.26618705035971
PRV53306,0,0.05948437322982409,5.846974495011701,LOW,78,17600,29,225.64102564102564,2.689655172413793,0,78,75.4428001604947,2.564102564102564
PRV56566,0,0.21278661074363478,21.19373649212698,LOW,176,68110,62,386.9886363636364,2.838709677419355,1,175,74.57188487989309,3.977272727272727
PRV52627,1,0.4821252568793094,48.15665735945662,MEDIUM,5,46070,3,9214.0,1.6666666666666667,3,2,82.60150581793292,60.0
PRV53211,0,0.14764913500801763,14.672961887533676,LOW,4,3460,3,865.0,1.3333333333333333,0,4,81.720282911248,25.0
PRV55247,0,0.19023750443126206,18.93639326324907,LOW,355,128140,173,360.9577464788732,2.052023121387283,3,352,76.751704312115,4.225352112676056
PRV55515,0,0.17294901880621882,17.205679618875905,LOW,459,130860,181,285.0980392156863,2.5359116022099446,0,459,75.18466501034257,2.6143790849673203
PRV54297,1,0.6292721426853309,62.88722014643664,HIGH,8,168000,7,21000.0,1.1428571428571428,8,0,80.41732668426712,100.0
PRV54267,0,0.16075300298508058,15.984762330547357,LOW,226,78960,84,349.3805309734513,2.6904761904761907,0,226,75.66093021739839,3.982300884955752
PRV52782,0,0.07854851959369755,7.755445771552457,LOW,10,1730,7,173.0,1.4285714285714286,0,10,77.80893712721227,0.0
PRV55664,1,0.4775196425527612,47.6955990731177,MEDIUM,20,205000,17,10250.0,1.1764705882352942,20,0,79.90288682207996,95.0
PRV57603,0,0.09599106997255473,9.501582511813009,LOW,169,49340,76,291.9526627218935,2.223684210526316,0,169,78.42652833315321,3.5502958579881656
PRV51179,0,0.03508559750615853,3.404464782664178,LOW,26,5000,26,192.30769230769232,1.0,0,26,73.72789975254041,0.0
PRV53167,0,0.16789295795542789,16.699528085940646,LOW,3,1770,3,590.0,1.0,0,3,74.66666666666667,0.0
PRV54765,1,0.830758333436709,83.05757555229431,CRITICAL,239,2000500,162,8370.292887029289,1.4753086419753085,196,43,77.56684067683486,76.98744769874477
PRV52606,0,0.010535936534601557,0.9468502680266256,LOW,30,10020,22,334.0,1.3636363636363635,0,30,77.84444029618568,3.3333333333333335
PRV52798,0,0.03874400549323624,3.770700250433977,LOW,56,18160,38,324.2857142857143,1.4736842105263157,0,56,82.81623977809,1.7857142857142856
PRV53391,0,0.05730774767835589,5.629077125495403,LOW,69,11420,62,165.5072463768116,1.1129032258064515,0,69,74.1873661433839,0.0
PRV54444,0,0.023484331148928006,2.2430866022999294,LOW,27,9770,25,361.85185185185185,1.08,0,27,76.88104038329911,3.7037037037037033
PRV52113,0,0.06794807053233559,6.694257288947236,LOW,120,22170,53,184.75,2.2641509433962264,0,120,76.84320638487466,1.6666666666666667
PRV57303,0,0.13925852197740018,13.832995405118965,LOW,105,116860,81,1112.952380952381,1.2962962962962963,11,94,76.05627473737464,11.428571428571429
PRV54390,0,0.3152539733542611,31.451526932502798,LOW,95,352760,54,3713.2631578947367,1.7592592592592593,38,57,77.42365057383442,36.84210526315789
PRV54027,0,0.07174751711836073,7.074611831856156,LOW,14,1390,8,99.28571428571429,1.75,0,14,75.33401779603011,0.0
PRV55981,0,0.16028171326054744,15.937582515357478,LOW,54,110140,39,2039.6296296296296,1.3846153846153846,15,39,77.99249626080564,22.22222222222222
PRV56482,0,0.05263466560902898,5.161264786458366,LOW,28,14780,21,527.8571428571429,1.3333333333333333,0,28,79.4964962028617,3.571428571428571
PRV56792,0,0.042001541253662594,4.0968052494419105,LOW,8,2460,8,307.5,1.0,0,8,75.61464750171116,0.0
PRV55656,0,0.013875467740261585,1.281163657226746,LOW,30,10170,26,339.0,1.1538461538461537,0,30,71.88806402358763,6.666666666666667
PRV53356,0,0.058390591988621364,5.737478373768622,LOW,38,3950,36,103.94736842105263,1.0555555555555556,0,38,75.0787892615408,0.0
PRV57670,0,0.22992347648602882,22.909271791481935,LOW,1,20,1,20.0,1.0,0,1,70.83641341546885,0.0
PRV54449,0,0.21247377623284963,21.162419292460726,LOW,1,50,1,50.0,1.0,0,1,75.16495550992471,0.0
PRV56917,0,0.2188720270135984,21.802934613844485,LOW,8,14880,6,1860.0,1.3333333333333333,2,6,70.40500635572504,25.0
PRV54578,0,0.03204654522630933,3.1002317017123455,LOW,77,24130,37,313.3766233766234,2.081081081081081,0,77,79.62691233327783,3.896103896103896
PRV56996,0,0.055886371820906104,5.486786201719665,LOW,11,2040,11,185.45454545454547,1.0,0,11,77.74251757824653,0.0
PRV53312,0,0.08029507873478875,7.930290104465721,LOW,65,29790,46,458.3076923076923,1.4130434782608696,1,64,75.82602743802637,6.153846153846154
PRV54357,0,0.0618652133731438,6.085315354383789,LOW,10,2190,9,219.0,1.1111111111111112,0,10,81.27827211194767,0.0
PRV57573,0,0.05903318857527957,5.801807355755683,LOW,33,6180,16,187.27272727272728,2.0625,0,33,74.57837097878166,3.0303030303030303
PRV51021,0,0.2544779106931907,25.367364144616644,LOW,257,348830,187,1357.3151750972763,1.374331550802139,29,228,76.83263570789238,14.396887159533073
PRV53768,0,0.10227546067186764,10.13069954182734,LOW,62,37180,54,599.6774193548387,1.1481481481481481,5,57,72.86321187020731,8.064516129032258
PRV53151,0,0.017558918029591083,1.6499060567853476,LOW,25,6360,19,254.4,1.3157894736842106,0,25,80.31139450268381,4.0
PRV56902,1,0.46467039080240075,46.409287720773385,MEDIUM,1,4000,1,4000.0,1.0,1,0,84.58316221765914,100.0
PRV52423,0,0.020443059995346048,1.9386313946027176,LOW,54,11480,30,212.59259259259258,1.8,0,54,73.75843029888205,1.8518518518518516
PRV55312,0,0.04761585352597759,4.658842148694209,LOW,91,17280,77,189.8901098901099,1.1818181818181819,0,91,76.83728454981022,1.098901098901099
PRV53429,0,0.1418278395374281,14.09020433910602,LOW,29,22690,26,782.4137931034483,1.1153846153846154,1,28,75.26858823231171,3.4482758620689653
PRV57136,0,0.03863505529338534,3.759793476901077,LOW,43,8240,26,191.62790697674419,1.6538461538461537,0,43,74.75954298952246,0.0
PRV57539,0,0.01411933311718801,1.30557650311681,LOW,33,10630,32,322.1212121212121,1.03125,0,33,76.84950376454483,6.0606060606060606
PRV55408,0,0.06061047664965598,5.9597063210344015,LOW,16,5160,11,322.5,1.4545454545454546,0,16,87.68216041316657,6.25
PRV54302,1,0.4357398475056277,43.513112364018944,LOW,1,3300,1,3300.0,1.0,0,1,85.67008898015058,100.0
PRV54193,0,0.05073452200927924,4.971045438987498,LOW,24,4030,12,167.91666666666666,2.0,0,24,78.74241387177732,0.0
PRV51430,0,0.17242493879818444,17.15321508032,LOW,112,213700,85,1908.0357142857142,1.3176470588235294,17,95,78.82765771443674,16.071428571428573
PRV55468,0,0.020284846741502542,1.9227930011721799,LOW,27,10030,25,371.48148148148147,1.08,0,27,77.2301711156742,3.7037037037037033
PRV52590,1,0.6701324709644365,66.97766098665556,HIGH,208,1227580,107,5901.826923076923,1.9439252336448598,115,93,76.93438524442523,53.36538461538461
PRV56730,1,0.4031932343731219,40.25493992206906,LOW,54,303950,30,5628.7037037037035,1.8,23,31,73.75684127175853,44.44444444444444
PRV57398,1,0.6142478040353067,61.38316545574622,HIGH,3,50600,3,16866.666666666668,1.0,3,0,59.418663016198956,66.66666666666666
PRV55577,0,0.22415407002245982,22.331708741542524,LOW,2,20,2,10.0,1.0,0,2,56.95824777549623,0.0
PRV55650,0,0.11336221330250669,11.240570843790437,LOW,4,220,4,55.0,1.0,0,4,83.64613278576317,0.0
PRV53106,0,0.08090961909142258,7.991810436744186,LOW,44,27140,26,616.8181818181819,1.6923076923076923,4,40,80.70284540921091,11.363636363636363
PRV52389,0,0.11927218922673921,11.832206004429937,LOW,171,44690,139,261.34502923976606,1.2302158273381294,0,171,74.48462913447476,2.3391812865497075
PRV52488,0,0.07298083916821523,7.198077087627169,LOW,183,44710,130,244.3169398907104,1.4076923076923078,0,183,77.04192070762912,1.092896174863388
PRV51856,0,0.06845502746117123,6.745007672345444,LOW,117,31500,107,269.2307692307692,1.0934579439252337,0,117,75.6223557031095,0.8547008547008548
PRV52512,0,0.05682006772182695,5.58025651892768,LOW,31,6090,19,196.4516129032258,1.631578947368421,0,31,70.1101624698296,0.0
PRV55653,0,0.01802096351318679,1.6961604506127472,LOW,25,6400,25,256.0,1.0,0,25,78.82381930184805,4.0
PRV54582,0,0.025054623478084737,2.4002852383556696,LOW,71,18960,35,267.0422535211268,2.0285714285714285,0,71,77.01707245526548,2.8169014084507045
PRV56654,0,0.039872245922227656,3.8836460079131827,LOW,49,17620,34,359.59183673469386,1.4411764705882353,0,49,77.41893143294278,6.122448979591836
PRV55839,0,0.1284307878025008,12.749053891641433,LOW,186,76630,114,411.98924731182797,1.631578947368421,3,183,77.29078951284112,4.301075268817205
PRV57057,0,0.0829830472552004,8.199376934557026,LOW,26,10560,10,406.15384615384613,2.6,0,26,71.69144421629021,3.8461538461538463
PRV52154,1,0.404741062806101,40.40988974510187,LOW,742,194350,705,261.92722371967653,1.052482269503546,0,742,77.39095635458081,2.8301886792452833
PRV55654,0,0.23228772362826125,23.145951560692296,LOW,578,195200,374,337.71626297577853,1.5454545454545454,0,578,76.56119352725223,4.498269896193772
PRV56602,0,0.11962502495300985,11.867527640975958,LOW,145,55810,49,384.8965517241379,2.9591836734693877,0,145,76.24338934752545,8.275862068965518
PRV51253,0,0.04176387907249467,4.073013392328468,LOW,85,21740,76,255.76470588235293,1.118421052631579,0,85,75.60538924312834,2.3529411764705883
PRV51547,0,0.057610751626342785,5.659410208360695,LOW,13,2640,13,203.07692307692307,1.0,0,13,79.78897488548412,0.0
PRV51447,1,0.3213336616930887,32.060151643177484,LOW,89,269390,65,3026.85393258427,1.3692307692307693,16,73,77.40301163586585,20.224719101123593
PRV57598,0,0.04255123065736324,4.151833490306105,LOW,23,2890,23,125.65217391304348,1.0,0,23,77.05133470225873,0.0
PRV54935,0,0.1154665656555706,11.4512330966335,LOW,89,23250,74,261.23595505617976,1.2027027027027026,3,86,76.88237019653857,4.49438202247191
PRV55904,0,0.014027076921778143,1.2963409309772511,LOW,28,6190,27,221.07142857142858,1.037037037037037,0,28,76.24985423479605,3.571428571428571
PRV54834,0,0.2286659940460895,22.7833878902795,LOW,16,59300,10,3706.25,1.6,6,10,76.78886607346567,37.5
PRV51366,0,0.025248199717807156,2.419663745333096,LOW,57,18340,53,321.7543859649123,1.0754716981132075,0,57,73.29619154623997,3.508771929824561
PRV55176,0,0.10160058729083699,10.063139398382383,LOW,20,8650,19,432.5,1.0526315789473684,1,19,78.13333333333334,5.0
PRV55354,0,0.07027091275928088,6.92679209986653,LOW,178,43990,105,247.13483146067415,1.6952380952380952,0,178,77.9419184511587,1.1235955056179776
PRV51964,0,0.05149278965198884,5.0469540051734905,LOW,17,2440,17,143.52941176470588,1.0,0,17,78.96122720135281,0.0
PRV56877,0,0.21310550483494342,21.22566030355314,LOW,44,170410,25,3872.9545454545455,1.76,15,29,77.65172927487217,34.090909090909086
PRV56938,0,0.03076421575359399,2.9718604167343576,LOW,22,3840,21,174.54545454545453,1.0476190476190477,0,22,76.18265375965582,0.0
PRV54601,0,0.09300529797175133,9.202683206642382,LOW,11,710,6,64.54545454545455,1.8333333333333333,0,11,78.56901665525895,0.0
PRV52403,0,0.1603978813451099,15.949211856026954,LOW,216,62760,83,290.55555555555554,2.602409638554217,2,214,73.94296144193474,3.2407407407407405
PRV55467,1,0.5759231324507951,57.54656383163673,HIGH,1896,569280,702,300.253164556962,2.700854700854701,6,1890,75.87581918890683,3.1118143459915615
PRV53590,0,0.2959866443732596,29.52271547490804,LOW,19,98820,11,5201.0526315789475,1.7272727272727273,7,12,79.7780819834208,31.57894736842105
PRV56229,0,0.04078968031808252,3.9754884203233956,LOW,13,4440,12,341.53846153846155,1.0833333333333333,0,13,73.2434405658225,7.6923076923076925
PRV52055,0,0.08177069700221816,8.078011120910734,LOW,203,51010,148,251.2807881773399,1.3716216216216217,0,203,77.22616867380728,1.9704433497536946
PRV56225,1,0.48918415884495114,48.863309070381014,MEDIUM,588,761100,287,1294.3877551020407,2.048780487804878,50,538,76.36849541058987,10.034013605442176
PRV52944,0,0.20333366355308954,20.247421989107885,LOW,4,4120,4,1030.0,1.0,0,4,66.83299110198494,25.0
PRV53533,0,0.042205396862903,4.117212802309543,LOW,51,21850,32,428.4313725490196,1.59375,0,51,71.3547227926078,7.8431372549019605
PRV55802,0,0.19887384660484717,19.80095916922105,LOW,1,10,1,10.0,1.0,0,1,80.58316221765914,0.0
PRV55278,0,0.04490551544406517,4.387515949224481,LOW,45,7200,33,160.0,1.3636363636363635,0,45,74.5096965548711,0.0
PRV56154,0,0.015142648123574153,1.4080183989806576,LOW,19,4350,19,228.94736842105263,1.0,0,19,75.43557044562124,0.0
PRV57315,0,0.02417028594474677,2.31175608268675,LOW,22,5960,22,270.90909090909093,1.0,0,22,74.11710534503142,0.0
PRV57140,0,0.12689913286932114,12.595723163385763,LOW,2,450,2,225.0,1.0,0,2,89.16495550992471,0.0
PRV56749,0,0.22575864351949754,22.492339192638834,LOW,28,110210,16,3936.0714285714284,1.75,11,17,76.217659137577,35.714285714285715
PRV53647,0,0.08638396451530768,8.539835551529567,LOW,7,610,5,87.14285714285714,1.4,0,7,84.79890485968515,0.0
PRV53347,0,0.0709809585535682,6.997873279037177,LOW,6,280,6,46.666666666666664,1.0,0,6,75.80561259411363,0.0
PRV51261,0,0.21067837566630895,20.982685547989423,LOW,142,270170,101,1902.605633802817,1.4059405940594059,26,116,75.40159040194098,19.014084507042252
PRV54509,0,0.10013792032113561,9.916714908896202,LOW,4,250,4,62.5,1.0,0,4,77.29226557152634,0.0
PRV57583,0,0.02330015772426929,2.2246493912045833,LOW,14,3080,12,220.0,1.1666666666666667,0,14,81.2580424366872,0.0
PRV53340,0,0.06922734014618688,6.82232225794124,LOW,23,2170,16,94.34782608695652,1.4375,0,23,73.30749486652977,0.0
PRV54771,0,0.18890163193230636,18.80266189942525,LOW,85,171560,68,2018.3529411764705,1.25,12,73,77.11629021218343,18.823529411764707
PRV55081,0,0.03945903905746222,3.842280744679121,LOW,30,6950,28,231.66666666666666,1.0714285714285714,0,30,74.94084286692089,0.0
PRV56576,0,0.172064031765678,17.117085442417864,LOW,234,67150,106,286.96581196581195,2.207547169811321,1,233,76.60068958017489,1.7094017094017095
PRV56901,0,0.054840132626165196,5.382049413958849,LOW,66,10190,48,154.3939393939394,1.375,0,66,76.49669176363221,0.0
PRV56745,0,0.07052699219067601,6.952427668855689,LOW,132,27460,53,208.03030303030303,2.490566037735849,0,132,80.12764583575478,2.272727272727273
PRV52727,0,0.05180309085610475,5.078017600879693,LOW,12,2650,10,220.83333333333334,1.2,0,12,82.88295687885011,0.0
PRV54664,0,0.17629142170574352,17.540280487260834,LOW,2,1200,2,600.0,1.0,0,2,75.20876112251882,0.0
PRV55299,0,0.022867308628989568,2.181317785915221,LOW,18,5930,17,329.44444444444446,1.0588235294117647,0,18,75.38221202238596,5.555555555555555
PRV53692,1,0.6659022320511359,66.55418073714183,HIGH,244,1397600,125,5727.868852459016,1.952,146,98,77.58396075747206,55.73770491803278
PRV56933,0,0.045591794458657325,4.456217886465364,LOW,12,4660,12,388.3333333333333,1.0,0,12,68.86881131644992,0.0
PRV51328,0,0.08652009671696924,8.553463457637948,LOW,7,550,5,78.57142857142857,1.4,0,7,75.33415468856947,0.0
PRV52956,0,0.10593500493252274,10.497048759536073,LOW,18,2110,9,117.22222222222223,2.0,0,18,79.92607802874744,0.0
PRV54303,0,0.05190549452106804,5.0882690146836325,LOW,16,5160,14,322.5,1.1428571428571428,0,16,69.90378410090936,0.0
PRV52799,0,0.13303819733608885,13.210291892351275,LOW,2,150,2,75.0,1.0,0,2,76.58179329226557,0.0
PRV53548,0,0.10036369176719964,9.939316409726723,LOW,4,250,4,62.5,1.0,0,4,73.77070499657768,0.0
PRV51753,0,0.08323287450119422,8.224386610520279,LOW,4,1210,4,302.5,1.0,0,4,79.18617385352499,0.0
PRV53472,0,0.1922658274108195,19.13944437669249,LOW,3,3440,3,1146.6666666666667,1.0,0,3,78.38923112023728,33.33333333333333
PRV51064,0,0.2996523217756019,29.889678668428832,LOW,303,360320,198,1189.1749174917493,1.5303030303030303,36,267,76.25138777073214,11.55115511551155
PRV53027,0,0.10072103188969889,9.975088971829882,LOW,5,500,3,100.0,1.6666666666666667,0,5,82.24960073009355,0.0
PRV52017,0,0.2886637831252173,28.789639359815588,LOW,280,304770,240,1088.4642857142858,1.1666666666666667,23,257,76.81038293336677,11.428571428571429
PRV57634,1,0.3642055036972572,36.351960858007956,LOW,8,58000,8,7250.0,1.0,8,0,77.89664613278576,100.0
PRV56284,0,0.03516572656772397,3.412486333144068,LOW,67,23090,37,344.6268656716418,1.8108108108108107,0,67,74.67132841260151,5.970149253731343
PRV57207,0,0.01154945556308218,1.0483115093098025,LOW,73,18710,49,256.3013698630137,1.489795918367347,0,73,77.55638436072581,2.73972602739726
PRV56152,0,0.029269757975783423,2.822253416844807,LOW,18,6620,15,367.77777777777777,1.2,0,18,76.14474104494639,5.555555555555555
PRV54448,0,0.030037574159603078,2.899117867238442,LOW,23,6720,23,292.17391304347825,1.0,0,23,73.71698955450407,4.3478260869565215
PRV54252,0,0.03331007124282352,3.2267206125533208,LOW,17,6030,16,354.70588235294116,1.0625,0,17,71.68788501026694,5.88235294117647
PRV56400,1,0.345000710651268,34.42940974029124,LOW,9,49800,6,5533.333333333333,1.5,3,6,78.30587877405125,33.33333333333333
PRV53860,0,0.22760682223329606,22.677356445542564,LOW,1,100,1,100.0,1.0,0,1,67.24982888432581,0.0
PRV56869,0,0.024982623678644445,2.393077491073112,LOW,36,11220,24,311.6666666666667,1.5,0,36,79.14601870864705,2.7777777777777777
PRV54374,1,0.34847080656996576,34.776793686116676,LOW,854,280020,455,327.89227166276345,1.876923076923077,0,854,76.29144572060383,3.864168618266979
PRV57484,0,0.0798046105415029,7.88119037342732,LOW,9,1090,6,121.11111111111111,1.5,0,9,83.23659593885466,0.0
PRV52135,1,0.7301404133726762,72.98492888444402,HIGH,263,1825550,189,6941.254752851711,1.3915343915343916,210,53,78.54368103465558,74.90494296577947
PRV51425,0,0.09064307466065304,8.966206038876338,LOW,33,25990,30,787.5757575757576,1.1,3,30,76.54126480409849,15.151515151515152
PRV54728,0,0.1740055962071967,17.311451342546132,LOW,11,13690,9,1244.5454545454545,1.2222222222222223,2,9,79.87903677431399,18.181818181818183
PRV54768,0,0.1385228605760522,13.759349901830504,LOW,32,79420,25,2481.875,1.28,7,25,73.43807820538298,18.75
PRV55399,0,0.15893386435483875,15.802652218843575,LOW,27,35790,12,1325.5555555555557,2.25,3,24,82.55441478439425,11.11111111111111
PRV55637,0,0.25021654012139644,24.94076737077017,LOW,1,300,1,300.0,1.0,0,1,74.5845311430527,0.0
PRV56771,0,0.1285506758923116,12.761055634149912,LOW,2,460,2,230.0,1.0,0,2,75.45790554414785,0.0
PRV54409,0,0.14840999888442807,14.74913035717145,LOW,19,35160,13,1850.5263157894738,1.4615384615384615,5,14,80.39014373716633,26.31578947368421
PRV57251,1,0.46151270794537885,46.093178784237345,MEDIUM,15,156000,14,10400.0,1.0714285714285714,15,0,76.80355920602327,100.0
PRV51089,0,0.26199246906107243,26.11963065197876,LOW,228,230900,179,1012.719298245614,1.2737430167597765,18,210,74.76966266759781,10.526315789473683
PRV56536,0,0.06442541430663179,6.341611642215157,LOW,65,17500,34,269.2307692307692,1.911764705882353,0,65,75.9459677094657,1.5384615384615385
PRV55704,0,0.08858774846098602,8.760451690314508,LOW,38,28110,29,739.7368421052631,1.3103448275862069,4,34,77.62525667351129,10.526315789473683
PRV54478,0,0.032030852794242476,3.098660765606053,LOW,64,21590,47,337.34375,1.3617021276595744,0,64,79.73588477725836,3.125
PRV53439,0,0.015303440612855927,1.4241149942029472,LOW,24,5670,23,236.25,1.0434782608695652,0,24,78.67785614379669,0.0
PRV52953,0,0.02520102210717793,2.4149408947494306,LOW,85,23580,61,277.4117647058824,1.3934426229508197,0,85,76.99702651451398,3.5294117647058822
PRV54063,0,0.09128513682331794,9.030481520810408,LOW,17,8620,12,507.05882352941177,1.4166666666666667,1,16,76.37845522034434,11.76470588235294
PRV55291,0,0.1346364796238561,13.370292543824865,LOW,6,2190,4,365.0,1.5,0,6,81.18754277891856,0.0
PRV54289,0,0.03952023168740584,3.848406609134542,LOW,56,17720,28,316.42857142857144,2.0,0,56,77.47883054659235,1.7857142857142856
PRV54109,0,0.034001027134003554,3.2958907419944476,LOW,16,4950,14,309.375,1.1428571428571428,0,16,76.98953749877775,6.25
PRV57286,0,0.14922563932473368,14.83078239249458,LOW,2,20,2,10.0,1.0,0,2,80.12731006160163,0.0
PRV57341,1,0.5022427987154918,50.170581823534235,MEDIUM,177,816350,88,4612.146892655367,2.0113636363636362,77,100,74.42266871139067,45.19774011299435
PRV53189,0,0.11853962879836367,11.758870932971691,LOW,28,53030,20,1893.9285714285713,1.4,4,24,78.39514329077761,21.428571428571427
PRV56497,0,0.026203047192125958,2.5152515017126933,LOW,30,12540,23,418.0,1.3043478260869565,0,30,71.2612564354373,6.666666666666667
PRV51361,0,0.03765476767776712,3.661658961909036,LOW,32,7870,32,245.9375,1.0,0,32,83.57041409993155,3.125
PRV55029,0,0.22034172895773826,21.950063359707574,LOW,255,224000,195,878.4313725490196,1.3076923076923077,14,241,77.14169687799861,10.588235294117647
PRV57172,1,0.7628089201559863,76.25530384136165,CRITICAL,1760,1386100,575,787.5568181818181,3.0608695652173914,88,1672,75.50584734784847,8.068181818181818
PRV51226,0,0.028913700258613596,2.78660923362048,LOW,20,7430,19,371.5,1.0526315789473684,0,20,79.24204762419396,5.0
PRV54658,0,0.23328697366408124,23.24598436337045,LOW,85,192580,58,2265.6470588235293,1.4655172413793103,27,58,76.60751298465998,31.76470588235294
PRV52744,0,0.14234878474280852,14.14235505921401,LOW,2,400,2,200.0,1.0,0,2,77.91786447638603,0.0
PRV54002,0,0.03166254878511567,3.0617906320560246,LOW,11,2060,11,187.27272727272728,1.0,0,11,77.20465434633813,0.0
PRV56879,0,0.17325239416905236,17.236049883294097,LOW,7,8140,6,1162.857142857143,1.1666666666666667,0,7,72.65343372119553,28.57142857142857
PRV57142,0,0.09414436222458908,9.316712514180363,LOW,12,6770,7,564.1666666666666,1.7142857142857142,0,12,81.36931651510706,16.666666666666664
PRV56413,0,0.08172967853501382,8.073904849117962,LOW,12,8650,12,720.8333333333334,1.0,0,12,74.90234998859229,16.666666666666664
PRV57732,0,0.12811785602838352,12.717726955149194,LOW,50,88140,36,1762.8,1.3888888888888888,11,39,77.69413445228105,22.0
PRV53876,0,0.04860077668638166,4.757440718247417,LOW,125,31310,60,250.48,2.0833333333333335,0,125,75.29012092174311,2.4
PRV53757,0,0.16720406731143106,16.63056470401671,LOW,56,37230,53,664.8214285714286,1.0566037735849056,1,55,77.04504778563643,5.357142857142857
PRV53375,0,0.031511196827824585,3.0466391084774163,LOW,15,4590,14,306.0,1.0714285714285714,0,15,75.94700303119194,0.0
PRV55446,0,0.09215541298577631,9.117603022450647,LOW,98,23140,87,236.12244897959184,1.1264367816091954,0,98,76.84898550040518,1.0204081632653061
PRV51499,0,0.2667252815162593,26.593422473315954,LOW,474,137840,339,290.80168776371306,1.3982300884955752,2,472,77.57468973366171,2.5316455696202533
PRV52092,0,0.18433662555626562,18.34566878892287,LOW,159,141470,132,889.7484276729559,1.2045454545454546,12,147,77.33859989352803,10.062893081761008
PRV56834,0,0.18696532504653177,18.60882232205652,LOW,16,6850,5,428.125,3.2,1,15,83.80469997718457,6.25
PRV56725,0,0.11525923135319639,11.430477299171063,LOW,291,99310,132,341.27147766323026,2.2045454545454546,0,291,77.38336133408002,4.123711340206185
PRV54096,0,0.061088226676565195,6.007532863399321,LOW,7,920,7,131.42857142857142,1.0,0,7,69.14246602131612,0.0
PRV54116,0,0.15808638947068043,15.717813304835298,LOW,16,1280,4,80.0,4.0,0,16,70.85420944558521,0.0
PRV57752,0,0.26935230896456736,26.856408621873907,LOW,1,80,1,80.0,1.0,0,1,53.752224503764545,0.0
PRV51053,1,0.557978753005901,55.750190047451696,HIGH,1,8000,1,8000.0,1.0,1,0,71.66872005475702,100.0
PRV51202,0,0.04281755069181525,4.178494224357233,LOW,12,5010,12,417.5,1.0,0,12,73.63312799452429,8.333333333333332
PRV51327,0,0.04999339994874294,4.896853280684279,LOW,41,8990,27,219.26829268292684,1.5185185185185186,0,41,76.82743934899992,2.4390243902439024
PRV53431,0,0.26094900439502544,26.0151716164035,LOW,42,30080,30,716.1904761904761,1.4,1,41,74.09639884303725,4.761904761904762
PRV52824,0,0.03897249019226564,3.7935733692667712,LOW,42,8740,39,208.0952380952381,1.0769230769230769,0,42,73.05175591007213,2.380952380952381
PRV56044,1,0.3780599671925693,37.73890182709279,LOW,260,350770,70,1349.1153846153845,3.7142857142857144,16,244,74.57347166684679,8.461538461538462
PRV57196,0,0.128961567126205,12.802189084486507,LOW,68,94830,36,1394.5588235294117,1.8888888888888888,10,58,76.8473648186174,14.705882352941178
PRV54258,1,0.6473699329702749,64.69895156458844,HIGH,238,1217250,110,5114.495798319328,2.1636363636363636,118,120,75.98083504449008,49.159663865546214
PRV56138,0,0.023269994637137154,2.2216298284974614,LOW,36,13160,22,365.55555555555554,1.6363636363636365,0,36,75.71912139879285,5.555555555555555
PRV52307,1,0.44748462564131614,44.68885720427998,MEDIUM,175,806460,116,4608.342857142857,1.5086206896551724,53,122,76.67497038776656,31.428571428571427
PRV52804,1,0.8096745871791773,80.94692641194658,CRITICAL,1,36000,1,36000.0,1.0,1,0,87.41683778234086,100.0
PRV56268,1,0.6903113463557669,68.99772542291204,HIGH,1113,940670,824,845.1662174303684,1.3507281553398058,61,1052,76.20342262709798,7.816711590296496
PRV51710,1,0.3548303713246051,35.41343623144091,LOW,17,121080,14,7122.35294117647,1.2142857142857142,14,3,80.5799412167331,76.47058823529412
PRV57491,0,0.04804417453429692,4.701720456797501,LOW,116,30830,62,265.7758620689655,1.8709677419354838,0,116,78.63054469982998,0.8620689655172413
PRV52935,0,0.23735383235153004,23.65310896483985,LOW,280,101800,85,363.57142857142856,3.2941176470588234,0,280,75.53356685590047,6.071428571428571
PRV51120,1,0.41715154024760814,41.65227633158741,LOW,7,52000,7,7428.571428571428,1.0,7,0,64.48851080473257,100.0
PRV52236,0,0.030593199292063816,2.9547403213250787,LOW,14,5780,13,412.85714285714283,1.0769230769230769,0,14,78.43605538882747,0.0
PRV54824,1,0.4890504622415174,48.84992498684776,MEDIUM,10,100000,10,10000.0,1.0,10,0,75.68350444900753,100.0
PRV57166,0,0.26885062957296424,26.806186561539675,LOW,151,294700,107,1951.6556291390727,1.411214953271028,29,122,76.32862765229295,22.516556291390728
PRV54220,1,0.34591821715289534,34.521259371057475,LOW,32,185140,23,5785.625,1.391304347826087,8,24,78.37418867568269,34.375
PRV52323,0,0.12421936620170185,12.327457403389593,LOW,190,49770,179,261.94736842105266,1.0614525139664805,0,190,77.31169054638477,3.1578947368421053
PRV53169,0,0.1364852512694455,13.555369153873167,LOW,4,170,4,42.5,1.0,0,4,86.79123887748118,0.0
PRV53906,0,0.12577123583598113,12.482811782517222,LOW,4,480,4,120.0,1.0,0,4,76.14715947980835,0.0
PRV51474,1,0.3927990172657335,39.21439688316487,LOW,71,411260,37,5792.394366197183,1.9189189189189189,41,30,74.1217501184647,54.929577464788736
PRV52344,0,0.26855392468555006,26.776484064274324,LOW,130,272150,43,2093.4615384615386,3.0232558139534884,23,107,76.6032904910386,19.230769230769234
PRV53265,0,0.2910893531270119,29.032458030492403,LOW,92,328820,50,3574.1304347826085,1.84,27,65,74.75645206747997,29.347826086956523
PRV52820,0,0.031815333232437876,3.077085559174772,LOW,32,6510,30,203.4375,1.0666666666666667,0,32,79.11421400866986,0.0
PRV52177,0,0.13282956817953578,13.18940646978208,LOW,39,33850,34,867.9487179487179,1.1470588235294117,5,34,80.42162902121835,15.384615384615385
PRV54016,0,0.10731408164013823,10.635105205095998,LOW,4,640,4,160.0,1.0,0,4,80.75085557837097,0.0
PRV54868,0,0.07586732338892692,7.487036903622682,LOW,105,25220,91,240.1904761904762,1.1538461538461537,0,105,76.12377492459628,2.857142857142857
PRV55239,0,0.09411336970491245,9.313609918739605,LOW,161,49540,154,307.70186335403724,1.0454545454545454,0,161,78.2905677484733,3.7267080745341614
PRV52547,0,0.2696517904810485,26.886389081588703,LOW,2,3020,2,1510.0,1.0,0,2,77.37577002053388,50.0
PRV53122,0,0.029560074222838868,2.8513163608677488,LOW,24,8070,18,336.25,1.3333333333333333,0,24,72.81481481481482,4.166666666666666
PRV56173,0,0.18612932785236438,18.525132415260558,LOW,44,106720,32,2425.4545454545455,1.375,6,38,74.19679227482102,13.636363636363635
PRV52985,1,0.786100257490389,78.58695024432691,CRITICAL,1403,1720120,464,1226.0299358517464,3.023706896551724,121,1282,77.73924161533196,11.047754811119031
PRV56466,0,0.03061807151586557,2.957230226920814,LOW,56,8190,45,146.25,1.2444444444444445,0,56,76.23691535477982,0.0
PRV57372,0,0.2734530163747795,27.266921747219925,LOW,32,123750,17,3867.1875,1.8823529411764706,15,17,73.94680747042143,46.875
PRV53950,0,0.10990274989465576,10.89425129608498,LOW,298,82130,235,275.6040268456376,1.2680851063829788,0,298,76.54631191110722,3.3557046979865772
PRV54077,1,0.48214385293498474,48.15851897116668,MEDIUM,76,537320,46,7070.0,1.6521739130434783,52,24,76.41142074899776,71.05263157894737
PRV52288,0,0.04019608294554794,3.9160646457840285,LOW,13,2810,12,216.15384615384616,1.0833333333333333,0,13,80.65252110426648,0.0
PRV52634,1,0.48304456433983545,48.24868728040017,MEDIUM,87,424950,50,4884.482758620689,1.74,58,29,77.78951472461206,58.620689655172406
PRV52456,0,0.04869013188706859,4.766385877955365,LOW,7,1370,7,195.71428571428572,1.0,0,7,70.45350542681139,0.0
PRV52246,0,0.043619098881546754,4.258735514350928,LOW,67,26510,47,395.67164179104475,1.425531914893617,0,67,73.74470997713604,8.955223880597014
PRV54990,0,0.15757474995394746,15.666594157489763,LOW,20,46600,16,2330.0,1.25,4,16,78.42505133470226,20.0
PRV52621,0,0.2891779029893638,28.841106809482365,LOW,45,180280,21,4006.222222222222,2.142857142857143,24,21,75.70854926501744,53.333333333333336
PRV53651,0,0.06334766265551289,6.233720209252676,LOW,11,900,10,81.81818181818181,1.1,0,11,74.55879534565366,0.0
PRV51517,0,0.06904908806562884,6.804477820050576,LOW,11,5990,11,544.5454545454545,1.0,0,11,78.83367556468173,9.090909090909092
PRV51144,0,0.16797768890123357,16.70801032129584,LOW,30,61220,25,2040.6666666666667,1.2,4,26,80.12990629941703,16.666666666666664
PRV54155,0,0.1050391028372898,10.407361900092694,LOW,51,24440,29,479.2156862745098,1.7586206896551724,1,50,79.30486912601194,5.88235294117647
PRV57291,0,0.11592083567622219,11.496709105349526,LOW,3,1400,3,466.6666666666667,1.0,0,3,73.30686744239105,0.0
PRV51796,0,0.11475068375393976,11.379567677129227,LOW,4,140,4,35.0,1.0,0,4,76.58316221765914,0.0
PRV54882,1,0.32838138697866714,32.765684480355276,LOW,253,369680,191,1461.1857707509882,1.324607329842932,32,221,77.20004977910523,13.438735177865613
PRV52813,1,0.4007107770827276,40.00642638553146,LOW,17,142000,15,8352.941176470587,1.1333333333333333,17,0,78.42865617157197,94.11764705882352
PRV55691,0,0.1708207990392494,16.99262804982563,LOW,40,22060,14,551.5,2.857142857142857,3,37,81.56093999543691,7.5
PRV51509,1,0.4432555152570888,44.2654899294193,MEDIUM,1030,322130,493,312.747572815534,2.0892494929006085,0,1030,77.47074789697795,4.174757281553398
PRV57736,0,0.04444183517038687,4.341097900027664,LOW,12,2990,12,249.16666666666666,1.0,0,12,79.17385352498289,0.0
PRV55634,0,0.3069824591283531,30.62348317893836,LOW,2,3500,2,1750.0,1.0,0,2,62.79123887748118,50.0
PRV51765,0,0.033844552528603626,3.280226400973666,LOW,14,2870,14,205.0,1.0,0,14,76.2323261953652,0.0
PRV52588,0,0.2566338050342515,25.583186156609177,LOW,50,176620,21,3532.4,2.380952380952381,17,33,77.29922119244502,30.0
PRV51847,0,0.034016959440209826,3.297485691392305,LOW,42,9420,38,224.28571428571428,1.105263157894737,0,42,79.0444900752909,4.761904761904762
PRV53649,0,0.04782353268173321,4.679632468697569,LOW,27,4770,24,176.66666666666666,1.125,0,27,76.13187314624686,3.7037037037037033
PRV56206,0,0.0323061360494012,3.1262187886801227,LOW,31,6240,30,201.29032258064515,1.0333333333333334,0,31,76.6610084417066,3.225806451612903
PRV53491,0,0.05893175101543011,5.791652656686549,LOW,16,1760,14,110.0,1.1428571428571428,0,16,69.09533587562335,0.0
PRV52875,0,0.057917078599325954,5.690075952213559,LOW,12,1540,12,128.33333333333334,1.0,0,12,81.36824093086926,0.0
PRV57345,1,0.4061754997825034,40.553488189806416,LOW,88,465320,43,5287.727272727273,2.046511627906977,43,45,76.14864526468673,51.13636363636363
PRV52180,0,0.12516830760179212,12.422453915199036,LOW,62,78720,54,1269.6774193548388,1.1481481481481481,5,57,78.16016427104722,8.064516129032258
PRV52187,0,0.007312490489159149,0.6241579181156176,LOW,27,7440,25,275.55555555555554,1.08,0,27,79.12290212183436,7.4074074074074066
PRV54327,0,0.21098408597891496,21.01328955927925,LOW,70,195380,33,2791.1428571428573,2.121212121212121,13,57,77.30200722665266,20.0
PRV57662,0,0.15254129784953033,15.162705938223494,LOW,3,2460,3,820.0,1.0,0,3,76.83413187314625,33.33333333333333
PRV57316,1,0.32751840591487313,32.67929327557674,LOW,85,384920,45,4528.470588235294,1.8888888888888888,39,46,80.44963934080978,41.17647058823529
PRV56732,0,0.30530380110554883,30.45543628302659,LOW,28,172920,15,6175.714285714285,1.8666666666666667,13,15,78.20554941294161,42.857142857142854
PRV55786,0,0.04340005471743643,4.23680746745497,LOW,11,2120,10,192.72727272727272,1.1,0,11,79.5088295687885,0.0
PRV54565,1,0.321868132662767,32.11365639887474,LOW,130,412130,75,3170.230769230769,1.7333333333333334,39,91,79.0299743003629,30.0
PRV53373,0,0.2303530842267917,22.952278911642278,LOW,3,2210,3,736.6666666666666,1.0,0,3,76.8332192562172,33.33333333333333
PRV55850,1,0.3240130708665698,32.328381615193365,LOW,236,416040,136,1762.8813559322034,1.7352941176470589,18,218,75.22157354842462,11.016949152542372
PRV55355,0,0.2138114867104734,21.296334652432492,LOW,1,90,1,90.0,1.0,0,1,102.25051334702259,0.0
PRV52831,1,0.47527075593937995,47.47046780188657,MEDIUM,31,247920,19,7997.419354838709,1.631578947368421,20,11,77.97134697538296,64.51612903225806
PRV53960,0,0.19527996116447824,19.44118291681462,LOW,420,127360,115,303.23809523809524,3.652173913043478,0,420,77.15184953724369,4.523809523809524
PRV53981,0,0.030353769318701762,2.9307714942827983,LOW,22,4810,22,218.63636363636363,1.0,0,22,77.25381121274346,4.545454545454546
PRV52001,1,0.4483142670651553,44.771910848382596,MEDIUM,1177,320620,744,272.4044180118946,1.581989247311828,0,1177,76.6448705776718,2.803738317757009
PRV56748,1,0.5833705715629444,58.29211117260014,HIGH,463,1415780,285,3057.840172786177,1.6245614035087719,117,346,76.85681078303669,26.34989200863931
PRV54411,0,0.10309636836751104,10.212878870915766,LOW,22,8070,15,366.8181818181818,1.4666666666666666,1,21,73.22861054072553,0.0
PRV57534,0,0.056356734580905676,5.533873220455249,LOW,152,38820,117,255.39473684210526,1.2991452991452992,0,152,76.8850512177001,3.289473684210526
PRV53076,0,0.08548763204257899,8.450105607907485,LOW,105,30840,47,293.7142857142857,2.234042553191489,0,105,79.59957475934583,2.857142857142857
PRV56904,1,0.3941822963993114,39.352874024678755,LOW,4,28000,4,7000.0,1.0,4,0,73.43737166324435,100.0
PRV55292,0,0.057881169426618334,5.686481161061163,LOW,6,610,6,101.66666666666667,1.0,0,6,77.06867442391056,0.0
PRV57379,0,0.17699056340226224,17.61027008032053,LOW,28,56380,23,2013.5714285714287,1.2173913043478262,3,25,71.90722897909755,17.857142857142858
PRV53157,0,0.19325034108512174,19.238001953460156,LOW,2,2190,2,1095.0,1.0,0,2,86.75017111567419,50.0
PRV54056,1,0.45280267856149997,45.22123620785957,MEDIUM,21,197000,15,9380.952380952382,1.4,21,0,76.15569244809491,100.0
PRV53767,0,0.04323527215473913,4.220311434441998,LOW,18,4130,18,229.44444444444446,1.0,0,18,79.8570233477831,5.555555555555555
PRV53407,0,0.19969545042387402,19.883208185745616,LOW,133,53960,40,405.7142857142857,3.325,3,130,73.0728952772074,4.511278195488721
PRV53313,0,0.08023064581166894,7.923839861129846,LOW,68,17800,22,261.7647058823529,3.090909090909091,0,68,73.89807728206085,2.941176470588235
PRV56153,0,0.07611700646663253,7.512032147204238,LOW,9,1410,9,156.66666666666666,1.0,0,9,74.14738763404061,0.0
PRV54293,0,0.2657650558501851,26.49729631756148,LOW,2,2520,2,1260.0,1.0,0,2,74.29158110882958,50.0
PRV55237,0,0.14258770143441082,14.166272502707479,LOW,117,131700,95,1125.6410256410256,1.231578947368421,15,102,75.22714021345097,11.965811965811966
PRV55096,0,0.04655700450235018,4.5528430176963735,LOW,27,5350,26,198.14814814814815,1.0384615384615385,0,27,77.16685094508503,0.0
PRV55319,0,0.05986100160394464,5.884677963093619,LOW,17,4570,11,268.8235294117647,1.5454545454545454,0,17,77.05979715014622,5.88235294117647
PRV53462,0,0.041775742030546514,4.0742009679095945,LOW,11,4450,11,404.54545454545456,1.0,0,11,80.03733432891543,9.090909090909092
PRV56987,0,0.08002953142925293,7.903706726668208,LOW,7,1210,7,172.85714285714286,1.0,0,7,79.63078126527819,0.0
PRV53252,0,0.18870243918183022,18.782721135463255,LOW,77,78090,29,1014.1558441558442,2.6551724137931036,4,73,75.61051864608862,5.194805194805195
PRV56102,0,0.16310568580450716,16.220284419917963,LOW,36,86790,27,2410.8333333333335,1.3333333333333333,8,28,75.9026107362863,22.22222222222222
PRV54326,1,0.4215408236557943,42.091678188310155,LOW,5,20000,4,4000.0,1.25,5,0,80.9801505817933,60.0
PRV54862,0,0.26969898961819727,26.891114087146605,LOW,7,3530,1,504.2857142857143,7.0,0,7,89.50308008213553,14.285714285714285
PRV56008,1,0.5176062402538554,51.708583385478946,MEDIUM,1370,476600,686,347.88321167883214,1.9970845481049562,0,1370,78.55322146459054,4.452554744525548
PRV51674,0,0.12052921441435548,11.958044131071683,LOW,4,1400,4,350.0,1.0,0,4,81.97878165639972,0.0
PRV52249,0,0.07449495960605595,7.349652474727546,LOW,47,25480,41,542.1276595744681,1.146341463414634,0,47,81.38855778701524,12.76595744680851
PRV57594,0,0.10802575003355736,10.706348819225823,LOW,14,6300,13,450.0,1.0769230769230769,1,13,75.00635572504156,7.142857142857142
PRV54231,0,0.1153466054228537,11.439224132051628,LOW,190,67880,64,357.2631578947368,2.96875,0,190,73.25680184804928,4.2105263157894735
PRV55859,0,0.08116614852536981,8.01749105453483,LOW,15,4880,6,325.3333333333333,2.5,0,15,67.33333333333333,0.0
PRV57228,1,0.402448147194037,40.18035082415399,LOW,529,379370,321,717.1455576559546,1.64797507788162,34,495,77.33151351559945,7.9395085066162565
PRV51276,0,0.16654586468721444,16.56467343469444,LOW,67,133980,49,1999.7014925373135,1.3673469387755102,14,53,71.92959160392427,23.88059701492537
PRV52533,0,0.022648865090593776,2.159449866386219,LOW,43,7380,27,171.62790697674419,1.5925925925925926,0,43,79.27507795269602,0.0
PRV56410,0,0.12560999919447807,12.466670724157662,LOW,350,92530,172,264.37142857142857,2.0348837209302326,0,350,76.62391162472342,2.571428571428571
PRV54187,0,0.1987043715551603,19.783993381283615,LOW,1,200,1,200.0,1.0,0,1,69.67008898015058,0.0
PRV52860,0,0.15076441282522215,14.984825745432184,LOW,393,107830,149,274.3765903307888,2.6375838926174495,0,393,76.72630220176491,3.5623409669211195
PRV51614,1,0.673383467666309,67.30311137437445,HIGH,268,1472150,129,5493.0970149253735,2.0775193798449614,148,120,77.25443140303585,52.98507462686567
PRV52934,0,0.018681549395318436,1.7622903028323897,LOW,32,8730,18,272.8125,1.7777777777777777,0,32,77.22260247927599,3.125
PRV53336,1,0.5539821485036666,55.3500984435254,HIGH,3,34000,3,11333.333333333334,1.0,3,0,63.611225188227245,66.66666666666666
PRV52252,0,0.05333220018506597,5.231093494093726,LOW,26,2130,26,81.92307692307692,1.0,0,26,80.2856841994419,0.0
PRV54333,1,0.44324821621408605,44.26475923769825,MEDIUM,360,629430,262,1748.4166666666667,1.3740458015267176,50,310,76.21215991494786,16.11111111111111
PRV57198,0,0.08549303845646043,8.45064683253957,LOW,54,29200,40,540.7407407407408,1.35,3,51,76.12575012336247,5.555555555555555
PRV55608,0,0.03448953253766737,3.3447939823248958,LOW,18,7400,18,411.1111111111111,1.0,0,18,76.28291124800366,5.555555555555555
PRV55194,1,0.7291375814442835,72.88453750609402,HIGH,421,1700900,237,4040.142517814727,1.7763713080168777,169,252,76.3873761271315,39.90498812351544
PRV56942,0,0.010545757464129623,0.9478334204613322,LOW,24,6960,23,290.0,1.0434782608695652,0,24,80.24581138588816,4.166666666666666
PRV53643,0,0.22687254939043114,22.603849947900102,LOW,1,200,1,200.0,1.0,0,1,72.33127994524298,0.0
PRV53131,0,0.2431131722617116,24.22966427346071,LOW,13,48330,7,3717.6923076923076,1.8571428571428572,6,7,74.08329384510083,46.15384615384615
PRV53218,0,0.049878562189268005,4.885357116039031,LOW,13,2780,9,213.84615384615384,1.4444444444444444,0,13,78.36093999543692,0.0
PRV51540,0,0.11691697949250797,11.596430950975286,LOW,55,66940,47,1217.090909090909,1.1702127659574468,7,48,78.73191877709331,14.545454545454545
PRV57580,0,0.08236151435601341,8.137156593667738,LOW,134,24650,83,183.955223880597,1.6144578313253013,0,134,75.95800862587929,1.4925373134328357
PRV55051,1,0.45875393495567884,45.817003868830895,MEDIUM,7,60000,7,8571.42857142857,1.0,7,0,78.8332844431407,100.0
PRV53249,0,0.20870549274239464,20.78518442098364,LOW,23,60140,14,2614.782608695652,1.6428571428571428,6,17,79.47735869447747,30.434782608695656
PRV53907,0,0.1066136709808321,10.564988578861856,LOW,126,45960,120,364.76190476190476,1.05,0,126,74.80365046771617,4.761904761904762
PRV54911,0,0.03020029967464619,2.9154079735716887,LOW,85,25520,82,300.2352941176471,1.0365853658536586,0,85,77.1671591459241,4.705882352941177
PRV53888,0,0.02783206774463208,2.678329295704242,LOW,70,19410,56,277.2857142857143,1.25,0,70,77.29969688080571,4.285714285714286
PRV56846,0,0.05292260468431911,5.190089756855482,LOW,21,7020,9,334.2857142857143,2.3333333333333335,0,21,76.38086546505437,4.761904761904762
PRV57564,0,0.06907457048721394,6.807028811252784,LOW,7,280,7,40.0,1.0,0,7,77.9168866725335,0.0
PRV51300,0,0.2059883690221413,20.51317892564514,LOW,52,107540,29,2068.076923076923,1.793103448275862,7,45,73.72672826830937,17.307692307692307
PRV52535,0,0.04885089769837543,4.782479802502141,LOW,18,7200,12,400.0,1.5,0,18,76.6249144421629,5.555555555555555
PRV57528,0,0.28850998364100106,28.774242819505258,LOW,401,201020,337,501.29675810473816,1.1899109792284865,13,388,77.40886627186065,7.4812967581047385
PRV56592,1,0.537558797212246,53.705991563208386,MEDIUM,118,732240,51,6205.423728813559,2.3137254901960786,63,55,76.6544569583584,50.0
PRV55337,0,0.07116248922428482,7.016045929638012,LOW,13,1890,13,145.3846153846154,1.0,0,13,74.83346496077503,0.0
PRV51001,0,0.24988943777857153,24.908021848686186,LOW,25,104640,19,4185.6,1.3157894736842106,5,20,81.67043121149898,20.0
PRV53549,0,0.1269348799955837,12.599301732412084,LOW,6,450,6,75.0,1.0,0,6,68.860141455624,0.0
PRV57329,0,0.021174385267053952,2.011842817145495,LOW,36,11470,35,318.6111111111111,1.0285714285714285,0,36,76.57839053485871,5.555555555555555
PRV57289,0,0.08835195039642596,8.736846445962758,LOW,10,5830,7,583.0,1.4285714285714286,0,10,73.70176982497311,10.0
PRV51696,0,0.07993231883984836,7.893974980433384,LOW,9,730,9,81.11111111111111,1.0,0,9,71.14913681648794,0.0
PRV53503,0,0.09550096720186073,9.452519362455583,LOW,13,5380,9,413.84615384615387,1.4444444444444444,0,13,74.67609704160013,7.6923076923076925
PRV56884,0,0.06546378343773798,6.445560574590019,LOW,8,1440,8,180.0,1.0,0,8,76.42642026009582,0.0
PRV51995,0,0.039287049457772935,3.825063230471785,LOW,20,9700,20,485.0,1.0,0,20,76.75797399041753,5.0
PRV56063,0,0.05535391140521103,5.433482718319293,LOW,11,1670,11,151.8181818181818,1.0,0,11,80.7506689067264,0.0
PRV51387,0,0.1468226995068566,14.590229181553813,LOW,59,114420,40,1939.322033898305,1.475,13,46,76.23711935150516,25.423728813559322
PRV56328,0,0.04926881927743373,4.824317045788877,LOW,15,2100,13,140.0,1.1538461538461537,0,15,83.60932975306693,0.0
PRV57152,0,0.2625623501619536,26.17668024084135,LOW,400,102480,383,256.2,1.0443864229765014,0,400,77.43094521975185,1.7500000000000002
PRV55822,0,0.1387941101513206,13.786504121762144,LOW,384,112770,196,293.671875,1.9591836734693877,0,384,77.16251100029335,3.125
PRV51511,0,0.05713622396696636,5.6119062503780714,LOW,16,8760,16,547.5,1.0,0,16,77.7655715263518,6.25
PRV56196,0,0.06199581037671108,6.09838914354556,LOW,6,740,6,123.33333333333333,1.0,0,6,80.0,0.0
PRV57252,1,0.4192576059024781,41.86311009944208,LOW,3,18000,3,6000.0,1.0,3,0,86.13826146475019,66.66666666666666
PRV56379,0,0.05601244884688376,5.499407505507283,LOW,53,16520,26,311.6981132075472,2.0384615384615383,0,53,75.18664771231506,5.660377358490567
PRV51792,0,0.033675475155493906,3.2633004235952954,LOW,46,21390,26,465.0,1.7692307692307692,0,46,77.42357710735534,6.521739130434782
PRV56047,0,0.1064353961316355,10.547141861651054,LOW,3,60,3,20.0,1.0,0,3,83.77732146931326,0.0
PRV51078,0,0.22198537640155674,22.114605420779426,LOW,23,78270,14,3403.0434782608695,1.6428571428571428,9,14,74.22515846799392,39.130434782608695
PRV51610,1,0.4521176141280693,45.152655859763854,MEDIUM,6,43150,3,7191.666666666667,2.0,3,3,79.42961441934749,50.0
PRV52941,0,0.01129605102219286,1.0229437179384187,LOW,43,13950,39,324.4186046511628,1.1025641025641026,0,43,75.61389283771213,6.976744186046512
PRV55808,0,0.05394072120150681,5.292011242986458,LOW,22,4690,10,213.1818181818182,2.2,0,22,82.95879534565367,0.0
PRV53709,0,0.05047360864262724,4.944925954987705,LOW,99,25310,91,255.65656565656565,1.0879120879120878,0,99,78.50182398026341,3.0303030303030303
PRV54604,0,0.07544425068323415,7.4446839919689465,LOW,38,8240,15,216.8421052631579,2.533333333333333,0,38,75.70668491900526,0.0
PRV55735,0,0.03335169952253229,3.2308879313831076,LOW,93,32230,83,346.55913978494624,1.1204819277108433,0,93,76.54159966354122,3.225806451612903
PRV57276,0,0.06696185719376874,6.595529562393327,LOW,13,4500,9,346.15384615384613,1.4444444444444444,0,13,71.80561259411363,0.0
PRV56101,0,0.14081002880761456,13.9883134647008,LOW,5,5620,5,1124.0,1.0,0,5,76.16646132785763,20.0
PRV54875,1,0.4454360883767264,44.4837824816162,MEDIUM,20,172000,19,8600.0,1.0526315789473684,20,0,74.24561403508773,85.0
PRV57120,0,0.2371934358139295,23.63705200750095,LOW,48,187050,34,3896.875,1.411764705882353,13,35,76.09987203523495,27.083333333333332
PRV52394,0,0.12312035192274765,12.21743741383124,LOW,118,55530,93,470.59322033898303,1.2688172043010753,3,115,76.12645448323066,8.47457627118644
PRV56738,1,0.3675002644714662,36.681792374228735,LOW,512,268680,295,524.765625,1.735593220338983,19,493,76.56679899612138,4.8828125
PRV56742,0,0.2010326534089405,20.017072741713353,LOW,35,120750,25,3450.0,1.4,9,26,77.10207049965777,25.71428571428571
PRV53034,0,0.2260368363156396,22.520188483692525,LOW,2,3400,2,1700.0,1.0,0,2,76.45859000684462,50.0
PRV55680,0,0.1551182254228156,15.420676694504529,LOW,206,68060,69,330.3883495145631,2.9855072463768115,5,201,75.92626815727432,4.368932038834951
PRV56896,1,0.664263595858747,66.39014034182675,HIGH,3,60000,3,20000.0,1.0,3,0,69.0276066621036,66.66666666666666
PRV52604,0,0.09269982315895994,9.17210277073974,LOW,7,3490,7,498.57142857142856,1.0,0,7,69.69003617874255,14.285714285714285
PRV57073,1,0.4796234292825233,47.906204702611134,MEDIUM,10,108000,9,10800.0,1.1111111111111112,10,0,75.64864248231805,80.0
PRV53867,1,0.3507231367952044,35.002269690030396,LOW,13,93270,9,7174.615384615385,1.4444444444444444,9,4,75.8974358974359,69.23076923076923
PRV51653,0,0.0172857007818183,1.6225548573307536,LOW,24,8530,24,355.4166666666667,1.0,0,24,79.12559890485969,4.166666666666666
PRV55039,1,0.632040672460948,63.164371792996874,HIGH,2058,816200,638,396.5986394557823,3.225705329153605,31,2027,77.50992682490768,3.9844509232264333
PRV55752,0,0.22364726030445967,22.280973095108973,LOW,563,156720,347,278.3658969804618,1.622478386167147,0,563,75.94121116364576,3.7300177619893424
PRV56052,0,0.04778607129052043,4.675882288241322,LOW,12,2950,10,245.83333333333334,1.2,0,12,82.10047912388775,0.0
PRV56317,0,0.1618239946450101,16.091977035123033,LOW,2,10,2,5.0,1.0,0,2,85.54277891854895,0.0
PRV51429,0,0.08683257457527536,8.58474495358063,LOW,10,1100,10,110.0,1.0,0,10,70.05010266940452,0.0
PRV55539,0,0.16999273953391422,16.909732768230775,LOW,3,2620,3,873.3333333333334,1.0,0,3,66.80629705681041,0.0
PRV54432,0,0.09689219800465064,9.591792528716766,LOW,5,1110,5,222.0,1.0,0,5,74.43394934976044,0.0
PRV53625,0,0.08549308133178465,8.450651124697384,LOW,147,44210,128,300.7482993197279,1.1484375,0,147,77.28368839835728,3.4013605442176873
PRV51588,0,0.3134614131902804,31.272077534710135,LOW,10,58430,7,5843.0,1.4285714285714286,3,7,69.50095064263442,30.0
PRV54501,1,0.5513634377298587,55.08794485962033,HIGH,3,40000,3,13333.333333333334,1.0,3,0,87.83299110198494,100.0
PRV51846,0,0.11553757618523444,11.458341810215986,LOW,29,19070,24,657.5862068965517,1.2083333333333333,2,27,70.70729637234771,6.896551724137931
PRV52476,0,0.20882710283530212,20.79735854957149,LOW,26,87300,20,3357.6923076923076,1.3,6,20,77.33375454114675,23.076923076923077
PRV56036,0,0.02307650232091532,2.2022597229237606,LOW,49,13140,48,268.16326530612247,1.0208333333333333,0,49,78.98214693132557,2.0408163265306123
PRV52490,0,0.02627773234061182,2.5227280735952697,LOW,17,4990,16,293.52941176470586,1.0625,0,17,81.41563997262149,0.0
PRV51855,0,0.16999640796742815,16.910100007332783,LOW,120,145170,84,1209.75,1.4285714285714286,16,104,73.80269618784037,11.666666666666666
PRV53563,0,0.12002604141485472,11.907672548817267,LOW,2,60,2,30.0,1.0,0,2,82.41341546885695,0.0
PRV56406,0,0.10442716507259416,10.346102107775671,LOW,201,44770,72,222.7363184079602,2.7916666666666665,0,201,76.15172256445356,1.4925373134328357
PRV56893,0,0.06340968624896824,6.239929259703614,LOW,7,3020,7,431.42857142857144,1.0,0,7,83.7739317492911,0.0
PRV57088,1,0.4298541412791993,42.92390679137492,LOW,10,50590,6,5059.0,1.6666666666666667,6,4,75.21587953456536,60.0
PRV52286,1,0.6012675571618118,60.08374045933429,HIGH,5,90000,5,18000.0,1.0,5,0,76.18453114305271,100.0
PRV52609,0,0.18358285712216904,18.270210628972816,LOW,133,98690,44,742.0300751879699,3.022727272727273,5,128,76.56284128070575,7.518796992481203
PRV57086,1,0.46896845013163707,46.839557328347304,MEDIUM,6,53000,6,8833.333333333334,1.0,6,0,81.08464522016884,100.0
PRV56754,0,0.11043992623520973,10.948026880725227,LOW,109,74050,65,679.3577981651376,1.676923076923077,9,100,77.90961181187055,8.256880733944955
PRV57678,0,0.08307765869482228,8.208848285201537,LOW,9,3970,9,441.1111111111111,1.0,0,9,78.18602175070347,11.11111111111111
PRV55809,1,0.35254258128655974,35.18441042084183,LOW,10,62000,9,6200.0,1.1111111111111112,10,0,74.55715263518138,80.0
PRV53784,0,0.04472245154361685,4.36918981024565,LOW,41,5870,38,143.17073170731706,1.0789473684210527,0,41,79.02229907417414,0.0
PRV51500,0,0.09285112131778812,9.187248908668279,LOW,8,1100,8,137.5,1.0,0,8,81.53148528405202,0.0
PRV56905,0,0.05508394371717317,5.406456825400703,LOW,15,6080,13,405.3333333333333,1.1538461538461537,0,15,76.73753488127205,0.0
PRV57080,1,0.8732229346176196,87.30861675165805,CRITICAL,1,57000,1,57000.0,1.0,1,0,84.24914442162903,100.0
PRV56971,0,0.07162361701219426,7.062208454895772,LOW,4,400,4,100.0,1.0,0,4,77.77070499657769,0.0
PRV53968,0,0.015086727724502496,1.402420326380712,LOW,32,6600,30,206.25,1.0666666666666667,0,32,76.11435090120922,3.125
PRV52283,1,0.5911884545693545,59.074742866477806,HIGH,66,594700,54,9010.60606060606,1.2222222222222223,66,0,78.21659441782646,96.96969696969697
PRV56521,0,0.026508560571030536,2.5458357983871673,LOW,32,11840,22,370.0,1.4545454545454546,0,32,72.55765042623358,6.25
PRV57366,0,0.08158669844125378,8.059591415049116,LOW,12,4960,7,413.3333333333333,1.7142857142857142,0,12,78.3690231739513,8.333333333333332
PRV55732,0,0.19227525491095862,19.14038814374514,LOW,111,178660,54,1609.5495495495495,2.0555555555555554,12,99,76.7946927815511,12.612612612612612
PRV57230,0,0.2758843906003995,27.51032146643896,LOW,181,299570,137,1655.0828729281768,1.3211678832116789,27,154,76.82207392197125,17.12707182320442
PRV57141,1,0.5246085897223356,52.40957374580367,MEDIUM,17,175530,12,10325.29411764706,1.4166666666666667,15,2,74.29255891268211,82.35294117647058
PRV52193,0,0.13184073609185815,13.090416585806434,LOW,153,28620,125,187.05882352941177,1.224,0,153,77.91218069815194,1.3071895424836601
PRV54619,0,0.04546690127462937,4.443715094585589,LOW,33,9710,21,294.24242424242425,1.5714285714285714,0,33,82.24647175776539,0.0
PRV51409,0,0.11576307145416197,11.480915663538866,LOW,4,300,4,75.0,1.0,0,4,62.64544832306639,0.0
PRV52304,0,0.09581159166659935,9.483615319097414,LOW,184,63120,88,343.04347826086956,2.090909090909091,0,184,75.52171613465248,4.3478260869565215
PRV54412,0,0.051891683940476926,5.086886466739055,LOW,70,12280,43,175.42857142857142,1.627906976744186,0,70,75.50635913598524,0.0
PRV51138,0,0.10701691571194256,10.605356554015417,LOW,26,13430,20,516.5384615384615,1.3,1,25,76.72214073856784,7.6923076923076925
PRV55657,1,0.3432506712433673,34.254217005245835,LOW,1,1700,1,1700.0,1.0,0,1,78.33264887063655,0.0
PRV57443,0,0.12107677961210196,12.012859722181119,LOW,52,33790,22,649.8076923076923,2.3636363636363638,0,52,75.49299981332835,5.769230769230769
PRV54046,0,0.22563205080358964,22.47966626422556,LOW,1,0,1,0.0,1.0,0,1,80.99931553730322,0.0
PRV51286,0,0.16712344077735447,16.62249335261837,LOW,70,145170,51,2073.8571428571427,1.3725490196078431,15,55,79.01379965114482,18.571428571428573
PRV54141,0,0.11076614598758648,10.980684048550536,LOW,31,9100,11,293.5483870967742,2.8181818181818183,0,31,82.42424242424242,3.225806451612903
PRV56392,0,0.30494632188636234,30.419649796248954,LOW,20,41860,9,2093.0,2.2222222222222223,6,14,75.78288843258042,30.0
PRV56805,0,0.200071881604663,19.92089191322116,LOW,1,70,1,70.0,1.0,0,1,76.91444216290212,0.0
PRV56596,0,0.030019102017822367,2.897268660285673,LOW,18,4140,18,230.0,1.0,0,18,72.60612974370675,0.0
PRV56524,0,0.1503087661235977,14.939211920102524,LOW,3,120,3,40.0,1.0,0,3,84.47091033538672,0.0
PRV52803,1,0.38882150777193797,38.81621684005201,LOW,2,9000,2,4500.0,1.0,2,0,76.1245722108145,100.0
PRV55275,0,0.025847498177883926,2.479658243660019,LOW,54,12370,39,229.07407407407408,1.3846153846153846,0,54,78.17132627810247,0.0
PRV51012,0,0.02719365123410941,2.6144187722773573,LOW,48,16890,31,351.875,1.5483870967741935,0,48,79.0971274646177,4.166666666666666
PRV54370,0,0.10465359520401393,10.368769548200744,LOW,181,42270,113,233.53591160220995,1.6017699115044248,0,181,77.54504430835952,2.209944751381215
PRV52949,0,0.06440072732728183,6.339140281048773,LOW,79,27080,51,342.7848101265823,1.5490196078431373,0,79,73.98746493806284,6.329113924050633
PRV57489,1,0.42266705193920434,42.20442251416095,LOW,17,182000,17,10705.882352941177,1.0,17,0,73.63272536940855,94.11764705882352
PRV56369,0,0.25399443080652184,25.31896399813848,LOW,1,80,1,80.0,1.0,0,1,60.7501711156742,0.0
PRV53415,0,0.020581132852673028,1.9524535756355803,LOW,34,12050,27,354.4117647058824,1.2592592592592593,0,34,71.18858214819885,2.941176470588235
PRV53743,0,0.033519620976166814,3.2476981921133636,LOW,31,14140,31,456.1290322580645,1.0,0,31,74.23965026164139,6.451612903225806
PRV57343,0,0.06501505513758998,6.400639335765171,LOW,75,37090,55,494.53333333333336,1.3636363636363635,0,75,75.96824093086927,10.666666666666668
PRV52126,0,0.30987209270597454,30.912758270377477,LOW,110,388830,69,3534.818181818182,1.5942028985507246,39,71,76.14394379657251,37.27272727272727
PRV56231,0,0.28039375772981073,27.96174464991633,LOW,270,408720,180,1513.7777777777778,1.5,32,238,75.30913515718444,11.851851851851853
PRV56614,0,0.27680287194386044,27.60226868655449,LOW,26,126100,14,4850.0,1.8571428571428572,15,11,74.78713210130047,50.0
PRV52482,0,0.23324397459701007,23.24167981792388,LOW,1,40,1,40.0,1.0,0,1,70.99794661190965,0.0
PRV57763,0,0.08455285480946137,8.356527040825673,LOW,118,43610,70,369.5762711864407,1.6857142857142857,0,118,76.52996968808058,5.084745762711865
PRV54219,0,0.11949198742527117,11.854209536113293,LOW,101,18730,33,185.44554455445544,3.0606060606060606,0,101,72.25271192416983,1.9801980198019802
PRV56362,0,0.029787030265979425,2.874036449200258,LOW,60,13210,51,220.16666666666666,1.1764705882352942,0,60,78.61110440069251,3.3333333333333335
PRV52434,0,0.14392771374381466,14.300418294178868,LOW,2,90,2,45.0,1.0,0,2,94.83367556468173,0.0
PRV55563,0,0.028981693061307646,2.7934158489535954,LOW,18,4690,17,260.55555555555554,1.0588235294117647,0,18,77.84837138140676,5.555555555555555
PRV53924,0,0.3102469088068501,30.95028031562685,LOW,1,0,1,0.0,1.0,0,1,48.16427104722793,0.0
PRV56148,0,0.07108604972898362,7.008393733814963,LOW,143,23950,70,167.4825174825175,2.0428571428571427,0,143,76.88522538378801,0.6993006993006993
PRV55991,0,0.03670849006186837,3.56692911588779,LOW,32,6570,31,205.3125,1.032258064516129,0,32,74.72089377580535,0.0
PRV53013,0,0.18562730091026333,18.474875562382785,LOW,4,5030,4,1257.5,1.0,0,4,77.54140999315537,50.0
PRV56288,1,0.5306120928095227,53.010571712449185,MEDIUM,2,24000,2,12000.0,1.0,2,0,67.7905544147844,100.0
PRV53412,0,0.018801838628329882,1.7743322029362671,LOW,27,9640,26,357.037037037037,1.0384615384615385,0,27,76.37803401253093,3.7037037037037033
PRV56140,0,0.24556045471365165,24.474656531491238,LOW,31,130600,16,4212.903225806452,1.9375,16,15,74.59767282683093,38.70967741935484
PRV53972,0,0.08811940048082122,8.713566366916856,LOW,74,51920,56,701.6216216216217,1.3214285714285714,6,68,74.84224817944143,8.108108108108109
PRV53065,0,0.02508398541921554,2.4032246000350264,LOW,38,6230,30,163.94736842105263,1.2666666666666666,0,38,74.25571526351814,0.0
PRV56887,0,0.12576667572350048,12.482355279324212,LOW,36,9120,11,253.33333333333334,3.272727272727273,0,36,82.52355173915748,5.555555555555555
PRV55211,0,0.04068403848747287,3.9649128406215026,LOW,32,7030,32,219.6875,1.0,0,32,74.55518480492813,3.125
PRV57005,0,0.17163252059313774,17.073887773737557,LOW,2,310,2,155.0,1.0,0,2,72.29158110882958,0.0
PRV57347,0,0.18820989982816164,18.733414064949798,LOW,145,145560,124,1003.8620689655172,1.1693548387096775,17,128,76.91857806515502,11.724137931034482
PRV52567,0,0.04215014303869291,4.111681459105851,LOW,66,29670,38,449.54545454545456,1.736842105263158,0,66,80.90183363954033,9.090909090909092
PRV55110,0,0.026624232610006203,2.5574154809845635,LOW,40,9960,23,249.0,1.7391304347826086,0,40,78.18540011308514,5.0
PRV56121,1,0.610749001911863,61.03290779262077,HIGH,16,229000,16,14312.5,1.0,16,0,79.65109514031485,100.0
PRV53402,0,0.061414381525909334,6.040183533919629,LOW,17,7230,10,425.29411764705884,1.7,0,17,80.2507871321013,5.88235294117647
PRV53515,1,0.6826953653497567,68.23530571026265,HIGH,1,14000,1,14000.0,1.0,1,0,52.58316221765914,100.0
PRV53725,0,0.17677060423871468,17.588250434770707,LOW,1,0,1,0.0,1.0,0,1,84.16427104722793,0.0
PRV57020,1,0.45954925031039334,45.896621202924635,MEDIUM,6,53000,6,8833.333333333334,1.0,6,0,74.99977184576774,100.0
PRV55579,0,0.0849447282482174,8.395756660008747,LOW,174,37570,82,215.91954022988506,2.1219512195121952,0,174,74.9701340545233,0.5747126436781609
PRV56934,0,0.09943233253091342,9.846080011061558,LOW,6,450,6,75.0,1.0,0,6,79.4446725986767,0.0
PRV56116,0,0.015443129985866852,1.43809900119392,LOW,35,9790,34,279.7142857142857,1.0294117647058822,0,35,82.07400249627572,2.857142857142857
PRV52920,0,0.13042272101671407,12.94846210282247,LOW,17,14530,15,854.7058823529412,1.1333333333333333,2,15,75.22116197608408,11.76470588235294
PRV51611,0,0.09784694527684028,9.687370254073642,LOW,8,2780,8,347.5,1.0,0,8,76.68754277891856,12.5
PRV53855,1,0.395161311273664,39.45088112824091,LOW,20,141000,17,7050.0,1.1764705882352942,20,0,74.74944639046583,95.0
PRV52241,0,0.04398598173533466,4.295463379052826,LOW,23,5690,22,247.3913043478261,1.0454545454545454,0,23,77.58409557588203,4.3478260869565215
PRV55118,0,0.30999496594355985,30.92505884970116,LOW,5,10600,3,2120.0,1.6666666666666667,2,3,68.9845311430527,20.0
PRV55007,0,0.027067330946949176,2.6017731161284656,LOW,14,3330,13,237.85714285714286,1.0769230769230769,0,14,81.09661454219976,0.0
PRV56774,1,0.4989704680828641,49.84299574123532,MEDIUM,1,4000,1,4000.0,1.0,1,0,71.08281998631075,100.0
PRV54360,0,0.037592247028948665,3.6554001522994533,LOW,37,9100,32,245.94594594594594,1.15625,0,37,81.62251882272416,2.7027027027027026
PRV51090,0,0.08030668752833053,7.931452236176573,LOW,7,5830,7,832.8571428571429,1.0,0,7,75.33352889410385,14.285714285714285
PRV56522,0,0.14001905817914176,13.909131071940307,LOW,3,1700,3,566.6666666666666,1.0,0,3,82.80629705681041,0.0
PRV52211,0,0.12496860117260879,12.402461727950664,LOW,130,26860,124,206.6153846153846,1.0483870967741935,0,130,78.77026340774106,2.307692307692308
PRV51015,0,0.09951216802982989,9.85407217360701,LOW,8,700,7,87.5,1.1428571428571428,0,8,75.32179524787328,0.0
PRV52399,0,0.18149846246765655,18.06154629902146,LOW,434,118800,277,273.7327188940092,1.5667870036101084,0,434,74.29037526841068,2.7649769585253456
PRV53095,1,0.483159851956266,48.26022847927155,MEDIUM,4,36100,2,9025.0,2.0,2,2,70.2094455852156,50.0
PRV53644,0,0.03283307150455775,3.178969179993887,LOW,22,4640,17,210.9090909090909,1.2941176470588236,0,22,83.24064903168659,0.0
PRV54943,0,0.1196263747522711,11.86766276651843,LOW,23,23450,19,1019.5652173913044,1.2105263157894737,2,21,71.72308594895864,4.3478260869565215
PRV55329,0,0.12374014677176351,12.27948376220256,LOW,2,360,2,180.0,1.0,0,2,76.8747433264887,0.0
PRV52788,0,0.23493294162169784,23.41075872615915,LOW,401,115280,373,287.48129675810475,1.0750670241286864,0,401,77.5472526988566,2.9925187032418954
PRV56015,0,0.1400457229481948,13.91180042544096,LOW,149,92600,109,621.4765100671141,1.3669724770642202,6,143,77.91451953694612,7.38255033557047
PRV54128,0,0.08292357859117211,8.193423652674586,LOW,27,10440,9,386.6666666666667,3.0,0,27,75.52787284204122,0.0
PRV56926,0,0.21154148061576214,21.069089154698666,LOW,1,20,1,20.0,1.0,0,1,78.50239561943874,0.0
PRV54363,0,0.15870572090084523,15.779813261327883,LOW,64,136700,36,2135.9375,1.7777777777777777,12,52,76.75407400934947,21.875
PRV54687,0,0.059617219578283226,5.860273461321991,LOW,18,9390,18,521.6666666666666,1.0,0,18,77.44071792531751,11.11111111111111
PRV53212,0,0.23053532829432477,22.97052297888601,LOW,2,100,2,50.0,1.0,0,2,57.333333333333336,0.0
PRV52540,0,0.13177402337064661,13.083738116716761,LOW,7,3370,4,481.42857142857144,1.75,0,7,70.9801505817933,0.0
PRV57015,0,0.055467844144380024,5.444888283300355,LOW,44,22930,39,521.1363636363636,1.1282051282051282,0,44,76.65610137068042,4.545454545454546
PRV52755,0,0.05859802264958281,5.758243817484946,LOW,11,5930,9,539.0909090909091,1.2222222222222223,0,11,75.90812989580957,0.0
PRV57416,0,0.03984437815426668,3.880856224742214,LOW,7,1200,6,171.42857142857142,1.1666666666666667,0,7,73.25119780971937,0.0
PRV52623,0,0.2722286618939437,27.144354215772147,LOW,235,202290,118,860.8085106382979,1.9915254237288136,10,225,76.29665160848734,7.234042553191489
PRV51822,1,0.4982040876865703,49.76627502448704,MEDIUM,1,600,1,600.0,1.0,1,0,92.50102669404518,0.0
PRV51578,1,0.8041196433499349,80.39083276166932,CRITICAL,1500,1662920,1168,1108.6133333333332,1.2842465753424657,122,1378,76.73585301163587,10.666666666666668
PRV54254,0,0.04331437598017397,4.228230350706352,LOW,104,23140,44,222.5,2.3636363636363638,0,104,75.94014062597225,2.8846153846153846
PRV57097,1,0.36742703103737234,36.67446113039631,LOW,3,21000,3,7000.0,1.0,3,0,77.83253479352042,66.66666666666666
PRV55578,0,0.2351690445558121,23.434394490355647,LOW,1,200,1,200.0,1.0,0,1,83.83572895277207,0.0
PRV56572,0,0.027303292307937675,2.6253947077394795,LOW,20,3890,19,194.5,1.0526315789473684,0,20,74.057278720415,0.0
PRV53521,0,0.09272151524517021,9.174274319503075,LOW,9,380,8,42.22222222222222,1.125,0,9,68.59548254620124,0.0
PRV55397,0,0.06614555090637118,6.513810870529417,LOW,6,630,5,105.0,1.2,0,6,81.85133470225873,0.0
PRV51280,0,0.03292499011131572,3.1881709568491914,LOW,39,20250,34,519.2307692307693,1.1470588235294117,0,39,78.7624914442163,10.256410256410255
PRV52263,0,0.18398039670106825,18.31000747343342,LOW,3,630,3,210.0,1.0,0,3,77.52863335614876,0.0
PRV52149,0,0.21703855966768396,21.619390084791565,LOW,180,191550,158,1064.1666666666667,1.139240506329114,16,164,77.04190957225015,11.666666666666666
PRV52178,1,0.7954998605738733,79.52792458187753,CRITICAL,136,1379590,118,10144.04411764706,1.152542372881356,133,3,77.98485131320673,87.5
PRV54939,1,0.5745903037532308,57.41313717631736,HIGH,1380,407800,1163,295.5072463768116,1.1865864144454,0,1380,77.64465498195267,3.1884057971014492
PRV51245,0,0.16939997861260594,16.8503927290504,LOW,173,83630,55,483.4104046242775,3.1454545454545455,4,169,74.85109396020677,8.092485549132949
PRV53483,0,0.1286477230493544,12.770770819301719,LOW,18,20080,13,1115.5555555555557,1.3846153846153846,2,16,75.8278804471823,22.22222222222222
PRV53773,0,0.31111795313220686,31.03747871642635,LOW,567,175830,531,310.1058201058201,1.0677966101694916,0,567,77.23746215153308,3.3509700176366843
PRV52061,0,0.08507362933773042,8.408660674809882,LOW,131,31790,121,242.67175572519085,1.0826446280991735,0,131,76.82038228090123,0.7633587786259541
PRV55297,0,0.0761435500001461,7.514689364072051,LOW,98,21280,44,217.14285714285714,2.227272727272727,0,98,71.80467923589073,2.0408163265306123
PRV54192,0,0.19138669806445552,19.051436601580196,LOW,2,890,2,445.0,1.0,0,2,83.50171115674196,0.0
PRV56090,0,0.036366939757831576,3.5327372390365293,LOW,12,1580,11,131.66666666666666,1.0909090909090908,0,12,77.57575757575756,0.0
PRV51234,1,0.4657033685307137,46.51269693124438,MEDIUM,5,29000,5,5800.0,1.0,5,0,74.86488706365503,80.0
PRV57517,0,0.02199044714524782,2.0935370417221715,LOW,60,20230,56,337.1666666666667,1.0714285714285714,0,60,72.25041556663733,1.6666666666666667
PRV57460,0,0.019367585550179752,1.8309679279004794,LOW,36,7840,28,217.77777777777777,1.2857142857142858,0,36,71.46406570841889,0.0
PRV55929,0,0.10766831119337629,10.67056637470482,LOW,287,68790,215,239.68641114982577,1.3348837209302327,0,287,78.28554510290817,3.484320557491289
PRV52225,0,0.09032697459299378,8.93456193123439,LOW,6,840,6,140.0,1.0,0,6,78.58361852612366,0.0
PRV55766,0,0.13994107144215184,13.901323985031949,LOW,6,300,3,50.0,2.0,0,6,72.89071412274699,0.0
PRV55427,0,0.22246501177139047,22.162620700827595,LOW,1,50,1,50.0,1.0,0,1,95.41683778234086,0.0
PRV55265,0,0.10579402051321435,10.482935108205755,LOW,201,43280,71,215.3233830845771,2.8309859154929575,0,201,76.01291802836182,1.4925373134328357
PRV55615,0,0.2585162638180728,25.771635114649214,LOW,1,50,1,50.0,1.0,0,1,37.333333333333336,0.0
PRV55432,0,0.01397479514313813,1.2911071129548504,LOW,29,7430,22,256.2068965517241,1.3181818181818181,0,29,79.08406446394126,0.0
PRV52451,0,0.07250152485832623,7.1500939482094195,LOW,20,11130,17,556.5,1.1764705882352942,0,20,76.71618955590449,10.0
PRV55986,0,0.1896445540991304,18.877034262552712,LOW,232,65390,212,281.8534482758621,1.0943396226415094,0,232,77.01004739581316,3.0172413793103448
PRV53581,0,0.07214522521885386,7.114425546656261,LOW,11,990,10,90.0,1.1,0,11,77.73360711841204,0.0
PRV53066,0,0.06419495584805178,6.318540934498117,LOW,7,1220,5,174.28571428571428,1.4,0,7,82.20013689253935,0.0
PRV57572,0,0.11591509187603484,11.496134105689613,LOW,265,80050,207,302.07547169811323,1.2801932367149758,0,265,79.26875576585424,3.7735849056603774
PRV57683,0,0.04772962901547881,4.670231971744399,LOW,15,7150,14,476.6666666666667,1.0714285714285714,0,15,78.10090935758286,13.333333333333334
PRV52622,0,0.3161063766778151,31.536859222130698,LOW,7,17010,4,2430.0,1.75,4,3,79.27407841986897,57.14285714285714
PRV51627,0,0.1828167548409545,18.19351775373551,LOW,26,44860,23,1725.3846153846155,1.1304347826086956,3,23,78.87832359290266,15.384615384615385
PRV55872,0,0.10636689799494224,10.540284658402586,LOW,139,34120,42,245.46762589928056,3.3095238095238093,0,139,77.2934389361494,1.4388489208633095
PRV52431,0,0.06713064787773439,6.612426839929266,LOW,63,23850,36,378.57142857142856,1.75,0,63,73.84097650011408,3.1746031746031744
PRV56972,0,0.05767693155747596,5.666035340965134,LOW,48,23760,45,495.0,1.0666666666666667,0,48,80.60202296752604,12.5
PRV54034,0,0.2085649515666099,20.7711151418228,LOW,1,70,1,70.0,1.0,0,1,84.66803559206024,0.0
PRV52630,1,0.5025877645511977,50.20511562201997,MEDIUM,434,873470,209,2012.6036866359448,2.076555023923445,87,347,78.27121571105144,20.737327188940093
PRV57530,1,0.45403701181451156,45.34480269303489,MEDIUM,478,505590,344,1057.7196652719665,1.3895348837209303,52,426,76.05642353361307,13.179916317991633
PRV54294,0,0.29083054733965896,29.006549531788178,LOW,1,60,1,60.0,1.0,0,1,79.16495550992471,0.0
PRV52880,0,0.11019874875026928,10.923883114003553,LOW,20,19560,17,978.0,1.1764705882352942,3,17,80.16729709283476,15.0
PRV55787,0,0.16915523260147097,16.82589172473666,LOW,1,200,1,200.0,1.0,0,1,84.91444216290212,0.0
PRV55379,1,0.4330548428288903,43.24432223803453,LOW,4,36000,4,9000.0,1.0,4,0,72.04243668720055,100.0
PRV51326,0,0.05097574684227888,4.995193945622998,LOW,44,14000,22,318.1818181818182,2.0,0,44,71.40177960301163,4.545454545454546
PRV57231,0,0.2566082112232306,25.580624014446695,LOW,48,179300,28,3735.4166666666665,1.7142857142857142,18,30,76.12568038851407,33.33333333333333
PRV53197,0,0.08279286202972874,8.1803378948273,LOW,4,500,4,125.0,1.0,0,4,70.16700889801506,0.0
PRV55040,0,0.12593023666317293,12.498729018246005,LOW,6,6630,6,1105.0,1.0,0,6,83.09696554871093,33.33333333333333
PRV55268,0,0.039090782942702434,3.8054154057326386,LOW,48,13310,20,277.2916666666667,2.4,0,48,78.4457221081451,4.166666666666666
PRV57733,0,0.030044443797554377,2.8998055721301297,LOW,45,12480,25,277.3333333333333,1.8,0,45,79.16977412731006,2.2222222222222223
PRV55129,1,0.34025014081332255,33.9538402650117,LOW,3,10600,2,3533.3333333333335,1.5,1,2,78.80629705681041,33.33333333333333
PRV56435,0,0.17743151926101672,17.65441323651503,LOW,260,100030,112,384.7307692307692,2.3214285714285716,4,256,75.44826354789751,3.076923076923077
PRV51401,0,0.20617901801601285,20.53226439224619,LOW,42,91520,34,2179.0476190476193,1.2352941176470589,8,34,73.61298523516183,23.809523809523807
PRV55782,0,0.07350562171491798,7.250611955839785,LOW,6,1930,5,321.6666666666667,1.2,0,6,81.53210130047913,0.0
PRV55770,0,0.07824208006670014,7.724768760155842,LOW,19,1870,14,98.42105263157895,1.3571428571428572,0,19,77.26293145594994,0.0
PRV55123,0,0.18785083379139578,18.69746872522834,LOW,2,90,2,45.0,1.0,0,2,81.12662559890487,0.0
PRV52814,1,0.4505062732100395,44.99134793649895,MEDIUM,2,6000,2,3000.0,1.0,2,0,78.0848733744011,100.0
PRV53309,0,0.11211377704842625,11.115592537076443,LOW,63,45260,32,718.4126984126984,1.96875,4,59,76.38533294221179,4.761904761904762
PRV53621,0,0.04818636899317066,4.715955242623424,LOW,81,22500,75,277.77777777777777,1.08,0,81,76.4801825233858,3.7037037037037033
PRV55990,0,0.24538667454614657,24.45725976733586,LOW,231,251100,121,1087.012987012987,1.9090909090909092,22,209,78.84749021636335,12.554112554112553
PRV52271,0,0.03520523312213479,3.4164412505523303,LOW,19,3760,19,197.89473684210526,1.0,0,19,76.5442559169999,0.0
PRV57611,0,0.08973327451854851,8.875127875424473,LOW,134,38520,74,287.46268656716416,1.8108108108108107,0,134,76.67484322104445,2.9850746268656714
PRV52869,0,0.15402243125776008,15.310979063721945,LOW,62,94120,43,1518.0645161290322,1.441860465116279,7,55,76.68681724845996,14.516129032258066
PRV57449,0,0.025928944506959577,2.4878116629977516,LOW,103,28380,57,275.5339805825243,1.8070175438596492,0,103,77.92739892167106,1.9417475728155338
PRV55555,0,0.12392894185719815,12.298383637960272,LOW,50,55450,38,1109.0,1.3157894736842106,7,43,76.04289299566507,22.0
PRV55108,0,0.09005684040759575,8.907519370618047,LOW,223,63340,152,284.0358744394619,1.4671052631578947,0,223,77.2307359775208,2.690582959641256
PRV53735,0,0.14951260554041307,14.859509971978522,LOW,3,810,3,270.0,1.0,0,3,70.24960073009355,0.0
PRV51180,0,0.2351344468085367,23.430930983223053,LOW,129,94240,84,730.5426356589147,1.5357142857142858,2,127,77.78667048692358,6.2015503875969
PRV52491,0,0.031111306686436885,3.006606954189277,LOW,63,16580,57,263.1746031746032,1.105263157894737,0,63,77.1491288110763,0.0
PRV57092,1,0.46389881007088707,46.332046409490935,MEDIUM,2,7000,2,3500.0,1.0,2,0,83.16495550992471,100.0
PRV53413,0,0.11575969524736092,11.480577678633564,LOW,30,34040,25,1134.6666666666667,1.2,2,28,79.82437194209952,6.666666666666667
PRV51914,0,0.046028401487642936,4.499925690531212,LOW,11,1680,11,152.72727272727272,1.0,0,11,80.742455354365,0.0
PRV51692,0,0.08181672953348675,8.08261934002717,LOW,11,970,11,88.18181818181819,1.0,0,11,75.17416464439052,0.0
PRV54792,0,0.02368600042972186,2.263275286461789,LOW,22,5390,22,245.0,1.0,0,22,79.28815879534565,0.0
PRV57256,0,0.12137137513675694,12.04235105561249,LOW,8,1890,8,236.25,1.0,0,8,76.62559890485969,0.0
PRV55875,0,0.031040231711455427,2.9994917891226676,LOW,26,4450,25,171.15384615384616,1.04,0,26,79.51321013004791,3.8461538461538463
PRV52432,0,0.05656652639413508,5.554875034119481,LOW,58,12780,27,220.3448275862069,2.1481481481481484,0,58,78.04111846274748,1.7241379310344827
PRV56445,0,0.3039185429727237,30.31676102809353,LOW,55,215750,30,3922.7272727272725,1.8333333333333333,32,23,76.22833675564681,52.72727272727272
PRV55538,0,0.1615917068334026,16.068723194752636,LOW,2,80,2,40.0,1.0,0,2,75.58110882956879,0.0
PRV56819,1,0.5327155134803183,53.22114069655552,MEDIUM,25,220900,22,8836.0,1.1363636363636365,24,1,81.67818349552124,92.0
PRV56626,0,0.11321552257262205,11.225885945805697,LOW,94,65670,63,698.6170212765958,1.492063492063492,4,90,78.50161921399165,5.319148936170213
PRV51566,0,0.27497085936906696,27.418869791554375,LOW,26,90030,14,3462.6923076923076,1.8571428571428572,15,11,76.1964681724846,50.0
PRV54621,0,0.24822521768973346,24.741420303735385,LOW,1,900,1,900.0,1.0,0,1,82.83641341546885,0.0
PRV54149,0,0.16261654306948245,16.171317377696116,LOW,16,34700,11,2168.75,1.4545454545454546,5,11,74.642612691894,31.25
PRV57061,0,0.24020433383358714,23.93846662515197,LOW,1,100,1,100.0,1.0,0,1,59.16495550992471,0.0
PRV56014,0,0.28118404885918985,28.040859019463092,LOW,34,145050,19,4266.176470588235,1.7894736842105263,19,15,77.00422756371543,50.0
PRV51870,0,0.03633465820664987,3.529505601384543,LOW,55,19290,54,350.72727272727275,1.0185185185185186,0,55,76.17141987983877,3.6363636363636362
PRV54931,0,0.3079180290223525,30.717141097620605,LOW,52,248540,28,4779.615384615385,1.8571428571428572,24,28,78.9299383983573,44.230769230769226
PRV55834,0,0.2519002451733485,25.10931951407024,LOW,453,197250,200,435.43046357615896,2.265,9,444,77.17784457075592,4.856512141280353
PRV55006,0,0.08772914225623289,8.67449844339986,LOW,41,37250,38,908.5365853658536,1.0789473684210527,3,38,75.67873658202701,17.073170731707318
PRV52494,0,0.24444364167223587,24.36285474555619,LOW,1,20,1,20.0,1.0,0,1,78.08350444900753,0.0
PRV57036,0,0.03975689811871227,3.8720987838403365,LOW,20,8700,20,435.0,1.0,0,20,73.14236824093086,5.0
PRV53765,0,0.03657709492083743,3.5537754268765807,LOW,67,25080,66,374.32835820895525,1.0151515151515151,0,67,78.59137577002053,7.462686567164178
PRV55739,0,0.20048743663487414,19.962492246319886,LOW,86,234640,58,2728.3720930232557,1.4827586206896552,19,67,77.84797627195985,26.744186046511626
PRV57288,0,0.06953077582438069,6.8526985604022785,LOW,93,27650,47,297.31182795698925,1.9787234042553192,0,93,77.09915971281693,4.301075268817205
PRV55092,0,0.0870848066371678,8.60999537056529,LOW,8,660,8,82.5,1.0,0,8,79.14579055441479,0.0
PRV51289,0,0.11740231164939989,11.645016524298676,LOW,92,46300,38,503.2608695652174,2.4210526315789473,0,92,78.7654454411182,10.869565217391305
PRV57459,0,0.07272976239070113,7.172942323712427,LOW,11,4600,9,418.1818181818182,1.2222222222222223,0,11,81.22321089056203,9.090909090909092
PRV51746,0,0.014918024639880133,1.3855318182293201,LOW,26,10490,25,403.46153846153845,1.04,0,26,77.69396303901436,7.6923076923076925
PRV53337,0,0.1738827879235238,17.299157265620916,LOW,5,1620,3,324.0,1.6666666666666667,0,5,67.88866073465663,0.0
PRV52160,0,0.09727956622229893,9.630571139765804,LOW,53,41460,50,782.2641509433962,1.06,3,50,78.52801777020133,5.660377358490567
PRV53317,0,0.28700910596227436,28.62399313694517,LOW,16,45850,11,2865.625,1.4545454545454546,5,11,77.96687200547571,31.25
PRV53570,0,0.07600032466938732,7.500351379847163,LOW,18,8110,18,450.55555555555554,1.0,0,18,71.57365579131493,11.11111111111111
PRV52011,0,0.014746397775203465,1.368350616655099,LOW,26,7070,23,271.9230769230769,1.1304347826086956,0,26,74.45728059994643,0.0
PRV51215,0,0.059481012046820624,5.846638014106924,LOW,10,1610,10,161.0,1.0,0,10,84.48405201916496,0.0
PRV51052,0,0.11521849744995757,11.426399514473607,LOW,46,30800,36,669.5652173913044,1.2777777777777777,2,44,73.8530070111179,10.869565217391305
PRV55717,0,0.06277829851178506,6.176722371874762,LOW,73,25360,27,347.3972602739726,2.7037037037037037,0,73,72.89852206758435,5.47945205479452
PRV56370,0,0.16909379732409988,16.81974156936169,LOW,9,1620,3,180.0,3.0,0,9,64.22359114761578,0.0
PRV53756,0,0.04477618722937924,4.374569175827792,LOW,59,18210,59,308.64406779661016,1.0,0,59,74.34643093307348,6.779661016949152
PRV53492,0,0.09367556076265932,9.269781793684599,LOW,3,590,3,196.66666666666666,1.0,0,3,79.6413415468857,0.0
PRV53791,0,0.11142518647142076,11.046659194222869,LOW,92,62190,85,675.9782608695652,1.0823529411764705,6,86,77.0547113848962,6.521739130434782
PRV57403,1,0.5115518743103865,51.10249364612021,MEDIUM,15,172000,13,11466.666666666666,1.1538461538461537,15,0,76.03180118991207,100.0
PRV54442,0,0.04375059403897121,4.271899215791257,LOW,68,25300,56,372.05882352941177,1.2142857142857142,0,68,76.37713894592744,7.352941176470589
PRV56478,1,0.4136557101370591,41.30231619037217,LOW,152,638850,78,4202.960526315789,1.9487179487179487,67,85,77.03352789320226,40.131578947368425
PRV52829,0,0.2555857109195765,25.47826367674618,LOW,533,226800,320,425.515947467167,1.665625,6,527,76.3439278080817,5.440900562851782
PRV53631,0,0.08353396085486557,8.254527727083936,LOW,6,470,6,78.33333333333333,1.0,0,6,78.90303445128907,0.0
PRV56941,0,0.03794945931843291,3.691159917310485,LOW,21,4280,20,203.8095238095238,1.05,0,21,76.6580424366872,0.0
PRV57266,0,0.030813625755840703,2.9768067473101842,LOW,34,9860,32,290.0,1.0625,0,34,78.8548083504449,5.88235294117647
PRV54393,0,0.11789304909889015,11.694143210004878,LOW,75,48090,58,641.2,1.293103448275862,5,70,72.23302152254924,8.0
PRV52559,0,0.13448891794823023,13.355520457308373,LOW,359,90740,207,252.75766016713092,1.7342995169082125,0,359,77.65310636947098,3.064066852367688
PRV56766,0,0.0892793607944637,8.829687534802396,LOW,29,24780,25,854.4827586206897,1.16,2,27,74.20985119273962,10.344827586206897
PRV56307,0,0.05088959273412051,4.986569240501776,LOW,12,1330,12,110.83333333333333,1.0,0,12,74.14670317134383,0.0
PRV53983,0,0.029273348352116285,2.8226128418078997,LOW,24,6400,23,266.6666666666667,1.0434782608695652,0,24,73.14870696068805,4.166666666666666
PRV57241,0,0.04787340419849251,4.684625000512843,LOW,59,26180,44,443.728813559322,1.3409090909090908,0,59,78.09078464314604,5.084745762711865
PRV55772,0,0.10320546227505015,10.223800030720671,LOW,4,490,4,122.5,1.0,0,4,67.52224503764545,0.0
PRV56253,1,0.3656731998005636,36.49888880339759,LOW,311,636680,183,2047.2025723472668,1.6994535519125684,63,248,76.15947980835045,20.578778135048232
PRV55124,1,0.5700184948989947,56.95546308414408,HIGH,9,152000,8,16888.88888888889,1.125,9,0,83.02190280629706,100.0
PRV55414,0,0.14163994972781085,14.071395088591201,LOW,12,13670,10,1139.1666666666667,1.2,2,10,77.52703627652294,25.0
PRV55779,0,0.07842927236885328,7.743508184677142,LOW,7,2530,6,361.42857142857144,1.1666666666666667,0,7,78.90166552589551,0.0
PRV51885,0,0.028732533005539993,2.768472963989443,LOW,85,25670,49,302.0,1.7346938775510203,0,85,78.80981715067958,4.705882352941177
PRV54690,0,0.29366295566265693,29.29009592430435,LOW,840,224960,366,267.8095238095238,2.2950819672131146,0,840,75.92187400650052,2.857142857142857
PRV54057,0,0.22100079826956964,22.01604139128958,LOW,1,0,1,0.0,1.0,0,1,76.33127994524298,0.0
PRV55229,0,0.27707186420960395,27.62919693201508,LOW,243,257520,202,1059.7530864197531,1.202970297029703,16,227,76.7851226695301,10.2880658436214
PRV52584,0,0.18298676284952883,18.2105368950573,LOW,54,57460,49,1064.0740740740741,1.1020408163265305,3,51,78.67525600246944,7.4074074074074066
PRV53912,0,0.047103294216135703,4.607530922810501,LOW,66,16820,61,254.84848484848484,1.0819672131147542,0,66,76.89653392578629,3.0303030303030303
PRV53296,0,0.11218581335964657,11.122803939475896,LOW,187,62740,131,335.5080213903743,1.4274809160305344,0,187,75.50925592112482,4.81283422459893
PRV53172,0,0.1852568458856187,18.437790095229417,LOW,3,2450,3,816.6666666666666,1.0,0,3,86.77709331508099,33.33333333333333
PRV51428,0,0.11174919068275427,11.079094568931282,LOW,66,48040,62,727.8787878787879,1.064516129032258,4,62,79.1660340572045,10.606060606060606
PRV53049,0,0.1344618850269987,13.352814248873617,LOW,2,10,2,5.0,1.0,0,2,71.83299110198493,0.0
PRV56965,0,0.12765682619303417,12.671574235714564,LOW,3,650,3,216.66666666666666,1.0,0,3,78.52794889345198,0.0
PRV55641,0,0.21500886563436472,21.416201718062677,LOW,2,840,2,420.0,1.0,0,2,75.53867214236824,0.0
PRV54519,0,0.05123612188800371,5.02125953945601,LOW,15,4540,10,302.6666666666667,1.5,0,15,78.72443531827516,6.666666666666667
PRV51266,0,0.15296925180715976,15.205547501660366,LOW,92,102900,72,1118.4782608695652,1.2777777777777777,10,82,77.89095340645399,11.956521739130435
PRV56705,0,0.24084114253592923,24.00221619431045,LOW,16,61120,12,3820.0,1.3333333333333333,4,12,76.28114305270363,31.25
PRV57246,0,0.11845872322103874,11.750771647145331,LOW,6,4100,6,683.3333333333334,1.0,0,6,82.29112480036504,16.666666666666664
PRV54707,0,0.07672748915418538,7.573146274833255,LOW,9,1280,8,142.22222222222223,1.125,0,9,65.85249828884326,0.0
PRV51363,0,0.1663489481518812,16.544960537804833,LOW,3,150,3,50.0,1.0,0,3,82.05703855806524,0.0
PRV57247,0,0.065912514640022,6.4904821039415515,LOW,11,960,9,87.27272727272727,1.2222222222222223,0,11,75.48102517301696,0.0
PRV52565,0,0.2501585995098808,24.9349670589853,LOW,137,141640,78,1033.8686131386862,1.7564102564102564,11,126,78.93822326218104,11.678832116788321
PRV51724,0,0.0903130956423835,8.933172538912139,LOW,6,2480,6,413.3333333333333,1.0,0,6,72.11088295687885,0.0
PRV52904,1,0.3493397752299603,34.86378429645716,LOW,3,10230,2,3410.0,1.5,1,2,71.96988364134154,33.33333333333333
PRV51691,0,0.0278383407708294,2.6789572750580546,LOW,88,26790,49,304.4318181818182,1.7959183673469388,0,88,75.96491081032002,3.4090909090909087
PRV57293,1,0.47924986578924983,47.868808053253275,MEDIUM,12,100000,10,8333.333333333334,1.2,12,0,74.217659137577,100.0
PRV57593,0,0.21883598728274656,21.799326752793053,LOW,26,84910,17,3265.769230769231,1.5294117647058822,6,20,73.84948339363125,26.923076923076923
PRV51924,0,0.021956104778350864,2.090099100177856,LOW,50,15710,25,314.2,2.0,0,50,74.99707049965777,4.0
PRV54904,0,0.05031500948428315,4.929048929475731,LOW,19,7970,19,419.4736842105263,1.0,0,19,77.33837674267805,10.526315789473683
PRV52948,0,0.05405276416203441,5.303227626234056,LOW,106,25320,47,238.8679245283019,2.25531914893617,0,106,72.53615273712263,0.9433962264150944
PRV55233,0,0.1253776814443984,12.443413886710283,LOW,187,54940,99,293.7967914438503,1.8888888888888888,1,186,77.0578059859374,3.7433155080213902
PRV55276,0,0.054575102079741714,5.355517767820546,LOW,58,10830,38,186.72413793103448,1.5263157894736843,0,58,79.55581973414029,1.7241379310344827
PRV54955,1,0.7863486524318023,78.6118165353151,CRITICAL,314,2134890,191,6799.012738853503,1.643979057591623,205,109,77.74662103582023,63.05732484076433
PRV53226,1,0.4749837905718306,47.44174030730712,MEDIUM,19,150000,19,7894.736842105263,1.0,19,0,83.39796102165063,94.73684210526315
PRV57578,0,0.1231235230110776,12.217754864761252,LOW,2,180,2,90.0,1.0,0,2,67.58384668035592,0.0
PRV54526,0,0.05918700491823522,5.817205583758678,LOW,46,10230,17,222.3913043478261,2.7058823529411766,0,46,74.95542939968595,2.1739130434782608
PRV57519,0,0.15661967672641233,15.570983801434277,LOW,157,143280,131,912.6114649681529,1.1984732824427482,12,145,78.11930859627306,8.280254777070063
PRV55135,1,0.48810877610031844,48.75565478362479,MEDIUM,3,25000,3,8333.333333333334,1.0,3,0,61.97399041752224,66.66666666666666
PRV54649,0,0.3040300744389142,30.327926206727412,LOW,75,315080,51,4201.066666666667,1.4705882352941178,22,53,80.12927906388006,30.666666666666664
PRV51262,0,0.02634319090969527,2.529280992174197,LOW,60,16270,52,271.1666666666667,1.1538461538461537,0,60,77.09819407150002,3.3333333333333335
PRV51933,0,0.033776366810618824,3.2734004732997737,LOW,57,14370,56,252.10526315789474,1.0178571428571428,0,57,78.68920504546789,3.508771929824561
PRV52341,0,0.10349234679899147,10.252519432217905,LOW,135,45450,122,336.6666666666667,1.1065573770491803,0,135,75.88781544192726,3.7037037037037033
PRV53475,0,0.07317411698647645,7.217425720264768,LOW,10,4190,10,419.0,1.0,0,10,66.33401779603011,10.0
PRV52697,0,0.09577988680634088,9.48044141275117,LOW,5,650,5,130.0,1.0,0,5,85.93456536618754,0.0
PRV56658,0,0.24745813874604752,24.664629656888586,LOW,70,35160,68,502.2857142857143,1.0294117647058822,1,69,76.961620490234,4.285714285714286
PRV54506,0,0.1302442520934113,12.930595957264341,LOW,134,56570,74,422.1641791044776,1.8108108108108107,3,131,74.09244809491217,4.477611940298507
PRV53555,0,0.07256520505249546,7.1564688374458365,LOW,11,3260,5,296.3636363636364,2.2,0,11,74.99958932238192,0.0
PRV51580,0,0.14197504987277412,14.104941253691933,LOW,3,1710,3,570.0,1.0,0,3,78.10997033994981,0.0
PRV56852,0,0.08524069644233774,8.42538540847024,LOW,20,1960,9,98.0,2.2222222222222223,0,20,77.57335158567192,0.0
PRV53992,0,0.14547211180092826,14.455024709556168,LOW,244,87620,101,359.0983606557377,2.4158415841584158,0,244,79.0318309038296,4.508196721311475
PRV57219,0,0.005218599957608286,0.41454297604519047,LOW,46,11830,36,257.17391304347825,1.2777777777777777,0,46,75.11848809795421,2.1739130434782608
PRV55083,0,0.11107739887818727,11.011842915573165,LOW,196,50470,152,257.5,1.2894736842105263,0,196,78.64407939767283,2.5510204081632653
PRV51029,0,0.03945995063418687,3.8423720006924857,LOW,93,30660,79,329.6774193548387,1.1772151898734178,0,93,74.46732340429219,3.225806451612903
PRV52841,1,0.36512149258765264,36.443658563931095,LOW,3,13320,2,4440.0,1.5,1,2,82.52886151038102,33.33333333333333
PRV53405,0,0.24351036299946693,24.269426196173942,LOW,189,239010,146,1264.6031746031747,1.2945205479452055,21,168,75.8219228393516,12.698412698412698
PRV55720,0,0.2432602182206623,24.244384732674167,LOW,11,27330,7,2484.5454545454545,1.5714285714285714,4,7,78.34223134839151,18.181818181818183
PRV52195,1,0.4735358806295201,47.29679311254819,MEDIUM,10,120000,10,12000.0,1.0,10,0,75.90034223134839,90.0
PRV56991,0,0.035654393615792465,3.4614057553531823,LOW,15,6640,15,442.6666666666667,1.0,0,15,75.65612594113621,6.666666666666667
PRV51419,0,0.10690727721711932,10.594380876732021,LOW,65,31250,62,480.7692307692308,1.0483870967741935,2,63,78.79059719370294,3.076923076923077
PRV56484,0,0.10514051307137219,10.417513863637216,LOW,9,6980,9,775.5555555555555,1.0,0,9,76.75929728496463,11.11111111111111
PRV54881,1,0.4112749378303564,41.06398212198,LOW,39,294510,33,7551.538461538462,1.1818181818181819,33,6,76.76505379174783,82.05128205128204
PRV53974,0,0.033845988387983944,3.2803701418122113,LOW,67,12950,59,193.28358208955223,1.1355932203389831,0,67,74.6627687096138,1.4925373134328357
PRV57725,0,0.06902951974872681,6.802518877330301,LOW,7,1740,6,248.57142857142858,1.1666666666666667,0,7,81.82158339037188,0.0
PRV55573,0,0.21614552974436774,21.529990752389768,LOW,11,29630,7,2693.6363636363635,1.5714285714285714,4,7,73.81046605687263,36.36363636363637
PRV55148,1,0.5619998113745676,56.15272967610437,HIGH,1,7000,1,7000.0,1.0,1,0,87.33196440793976,100.0
PRV51593,0,0.18721568429087665,18.63388525524686,LOW,54,150000,42,2777.777777777778,1.2857142857142858,12,42,77.56949831419372,18.51851851851852
PRV56208,0,0.048739587980859464,4.771336822657964,LOW,67,25610,66,382.23880597014926,1.0151515151515151,0,67,76.58141994897642,4.477611940298507
PRV54941,0,0.02124812676844101,2.0192249225175396,LOW,18,4990,18,277.22222222222223,1.0,0,18,76.26785306867443,5.555555555555555
PRV54287,0,0.07826880575160818,7.727444211813596,LOW,155,37900,67,244.51612903225808,2.3134328358208953,0,155,74.00986852186705,2.5806451612903225
PRV52745,0,0.10280592266118765,10.183802966999963,LOW,156,47020,152,301.4102564102564,1.0263157894736843,0,156,77.76458085665911,2.564102564102564
PRV55441,0,0.14334591263483792,14.242175418576226,LOW,32,67910,24,2122.1875,1.3333333333333333,7,25,75.35806525211044,25.0
PRV55655,0,0.09518557510921466,9.420946128691298,LOW,3,230,3,76.66666666666667,1.0,0,3,80.66621035820215,0.0
PRV51017,0,0.27980101666432855,27.90240659846061,LOW,515,142720,420,277.126213592233,1.2261904761904763,0,515,75.8185782731984,3.6893203883495143
PRV55525,1,0.395196180197101,39.454371782244145,LOW,933,294250,280,315.3804930332262,3.3321428571428573,0,933,76.79880707929989,2.8938906752411575
PRV52497,0,0.17332293993298437,17.243112070164475,LOW,30,59240,26,1974.6666666666667,1.1538461538461537,4,26,78.04188911704313,13.333333333333334
PRV52932,0,0.01827429046070913,1.7215204742766603,LOW,40,13830,34,345.75,1.1764705882352942,0,40,73.89515641985747,5.0
PRV52251,0,0.13363688251808994,13.270224996710189,LOW,4,270,4,67.5,1.0,0,4,63.23066392881588,0.0
PRV52616,0,0.0596116507251543,5.85971597524121,LOW,15,8640,15,576.0,1.0,0,15,74.81670088980151,13.333333333333334
PRV52127,1,0.36789544763571413,36.72135332301419,LOW,15,73050,10,4870.0,1.5,5,10,78.27259867670546,33.33333333333333
PRV51198,0,0.18804925706323697,18.717332458315482,LOW,6,360,3,60.0,2.0,0,6,81.55601186402008,0.0
PRV54355,0,0.13172030520836198,13.07836050537283,LOW,16,14040,8,877.5,2.0,2,14,72.75099247091035,12.5
PRV52905,0,0.060971558205622285,5.995853430110118,LOW,130,25440,58,195.69230769230768,2.2413793103448274,0,130,81.2850433099672,1.5384615384615385
PRV54168,0,0.0805907188972136,7.959886014369605,LOW,67,34350,38,512.6865671641791,1.763157894736842,1,66,76.271328033135,8.955223880597014
PRV54529,0,0.11562845209981742,11.467439205368157,LOW,5,160,5,32.0,1.0,0,5,87.09979466119096,0.0
PRV53048,0,0.12318283770429628,12.223692732952362,LOW,7,5620,6,802.8571428571429,1.1666666666666667,0,7,72.84736481861738,28.57142857142857
PRV53237,0,0.05337366372156805,5.235244320830347,LOW,8,1230,7,153.75,1.1428571428571428,0,8,75.09494475408233,0.0
PRV57467,0,0.28795941149778176,28.719126209459255,LOW,1,40,1,40.0,1.0,0,1,55.501711156741955,0.0
PRV52105,0,0.019667402566177973,1.8609819737606743,LOW,26,12780,25,491.53846153846155,1.04,0,26,79.36678986995209,7.6923076923076925
PRV56684,0,0.163222107785003,16.23193917757107,LOW,92,172070,72,1870.3260869565217,1.2777777777777777,16,76,76.71594798083504,18.478260869565215
PRV51100,1,0.5476699595709301,54.718198591295234,HIGH,5,78000,5,15600.0,1.0,5,0,74.1678302532512,100.0
PRV52262,0,0.0708144874090579,6.981208205678695,LOW,112,27840,92,248.57142857142858,1.2173913043478262,0,112,78.45781626640478,1.7857142857142856
PRV52051,0,0.07413057344497698,7.313174548639756,LOW,89,35290,88,396.5168539325843,1.0113636363636365,0,89,75.39583722232592,4.49438202247191
PRV53571,0,0.043661260459249465,4.262956220512298,LOW,26,2810,25,108.07692307692308,1.04,0,26,73.28635181382614,0.0
PRV51510,0,0.020832390421153413,1.9776064381506822,LOW,57,20020,52,351.2280701754386,1.0961538461538463,0,57,75.03522350339598,3.508771929824561
PRV54403,0,0.05712589256611236,5.610871995741125,LOW,12,1880,11,156.66666666666666,1.0909090909090908,0,12,71.18835168937838,0.0
PRV51708,0,0.08961638999318244,8.863426813385,LOW,4,410,4,102.5,1.0,0,4,85.77002053388091,0.0
PRV55165,1,0.3910722284005181,39.04153171065659,LOW,241,329870,202,1368.7551867219918,1.193069306930693,30,211,75.869699917144,12.863070539419086
PRV55771,0,0.045206649654990674,4.417661856676396,LOW,73,18120,29,248.21917808219177,2.5172413793103448,0,73,78.14968491113785,2.73972602739726
PRV52573,1,0.32500678439238423,32.42786016959225,LOW,587,158670,520,270.30664395229985,1.1288461538461538,0,587,77.67046280208497,2.72572402044293
PRV53633,0,0.0041920556703186245,0.3117778037161596,LOW,66,18010,48,272.8787878787879,1.375,0,66,77.66010723248917,1.5151515151515151
PRV56544,1,0.35780017814271387,35.71073729601813,LOW,20,99630,18,4981.5,1.1111111111111112,18,2,76.13839835728953,85.0
PRV51393,1,0.5919892088337897,59.1549046782932,HIGH,910,906370,312,996.010989010989,2.9166666666666665,68,842,77.46077238182617,9.010989010989011
PRV51135,0,0.19121220706004366,19.033968677049053,LOW,5,300,2,60.0,2.5,0,5,73.04175222450377,0.0
PRV57301,0,0.1107012866205505,10.974191114818273,LOW,32,42090,28,1315.3125,1.1428571428571428,4,28,77.58401779603011,18.75
PRV55931,0,0.121278504844934,12.033054007582901,LOW,295,85700,108,290.50847457627117,2.7314814814814814,0,295,78.9524932187492,3.389830508474576
PRV53509,1,0.6703697242619497,67.00141191129316,HIGH,1,15000,1,15000.0,1.0,1,0,78.91307323750856,100.0
PRV55053,0,0.050338414309302415,4.931391936890234,LOW,54,13340,29,247.03703703703704,1.8620689655172413,0,54,77.82812905662159,1.8518518518518516
PRV51529,0,0.03747766806391351,3.643929895016927,LOW,23,5800,23,252.17391304347825,1.0,0,23,80.27259470880577,0.0
PRV54758,0,0.07221273868600211,7.121184176724077,LOW,95,25690,93,270.42105263157896,1.021505376344086,0,95,77.91852685964099,4.2105263157894735
PRV54720,1,0.5035031772020319,50.29675564182226,MEDIUM,9,127000,9,14111.111111111111,1.0,9,0,80.21294395011027,100.0
PRV55330,0,0.08129167722655142,8.030057466689563,LOW,4,1170,4,292.5,1.0,0,4,78.81245722108146,0.0
PRV57169,1,0.3280369237759779,32.73120099939526,LOW,31,161880,14,5221.935483870968,2.2142857142857144,17,14,75.731374717001,48.38709677419355
PRV56006,1,0.3742488002958094,37.357373988723246,LOW,1090,289380,531,265.48623853211006,2.0527306967984935,0,1090,78.27251927387661,2.385321100917431
PRV51392,0,0.03690953106294239,3.587054904298849,LOW,17,1660,15,97.6470588235294,1.1333333333333333,0,17,79.5004334930413,0.0
PRV53364,0,0.027187550992903438,2.613808090062725,LOW,26,8770,24,337.3076923076923,1.0833333333333333,0,26,75.80983344741044,3.8461538461538463
PRV57109,0,0.13118732512902173,13.025004999546624,LOW,86,86790,72,1009.1860465116279,1.1944444444444444,6,80,76.19905579248496,6.976744186046512
PRV54668,0,0.16833682367296388,16.74396254192887,LOW,306,96050,260,313.8888888888889,1.176923076923077,1,305,76.65923460811233,4.248366013071895
PRV56030,0,0.11738630804096988,11.64341443698636,LOW,204,60370,102,295.9313725490196,2.0,0,204,74.82970299687295,4.901960784313726
PRV54437,0,0.04906053632721475,4.803466281201833,LOW,14,3230,14,230.71428571428572,1.0,0,14,75.29148332844431,7.142857142857142
PRV55916,1,0.7082350737032878,70.79203176941145,HIGH,127,1311040,95,10323.149606299212,1.3368421052631578,115,12,78.90987046866323,82.67716535433071
PRV57540,0,0.021933020080129855,2.087788139978458,LOW,39,7460,32,191.28205128205127,1.21875,0,39,76.68993839835728,0.0
PRV55443,1,0.48239639953070246,48.18380087546578,MEDIUM,38,341390,27,8983.947368421053,1.4074074074074074,30,8,75.25063413455732,76.31578947368422
PRV55243,0,0.1986147449487071,19.775021051719786,LOW,257,66230,231,257.70428015564204,1.1125541125541125,0,257,77.16915710344868,3.11284046692607
PRV55763,0,0.034985901618915544,3.394484438747335,LOW,10,1480,8,148.0,1.25,0,10,76.0728952772074,0.0
PRV54767,0,0.10100906498326279,10.003923354197065,LOW,63,62080,54,985.3968253968254,1.1666666666666667,8,55,78.5295974917754,12.698412698412698
PRV52081,0,0.11899229155497101,11.804186041891644,LOW,24,28270,21,1177.9166666666667,1.1428571428571428,3,21,80.12502851927904,16.666666666666664
PRV51412,0,0.0858197484021439,8.483353072577607,LOW,5,440,5,88.0,1.0,0,5,88.90130047912389,0.0
PRV54820,1,0.582689270834748,58.22390760105638,HIGH,1,12000,1,12000.0,1.0,1,0,99.66872005475702,100.0
PRV54661,0,0.28358661436779375,28.281374759096057,LOW,19,88200,16,4642.105263157895,1.1875,3,16,76.93447170287114,15.789473684210526
PRV51469,0,0.030835656144130426,2.9790121627774955,LOW,28,9350,28,333.92857142857144,1.0,0,28,79.32169746748802,3.571428571428571
PRV56339,1,0.5901689009227047,58.97267751236308,HIGH,1,9000,1,9000.0,1.0,1,0,48.83504449007529,100.0
PRV52806,1,0.47581197980338996,47.524648575519265,MEDIUM,2,16000,2,8000.0,1.0,2,0,75.75085557837099,100.0
PRV54723,0,0.04432960263162639,4.329862538505078,LOW,90,24350,86,270.55555555555554,1.0465116279069768,0,90,77.7144994667558,1.1111111111111112
PRV55258,0,0.21165363198419432,21.08031639043177,LOW,42,25200,35,600.0,1.2,1,41,73.18085025477222,7.142857142857142
PRV54671,0,0.2512401849312366,25.04324228255862,LOW,3,920,1,306.6666666666667,3.0,0,3,78.33264887063655,0.0
PRV51741,0,0.02775072053511771,2.6701857990156563,LOW,35,5190,34,148.28571428571428,1.0294117647058822,0,35,76.49547046744776,0.0
PRV56845,0,0.08888119761678603,8.78982826319011,LOW,9,600,9,66.66666666666667,1.0,0,9,83.3885466575405,0.0
PRV55519,0,0.2159264046216521,21.508054600899467,LOW,23,94710,15,4117.826086956522,1.5333333333333334,7,16,74.55455167693361,30.434782608695656
PRV52235,0,0.16538305778203297,16.448267300564698,LOW,2,970,2,485.0,1.0,0,2,70.08213552361396,0.0
PRV52436,0,0.023035950604492633,2.198200176562231,LOW,44,9980,22,226.8181818181818,2.0,0,44,71.89795283429781,2.272727272727273
PRV52471,0,0.046171368719903697,4.514237837062631,LOW,8,1640,8,205.0,1.0,0,8,77.72997946611909,0.0
PRV53814,0,0.1109711890200155,11.001210471836245,LOW,53,30040,49,566.7924528301887,1.0816326530612246,3,50,80.53277523298058,9.433962264150944
PRV57233,0,0.10401918826807939,10.30526041478559,LOW,140,41920,58,299.42857142857144,2.413793103448276,0,140,75.69151974320847,3.571428571428571
PRV53441,0,0.27205212750388147,27.126681732235518,LOW,38,187610,24,4937.105263157895,1.5833333333333333,14,24,73.41265495474941,36.84210526315789
PRV51665,0,0.0410429373216724,4.000841442048511,LOW,15,3810,15,254.0,1.0,0,15,79.72767510837326,6.666666666666667
PRV53911,1,0.3794667858711643,37.87973546255456,LOW,536,374480,191,698.6567164179105,2.806282722513089,14,522,77.67797562495531,7.649253731343284
PRV52728,0,0.06326834403931444,6.225779790740334,LOW,15,3140,12,209.33333333333334,1.25,0,15,72.92311202372804,0.0
PRV54833,0,0.03840618296010803,3.736881552825508,LOW,88,19000,48,215.9090909090909,1.8333333333333333,0,88,72.65103810175678,2.272727272727273
PRV55035,0,0.05339176343772471,5.2370562450434335,LOW,14,3860,14,275.7142857142857,1.0,0,14,80.26889605945048,7.142857142857142
PRV56428,0,0.20181740554848615,20.095632614730533,LOW,311,172930,149,556.0450160771704,2.087248322147651,8,303,75.1491811378399,4.823151125401929
PRV55365,0,0.12060425149018045,11.965555933654091,LOW,7,370,5,52.857142857142854,1.4,0,7,71.11786447638603,0.0
PRV55499,0,0.020091037500415937,1.9033911689221468,LOW,33,7900,29,239.3939393939394,1.1379310344827587,0,33,72.86261181524227,3.0303030303030303
PRV51181,0,0.05282829300425658,5.180648414504967,LOW,10,2150,10,215.0,1.0,0,10,80.94154688569473,0.0
PRV52107,0,0.16079927685454695,15.989394709519136,LOW,119,124760,104,1048.4033613445379,1.1442307692307692,10,109,76.48498384908197,10.084033613445378
PRV52047,1,0.3662373052119846,36.55536020023277,LOW,24,148550,12,6189.583333333333,2.0,15,9,70.79456341057983,58.333333333333336
PRV57718,0,0.08847798407194346,8.74946341002771,LOW,161,58290,61,362.0496894409938,2.639344262295082,0,161,76.99177522693866,3.7267080745341614
PRV55915,0,0.014021827174241025,1.2958153898807632,LOW,32,8870,27,277.1875,1.1851851851851851,0,32,74.22242502598424,3.125
PRV55293,0,0.02819405112538612,2.714566684547591,LOW,33,5530,25,167.57575757575756,1.32,0,33,74.7735523613963,3.0303030303030303
PRV52951,0,0.03951401993571239,3.8477847638414095,LOW,20,9980,20,499.0,1.0,0,20,79.31252566735114,10.0
PRV53104,0,0.24852803616930566,24.771734819750872,LOW,80,252770,38,3159.625,2.1052631578947367,28,52,78.16364880841267,31.25
PRV55917,0,0.07440203299945965,7.340349789145383,LOW,50,14150,50,283.0,1.0,0,50,79.0172758384668,4.0
PRV54901,0,0.25888596161802957,25.808644777644403,LOW,25,103960,17,4158.4,1.4705882352941178,8,17,78.49702943189597,32.0
PRV55586,1,0.7785491173781963,77.83102161609504,CRITICAL,2,42000,2,21000.0,1.0,2,0,92.33538672142367,100.0
PRV57496,0,0.03120187670400869,3.015673726640161,LOW,38,7750,36,203.94736842105263,1.0555555555555556,0,38,76.78728420412199,2.631578947368421
PRV57711,1,0.3756915550029807,37.50180510382148,LOW,23,156000,19,6782.608695652174,1.2105263157894737,19,4,76.40936821117161,73.91304347826086
PRV57235,0,0.1605504491438509,15.964485094915531,LOW,15,27410,10,1827.3333333333333,1.5,3,12,80.47470120570736,20.0
PRV54909,0,0.18510724943113654,18.42281431131535,LOW,27,89860,19,3328.1481481481483,1.4210526315789473,8,19,79.08352979947777,29.629629629629626
PRV57175,0,0.07499407000176068,7.39961735832865,LOW,78,32600,76,417.94871794871796,1.0263157894736843,0,78,76.37631038582082,6.41025641025641
PRV55158,1,0.4314815058501801,43.08681880856664,LOW,698,508210,509,728.0945558739255,1.3713163064833005,29,669,77.51856893462227,6.446991404011461
PRV56251,0,0.027984347135540835,2.6935736626961577,LOW,30,8950,16,298.3333333333333,1.875,0,30,74.73545516769336,3.3333333333333335
PRV55477,0,0.030944010299380573,2.9898592675490274,LOW,46,17290,43,375.8695652173913,1.069767441860465,0,46,77.70975598108973,2.1739130434782608
PRV57390,0,0.043232217156296396,4.220005605024486,LOW,55,10840,42,197.0909090909091,1.3095238095238095,0,55,77.12388774811772,1.8181818181818181
PRV51719,0,0.16930827516015529,16.841212490836675,LOW,4,4740,4,1185.0,1.0,0,4,76.23066392881589,50.0
PRV56398,0,0.13248932786010512,13.155345732712576,LOW,19,6030,18,317.36842105263156,1.0555555555555556,1,18,78.01332901041104,5.263157894736842
PRV54058,1,0.49276841446731745,49.2221213021224,MEDIUM,35,284000,34,8114.285714285715,1.0294117647058822,35,0,70.7035471272698,88.57142857142857
PRV53564,0,0.1105097263413765,10.955014421377516,LOW,5,220,4,44.0,1.25,0,5,86.54140999315537,0.0
PRV56923,0,0.05353388611352702,5.251283844818255,LOW,41,6030,27,147.0731707317073,1.5185185185185186,0,41,79.13615737571932,0.0
PRV52785,0,0.2500400958549229,24.923103909314943,LOW,1,60,1,60.0,1.0,0,1,89.91375770020534,0.0
PRV52420,0,0.19354850017505257,19.267850027856547,LOW,141,78050,47,553.5460992907801,3.0,0,141,77.50913830515385,10.638297872340425
PRV52445,1,0.6680047429742814,66.76465864833959,HIGH,5,102000,5,20400.0,1.0,5,0,75.21642710472278,100.0
PRV56385,0,0.0630430026963493,6.203221346619224,LOW,22,2770,11,125.9090909090909,2.0,0,22,78.18231597287038,0.0
PRV57597,0,0.08289595271539299,8.19065808481713,LOW,227,47000,107,207.04845814977975,2.121495327102804,0,227,77.36779954838256,0.881057268722467
PRV53547,0,0.023599756657067032,2.254641605217915,LOW,21,6850,18,326.1904761904762,1.1666666666666667,0,21,77.3573655791315,4.761904761904762
PRV52042,0,0.09428650553346504,9.330942179488446,LOW,52,27720,49,533.0769230769231,1.0612244897959184,1,51,79.11529089664613,1.9230769230769231
PRV54541,0,0.2086600796122217,20.780638208797757,LOW,7,6050,4,864.2857142857143,1.75,2,5,80.22085329682865,14.285714285714285
PRV55659,1,0.4978452024196365,49.73034778125023,MEDIUM,20,227000,18,11350.0,1.1111111111111112,20,0,77.57958780135372,95.0
PRV56998,0,0.09963994430553012,9.86686358568195,LOW,2,330,2,165.0,1.0,0,2,80.70773442847366,0.0
PRV56850,0,0.07221262026166496,7.121172321514743,LOW,17,4650,6,273.52941176470586,2.8333333333333335,0,17,72.12548482774356,0.0
PRV57011,0,0.05498116335896484,5.396167701634591,LOW,17,3760,16,221.1764705882353,1.0625,0,17,79.95362765229295,0.0
PRV53125,0,0.19376329770275416,19.289352952984483,LOW,2,500,2,250.0,1.0,0,2,63.210130047912386,0.0
PRV53816,0,0.10576758576757088,10.480288781860988,LOW,194,57210,177,294.89690721649487,1.0960451977401129,0,194,76.82089119363333,3.608247422680412
PRV55480,0,0.045504194907164675,4.447448481076282,LOW,42,14640,42,348.57142857142856,1.0,0,42,73.70900557348196,4.761904761904762
PRV52783,0,0.1592102045079837,15.830316045734424,LOW,1,70,1,70.0,1.0,0,1,79.91238877481177,0.0
PRV54233,0,0.18607824409389562,18.5200185284977,LOW,7,6350,6,907.1428571428571,1.1666666666666667,1,6,83.6910139825951,14.285714285714285
PRV52773,0,0.1469781729139304,14.605793294732702,LOW,2,150,2,75.0,1.0,0,2,84.3750855578371,0.0
PRV56094,0,0.032593765845093076,3.1550127977523283,LOW,25,7510,24,300.4,1.0416666666666667,0,25,75.13210130047912,4.0
PRV54889,0,0.17659488306301288,17.570659360399688,LOW,56,100580,41,1796.0714285714287,1.3658536585365855,7,49,78.90457449235683,16.071428571428573
PRV52638,0,0.25009665948698545,24.928766374605956,LOW,1,400,1,400.0,1.0,0,1,59.2498288843258,0.0
PRV54031,0,0.07634434881164043,7.534790907397728,LOW,5,2270,5,454.0,1.0,0,5,76.31704312114991,0.0
PRV54410,0,0.032240236293617434,3.119621703835941,LOW,37,10350,20,279.72972972972974,1.85,0,37,71.13429158110884,2.7027027027027026
PRV53357,0,0.1839353657489883,18.30549952028621,LOW,2,1820,2,910.0,1.0,0,2,72.03969883641341,0.0
PRV57533,0,0.22827521308326493,22.744267636545878,LOW,108,299560,67,2773.703703703704,1.6119402985074627,22,86,77.81344680570331,22.22222222222222
PRV52142,0,0.2800601905032292,27.928351942025014,LOW,59,248520,31,4212.203389830508,1.903225806451613,28,31,80.36742885648326,42.3728813559322
PRV56528,0,0.06492240538636136,6.391364365586933,LOW,21,2400,13,114.28571428571429,1.6153846153846154,0,21,72.1276259674617,0.0
PRV51564,0,0.02884378172891756,2.7796098378397325,LOW,24,9100,24,379.1666666666667,1.0,0,24,74.21571982660278,4.166666666666666
PRV57682,0,0.20837630834387877,20.752230468718388,LOW,3,3100,3,1033.3333333333333,1.0,0,3,67.50079853981292,33.33333333333333
PRV52260,0,0.0516325376153013,5.0609438775153395,LOW,63,12880,62,204.44444444444446,1.0161290322580645,0,63,79.46258638581615,1.5873015873015872
PRV53710,1,0.41992020700598587,41.92944169120142,LOW,385,615000,217,1597.4025974025974,1.7741935483870968,58,327,78.3528230731033,16.103896103896105
PRV52966,0,0.13050587405363973,12.95678637706485,LOW,3,710,3,236.66666666666666,1.0,0,3,77.58247775496235,0.0
PRV51576,0,0.14546483857282552,14.45429660211003,LOW,65,97780,60,1504.3076923076924,1.0833333333333333,5,60,77.79763070604959,13.846153846153847
PRV52571,0,0.2570791716063021,25.627770859961053,LOW,508,161790,429,318.48425196850394,1.1841491841491842,0,508,77.0185634579885,4.133858267716536
PRV57653,0,0.06316227209316838,6.215161153083934,LOW,82,15920,46,194.14634146341464,1.7826086956521738,0,82,78.64875159955956,1.2195121951219512
PRV54222,0,0.05602970966289142,5.501135449204919,LOW,19,3130,11,164.73684210526315,1.7272727272727273,0,19,75.52311617198681,0.0
PRV53301,0,0.01393245647349553,1.2868686784948125,LOW,67,16070,46,239.8507462686567,1.4565217391304348,0,67,74.4478766776776,2.9850746268656714
PRV51935,0,0.1260700050698572,12.512720937130464,LOW,57,38280,52,671.578947368421,1.0961538461538463,3,54,78.97773629519008,7.017543859649122
PRV54301,0,0.05193684152214166,5.0914070965055425,LOW,13,3690,11,283.84615384615387,1.1818181818181819,0,13,76.621492128679,7.6923076923076925
PRV52233,0,0.12840555510078241,12.746527899365672,LOW,216,63540,156,294.1666666666667,1.3846153846153846,0,216,76.47622808403096,2.314814814814815
PRV53674,0,0.24181783160067793,24.099990466003863,LOW,496,153530,384,309.53629032258067,1.2916666666666667,0,496,79.10137177732146,4.032258064516129
PRV55828,0,0.16460900818989813,16.370778836879442,LOW,24,26970,17,1123.75,1.411764705882353,7,17,76.60825918320785,20.833333333333336
PRV57101,0,0.31623780181738015,31.55001591423156,LOW,263,369680,187,1405.6273764258556,1.4064171122994653,30,233,74.90915460747199,14.82889733840304
PRV51467,0,0.19283207428381594,19.196130150706093,LOW,25,74260,18,2970.4,1.3888888888888888,7,18,76.34387405886379,24.0
PRV54367,1,0.8880963559147248,88.79756342609218,CRITICAL,636,3133880,289,4927.4842767295595,2.2006920415224913,322,314,77.13396088013562,49.21383647798742
PRV55000,1,0.6715588150100315,67.12044926521396,HIGH,764,1166020,626,1526.2041884816754,1.220447284345048,86,678,77.77648178428873,13.089005235602095
PRV51011,0,0.09769744889920995,9.672404488641048,LOW,58,16630,52,286.7241379310345,1.1153846153846154,1,57,76.71556054911989,1.7241379310344827
PRV53448,0,0.1298135910536617,12.887483393575422,LOW,64,92430,52,1444.21875,1.2307692307692308,10,54,75.62924201276192,18.75
PRV51780,0,0.05631040595714901,5.5292353601475455,LOW,34,5120,16,150.58823529411765,2.125,0,34,75.46954140999316,0.0
PRV53203,0,0.08576291530504014,8.477663631712586,LOW,7,420,5,60.0,1.4,0,7,86.4991101984942,0.0
PRV53551,0,0.026613054051573916,2.556296419198426,LOW,29,11220,19,386.8965517241379,1.5263157894736843,0,29,76.78489859144781,6.896551724137931
PRV54328,0,0.20265354633993302,20.179336896745717,LOW,117,195980,87,1675.042735042735,1.3448275862068966,17,100,78.16353818817885,15.384615384615385
PRV55612,0,0.2159844101077567,21.5138614071419,LOW,1,800,1,800.0,1.0,0,1,84.08213552361396,0.0
PRV57192,0,0.16729271115141278,16.639438650912542,LOW,407,138900,185,341.2776412776413,2.2,0,407,77.09065615923932,4.422604422604422
PRV52446,1,0.5177546267762648,51.72343804565828,MEDIUM,10,129000,10,12900.0,1.0,10,0,64.40136892539357,100.0
PRV51947,0,0.25435635883301744,25.355195845584365,LOW,28,24090,26,860.3571428571429,1.0769230769230769,1,27,77.86822825563414,3.571428571428571
PRV52159,0,0.2874736375013375,28.670496404514978,LOW,271,288300,239,1063.8376383763837,1.1338912133891212,24,247,77.62138022032931,10.33210332103321
PRV57134,0,0.039257849598870076,3.8221400945006536,LOW,16,2870,15,179.375,1.0666666666666667,0,16,72.96135067305498,0.0
PRV57452,0,0.1394947116607743,13.856639853599958,LOW,3,120,3,40.0,1.0,0,3,66.91763632215378,0.0
PRV56557,0,0.04826855377920988,4.724182587322252,LOW,65,22690,57,349.0769230769231,1.1403508771929824,0,65,73.18942805336407,4.615384615384616
PRV52084,0,0.17631506811907066,17.54264767956867,LOW,34,107750,22,3169.1176470588234,1.5454545454545454,10,24,76.63107460643396,29.411764705882355
PRV52433,0,0.04754466586757979,4.651715703129679,LOW,85,22060,62,259.52941176470586,1.3709677419354838,0,85,80.40595261751783,1.1764705882352942
PRV54879,1,0.3573043597205046,35.66110196490468,LOW,245,643720,162,2627.4285714285716,1.5123456790123457,60,185,76.79846569174163,24.897959183673468
PRV54430,0,0.029491814512251843,2.8444830259513116,LOW,64,12900,30,201.5625,2.1333333333333333,0,64,76.82765229295003,0.0
PRV56659,0,0.140719184928443,13.979219276545749,LOW,141,34550,65,245.03546099290782,2.169230769230769,2,139,74.57590276481447,2.8368794326241136
PRV52544,1,0.36922168925920246,36.8541205603124,LOW,6,34000,6,5666.666666666667,1.0,6,0,81.40406114533424,66.66666666666666
PRV53033,1,0.7911395671625228,79.09142485227927,CRITICAL,2,75000,1,37500.0,2.0,2,0,79.24982888432581,50.0
PRV55193,1,0.5587140148839631,55.823795555310994,HIGH,44,444380,25,10099.545454545454,1.76,31,13,74.80997154076155,72.72727272727273
PRV52876,0,0.18496275643260424,18.408349423557105,LOW,73,195980,49,2684.6575342465753,1.489795918367347,18,55,78.11034368323895,24.65753424657534
PRV51638,1,0.378235048583047,37.75642885392136,LOW,4,20490,2,5122.5,2.0,2,2,67.16700889801506,75.0
PRV56337,0,0.17217813598380685,17.12850817379406,LOW,2,180,2,90.0,1.0,0,2,92.91718001368926,0.0
PRV51695,0,0.24497503742470017,24.416051647777614,LOW,429,113180,177,263.8228438228438,2.4237288135593222,0,429,75.62641484626658,3.0303030303030303
PRV56433,0,0.09820227833465542,9.722941893186247,LOW,121,39510,114,326.5289256198347,1.0614035087719298,0,121,75.90395907633561,4.958677685950414
PRV52978,1,0.46072993740168444,46.014817284579856,MEDIUM,5,59000,5,11800.0,1.0,5,0,76.94948665297741,100.0
PRV57047,0,0.047871120297699285,4.684396364046297,LOW,16,4130,16,258.125,1.0,0,16,71.18771389459275,0.0
PRV52607,0,0.28291271558431436,28.213912180545808,LOW,2,3400,2,1700.0,1.0,0,2,79.33333333333334,50.0
PRV55543,0,0.21896599026074964,21.81234107531493,LOW,141,92600,92,656.7375886524823,1.5326086956521738,4,137,75.65027558629633,5.673758865248227
PRV52317,0,0.10709565286324321,10.613238763309544,LOW,25,28590,19,1143.6,1.3157894736842106,2,23,77.96551611746683,8.0
PRV56397,0,0.022424279688626106,2.1369670979157736,LOW,47,9600,43,204.25531914893617,1.0930232558139534,0,47,74.31762252678159,2.127659574468085
PRV53656,0,0.11043935094790429,10.947969289932686,LOW,5,1150,5,230.0,1.0,0,5,70.45037645448323,0.0
PRV53140,0,0.04206653717408226,4.10331185324392,LOW,21,2180,19,103.80952380952381,1.105263157894737,0,21,71.45142116070463,0.0
PRV53523,0,0.041858970752411684,4.082532818810818,LOW,89,26250,70,294.9438202247191,1.2714285714285714,0,89,75.20723574850885,2.247191011235955
PRV55933,1,0.36197637460664867,36.12880747049571,LOW,498,496430,327,996.847389558233,1.5229357798165137,45,453,77.57953225818856,10.642570281124499
PRV54685,0,0.0812457454663289,8.025459335548913,LOW,145,40150,139,276.8965517241379,1.0431654676258992,0,145,79.5267851427277,4.827586206896552
PRV51109,1,0.5185715445812565,51.80521795525211,MEDIUM,3,18000,3,6000.0,1.0,3,0,59.776408852384215,100.0
PRV57171,0,0.15879507965096262,15.788758776361789,LOW,191,54690,65,286.3350785340314,2.9384615384615387,3,188,75.08327629477527,3.1413612565445024
PRV54269,0,0.1261756811654015,12.523299947022323,LOW,118,32740,26,277.45762711864404,4.538461538461538,0,118,77.46475017111567,1.694915254237288
PRV52644,0,0.15223430645405842,15.131973680443856,LOW,31,70530,20,2275.1612903225805,1.55,9,22,78.26722367768888,29.03225806451613
PRV53937,0,0.30049951428743144,29.974489314741902,LOW,38,217970,21,5736.0526315789475,1.8095238095238095,17,21,75.17360135451565,42.10526315789473
PRV54451,0,0.05333607688823778,5.2314815826296535,LOW,13,8310,13,639.2307692307693,1.0,0,13,79.39788343073764,15.384615384615385
PRV55244,0,0.030615439181877747,2.9569667095458354,LOW,25,7500,25,300.0,1.0,0,25,72.81598904859685,8.0
PRV56237,0,0.08910924832807522,8.812657936430284,LOW,198,35030,131,176.91919191919192,1.5114503816793894,0,198,75.87834328677943,0.0
PRV57639,0,0.013000905662488047,1.1936131016904383,LOW,17,4890,14,287.6470588235294,1.2142857142857142,0,17,78.14256380170139,5.88235294117647
PRV54511,0,0.02402229407626189,2.296940930475151,LOW,32,8690,30,271.5625,1.0666666666666667,0,32,73.9501711156742,0.0
PRV55982,0,0.10940745844008644,10.844668718584794,LOW,4,750,4,187.5,1.0,0,4,76.72895277207392,0.0
PRV55550,1,0.5531107260085791,55.262862184955885,HIGH,58,453200,35,7813.793103448276,1.6571428571428573,37,21,78.35815144370927,56.896551724137936
PRV55459,0,0.15355577929674225,15.264263525205536,LOW,344,114890,270,333.9825581395349,1.2740740740740741,0,344,76.78504322255178,4.941860465116279
PRV57411,0,0.017077953542097544,1.601757721585981,LOW,29,8560,27,295.17241379310343,1.0740740740740742,0,29,75.92942429082059,3.4482758620689653
PRV57470,0,0.03829315212462142,3.7255662755100554,LOW,12,1610,11,134.16666666666666,1.0909090909090908,0,12,77.09912264327049,0.0
PRV52392,0,0.13502694056403897,13.409380760770272,LOW,127,85980,54,677.007874015748,2.3518518518518516,5,122,76.57256572109412,6.299212598425196
PRV55951,1,0.3831073130072715,38.24418091624106,LOW,448,421000,320,939.7321428571429,1.4,38,410,78.41616488802768,8.928571428571429
PRV53754,0,0.08591508224634149,8.492896741612697,LOW,9,2530,9,281.1111111111111,1.0,0,9,80.36139630390144,0.0
PRV56496,0,0.037764254478503935,3.672619453419032,LOW,41,13620,28,332.1951219512195,1.4642857142857142,0,41,73.41409993155374,2.4390243902439024
PRV56937,0,0.10689677209195761,10.593329230922922,LOW,5,310,5,62.0,1.0,0,5,69.10006844626967,0.0
PRV54435,0,0.05290285126256649,5.188112283681035,LOW,11,4280,8,389.09090909090907,1.375,0,11,72.32306639288159,0.0
PRV51527,0,0.013381047134602487,1.2316682585647651,LOW,41,12410,40,302.6829268292683,1.025,0,41,76.11711156741958,0.0
PRV53392,0,0.04861906986575451,4.7592720096529355,LOW,99,33790,80,341.3131313131313,1.2375,0,99,75.60831622176592,5.05050505050505
PRV55950,0,0.07278417413517094,7.178389368098525,LOW,11,7470,11,679.0909090909091,1.0,0,11,75.51515151515152,18.181818181818183
PRV57609,0,0.23641494793120552,23.559119235953982,LOW,2,3000,2,1500.0,1.0,0,2,76.20807665982204,50.0
PRV55744,0,0.13444889793998155,13.351514139124923,LOW,2,80,2,40.0,1.0,0,2,84.66803559206022,0.0
PRV53970,1,0.5723983596606427,57.193706300124816,HIGH,4,65200,3,16300.0,1.3333333333333333,3,1,82.77002053388091,75.0
PRV56381,0,0.30561953007816006,30.487043241129996,LOW,8,4720,1,590.0,8.0,0,8,86.08350444900753,12.5
PRV51727,0,0.18464789193567055,18.37682900628109,LOW,3,1950,3,650.0,1.0,0,3,55.88866073465663,0.0
PRV54888,0,0.18884195881675245,18.796688150334013,LOW,413,120880,324,292.6876513317191,1.2746913580246915,0,413,78.9459527974244,3.631961259079903
PRV51222,0,0.11981687658867575,11.886733501497442,LOW,5,860,3,172.0,1.6666666666666667,0,5,81.97125256673512,0.0
PRV54567,0,0.1868652505134711,18.598804072709598,LOW,57,112690,30,1977.017543859649,1.9,6,51,78.37742078350847,10.526315789473683
PRV53417,0,0.25619664478083454,25.53942297041834,LOW,171,115090,69,673.0409356725146,2.4782608695652173,7,164,73.64668228398455,4.678362573099415
PRV54473,0,0.11424256960703379,11.328701447083295,LOW,19,11020,8,580.0,2.375,0,19,72.03182751540041,21.052631578947366
PRV53923,0,0.22357748453276602,22.273987990529196,LOW,155,270400,111,1744.516129032258,1.3963963963963963,30,125,75.5234957824295,20.0
PRV54230,1,0.33132196398844066,33.06005941078718,LOW,126,408650,79,3243.253968253968,1.5949367088607596,44,82,76.51725996862373,31.746031746031743
PRV53289,0,0.1025394171227218,10.157123662535279,LOW,106,36260,66,342.07547169811323,1.606060606060606,1,105,73.77163835480057,2.8301886792452833
PRV53173,0,0.05226868492724823,5.124627236283502,LOW,43,16610,23,386.27906976744185,1.8695652173913044,0,43,81.54010058625718,4.651162790697675
PRV56483,0,0.09308454870000189,9.210616829036184,LOW,32,25850,27,807.8125,1.1851851851851851,2,30,74.39911255871039,15.625
PRV51142,0,0.18151105686460542,18.06280709739992,LOW,51,104570,35,2050.392156862745,1.457142857142857,7,44,76.3313519939479,11.76470588235294
PRV57553,0,0.02812355948081129,2.70750991545133,LOW,21,8460,20,402.85714285714283,1.05,0,21,80.39274469541411,4.761904761904762
PRV55411,0,0.018507065247008424,1.7448230646510692,LOW,39,11990,23,307.43589743589746,1.6956521739130435,0,39,80.44972175103413,0.0
PRV56233,0,0.08721142078502449,8.62267044448552,LOW,98,32890,42,335.61224489795916,2.3333333333333335,0,98,78.39086079332486,4.081632653061225
PRV57650,0,0.16664690953675967,16.574788820367566,LOW,36,14210,10,394.72222222222223,3.6,1,35,73.79958932238193,5.555555555555555
PRV55011,0,0.030046764141140325,2.900037856807396,LOW,56,13750,54,245.53571428571428,1.037037037037037,0,56,78.06484650290264,3.571428571428571
PRV55832,1,0.38953454359089745,38.88759734425374,LOW,284,481100,219,1694.0140845070423,1.2968036529680365,45,239,77.29032053467371,17.253521126760564
PRV54620,1,0.36706098119110353,36.63781665631117,LOW,13,74520,6,5732.307692307692,2.1666666666666665,7,6,76.26374629249374,46.15384615384615
PRV55283,0,0.0619986234096702,6.0986707503114745,LOW,36,12390,31,344.1666666666667,1.1612903225806452,0,36,72.3211234020004,2.7777777777777777
PRV54421,0,0.05947196009955918,5.845731842856688,LOW,65,14530,31,223.53846153846155,2.096774193548387,0,65,70.69916760504294,1.5384615384615385
PRV54523,0,0.2155753740252199,21.472913672074696,LOW,1,90,1,90.0,1.0,0,1,86.83641341546885,0.0
PRV55356,0,0.04127736695877252,4.024309696028311,LOW,27,5030,27,186.2962962962963,1.0,0,27,71.97900981063198,0.0
PRV55896,0,0.18336300357088076,18.24820155604237,LOW,105,204310,79,1945.8095238095239,1.3291139240506329,21,84,79.57735486921118,22.857142857142858
PRV53108,0,0.1305802480319774,12.96423179836357,LOW,48,69450,35,1446.875,1.3714285714285714,5,43,76.15287566827608,16.666666666666664
PRV52536,1,0.5914228310523325,59.098205799311124,HIGH,1,14000,1,14000.0,1.0,1,0,75.91238877481177,100.0
PRV53944,0,0.051374072972118594,5.0350695300307695,LOW,104,21740,55,209.03846153846155,1.8909090909090909,0,104,74.35938025014,1.9230769230769231
PRV55561,0,0.03525562041899037,3.421485416019588,LOW,24,8360,23,348.3333333333333,1.0434782608695652,0,24,80.27902270630598,4.166666666666666
PRV56862,0,0.10166880584081658,10.06996861279767,LOW,14,2990,8,213.57142857142858,1.75,0,14,85.73887748117728,7.142857142857142
PRV53714,0,0.1050285533213408,10.406305810415988,LOW,144,44310,68,307.7083333333333,2.1176470588235294,0,144,77.8556991585135,3.4722222222222223
PRV54378,0,0.18802977969604054,18.715382620377422,LOW,79,200510,46,2538.1012658227846,1.7173913043478262,18,61,75.91286081805094,22.78481012658228
PRV53201,0,0.1333048437946388,13.23698530402683,LOW,13,14220,8,1093.8461538461538,1.625,0,13,76.91615331964408,23.076923076923077
PRV51828,1,0.4028243571552784,40.21801240580961,LOW,11,111000,11,10090.90909090909,1.0,11,0,78.53076970941447,90.9090909090909
PRV53276,0,0.1238016750854546,12.28564323124629,LOW,291,85280,131,293.05841924398624,2.2213740458015265,0,291,75.3457790596214,3.436426116838488
PRV56765,0,0.026457946280654367,2.5407689090797887,LOW,22,5970,21,271.3636363636364,1.0476190476190477,0,22,76.5718196929696,0.0
PRV54308,0,0.20261155301390404,20.17513303390271,LOW,1,70,1,70.0,1.0,0,1,88.58316221765914,0.0
PRV51346,0,0.22452834940554947,22.369177057112196,LOW,266,104490,241,392.81954887218046,1.103734439834025,5,261,77.34172495729064,4.135338345864661
PRV54496,0,0.07649660271391194,7.550032722776205,LOW,8,2360,7,295.0,1.1428571428571428,0,8,78.01192920700107,0.0
PRV54062,0,0.16070036174985025,15.979492528087746,LOW,11,17730,8,1611.8181818181818,1.375,2,9,80.79260780287476,18.181818181818183
PRV51797,0,0.12167421520040969,12.072667732364527,LOW,5,450,4,90.0,1.25,0,5,71.29226557152636,0.0
PRV53901,0,0.029159223776276923,2.8111880724644607,LOW,14,5400,14,385.7142857142857,1.0,0,14,77.07714872396596,7.142857142857142
PRV54646,0,0.11130426709435251,11.034554211733369,LOW,23,11180,13,486.0869565217391,1.7692307692307692,0,23,68.39172326646658,4.3478260869565215
PRV54814,0,0.03851903547586451,3.748178978930814,LOW,82,20790,72,253.53658536585365,1.1388888888888888,0,82,75.96311506578448,1.2195121951219512
PRV52439,0,0.08690151796229381,8.591646729895226,LOW,121,29520,64,243.96694214876032,1.890625,0,121,76.49135865845311,0.8264462809917356
PRV55733,0,0.022806082340527643,2.175188551976889,LOW,46,14670,43,318.9130434782609,1.069767441860465,0,46,76.81982713337472,2.1739130434782608
PRV55208,0,0.12946495597612817,12.852582275069107,LOW,53,76300,44,1439.622641509434,1.2045454545454546,7,46,76.97883641341546,15.09433962264151
PRV53728,0,0.024844728214747494,2.3792730685204555,LOW,14,3480,14,248.57142857142858,1.0,0,14,75.21951696489684,0.0
PRV56886,0,0.14738554792843167,14.646574743800327,LOW,11,1360,3,123.63636363636364,3.6666666666666665,0,11,81.89002966005019,0.0
PRV56363,0,0.09865856137666895,9.768619421203217,LOW,19,10420,8,548.421052631579,2.375,0,19,75.44832306639287,10.526315789473683
PRV54196,0,0.041162975861554936,4.012858245794723,LOW,10,4320,10,432.0,1.0,0,10,75.78343600273786,10.0
PRV53859,0,0.05696315156573729,5.594580339204123,LOW,143,33810,134,236.43356643356643,1.0671641791044777,0,143,75.22361498462513,2.097902097902098
PRV53695,0,0.03384007274216063,3.2797779390499944,LOW,116,32120,78,276.8965517241379,1.4871794871794872,0,116,76.92974604678918,1.7241379310344827
PRV55751,0,0.1769993229024819,17.6111469753174,LOW,2,1280,2,640.0,1.0,0,2,70.62286105407256,0.0
PRV51151,0,0.2976834039716981,29.692574481181254,LOW,233,201300,203,863.9484978540772,1.1477832512315271,22,211,77.09386265115218,11.158798283261802
PRV54965,0,0.188985270790922,18.811034808247072,LOW,107,151480,96,1415.7009345794393,1.1145833333333333,9,98,78.91307323750856,13.084112149532709
PRV51403,0,0.2975649448624821,29.680715790890677,LOW,114,277010,93,2429.9122807017543,1.2258064516129032,10,104,78.82470300418132,11.403508771929824
PRV54683,0,0.2477415971332138,24.693006075096672,LOW,462,123850,406,268.0735930735931,1.1379310344827587,0,462,77.16709319145062,2.5974025974025974
PRV55219,0,0.05987198651250885,5.885777639002002,LOW,89,17530,85,196.96629213483146,1.0470588235294118,0,89,74.7822361798929,0.0
PRV54535,0,0.02530013488330038,2.424862864648191,LOW,34,7090,29,208.52941176470588,1.1724137931034482,0,34,73.79046000613656,2.941176470588235
PRV52996,0,0.014000166499894627,1.2936469856925252,LOW,37,11510,30,311.0810810810811,1.2333333333333334,0,37,79.65065023956194,2.7027027027027026
PRV52787,1,0.3894047789683586,38.87460688299208,LOW,11,67000,11,6090.909090909091,1.0,11,0,74.50836911206521,100.0
PRV54481,0,0.05710198327643414,5.6084784874390765,LOW,8,1890,8,236.25,1.0,0,8,76.67830253251198,0.0
PRV53750,1,0.43475886165820554,43.41490795052126,LOW,1245,353470,380,283.9116465863454,3.276315789473684,1,1244,76.7840556216002,3.453815261044177
PRV51742,0,0.05325332481467153,5.2231974479791425,LOW,13,2830,13,217.69230769230768,1.0,0,13,84.70594429526668,0.0
PRV52289,1,0.34548213757997726,34.47760436950034,LOW,4,18000,4,4500.0,1.0,4,0,79.95756331279945,75.0
PRV55851,0,0.08937997431779231,8.839759741322384,LOW,45,43640,34,969.7777777777778,1.3235294117647058,6,39,78.60674684658257,15.555555555555555
PRV54379,0,0.22484644303737167,22.401020736236145,LOW,116,280670,73,2419.5689655172414,1.5890410958904109,28,88,74.27640885238421,26.72413793103448
PRV56077,0,0.06442999872070866,6.342070578189446,LOW,7,2450,7,350.0,1.0,0,7,74.0001955607705,0.0
PRV56885,1,0.4083696524004606,40.773140156791584,LOW,10,66050,5,6605.0,2.0,9,1,74.41706593657312,80.0
PRV51260,0,0.20284173147825157,20.198175711990725,LOW,62,92390,52,1490.1612903225807,1.1923076923076923,3,59,71.83647563935038,6.451612903225806
PRV54425,0,0.3068256728569767,30.607787637697403,LOW,18,74300,9,4127.777777777777,2.0,4,14,76.12215026588743,22.22222222222222
PRV55675,0,0.2350222306748177,23.41969726397439,LOW,83,98840,52,1190.8433734939758,1.5961538461538463,2,81,77.91339609727119,4.819277108433735
PRV57677,0,0.1869724630656527,18.60953689401813,LOW,226,73900,206,326.9911504424779,1.0970873786407767,0,226,77.17137483968288,3.982300884955752
PRV51451,0,0.07007264010407752,6.906943444691696,LOW,6,1170,6,195.0,1.0,0,6,75.11111111111111,0.0
PRV56932,0,0.07740306345935427,7.640776586307734,LOW,9,810,8,90.0,1.125,0,9,83.36584531143052,0.0
PRV52089,0,0.21436017126115467,21.351262299591202,LOW,145,221580,91,1528.1379310344828,1.5934065934065933,15,130,80.09163747634577,15.172413793103448
PRV52422,0,0.04310285101443212,4.207055034818377,LOW,58,26400,33,455.17241379310343,1.7575757575757576,0,58,75.27057017816772,8.620689655172415
PRV57555,1,0.4909256489236158,49.03764595020116,MEDIUM,42,330780,26,7875.714285714285,1.6153846153846154,27,15,77.25028519279033,59.523809523809526
PRV52657,0,0.06532955190625316,6.432122940543612,LOW,121,29250,61,241.73553719008265,1.9836065573770492,0,121,74.77501374535743,2.479338842975207
PRV51877,0,0.08354471195515376,8.25560399694148,LOW,4,290,4,72.5,1.0,0,4,78.6892539356605,0.0
PRV56272,0,0.022498590230504233,2.1444061687250144,LOW,22,5450,14,247.72727272727272,1.5714285714285714,0,22,76.14960398943971,4.545454545454546
PRV56134,1,0.6920014280792223,69.16691592127778,HIGH,62,768000,58,12387.09677419355,1.0689655172413792,62,0,76.91132667752366,95.16129032258065
PRV55064,1,0.33542969982030163,33.47127613652423,LOW,621,187750,380,302.33494363929145,1.6342105263157896,0,621,76.89715047372023,3.7037037037037033
PRV54011,0,0.1726015097090457,17.170891219876395,LOW,2,70,2,35.0,1.0,0,2,73.29226557152634,0.0
PRV52008,0,0.01545119150146064,1.4389060224296197,LOW,25,4830,24,193.2,1.0416666666666667,0,25,77.52475473420031,0.0
PRV53446,0,0.033175346281238374,3.213233582265642,LOW,46,12880,44,280.0,1.0454545454545454,0,46,78.17820919668969,4.3478260869565215
PRV57332,0,0.045714081088021885,4.4684597416836755,LOW,98,22560,89,230.20408163265307,1.101123595505618,0,98,75.22881818671219,0.0
PRV51789,0,0.03693082846497805,3.589186942066195,LOW,32,6940,28,216.875,1.1428571428571428,0,32,79.79524787327662,3.125
PRV51668,0,0.013155150310861268,1.2090542064407803,LOW,38,9020,27,237.3684210526316,1.4074074074074074,0,38,81.71359038710169,2.631578947368421
PRV55983,0,0.2597473210797957,25.894873647281724,LOW,22,119670,14,5439.545454545455,1.5714285714285714,8,14,77.13490433818977,36.36363636363637
PRV56973,0,0.04591066534557578,4.4881393749492196,LOW,17,5220,17,307.05882352941177,1.0,0,17,78.90228288440633,0.0
PRV55625,0,0.014926028681462613,1.3863330858635925,LOW,21,5910,16,281.42857142857144,1.3125,0,21,80.15092402464066,0.0
PRV53779,0,0.03471709447082133,3.367574725022162,LOW,49,12430,48,253.6734693877551,1.0208333333333333,0,49,73.89031485284052,2.0408163265306123
PRV51458,0,0.04599158822391189,4.496240392743131,LOW,56,12440,55,222.14285714285714,1.018181818181818,0,56,78.36067450687574,1.7857142857142856
PRV51264,0,0.036598640674737115,3.5559323266225293,LOW,39,5270,35,135.12820512820514,1.1142857142857143,0,39,76.64965287963234,0.0
PRV51682,0,0.09561425193408914,9.463860056835596,LOW,16,9110,16,569.375,1.0,0,16,83.27070499657769,6.25
PRV55606,1,0.48304801492967686,48.24903271163395,MEDIUM,4,40000,3,10000.0,1.3333333333333333,4,0,78.75062742413871,100.0
PRV55662,1,0.5447972164083926,54.430614363502514,HIGH,28,233000,27,8321.42857142857,1.037037037037037,28,0,77.20749359900627,96.42857142857143
PRV53511,1,0.5302457909442144,52.97390200927229,MEDIUM,1,0,1,0.0,1.0,1,0,70.75154004106776,0.0
PRV56710,0,0.11690067042564235,11.594798284866554,LOW,67,64690,46,965.5223880597015,1.4565217391304348,10,57,74.10241111670734,16.417910447761194
PRV52708,0,0.17040594638532336,16.951098030127767,LOW,31,40400,11,1303.225806451613,2.8181818181818183,5,26,78.01368925393565,22.58064516129032
PRV55512,0,0.07766027334588199,7.666525322763654,LOW,128,32330,55,252.578125,2.327272727272727,0,128,75.19278202974301,1.5625
PRV56387,0,0.26538813107800596,26.459563177698282,LOW,1,90,1,90.0,1.0,0,1,81.41820670773443,0.0
PRV57734,0,0.05867985064734536,5.766435444865787,LOW,19,11010,19,579.4736842105264,1.0,0,19,76.12291509060124,10.526315789473683
PRV55516,0,0.1940331345338755,19.316365746094576,LOW,158,254930,87,1613.4810126582279,1.8160919540229885,22,136,78.00185058432834,18.354430379746837
PRV52589,1,0.5231694304515746,52.265502562222146,MEDIUM,426,832920,300,1955.2112676056338,1.42,81,345,76.8999717287147,20.422535211267608
PRV55623,0,0.043139804890988384,4.210754409058291,LOW,9,2950,8,327.77777777777777,1.125,0,9,79.61498973305955,0.0
PRV55562,0,0.041066674473313323,4.003217717976577,LOW,17,2950,14,173.52941176470588,1.2142857142857142,0,17,77.51188031680844,0.0
PRV52009,0,0.04290161717113497,4.186909941381186,LOW,35,5770,33,164.85714285714286,1.0606060606060606,0,35,79.08124364797877,0.0
PRV51449,0,0.28348252259074697,28.27095435197023,LOW,17,69780,9,4104.705882352941,1.8888888888888888,9,8,76.2993920360752,52.94117647058824
PRV57069,1,0.4062676125858163,40.562709407267135,LOW,2,4000,2,2000.0,1.0,2,0,72.79260780287474,50.0
PRV57183,0,0.010148939266352549,0.9081087919355395,LOW,52,13170,45,253.26923076923077,1.1555555555555554,0,52,77.74820898927675,0.0
PRV53646,0,0.10388347128576192,10.291674075405478,LOW,3,20,3,6.666666666666667,1.0,0,3,82.6383755418663,0.0
PRV52690,0,0.11956093528395866,11.861111760077195,LOW,117,52510,37,448.8034188034188,3.1621621621621623,0,117,78.43291340621936,6.837606837606838
PRV51267,0,0.13002750238773178,12.90889760373764,LOW,14,12870,12,919.2857142857143,1.1666666666666667,2,12,79.64349271536129,14.285714285714285
PRV53658,0,0.02948660794719374,2.843961807761251,LOW,27,3810,22,141.11111111111111,1.2272727272727273,0,27,80.45859000684463,0.0
PRV52140,0,0.05396838188856186,5.294780295726945,LOW,19,5130,18,270.0,1.0555555555555556,0,19,77.0507262909727,5.263157894736842
PRV51072,0,0.16617761835406986,16.527809074964715,LOW,212,119170,150,562.122641509434,1.4133333333333333,12,200,74.43473648186173,7.0754716981132075
PRV51553,0,0.15113990225792615,15.022415196503443,LOW,21,40990,15,1951.904761904762,1.4,6,15,78.95244613930446,28.57142857142857
PRV57492,0,0.26400154187636143,26.320754672287578,LOW,117,348030,66,2974.6153846153848,1.7727272727272727,36,81,77.12880146979359,29.059829059829063
PRV51484,0,0.09004660977464075,8.90649520364184,LOW,86,23570,74,274.06976744186045,1.162162162162162,2,84,76.79127538215833,3.488372093023256
PRV57626,0,0.06104522357737004,6.003227914305366,LOW,6,900,6,150.0,1.0,0,6,74.76522929500342,0.0
PRV54232,0,0.17986000738363828,17.897524034081417,LOW,42,107750,28,2565.4761904761904,1.5,8,34,76.12747111164794,16.666666666666664
PRV51104,0,0.045986310951457776,4.495712096185556,LOW,12,1900,9,158.33333333333334,1.3333333333333333,0,12,80.33340938474409,0.0
PRV56241,0,0.08453141102173375,8.354380348697042,LOW,140,31640,98,226.0,1.4285714285714286,0,140,76.34463395214348,0.7142857142857143
PRV55439,0,0.11233690208885501,11.137929111849191,LOW,224,96290,188,429.86607142857144,1.1914893617021276,0,224,76.98996606812588,7.142857142857142
PRV51884,0,0.18227838772613214,18.139622963207692,LOW,44,84530,39,1921.1363636363637,1.1282051282051282,5,39,78.74824217534689,13.636363636363635
PRV53411,0,0.08456594217286362,8.357837189030692,LOW,6,2570,6,428.3333333333333,1.0,0,6,69.04312114989733,0.0
PRV55955,0,0.17887422714605358,17.79883966434866,LOW,246,63250,235,257.1138211382114,1.0468085106382978,0,246,77.87279479225829,2.4390243902439024
PRV55231,0,0.048400612259230605,4.737402681793452,LOW,126,41470,99,329.12698412698415,1.2727272727272727,0,126,75.4414507843666,3.968253968253968
PRV55350,0,0.030416763171021138,2.9370776752916683,LOW,31,4210,23,135.80645161290323,1.3478260869565217,0,31,74.93116686010178,0.0
PRV52473,0,0.16536734227186864,16.446694054158993,LOW,4,3870,4,967.5,1.0,0,4,82.85420944558521,0.0
PRV57208,0,0.30969701085420137,30.89523119736959,LOW,113,224580,99,1987.4336283185842,1.1414141414141414,10,103,78.11030524524486,13.274336283185843
PRV51082,0,0.030583756385888356,2.9537950120067924,LOW,34,5470,31,160.88235294117646,1.096774193548387,0,34,75.73690137113333,0.0
PRV56158,0,0.0530551137207659,5.203354955575316,LOW,38,5930,24,156.05263157894737,1.5833333333333333,0,38,74.72267853068674,0.0
PRV54536,0,0.05738717252156266,5.637028178168347,LOW,13,4890,11,376.15384615384613,1.1818181818181819,0,13,74.35604505009023,7.6923076923076925
PRV51046,0,0.1943006083492991,19.34314198271276,LOW,38,109370,19,2878.157894736842,2.0,8,30,74.57400094771758,18.421052631578945
PRV52668,0,0.05542515523537696,5.440614787120447,LOW,7,1850,6,264.2857142857143,1.1666666666666667,0,7,79.77686516084874,0.0
PRV55749,0,0.08767750446039263,8.6693290931303,LOW,4,410,4,102.5,1.0,0,4,73.18617385352499,0.0
PRV57645,0,0.10025492605134456,9.92842810449554,LOW,6,390,6,65.0,1.0,0,6,72.69495779146703,0.0
PRV54210,0,0.03105968140273822,3.001438856483687,LOW,20,4610,18,230.5,1.1111111111111112,0,20,77.4029964255837,0.0
PRV51336,0,0.15348100236100906,15.256777764696219,LOW,69,129450,59,1876.0869565217392,1.1694915254237288,10,59,75.26835897588508,14.492753623188406
PRV54633,0,0.0928505064859022,9.187187359151622,LOW,12,1430,6,119.16666666666667,2.0,0,12,71.52635181382614,0.0
PRV54546,0,0.07928254946365208,7.828927945691964,LOW,6,910,6,151.66666666666666,1.0,0,6,68.5968514715948,0.0
PRV51065,0,0.19440435853218851,19.353528193571666,LOW,28,76570,16,2734.6428571428573,1.75,10,18,79.03596061706943,35.714285714285715
PRV52191,0,0.024285260526820826,2.3232659443523334,LOW,28,8640,25,308.57142857142856,1.12,0,28,79.89344284736482,3.571428571428571
PRV54164,1,0.377113519054825,37.64415491049108,LOW,2,4100,1,2050.0,2.0,1,1,83.24845995893224,50.0
PRV53661,0,0.21243346021795312,21.158383341679293,LOW,1,200,1,200.0,1.0,0,1,82.50239561943874,0.0
PRV56092,0,0.1507304914227345,14.981429945742441,LOW,5,4330,4,866.0,1.25,0,5,80.70773442847366,20.0
PRV53611,0,0.0235665504821353,2.2513174054425136,LOW,36,14410,36,400.27777777777777,1.0,0,36,73.93984333409384,5.555555555555555
PRV56415,0,0.02955749128163777,2.8510577880999364,LOW,41,15990,41,390.0,1.0,0,41,77.27096375686548,2.4390243902439024
PRV52169,0,0.02536639493438342,2.4314960178909573,LOW,39,10000,38,256.4102564102564,1.0263157894736843,0,39,75.44363990057279,0.0
PRV57363,0,0.17055696966319636,16.96621665030663,LOW,2,400,2,200.0,1.0,0,2,76.95824777549623,0.0
PRV52334,0,0.1306945705525798,12.975676383537596,LOW,67,113980,43,1701.1940298507463,1.558139534883721,8,59,76.08520862143625,17.91044776119403
PRV54819,1,0.39838445889808777,39.77354360385639,LOW,25,158110,21,6324.4,1.1904761904761905,23,2,79.53611284706723,88.0
PRV56889,0,0.2394713561424385,23.86508978240211,LOW,50,126550,27,2531.0,1.8518518518518519,5,45,73.664235643985,16.0
PRV52087,0,0.07543459214462005,7.4437170961443675,LOW,56,20350,42,363.39285714285717,1.3333333333333333,2,54,78.71047227926078,5.357142857142857
PRV54684,0,0.07297223084686431,7.197215326826351,LOW,133,43360,128,326.01503759398497,1.0390625,0,133,77.70285763175907,3.7593984962406015
PRV51798,0,0.08038272318161505,7.939064004231475,LOW,10,1420,8,142.0,1.25,0,10,78.61498973305955,0.0
PRV53824,0,0.08015625587648458,7.916392842425031,LOW,114,35580,91,312.10526315789474,1.2527472527472527,0,114,77.75553399372701,2.631578947368421
PRV52617,0,0.298038912309325,29.72816366718422,LOW,238,407900,109,1713.8655462184875,2.18348623853211,42,196,77.56905214591731,18.907563025210084
PRV56390,1,0.5147027459508304,51.41792072620439,MEDIUM,5,40220,3,8044.0,1.6666666666666667,2,3,66.46680355920603,40.0
PRV55302,0,0.19987658439252445,19.90134112334361,LOW,1,400,1,400.0,1.0,0,1,72.66803559206024,0.0
PRV53942,0,0.17830699587393356,17.742055344225722,LOW,25,77620,16,3104.8,1.5625,8,17,77.87839379420488,32.0
PRV52255,0,0.07571564389496532,7.471852591042366,LOW,10,720,7,72.0,1.4285714285714286,0,10,78.02366285323164,0.0
PRV55903,0,0.26145150686217655,26.065476073085918,LOW,50,197820,25,3956.4,2.0,23,27,79.02663182129301,48.0
PRV51705,0,0.20264065727330666,20.178046599610543,LOW,1,400,1,400.0,1.0,0,1,82.6694045174538,0.0
PRV54099,0,0.20759689403483672,20.67420495459674,LOW,217,187860,90,865.7142857142857,2.411111111111111,14,203,76.85573360994094,6.912442396313365
PRV53202,0,0.0894042220542272,8.842187130811736,LOW,11,670,8,60.90909090909091,1.375,0,11,79.41683778234086,0.0
PRV56829,0,0.10986753832290666,10.89072634028563,LOW,193,56270,95,291.55440414507774,2.031578947368421,0,193,75.28441226268959,2.072538860103627
PRV54334,0,0.04219118750648443,4.115790333762282,LOW,105,22590,49,215.14285714285714,2.142857142857143,0,105,76.61417256841135,0.9523809523809524
PRV51389,0,0.21259608147469203,21.174663010934733,LOW,79,153470,60,1942.6582278481012,1.3166666666666667,18,61,76.08028658542005,24.050632911392405
PRV54043,0,0.24289874893236243,24.208198808536533,LOW,3,5540,3,1846.6666666666667,1.0,0,3,73.27857631759069,66.66666666666666
PRV57544,0,0.038818135674008325,3.7781212656752565,LOW,52,10340,47,198.84615384615384,1.1063829787234043,0,52,79.91000043689108,1.9230769230769231
PRV53119,1,0.33193475266113354,33.12140438569989,LOW,18,26410,11,1467.2222222222222,1.6363636363636365,3,15,75.97653270753888,11.11111111111111
PRV56479,0,0.07898496767473348,7.799137663676034,LOW,140,38990,118,278.5,1.1864406779661016,0,140,75.50505226278727,2.857142857142857
PRV56810,0,0.03015981484244545,2.9113551228478243,LOW,14,7890,14,563.5714285714286,1.0,0,14,74.75662462110101,7.142857142857142
PRV57531,0,0.023818515227701377,2.27654106195645,LOW,68,16630,43,244.55882352941177,1.5813953488372092,0,68,74.57007783773459,2.941176470588235
PRV55818,0,0.1719743518238162,17.10810777355935,LOW,10,5620,8,562.0,1.25,2,8,79.4590006844627,10.0
PRV57715,1,0.5256556187508276,52.51438960214686,MEDIUM,860,688200,370,800.2325581395348,2.324324324324324,42,818,76.7197647004724,7.325581395348838
PRV51083,0,0.042734515497657534,4.170181747104525,LOW,90,18100,81,201.11111111111111,1.1111111111111112,0,90,77.74289553071209,2.2222222222222223
PRV53260,0,0.11650313702367665,11.55500205876567,LOW,134,31320,103,233.73134328358208,1.3009708737864079,2,132,75.9555099247091,1.4925373134328357
PRV55289,0,0.02766164795365491,2.661268931719084,LOW,14,3710,12,265.0,1.1666666666666667,0,14,78.59069130732375,0.0
PRV52549,0,0.20352850743583561,20.266927397141007,LOW,156,97160,49,622.8205128205128,3.183673469387755,6,150,78.26876568560347,8.333333333333332
PRV51557,0,0.2046702946601336,20.381229295579175,LOW,10,16740,9,1674.0,1.1111111111111112,1,9,83.91676933607118,20.0
PRV52778,0,0.17970860748646367,17.8823677113427,LOW,1,100,1,100.0,1.0,0,1,77.08418891170432,0.0
PRV51871,0,0.029426684285405298,2.837962977017636,LOW,30,5920,29,197.33333333333334,1.0344827586206897,0,30,78.3183931648139,0.0
PRV53613,0,0.19166231888074156,19.079028417183093,LOW,135,168350,117,1247.037037037037,1.1538461538461537,15,120,76.92401386171697,12.592592592592592
PRV51562,0,0.045626153800838794,4.459657527369424,LOW,24,5820,24,242.5,1.0,0,24,77.16027834816336,0.0
PRV54341,0,0.07200146279470138,7.100033795150367,LOW,55,23970,33,435.8181818181818,1.6666666666666667,1,54,76.30680033820511,5.454545454545454
PRV56835,0,0.03489015978608306,3.3848999268349416,LOW,103,24640,52,239.2233009708738,1.9807692307692308,0,103,77.50197441162534,2.912621359223301
PRV57336,0,0.1035632919710551,10.259621602989592,LOW,135,28220,117,209.03703703703704,1.1538461538461537,0,135,76.33853407980718,2.9629629629629632
PRV56213,0,0.24007577032142868,23.92559640450414,LOW,643,161060,355,250.48211508553655,1.8112676056338028,0,643,77.3448554434065,2.177293934681182
PRV51273,0,0.28461066127024875,28.383889923523736,LOW,553,131340,387,237.50452079566003,1.4289405684754521,0,553,75.86495391815099,1.9891500904159132
PRV55869,0,0.20020562225219782,19.934280405916002,LOW,346,152590,170,441.0115606936416,2.0352941176470587,8,338,75.96182653759656,6.069364161849711
PRV53788,0,0.03247238343686174,3.1428614621947166,LOW,18,3500,18,194.44444444444446,1.0,0,18,77.29713286181459,0.0
PRV54878,0,0.10665501305519265,10.569127246280987,LOW,16,9240,14,577.5,1.1428571428571428,1,15,75.84467259867671,12.5
PRV51304,0,0.11248779900936758,11.153035082660578,LOW,51,39350,38,771.5686274509804,1.3421052631578947,2,49,75.75920953333684,5.88235294117647
PRV53846,0,0.046775745008237134,4.574740666011346,LOW,12,2640,11,220.0,1.0909090909090908,0,12,80.47787941011761,0.0
PRV52391,0,0.028458326464131864,2.741022728446315,LOW,22,9030,15,410.45454545454544,1.4666666666666666,0,22,75.25092402464065,9.090909090909092
PRV52572,0,0.22253460091149088,22.16958712211423,LOW,3,4150,3,1383.3333333333333,1.0,0,3,84.77754962354551,33.33333333333333
PRV56643,0,0.23149309747025407,23.066403220619833,LOW,24,72690,16,3028.75,1.5,8,16,81.81892850476014,37.5
PRV54204,1,0.5741604211515445,57.370102540412674,HIGH,4,62200,4,15550.0,1.0,4,0,75.77002053388091,75.0
PRV51299,0,0.03517296773623984,3.41321123117293,LOW,37,6230,27,168.3783783783784,1.3703703703703705,0,37,71.31239384490583,0.0
PRV56416,1,0.8781241334214898,87.79926537338326,CRITICAL,1592,2744870,613,1724.1645728643216,2.597063621533442,214,1378,74.21200616508845,15.954773869346733
PRV56615,0,0.13748329442592375,13.655281138418998,LOW,129,64650,97,501.16279069767444,1.3298969072164948,3,126,77.97661651929765,3.10077519379845
PRV51441,0,0.030066616341355934,2.9020252184843613,LOW,85,29130,79,342.70588235294116,1.0759493670886076,0,85,78.13732574359507,5.88235294117647
PRV57696,0,0.11812625596906623,11.717489055380174,LOW,3,100,3,33.333333333333336,1.0,0,3,81.5003422313484,0.0
PRV54998,1,0.418309891581317,41.76823642790283,LOW,207,563540,83,2722.415458937198,2.4939759036144578,59,148,78.74233665034487,28.019323671497588
PRV57551,0,0.06112352371230063,6.01106637481716,LOW,132,42330,100,320.6818181818182,1.32,0,132,75.61779603011637,5.303030303030303
PRV53186,0,0.07429130951433115,7.329265495782702,LOW,8,4710,7,588.75,1.1428571428571428,0,8,80.19047619047619,12.5
PRV55036,0,0.02965416303712841,2.8607353925982038,LOW,64,14760,63,230.625,1.0158730158730158,0,64,79.45929619851591,1.5625
PRV51654,0,0.23259691510905234,23.17690406434906,LOW,2,220,2,110.0,1.0,0,2,64.50102669404518,0.0
PRV54132,0,0.14575943825157175,14.48378835139867,LOW,5,530,5,106.0,1.0,0,5,67.50006844626968,0.0
PRV52073,1,0.33005411077349495,32.933137313284874,LOW,64,359250,35,5613.28125,1.8285714285714285,28,36,78.19849418206708,40.625
PRV54947,0,0.04817413326857033,4.714730350173393,LOW,26,7630,24,293.46153846153845,1.0833333333333333,0,26,78.51722564453571,3.8461538461538463
PRV51978,1,0.4022000653908366,40.15551588076845,LOW,4,31000,4,7750.0,1.0,4,0,85.29089664613278,100.0
PRV53102,0,0.021487586563525354,2.043196734949216,LOW,19,5910,16,311.05263157894734,1.1875,0,19,77.67642026009582,5.263157894736842
PRV57122,0,0.14177040072353314,14.084454261217147,LOW,14,10140,12,724.2857142857143,1.1666666666666667,1,13,75.67967145790554,7.142857142857142
PRV53664,0,0.1251504808821297,12.420669320086237,LOW,132,59730,85,452.5,1.5529411764705883,0,132,76.82003462575996,9.848484848484848
PRV54200,1,0.465632935050486,46.505645984857594,MEDIUM,13,173090,13,13314.615384615385,1.0,13,0,78.44805981150951,92.3076923076923
PRV57282,0,0.033685257564864665,3.264279719858717,LOW,41,8350,25,203.65853658536585,1.64,0,41,77.60339493497604,0.0
PRV54305,0,0.07552032433626071,7.452299564097464,LOW,6,2660,5,443.3333333333333,1.2,0,6,75.20054757015743,0.0
PRV56109,0,0.04819851165574013,4.717170818830837,LOW,12,2320,11,193.33333333333334,1.0909090909090908,0,12,72.33451558708232,0.0
PRV52698,0,0.16932707270337558,16.84309427303771,LOW,123,41770,55,339.5934959349593,2.2363636363636363,1,122,79.96000782243082,1.6260162601626018
PRV57675,0,0.14493856773074498,14.401612743802328,LOW,3,1650,3,550.0,1.0,0,3,68.88888888888889,0.0
PRV55741,0,0.07098882161045383,6.9986604329923345,LOW,6,1220,6,203.33333333333334,1.0,0,6,81.97262149212868,0.0
PRV56549,1,0.4528213826690299,45.22310863641172,MEDIUM,2,14000,2,7000.0,1.0,2,0,82.33401779603011,100.0
PRV53980,0,0.03067373070838614,2.9628021506866884,LOW,22,3730,15,169.54545454545453,1.4666666666666666,0,22,74.03896874287018,0.0
PRV52986,0,0.20908811153163634,20.82348757682367,LOW,36,132490,24,3680.277777777778,1.5,9,27,76.63482811154533,27.77777777777778
PRV54349,0,0.05662286052090323,5.560514524122021,LOW,77,17850,27,231.8181818181818,2.8518518518518516,0,77,76.48774304763354,0.0
PRV52064,1,0.7487429526381898,74.84718965297395,CRITICAL,2844,1119680,1499,393.69901547116734,1.8972648432288193,38,2806,77.12917272701345,3.8677918424753868
PRV54585,0,0.026539343283760775,2.5489173904993114,LOW,75,22620,34,301.6,2.2058823529411766,0,75,77.87325361356042,4.0
PRV51311,0,0.10280375222857292,10.183585689592215,LOW,21,16010,15,762.3809523809524,1.4,3,18,77.08799148224199,14.285714285714285
PRV53908,0,0.12407396909313151,12.312902007092152,LOW,15,8510,15,567.3333333333334,1.0,0,15,67.5004334930413,6.666666666666667
PRV55285,0,0.09639098545118138,9.541617202558426,LOW,7,530,7,75.71428571428571,1.0,0,7,68.97663048792413,0.0
PRV56135,1,0.3563302918110525,35.563590091511166,LOW,22,57230,14,2601.3636363636365,1.5714285714285714,3,19,79.78131416837782,27.27272727272727
PRV52790,0,0.05421828249402555,5.319797315551204,LOW,28,6860,15,245.0,1.8666666666666667,0,28,75.8777093315081,0.0
PRV53703,0,0.04016719245265856,3.9131724797886522,LOW,39,6160,39,157.94871794871796,1.0,0,39,78.99176889731304,0.0
PRV55140,1,0.4384790900756828,43.78733213051919,LOW,9,85000,9,9444.444444444445,1.0,9,0,71.62095976880371,77.77777777777779
PRV53690,0,0.08304610179037637,8.205689190398022,LOW,11,1690,9,153.63636363636363,1.2222222222222223,0,11,78.26906989124649,0.0
PRV55363,0,0.06334206676218589,6.233160016234991,LOW,62,24070,32,388.2258064516129,1.9375,0,62,77.52908966461328,6.451612903225806
PRV54112,0,0.03720681232137283,3.6168151008447333,LOW,31,6590,18,212.58064516129033,1.7222222222222223,0,31,70.38390752148453,3.225806451612903
PRV51858,0,0.013202456050203171,1.2137898837182393,LOW,61,14380,59,235.7377049180328,1.0338983050847457,0,61,76.20171927748582,1.639344262295082
PRV52163,0,0.10520462727625259,10.423932200765826,LOW,62,37470,60,604.3548387096774,1.0333333333333334,2,60,76.63977390651564,9.67741935483871
PRV51801,0,0.04543538870696687,4.440560438243467,LOW,20,5030,20,251.5,1.0,0,20,83.60520191649555,5.0
PRV53562,0,0.1119686602819516,11.10106520523188,LOW,10,5890,10,589.0,1.0,0,10,70.18097193702943,10.0
PRV51218,0,0.09056485041338393,8.958375175317453,LOW,7,520,7,74.28571428571429,1.0,0,7,66.45233206218833,0.0
PRV54115,0,0.07866944755283929,7.767551613175142,LOW,4,170,4,42.5,1.0,0,4,79.79123887748118,0.0
PRV51820,1,0.35010187423914435,34.940076412618424,LOW,5,25000,5,5000.0,1.0,5,0,83.01656399726214,80.0
PRV56080,0,0.08233399822182957,8.134402011808737,LOW,5,250,5,50.0,1.0,0,5,82.10102669404517,0.0
PRV52562,0,0.12177782339259792,12.08303972883536,LOW,87,90620,56,1041.6091954022988,1.5535714285714286,6,81,79.2748286038083,8.045977011494253
PRV54603,0,0.015101474996983262,1.4038966445645777,LOW,57,16180,32,283.859649122807,1.78125,0,57,76.4069986310746,3.508771929824561
PRV52926,0,0.19179059440873109,19.0918698083463,LOW,17,53760,12,3162.3529411764707,1.4166666666666667,4,13,78.20876112251882,17.647058823529413
PRV53341,0,0.06322732622726193,6.221673584533424,LOW,9,4090,9,454.44444444444446,1.0,0,9,72.14814814814815,0.0
PRV51148,1,0.33049852100942645,32.9776262798553,LOW,330,488660,230,1480.7878787878788,1.434782608695652,34,296,77.46453155945586,12.727272727272727
PRV51091,0,0.03831433327704617,3.7276866757753027,LOW,44,9270,44,210.6818181818182,1.0,0,44,72.53251197809719,2.272727272727273
PRV53642,0,0.08796219146696743,8.697828505822702,LOW,6,3270,6,545.0,1.0,0,6,76.97239333789642,0.0
PRV56501,0,0.2724788992963301,27.169404951622333,LOW,232,175190,126,755.1293103448276,1.8412698412698412,6,226,74.35196592896797,6.4655172413793105
PRV51673,0,0.143169148867465,14.224479972563305,LOW,183,51180,77,279.672131147541,2.3766233766233764,0,183,75.95242539801062,3.278688524590164
PRV51027,0,0.0331866238866669,3.2143625594365934,LOW,53,29840,44,563.0188679245283,1.2045454545454546,0,53,75.30869267624915,13.20754716981132
PRV54550,0,0.043087983636738554,4.205566693156281,LOW,21,5550,13,264.2857142857143,1.6153846153846154,0,21,75.9997893960933,4.761904761904762
PRV57560,1,0.42572393816564125,42.51044091369776,LOW,2,9000,1,4500.0,2.0,1,1,67.00068446269678,50.0
PRV56276,0,0.28173532573133525,28.096046178427862,LOW,7,13390,6,1912.857142857143,1.1666666666666667,1,6,75.65542192236238,14.285714285714285
PRV52795,0,0.022879225396054106,2.182510748202533,LOW,19,6150,13,323.6842105263158,1.4615384615384615,0,19,78.1409993155373,5.263157894736842
PRV54764,0,0.1793822599891005,17.849697755237624,LOW,51,162080,35,3178.0392156862745,1.457142857142857,13,38,77.64556240018253,27.450980392156865
PRV54735,0,0.17202752124461385,17.11343045155635,LOW,38,59710,33,1571.3157894736842,1.1515151515151516,5,33,79.41503656471775,15.789473684210526
PRV57712,0,0.15142272211068109,15.050727692385301,LOW,9,11770,7,1307.7777777777778,1.2857142857142858,2,7,73.14776789109438,22.22222222222222
PRV53004,0,0.02234028255258524,2.1285583227004583,LOW,18,4310,16,239.44444444444446,1.125,0,18,74.62559890485969,0.0
PRV55416,0,0.18173190040195036,18.08491527573573,LOW,73,20330,38,278.4931506849315,1.9210526315789473,2,71,78.84216290212183,2.73972602739726
PRV57557,0,0.07432980060189573,7.333118756957775,LOW,97,20700,39,213.4020618556701,2.4871794871794872,0,97,76.22892644658559,1.0309278350515463
PRV55604,1,0.410692910988747,41.00571664876205,LOW,17,130000,17,7647.058823529412,1.0,17,0,73.93066795506704,82.35294117647058
PRV57324,0,0.20037651800460454,19.951388417390838,LOW,117,213550,91,1825.2136752136753,1.2857142857142858,22,95,77.00246895472768,19.65811965811966
PRV53553,0,0.046592608104925326,4.556407218870615,LOW,30,7060,20,235.33333333333334,1.5,0,30,75.02929500342232,3.3333333333333335
PRV53281,0,0.20915423059139596,20.83010661572395,LOW,53,138310,26,2609.622641509434,2.0384615384615383,21,32,77.11640641166451,37.735849056603776
PRV54713,0,0.0728748048796826,7.187462219794617,LOW,17,1770,17,104.11764705882354,1.0,0,17,73.5005032813947,0.0
PRV57232,0,0.049448736185559984,4.842328146037963,LOW,7,910,7,130.0,1.0,0,7,78.54854796127896,0.0
PRV52922,0,0.12860906311577264,12.766900655309819,LOW,33,49510,19,1500.3030303030303,1.736842105263158,7,26,76.6881131644992,24.242424242424242
PRV52138,0,0.131867657684331,13.093111649355176,LOW,188,58880,179,313.1914893617021,1.0502793296089385,0,188,75.53294406907338,4.787234042553192
PRV51697,0,0.034766887564269953,3.3725594060460593,LOW,63,21600,54,342.85714285714283,1.1666666666666667,0,63,77.77306259031104,6.349206349206349
PRV55768,0,0.06515897469605132,6.415046817653602,LOW,64,24570,34,383.90625,1.8823529411764706,0,64,77.00752908966462,6.25
PRV52266,1,0.5999965333631374,59.95650096141654,HIGH,37,460400,30,12443.243243243243,1.2333333333333334,37,0,74.15049053159936,94.5945945945946
PRV55995,0,0.03498121142910616,3.3940149137887095,LOW,46,19840,42,431.30434782608694,1.0952380952380953,0,46,79.52824223460773,6.521739130434782
PRV51356,0,0.16033834839686914,15.943252138788285,LOW,95,187800,75,1976.842105263158,1.2666666666666666,17,78,77.33540928612797,18.947368421052634
PRV56247,0,0.10752579626482116,10.656299507338488,LOW,26,20410,19,785.0,1.368421052631579,2,24,74.42482318047,15.384615384615385
PRV53666,0,0.029699829537331714,2.865306969120681,LOW,20,3510,19,175.5,1.0526315789473684,0,20,78.39547534133074,0.0
PRV56706,1,0.32362261909238565,32.289294315836656,LOW,347,346360,137,998.1556195965418,2.5328467153284673,31,316,75.25903110502699,12.680115273775217
PRV51209,0,0.01807877722910544,1.7019480591484182,LOW,42,9910,38,235.95238095238096,1.105263157894737,0,42,77.94985410137252,0.0
PRV51601,0,0.06191131327654452,6.089930317981545,LOW,14,3690,14,263.57142857142856,1.0,0,14,73.25100224894886,7.142857142857142
PRV54270,0,0.011101751127476987,1.0034927673937444,LOW,34,11320,27,332.94117647058823,1.2592592592592593,0,34,71.09620503460339,2.941176470588235
PRV54855,0,0.09180132725676851,9.082156250780608,LOW,212,56930,129,268.5377358490566,1.6434108527131783,0,212,76.34660342019112,2.8301886792452833
PRV52706,0,0.3071069581379971,30.635946510856204,LOW,26,33190,23,1276.5384615384614,1.1304347826086956,2,24,78.03367556468173,7.6923076923076925
PRV56498,0,0.08934125950285944,8.835884083274774,LOW,7,2510,6,358.57142857142856,1.1666666666666667,0,7,80.7916951859457,0.0
PRV57277,0,0.07536272053803696,7.436522181976976,LOW,7,1250,7,178.57142857142858,1.0,0,7,74.17737361885206,0.0
PRV55673,0,0.18411425444475707,18.323407688375994,LOW,60,110000,48,1833.3333333333333,1.25,9,51,75.29016329324338,18.333333333333332
PRV54203,0,0.029554175240296052,2.850725826231217,LOW,51,12930,45,253.52941176470588,1.1333333333333333,0,51,80.23028367176211,1.9607843137254901
PRV53995,0,0.13649145178192115,13.555989874032031,LOW,3,440,3,146.66666666666666,1.0,0,3,80.02737850787132,0.0
PRV55800,0,0.19791560297377528,19.705031430788747,LOW,1,50,1,50.0,1.0,0,1,80.66803559206024,0.0
PRV54373,0,0.16428909626019872,16.338753131809792,LOW,8,5830,7,728.75,1.1428571428571428,1,7,77.84291581108829,12.5
PRV56347,0,0.15887747001868005,15.797006701406591,LOW,51,106110,36,2080.5882352941176,1.4166666666666667,9,42,78.10075927606131,15.686274509803921
PRV52369,0,0.2208019162008175,21.996131729016334,LOW,547,163780,358,299.41499085923215,1.5279329608938548,0,547,75.90634714877312,3.656307129798903
PRV52940,0,0.09847996019259815,9.750740035299991,LOW,9,950,7,105.55555555555556,1.2857142857142858,0,9,76.40559303803659,0.0
PRV53534,0,0.0879445989712452,8.696067358372,LOW,76,24190,41,318.2894736842105,1.853658536585366,0,76,71.87045291397472,3.9473684210526314
PRV54789,1,0.4412177212935834,44.061490695851305,LOW,3,30000,3,10000.0,1.0,3,0,78.00045630846452,100.0
PRV51453,0,0.07574346525567072,7.474637728481362,LOW,12,7080,12,590.0,1.0,0,12,80.38809034907598,16.666666666666664
PRV53110,0,0.17863292943085662,17.774683861630894,LOW,30,23280,21,776.0,1.4285714285714286,1,29,77.3969557706724,10.0
PRV55689,1,0.58051088448674,58.00583396193137,HIGH,577,1226770,320,2126.117850953206,1.803125,104,473,76.51630860356337,19.23743500866551
PRV53601,1,0.5045515781880887,50.401708841928716,MEDIUM,2,6000,2,3000.0,1.0,2,0,68.50239561943874,50.0
PRV53282,0,0.04042629856544227,3.939111043435063,LOW,31,5730,24,184.83870967741936,1.2916666666666667,0,31,72.96942733287703,3.225806451612903
PRV52739,0,0.028349305933355027,2.730108914233521,LOW,53,11400,39,215.0943396226415,1.358974358974359,0,53,77.22859299039997,0.0
PRV57413,0,0.04129286751060826,4.0258614234114525,LOW,52,18030,31,346.7307692307692,1.6774193548387097,0,52,70.24300633679981,7.6923076923076925
PRV56375,0,0.049525403008715406,4.850003099170563,LOW,54,15220,29,281.85185185185185,1.8620689655172413,0,54,75.52323632844768,3.7037037037037033
PRV54724,1,0.44993435713005886,44.93409463019287,MEDIUM,71,495650,45,6980.985915492958,1.5777777777777777,48,23,81.10212796387671,61.97183098591549
PRV55054,0,0.03579921875363715,3.4759038928738537,LOW,69,12650,59,183.33333333333334,1.1694915254237288,0,69,78.05222798408334,0.0
PRV56707,0,0.1611115528357245,16.020655995970458,LOW,18,2860,6,158.88888888888889,3.0,0,18,77.3201003878622,0.0
PRV54414,0,0.12680774804563674,12.586574822422335,LOW,30,31780,17,1059.3333333333333,1.7647058823529411,1,29,79.50520952163663,16.666666666666664
PRV51390,1,0.7423621805700895,74.2084240884586,CRITICAL,275,1607260,146,5844.581818181819,1.8835616438356164,164,111,77.22709822986585,54.18181818181819
PRV52846,1,0.8330291945147074,83.28490664059245,CRITICAL,241,2117010,164,8784.273858921162,1.4695121951219512,175,66,76.15964629927669,69.70954356846472
PRV56527,0,0.05611230919561059,5.509404313314615,LOW,57,19990,30,350.70175438596493,1.9,0,57,74.4311202372804,3.508771929824561
PRV51640,0,0.2557847371099171,25.498187766726115,LOW,7,17490,4,2498.5714285714284,1.75,3,4,78.53446758580229,28.57142857142857
PRV54681,0,0.21522677528429462,21.438016191149202,LOW,301,63790,285,211.9269102990033,1.056140350877193,0,301,78.4164174982288,1.3289036544850499
PRV53090,0,0.14387589866090048,14.295231196076186,LOW,179,58850,71,328.7709497206704,2.5211267605633805,0,179,81.02885347678128,5.027932960893855
PRV51131,0,0.06525802825206689,6.424962859153009,LOW,8,1160,8,145.0,1.0,0,8,77.88637919233402,0.0
PRV53963,0,0.16912518894034967,16.8228841175143,LOW,39,70660,33,1811.7948717948718,1.1818181818181819,4,35,77.32955953900513,10.256410256410255
PRV56258,0,0.0528879678839137,5.186622340196833,LOW,70,26130,70,373.2857142857143,1.0,0,70,77.91172386819204,7.142857142857142
PRV52372,0,0.2383307725392207,23.7509083759186,LOW,124,292040,56,2355.1612903225805,2.2142857142857144,27,97,78.62069959292482,23.387096774193548
PRV56039,0,0.05294643551356677,5.192475410650161,LOW,97,26020,34,268.2474226804124,2.8529411764705883,0,97,75.11551314571003,2.0618556701030926
PRV51514,0,0.21482986849285918,21.398282693700086,LOW,93,239220,70,2572.2580645161293,1.3285714285714285,21,72,79.74058863791923,21.50537634408602
PRV55925,0,0.17524557606870314,17.435583097727076,LOW,21,50810,16,2419.5238095238096,1.3125,4,17,82.4258726899384,23.809523809523807
PRV57618,0,0.12494410621586942,12.400009589760739,LOW,220,55280,95,251.27272727272728,2.3157894736842106,0,220,76.48779855182103,3.1818181818181817
PRV57761,0,0.03204524455196687,3.1001014939613487,LOW,82,18470,67,225.2439024390244,1.2238805970149254,0,82,77.6272232267819,1.2195121951219512
PRV51960,0,0.31289714571073446,31.21558991357855,LOW,48,266640,25,5555.0,1.92,21,27,78.26919157350369,41.66666666666667
PRV52175,0,0.1655476347192665,16.46474274884842,LOW,221,58320,215,263.8914027149321,1.027906976744186,0,221,78.12969135507697,2.7149321266968327
PRV52990,0,0.2182614735356265,21.741813399536696,LOW,79,208160,43,2634.9367088607596,1.8372093023255813,22,57,81.38659697591935,26.582278481012654
PRV52564,0,0.1402648905049186,13.93374082490986,LOW,21,39700,16,1890.4761904761904,1.3125,5,16,81.21091229099443,23.809523809523807
PRV56358,0,0.09052689246065172,8.954575285140205,LOW,4,240,4,60.0,1.0,0,4,80.0848733744011,0.0
PRV54145,0,0.14646397650998516,14.554318182828943,LOW,6,6320,5,1053.3333333333333,1.2,0,6,79.63258042436686,33.33333333333333
PRV56471,0,0.04096907421500217,3.993447163029371,LOW,43,10490,21,243.95348837209303,2.0476190476190474,0,43,76.31002900818096,0.0
PRV55500,0,0.044453733345618265,4.342289001125975,LOW,38,15060,37,396.3157894736842,1.027027027027027,0,38,76.49769687552029,5.263157894736842
PRV56685,1,0.4064357888948259,40.5795451810287,LOW,405,435290,112,1074.79012345679,3.6160714285714284,35,370,75.05729688145219,10.617283950617285
PRV53648,0,0.11776770076906819,11.681594854444572,LOW,20,10540,12,527.0,1.6666666666666667,0,20,83.93771389459275,5.0
PRV56722,0,0.1206765566300808,11.972794247922785,LOW,25,24770,23,990.8,1.0869565217391304,2,23,73.43660506502395,12.0
PRV57673,0,0.1373098670052426,13.637919687000345,LOW,217,51690,125,238.20276497695852,1.736,0,217,76.3542559890486,2.3041474654377883
PRV54999,1,0.35591473919479855,35.52199000006858,LOW,10,40940,7,4094.0,1.4285714285714286,3,7,79.08309377138946,30.0
PRV52950,0,0.05697260162219624,5.595526364322131,LOW,116,33830,64,291.63793103448273,1.8125,0,116,77.97014031485284,5.172413793103448
PRV52526,0,0.18255688010377646,18.167502244730464,LOW,1,90,1,90.0,1.0,0,1,77.75222450376455,0.0
PRV54135,0,0.21455232222149995,21.370498124871773,LOW,3,260,2,86.66666666666667,1.5,0,3,61.50034223134839,0.0
PRV56249,1,0.5834031942627806,58.295376961920695,HIGH,1110,875110,630,788.3873873873874,1.7619047619047619,56,1054,75.32528010556759,7.567567567567568
PRV52933,1,0.4476601957134457,44.70643315199271,MEDIUM,8,69390,4,8673.75,2.0,4,4,76.26420260095824,50.0
PRV56269,0,0.30327980049615966,30.252817872897293,LOW,17,83230,8,4895.882352941177,2.125,8,9,78.37525667351129,47.05882352941176
PRV54157,0,0.06980746933502309,6.88039776116308,LOW,130,27980,51,215.23076923076923,2.549019607843137,0,130,76.12626323630067,0.0
PRV55938,0,0.05875014247253344,5.773472210466857,LOW,9,1400,9,155.55555555555554,1.0,0,9,81.52863335614876,0.0
PRV52311,0,0.02180904336554168,2.0753770939113867,LOW,28,7770,23,277.5,1.2173913043478262,0,28,74.11897747224951,0.0
PRV56858,0,0.03673354108534516,3.5694369207399395,LOW,40,7870,23,196.75,1.7391304347826086,0,40,76.84075826563105,0.0
PRV53389,0,0.1599531408466488,15.904689827574853,LOW,13,19070,12,1466.923076923077,1.0833333333333333,1,12,79.34691728531564,15.384615384615385
PRV56176,0,0.018721193418484793,1.7662589819463355,LOW,21,7960,15,379.04761904761904,1.4,0,21,76.46068902578143,4.761904761904762
PRV53733,0,0.041700358891283824,4.066654521650089,LOW,20,6430,19,321.5,1.0526315789473684,0,20,77.73695017832055,5.0
PRV57399,1,0.8162945903233074,81.60964089231395,CRITICAL,1,57000,1,57000.0,1.0,1,0,61.08418891170431,100.0
PRV53993,0,0.06512435631407872,6.411581244825215,LOW,201,53770,107,267.5124378109453,1.8785046728971964,0,201,76.87805689356286,1.9900497512437811
PRV57006,0,0.07945270670569317,7.845962026459734,LOW,105,40560,61,386.2857142857143,1.721311475409836,0,105,78.03969883641341,3.8095238095238098
PRV52408,0,0.06186742993544415,6.085537249736569,LOW,29,4270,12,147.24137931034483,2.4166666666666665,0,29,71.40383299110199,0.0
PRV54419,0,0.009188799706104585,0.811991256052784,LOW,28,4970,27,177.5,1.037037037037037,0,28,76.6300098866834,0.0
PRV52130,0,0.1775428799197492,17.665561315976397,LOW,93,141100,81,1517.2043010752689,1.1481481481481481,10,83,74.61212259487414,11.827956989247312
PRV52732,0,0.07649569614947671,7.549941968532509,LOW,10,2490,6,249.0,1.6666666666666667,0,10,76.00091261692904,0.0
PRV51251,0,0.06500034345535813,6.399166580445673,LOW,11,3590,10,326.3636363636364,1.1,0,11,73.9173169062286,0.0
PRV55554,0,0.04323544381741124,4.220328619228178,LOW,78,16180,66,207.43589743589743,1.1818181818181819,0,78,76.76527077759111,1.282051282051282
PRV54365,0,0.049348687355463376,4.832312469760283,LOW,115,31190,61,271.2173913043478,1.8852459016393444,0,115,80.13702718775596,5.217391304347826
PRV51518,0,0.11243477232579244,11.14772669378432,LOW,53,43920,43,828.6792452830189,1.2325581395348837,5,48,78.95146018708647,9.433962264150944
PRV56649,0,0.21062602243896106,20.977444577388347,LOW,266,192350,120,723.1203007518797,2.216666666666667,7,259,75.46798884826632,6.7669172932330826
PRV55866,0,0.030695664821092525,2.9649979282094554,LOW,115,31370,75,272.7826086956522,1.5333333333333334,0,115,77.63168605977641,4.3478260869565215
PRV54944,0,0.0897778262526195,8.879587855072744,LOW,120,38620,115,321.8333333333333,1.0434782608695652,0,120,78.0387227330893,4.166666666666666
PRV52598,0,0.07262856357473468,7.162811524787283,LOW,31,10490,30,338.38709677419354,1.0333333333333334,0,31,82.28866073465663,3.225806451612903
PRV51263,1,0.3496644090387149,34.89628269882865,LOW,44,218170,25,4958.409090909091,1.76,18,26,75.11034648611651,40.909090909090914
PRV55996,1,0.321982095781046,32.1250650050441,LOW,98,264130,66,2695.204081632653,1.4848484848484849,29,69,73.85410297361017,29.591836734693878
PRV52843,1,0.37620878907222505,37.553584309958495,LOW,251,592160,155,2359.203187250996,1.6193548387096774,47,204,75.77092834756294,19.12350597609562
PRV52308,1,0.3232647950763285,32.25347331217527,LOW,87,374760,40,4307.586206896552,2.175,40,47,74.71450300403073,44.827586206896555
PRV52012,1,0.6140946257175166,61.367831099089955,HIGH,1,8000,1,8000.0,1.0,1,0,98.16563997262149,100.0
PRV54465,0,0.10593314905749947,10.496862971821944,LOW,9,3610,5,401.1111111111111,1.8,0,9,73.78398357289527,11.11111111111111
PRV55189,0,0.24746911499065521,24.66572846546665,LOW,133,339940,82,2555.93984962406,1.6219512195121952,36,97,76.58720947534447,28.57142857142857
PRV53007,1,0.4001949502985357,39.95478805971761,LOW,96,400540,39,4172.291666666667,2.4615384615384617,37,59,78.38309779764062,38.54166666666667
PRV56248,1,0.33387355770016,33.315494047894575,LOW,934,283190,477,303.2012847965739,1.9580712788259957,0,934,75.67851203262462,3.747323340471092
PRV55940,0,0.017717074001114524,1.665738715804262,LOW,32,7690,29,240.3125,1.103448275862069,0,32,76.79586490122496,0.0
PRV51399,1,0.49431488217275715,49.37693490560598,MEDIUM,211,845070,143,4005.071090047393,1.4755244755244756,65,146,76.22510911848771,32.22748815165877
PRV56341,1,0.6688902507718206,66.85330495667675,HIGH,1,18000,1,18000.0,1.0,1,0,79.33196440793976,100.0
PRV57542,0,0.03886852172044353,3.7831653059655816,LOW,37,5330,35,144.05405405405406,1.0571428571428572,0,37,75.81218343600274,0.0
PRV55138,1,0.5348647014767157,53.43629135060125,MEDIUM,3,25000,3,8333.333333333334,1.0,3,0,87.66689482089892,100.0
PRV53657,0,0.053207877398343144,5.218647803478927,LOW,25,2850,24,114.0,1.0416666666666667,0,25,73.94159251654118,0.0
PRV52753,0,0.1261929651043327,12.525030205506816,LOW,2,130,2,65.0,1.0,0,2,66.91718001368926,0.0
PRV53294,0,0.24802501462145118,24.72137839899969,LOW,582,180760,230,310.58419243986253,2.5304347826086957,0,582,74.82177186560723,4.4673539518900345
PRV56895,1,0.38827354072324305,38.76136102049605,LOW,14,145000,13,10357.142857142857,1.0769230769230769,13,1,77.27407841986897,92.85714285714286
PRV53320,0,0.23877046795841167,23.794925352180528,LOW,62,81340,34,1311.9354838709678,1.8235294117647058,3,59,75.05254717903588,8.064516129032258
PRV56958,0,0.03633395692173663,3.5294353972386014,LOW,13,4980,12,383.0769230769231,1.0833333333333333,0,13,77.58316221765914,7.6923076923076925
PRV54048,0,0.090142080478921,8.916052573449662,LOW,4,830,4,207.5,1.0,0,4,78.2299794661191,0.0
PRV55495,0,0.29924158150930924,29.848560331138696,LOW,51,282660,27,5542.35294117647,1.8888888888888888,24,27,77.53926265920468,43.13725490196079
PRV51626,1,0.3300090370766383,32.92862508104869,LOW,9,36920,8,4102.222222222223,1.125,1,8,81.73214693132557,11.11111111111111
PRV54299,0,0.0849818210911138,8.399469945874364,LOW,5,1800,5,360.0,1.0,0,5,75.14962354551676,0.0
PRV51931,0,0.08818002999843458,8.71963585939069,LOW,46,18430,45,400.6521739130435,1.0222222222222221,1,45,79.09602251121758,4.3478260869565215
PRV56837,0,0.0317596581568104,3.071512045384738,LOW,42,17170,27,408.8095238095238,1.5555555555555556,0,42,79.25317514639897,7.142857142857142
PRV56966,0,0.17518571083053688,17.42959011564842,LOW,2,240,2,120.0,1.0,0,2,71.29089664613278,0.0
PRV53935,0,0.050174563479915904,4.914989177723734,LOW,12,5410,12,450.8333333333333,1.0,0,12,76.50695870408396,8.333333333333332
PRV52393,0,0.2791531682725767,27.83755186939944,LOW,91,197430,56,2169.5604395604396,1.625,16,75,72.88225033671148,18.681318681318682
PRV51455,0,0.20185772418224873,20.099668827681093,LOW,34,113650,25,3342.6470588235293,1.36,9,25,75.64287152232556,23.52941176470588
PRV54160,0,0.0779921418008939,7.69974797023453,LOW,9,4370,9,485.55555555555554,1.0,0,9,76.69480568864553,0.0
PRV52775,0,0.07734469527790032,7.63493347140279,LOW,7,3790,7,541.4285714285714,1.0,0,7,75.77354062775008,0.0
PRV56056,0,0.1963610115188515,19.54940457596665,LOW,1,40,1,40.0,1.0,0,1,70.5845311430527,0.0
PRV55309,0,0.03164854583226396,3.0603888261322676,LOW,35,11800,24,337.14285714285717,1.4583333333333333,0,35,75.67738991558294,5.714285714285714
PRV56755,0,0.22351581817492255,22.267814702178022,LOW,18,54160,14,3008.8888888888887,1.2857142857142858,3,15,79.78838023915932,16.666666666666664
PRV53943,0,0.141541398114694,14.061529295531267,LOW,109,91800,95,842.2018348623853,1.1473684210526316,8,101,77.7485828964069,9.174311926605505
PRV52165,0,0.1256121201905904,12.46688305258196,LOW,72,114060,56,1584.1666666666667,1.2857142857142858,10,62,76.426530657305,19.444444444444446
PRV57158,1,0.34048097954802325,33.976949041364996,LOW,271,411610,123,1518.8560885608856,2.203252032520325,30,241,76.33181561170134,12.546125461254611
PRV56474,0,0.16066999866678597,15.976452944211847,LOW,31,13970,26,450.64516129032256,1.1923076923076923,1,30,74.88863538418637,3.225806451612903
PRV51569,0,0.09112735639815735,9.014686456941721,LOW,5,1500,5,300.0,1.0,0,5,80.68391512662559,0.0
PRV55891,1,0.36180196228535055,36.111347422764275,LOW,51,312730,23,6131.9607843137255,2.217391304347826,26,25,79.37072020685983,50.98039215686274
PRV57479,0,0.028821710259601323,2.7774003098379487,LOW,19,7220,17,380.0,1.1176470588235294,0,19,76.68140274590328,5.263157894736842
PRV57407,0,0.081969685008362,8.097931388351675,LOW,217,62860,103,289.6774193548387,2.1067961165048543,0,217,74.16747406683812,2.3041474654377883
PRV56007,1,0.6182242044171355,61.78123446801141,HIGH,81,836930,55,10332.469135802468,1.4727272727272727,69,12,77.42065851440947,76.5432098765432
PRV53288,0,0.03546892830072906,3.442839215848228,LOW,43,12340,42,286.9767441860465,1.0238095238095237,0,43,76.36941429549232,4.651162790697675
PRV55209,1,0.8585814705392409,85.84289082264188,CRITICAL,762,2914700,434,3825.0656167979005,1.7557603686635945,275,487,75.54425378505795,35.958005249343834
PRV52085,1,0.43790017519570135,43.72937818918247,LOW,824,240620,747,292.0145631067961,1.1030789825970548,0,824,77.26934385958161,3.1553398058252426
PRV57167,0,0.10401297941741518,10.304638859908344,LOW,238,65100,102,273.52941176470586,2.3333333333333335,0,238,77.00425440538982,2.941176470588235
PRV56495,0,0.013671090997529325,1.260703934790046,LOW,36,11750,23,326.3888888888889,1.565217391304348,0,36,76.06606552986341,2.7777777777777777
PRV53358,0,0.2284691250220221,22.763679749641994,LOW,3,2840,3,946.6666666666666,1.0,0,3,61.582477754962355,33.33333333333333
PRV51556,0,0.1763478127947724,17.545925679634536,LOW,56,138250,46,2468.75,1.2173913043478262,10,46,77.76239366383103,21.428571428571427
PRV57600,0,0.12637075712982707,12.542828588260369,LOW,51,75000,40,1470.5882352941176,1.275,9,42,75.57438323959171,17.647058823529413
PRV53536,0,0.05054145653458803,4.951718063614525,LOW,31,5660,25,182.58064516129033,1.24,0,31,73.77314168377823,3.225806451612903
PRV54463,0,0.1821210549214671,18.123872709677862,LOW,3,2010,3,670.0,1.0,0,3,62.529774127310056,0.0
PRV55410,0,0.02128590138533135,2.0230064593323305,LOW,56,15380,33,274.64285714285717,1.696969696969697,0,56,80.61651421815692,1.7857142857142856
PRV53325,0,0.06272589398671957,6.17147626596793,LOW,63,12890,27,204.6031746031746,2.3333333333333335,0,63,76.92600197733667,0.0
PRV54918,1,0.5335577977132271,53.30545998547138,MEDIUM,166,874860,80,5270.240963855422,2.075,71,95,78.6984178570901,39.75903614457831
PRV55920,0,0.07939490358182798,7.840175478272079,LOW,110,25550,102,232.27272727272728,1.0784313725490196,0,110,77.91346244178712,2.727272727272727
PRV53487,0,0.1005164147414911,9.954605182910687,LOW,40,15530,17,388.25,2.3529411764705883,0,40,74.15243386882473,7.5
PRV51026,0,0.021062090593893745,2.0006012354798766,LOW,76,19840,56,261.05263157894734,1.3571428571428572,0,76,72.54903686320525,3.9473684210526314
PRV55595,0,0.03962189359379581,3.858583767060233,LOW,17,2610,16,153.52941176470588,1.0625,0,17,74.18822724161534,0.0
PRV51959,0,0.29379628644152517,29.3034433859159,LOW,751,213350,398,284.08788282290277,1.8869346733668342,0,751,78.51584410760167,2.6631158455392807
PRV54680,1,0.6382444178365416,63.785415590621575,HIGH,18,257000,17,14277.777777777777,1.0588235294117647,18,0,73.57829045375851,94.44444444444444
PRV54896,1,0.446651592289618,44.60546400147027,MEDIUM,159,616860,97,3879.622641509434,1.6391752577319587,56,103,77.45835584855362,33.33333333333333
PRV54559,0,0.25838399962390124,25.75839442657049,LOW,66,255560,37,3872.121212121212,1.7837837837837838,24,42,75.04717989360807,36.36363636363637
PRV57308,0,0.07774466411212884,7.674973503464394,LOW,6,3100,6,516.6666666666666,1.0,0,6,75.72210814510609,16.666666666666664
PRV56974,0,0.21274132603342075,21.189203135790933,LOW,1,80,1,80.0,1.0,0,1,101.99863107460644,0.0
PRV54274,0,0.06704088915149799,6.603441284134033,LOW,47,16740,17,356.17021276595744,2.764705882352941,0,47,76.91669686355034,6.382978723404255
PRV54988,0,0.020741841012561945,1.9685417288211289,LOW,41,14310,41,349.0243902439024,1.0,0,41,74.4227976160665,4.878048780487805
PRV52003,1,0.4892308213017557,48.86798035000742,MEDIUM,154,806950,76,5239.935064935065,2.026315789473684,77,77,78.50730093543235,50.649350649350644
PRV54627,0,0.04635253508145545,4.5323740174453055,LOW,26,5530,13,212.69230769230768,2.0,0,26,81.94239983151687,0.0
PRV56133,1,0.4095776074892755,40.894065979870824,LOW,15,144000,14,9600.0,1.0714285714285714,15,0,71.24317981812848,100.0
PRV51043,0,0.022583522451597424,2.1529085533225394,LOW,23,4480,20,194.7826086956522,1.15,0,23,76.31649555099247,0.0
PRV51212,0,0.03890393888905112,3.786710843630572,LOW,15,6260,15,417.3333333333333,1.0,0,15,75.15564681724845,6.666666666666667
PRV56594,0,0.0344269218890617,3.3385261630274137,LOW,70,29730,64,424.7142857142857,1.09375,0,70,78.65528747433265,7.142857142857142
PRV54528,0,0.07501602206640447,7.401814932981813,LOW,23,5710,9,248.2608695652174,2.5555555555555554,0,23,77.32420716404289,4.3478260869565215
PRV51214,0,0.07368730007357345,7.2687993911670805,LOW,8,3200,8,400.0,1.0,0,8,73.65639972621491,0.0
PRV54361,0,0.22952855986930795,22.869737526204332,LOW,40,83640,22,2091.0,1.8181818181818181,7,33,75.98154485765711,20.0
PRV53447,0,0.030671047238630064,2.962533514218357,LOW,39,6170,35,158.2051282051282,1.1142857142857143,0,39,76.88111860760732,0.0
PRV54166,0,0.02884625541497288,2.7798574733065218,LOW,20,6500,17,325.0,1.1764705882352942,0,20,77.47634577444941,5.0
PRV52887,1,0.44746971013024855,44.68736404408784,MEDIUM,530,383590,192,723.7547169811321,2.7604166666666665,23,507,76.29997085950895,6.037735849056604
PRV52898,1,0.3782841874778552,37.76134804450626,LOW,114,535930,64,4701.140350877193,1.78125,48,66,76.93548305321063,43.859649122807014
PRV52955,0,0.060358104538092414,5.934441883974071,LOW,73,14160,63,193.97260273972603,1.1587301587301588,0,73,77.886248818487,0.0
PRV52054,0,0.16754422854633588,16.664617524101992,LOW,240,78490,232,327.0416666666667,1.0344827586206897,0,240,78.30659208383487,5.0
PRV55926,0,0.03191565258299204,3.0871283166819556,LOW,26,6930,26,266.53846153846155,1.0,0,26,79.89438214078872,3.8461538461538463
PRV53148,0,0.04886015555719782,4.783406587122211,LOW,15,2580,13,172.0,1.1538461538461537,0,15,78.80713947243723,0.0
PRV56202,1,0.5612814597545561,56.08081701832882,HIGH,1,10000,1,10000.0,1.0,1,0,88.91444216290212,100.0
PRV55847,0,0.07180679376393144,7.080545891177886,LOW,185,40460,105,218.7027027027027,1.7619047619047619,0,185,77.01355236139631,2.1621621621621623
PRV57352,0,0.07917969424820932,7.81863132812681,LOW,44,25050,38,569.3181818181819,1.1578947368421053,3,41,77.55349660272783,6.8181818181818175
PRV55610,1,0.32680186271121436,32.60756165452841,LOW,1,1700,1,1700.0,1.0,0,1,92.83504449007529,0.0
PRV51679,0,0.22304123459570757,22.220305146178912,LOW,38,39420,15,1037.3684210526317,2.533333333333333,2,36,79.4798083504449,7.894736842105263
PRV55969,1,0.39778765771715074,39.71379910284992,LOW,688,204140,527,296.7151162790698,1.3055028462998102,0,688,77.66489381736665,4.069767441860465
PRV52553,1,0.4503829200838202,44.978999316541476,MEDIUM,8,62320,4,7790.0,2.0,4,4,75.5,50.0
PRV52681,0,0.14945350491098092,14.853593533259268,LOW,3,460,3,153.33333333333334,1.0,0,3,64.52931781884554,0.0
PRV51435,0,0.1368494584357148,13.591829161170029,LOW,23,33620,17,1461.7391304347825,1.3529411764705883,6,17,80.77885903044371,21.73913043478261
PRV57091,1,0.45033375371442436,44.97407737553385,MEDIUM,4,46000,3,11500.0,1.3333333333333333,4,0,82.41752224503765,75.0
PRV51416,0,0.07078935136562456,6.978691889658939,LOW,81,25640,79,316.5432098765432,1.0253164556962024,0,81,75.59642693144109,1.2345679012345678
PRV54978,0,0.10985739956301357,10.88971137052688,LOW,265,86760,126,327.39622641509436,2.1031746031746033,0,265,78.01544930087024,3.7735849056603774
PRV57623,0,0.0989603738593468,9.798833229002327,LOW,4,940,4,235.0,1.0,0,4,67.96030116358659,0.0
PRV51426,0,0.20358798046642504,20.272881116150625,LOW,206,145100,89,704.3689320388349,2.3146067415730336,6,200,75.98844687140375,4.368932038834951
PRV52380,0,0.08662313579338618,8.563778481135442,LOW,4,280,4,70.0,1.0,0,4,76.79329226557152,0.0
PRV57087,1,0.4033041132366523,40.266039770034155,LOW,4,31000,4,7750.0,1.0,4,0,80.72826830937714,100.0
PRV57543,1,0.3652347353928149,36.454995061081405,LOW,354,516360,285,1458.6440677966102,1.2421052631578948,46,308,76.99568181485179,14.124293785310735
PRV56191,0,0.034718056926550736,3.3676710744248286,LOW,62,20710,37,334.03225806451616,1.6756756756756757,0,62,71.70512607062915,4.838709677419355
PRV54223,0,0.07174624083879562,7.074484066214602,LOW,74,16480,25,222.7027027027027,2.96,0,74,73.69659137577003,2.7027027027027026
PRV57056,0,0.05063120256289956,4.960702348247418,LOW,10,1250,10,125.0,1.0,0,10,81.18384668035591,0.0
PRV56881,0,0.039575078211809375,3.853897178418074,LOW,78,17200,31,220.51282051282053,2.5161290322580645,0,78,75.45525601112803,1.282051282051282
PRV54893,0,0.08727369047406551,8.628904131043818,LOW,8,1830,8,228.75,1.0,0,8,70.16700889801506,0.0
PRV51851,1,0.39404822128410977,39.33945204913486,LOW,472,669490,303,1418.4110169491526,1.5577557755775577,53,419,76.50811577197614,13.559322033898304
PRV57525,0,0.17294842106464106,17.205619780233768,LOW,107,213820,67,1998.3177570093458,1.5970149253731343,21,86,76.30670948946103,17.75700934579439
PRV51014,0,0.02653310041715112,2.5482924303578813,LOW,30,10480,25,349.3333333333333,1.2,0,30,75.3569336071184,6.666666666666667
PRV51830,1,0.34333454568105853,34.262613497389495,LOW,6,20000,6,3333.3333333333335,1.0,6,0,72.49920146018708,83.33333333333334
PRV51123,0,0.10813601248462551,10.717386959446113,LOW,31,26910,28,868.0645161290323,1.1071428571428572,2,29,73.01808937127213,16.129032258064516
PRV53277,0,0.20737783013103578,20.6522749316022,LOW,44,129060,24,2933.181818181818,1.8333333333333333,15,29,77.01759471755848,34.090909090909086
PRV56243,1,0.5719812680569892,57.151952143916304,HIGH,909,922780,567,1015.1595159515952,1.6031746031746033,78,831,76.0152077638921,10.78107810781078
PRV52298,0,0.18848548338488283,18.761002150576648,LOW,218,153300,143,703.2110091743119,1.5244755244755244,9,209,75.96771617613507,8.256880733944955
PRV55376,0,0.028503717629256027,2.7455667417577287,LOW,88,21470,79,243.97727272727272,1.1139240506329113,0,88,75.83954115007062,2.272727272727273
PRV56340,1,0.6336336042649078,63.32383681887952,HIGH,3,57000,3,19000.0,1.0,3,0,69.47205110654802,100.0
PRV51563,0,0.042642012149074024,4.160921432984717,LOW,19,4280,19,225.26315789473685,1.0,0,19,79.50877192982456,0.0
PRV54822,1,0.44427853666899236,44.36790243416191,MEDIUM,16,136000,16,8500.0,1.0,16,0,72.12559890485969,93.75
PRV53622,0,0.09786869507239501,9.68954757999711,LOW,6,460,6,76.66666666666667,1.0,0,6,74.36139630390143,0.0
PRV52101,0,0.17218377641876342,17.129072825779854,LOW,15,12500,14,833.3333333333334,1.0714285714285714,1,14,79.25566963267168,6.666666666666667
PRV56540,1,0.47317112758561025,47.26027845859799,MEDIUM,1,0,1,0.0,1.0,1,0,69.67008898015058,0.0
PRV54573,0,0.03339881707326063,3.235604769497423,LOW,22,5960,14,270.90909090909093,1.5714285714285714,0,22,78.02346729246112,4.545454545454546
PRV57472,0,0.10979099180674325,10.883063430830948,LOW,4,1700,4,425.0,1.0,0,4,85.04175222450377,0.0
PRV52418,0,0.017693630466114125,1.6633918332156126,LOW,35,7730,24,220.85714285714286,1.4583333333333333,0,35,75.29911019849418,0.0
PRV52454,0,0.06250790044260414,6.149653394412348,LOW,15,1450,14,96.66666666666667,1.0714285714285714,0,15,76.35709396695022,0.0
PRV51984,0,0.21279314848513425,21.194390971568495,LOW,525,160780,337,306.247619047619,1.5578635014836795,0,525,77.10735909106603,4.380952380952381
PRV55671,1,0.5431478530692468,54.26550009626714,HIGH,2,16000,2,8000.0,1.0,2,0,79.29089664613278,100.0
PRV56147,0,0.2682987615100139,26.75094021971675,LOW,8,18470,6,2308.75,1.3333333333333333,2,6,79.14407939767283,25.0
PRV51735,0,0.101301281192312,10.03317649938729,LOW,4,350,4,87.5,1.0,0,4,79.37577002053388,0.0
PRV57719,1,0.35839743114681827,35.77052702808402,LOW,23,78830,19,3427.391304347826,1.2105263157894737,4,19,74.68833139898223,17.391304347826086
PRV54197,0,0.07019014395290611,6.918706505890036,LOW,14,850,12,60.714285714285715,1.1666666666666667,0,14,79.85443759981747,0.0
PRV51910,0,0.03295273432314691,3.1909483710779467,LOW,82,27950,49,340.8536585365854,1.6734693877551021,0,82,74.86077470002375,4.878048780487805
PRV53385,1,0.674962139994727,67.46114891439066,HIGH,1037,1362570,390,1313.953712632594,2.658974358974359,106,931,75.19089304369754,13.307618129218902
PRV52541,1,0.39492210633194985,39.42693482863983,LOW,5,41000,5,8200.0,1.0,5,0,78.5182751540041,100.0
PRV56798,0,0.029078500411895778,2.803107027589612,LOW,24,10100,22,420.8333333333333,1.0909090909090908,0,24,79.5351876050028,8.333333333333332
PRV56455,0,0.04718953072101356,4.61616387649263,LOW,13,4860,12,373.84615384615387,1.0833333333333333,0,13,70.66712297513119,7.6923076923076925
PRV56454,0,0.06120000429237356,6.018722683549607,LOW,159,43910,86,276.1635220125786,1.8488372093023255,0,159,75.23359279244863,1.257861635220126
PRV51076,0,0.008399576516564582,0.7329837956992878,LOW,29,10230,27,352.7586206896552,1.0740740740740742,0,29,79.12033868228255,6.896551724137931
PRV55168,0,0.050517777839865906,4.949347639684672,LOW,134,51960,82,387.76119402985074,1.6341463414634145,0,134,77.105323784244,5.223880597014925
PRV57397,1,0.4227840890575489,42.216138851960004,LOW,7,65000,7,9285.714285714286,1.0,7,0,76.42866920895668,100.0
PRV55227,0,0.009913271124864348,0.8845165539070757,LOW,46,12100,42,263.04347826086956,1.0952380952380953,0,46,75.52843779537825,2.1739130434782608
PRV55727,0,0.024913850218878944,2.3861927258155644,LOW,68,16630,35,244.55882352941177,1.9428571428571428,0,68,76.24789283269776,2.941176470588235
PRV54159,0,0.031686971617096105,3.0642355499892378,LOW,34,14400,22,423.52941176470586,1.5454545454545454,0,34,79.34154688569473,8.823529411764707
PRV53977,0,0.037528344399434276,3.649002995532195,LOW,65,22120,40,340.3076923076923,1.625,0,65,76.75509924709104,3.076923076923077
PRV54796,0,0.23169675591519578,23.08679103578751,LOW,2,1700,2,850.0,1.0,0,2,54.291581108829575,0.0
PRV55728,0,0.07294504854375247,7.194494164088244,LOW,7,3620,5,517.1428571428571,1.4,0,7,81.13401779603012,14.285714285714285
PRV53905,0,0.035787744252864136,3.474755204927382,LOW,77,21730,72,282.2077922077922,1.0694444444444444,0,77,78.9108677465967,1.2987012987012987
PRV55296,0,0.02753888688141865,2.6489795810307037,LOW,57,12750,50,223.68421052631578,1.14,0,57,77.9807255304586,1.7543859649122806
PRV57586,0,0.09235137730110558,9.137220594614359,LOW,144,49710,51,345.2083333333333,2.823529411764706,0,144,77.76628954114157,5.555555555555555
PRV56946,0,0.2422052077915176,24.138769875232185,LOW,2,120,1,60.0,2.0,0,2,70.75154004106776,0.0
PRV54300,0,0.05454179788252564,5.352183755242066,LOW,6,1490,6,248.33333333333334,1.0,0,6,72.81816107688798,0.0
PRV53353,0,0.06800547859157777,6.700004288053017,LOW,30,9310,25,310.3333333333333,1.2,0,30,77.30299794661191,3.3333333333333335
PRV51606,0,0.12261819993525529,12.167168042924443,LOW,46,66100,35,1436.9565217391305,1.3142857142857143,10,36,76.54684006388318,19.565217391304348
PRV56956,0,0.12385673859914512,12.291155522867324,LOW,5,2810,5,562.0,1.0,0,5,71.16714579055441,20.0
PRV55018,1,0.5208105273409067,52.029357772682374,MEDIUM,75,615940,60,8212.533333333333,1.25,63,12,78.37424899231881,73.33333333333333
PRV53308,0,0.2322608370497733,23.14326000231935,LOW,45,125990,21,2799.777777777778,2.142857142857143,7,38,80.31485284052019,17.77777777777778
PRV51434,0,0.23887551620607,23.80544150955156,LOW,102,280490,75,2749.901960784314,1.36,24,78,77.29997106910251,25.49019607843137
PRV53257,0,0.04785780521110167,4.683063418954962,LOW,25,11120,21,444.8,1.1904761904761905,0,25,73.49955998826636,8.0
PRV52071,0,0.30777841215178126,30.703164348695168,LOW,749,259850,328,346.92923898531376,2.283536585365854,0,749,77.57960635047829,4.2723631508678235
PRV53525,0,0.2003380713133128,19.94753960063252,LOW,2,700,2,350.0,1.0,0,2,91.04312114989733,0.0
PRV53213,0,0.01697370561792562,1.59132168290249,LOW,22,6910,19,314.09090909090907,1.1578947368421053,0,22,76.09265463453293,0.0
PRV52543,0,0.05328203292077263,5.226071355619806,LOW,171,47550,89,278.0701754385965,1.9213483146067416,0,171,76.13292419383369,1.7543859649122806
PRV57461,0,0.22805106643076561,22.72182879035456,LOW,1,0,1,0.0,1.0,0,1,80.91444216290212,0.0
PRV52816,1,0.4987616251736255,49.82208892033793,MEDIUM,1,3000,1,3000.0,1.0,1,0,43.912388774811774,100.0
PRV57043,0,0.21919061250758634,21.834827532247104,LOW,1,50,1,50.0,1.0,0,1,61.16632443531827,0.0
PRV54206,0,0.09495494888377091,9.397858626189196,LOW,44,21400,40,486.3636363636364,1.1,1,43,76.99844743827315,4.545454545454546
PRV54000,0,0.09223026307776269,9.125096106477379,LOW,206,42220,95,204.95145631067962,2.168421052631579,0,206,78.03358910623582,1.9417475728155338
PRV56906,1,0.40687870917848173,40.62388499163549,LOW,7,52100,6,7442.857142857143,1.1666666666666667,6,1,68.45291874449985,57.14285714285714
PRV51189,0,0.04631104084244424,4.528220117145585,LOW,56,8740,51,156.07142857142858,1.0980392156862746,0,56,78.37301874890956,0.0
PRV53485,0,0.10417406064771245,10.320764360381563,LOW,5,330,5,66.0,1.0,0,5,75.93264887063654,0.0
PRV52383,0,0.031275405930271075,3.023034581599497,LOW,74,15540,51,210.0,1.4509803921568627,0,74,75.5935633664828,0.0
PRV54508,0,0.05087015348825667,4.984623218809504,LOW,90,33010,75,366.77777777777777,1.2,0,90,76.12988364134155,4.444444444444445
PRV55523,0,0.10035102548022758,9.938048414590451,LOW,303,83320,158,274.983498349835,1.9177215189873418,0,303,77.70479730373683,2.6402640264026402
PRV51476,0,0.15389497842339855,15.298220030673725,LOW,18,20180,15,1121.111111111111,1.2,3,15,77.28313940223592,16.666666666666664
PRV52032,1,0.5022252254259153,50.16882259877007,MEDIUM,627,698640,513,1114.2583732057417,1.2222222222222223,56,571,78.0824970356017,11.483253588516746
PRV54256,0,0.18984307658170463,18.89690792741601,LOW,262,117080,95,446.8702290076336,2.7578947368421054,5,257,72.72112251882272,5.7251908396946565
PRV51736,0,0.04668364820983419,4.565521050768229,LOW,21,5620,21,267.6190476190476,1.0,0,21,81.84961376747825,0.0
PRV53932,1,0.4883287143931055,48.77767233984703,MEDIUM,304,920140,206,3026.7763157894738,1.4757281553398058,82,222,76.15466438351194,26.644736842105267
PRV53274,0,0.023184938297615646,2.213115018667208,LOW,30,4490,25,149.66666666666666,1.2,0,30,75.14327173169062,0.0
PRV55087,0,0.09376918751534837,9.279154569407797,LOW,201,43770,154,217.76119402985074,1.3051948051948052,0,201,77.25971359236246,1.4925373134328357
PRV54372,1,0.5904250274054993,58.99831779156809,HIGH,1617,673000,792,416.20284477427333,2.0416666666666665,21,1596,76.70222301580216,4.267161410018553
PRV57331,0,0.22314123877828057,22.23031635288766,LOW,141,217200,112,1540.4255319148936,1.2589285714285714,16,125,75.25399982888433,14.893617021276595
PRV53994,0,0.12002719102376624,11.907787633728233,LOW,174,46000,62,264.367816091954,2.806451612903226,0,174,79.4761873219845,2.8735632183908044
PRV51207,1,0.693663619049194,69.3333143354406,HIGH,3,51000,3,17000.0,1.0,3,0,73.27857631759069,66.66666666666666
PRV57081,1,0.5768701364814335,57.64136639749756,HIGH,37,414000,34,11189.18918918919,1.088235294117647,37,0,78.55916576076015,94.5945945945946
PRV56964,0,0.06633722277993524,6.532998735447983,LOW,5,1000,5,200.0,1.0,0,5,72.28364134154688,0.0
PRV55151,1,0.5677145825978491,56.72482330796519,HIGH,1,10000,1,10000.0,1.0,1,0,66.16563997262149,100.0
PRV57615,0,0.11227892949354223,11.1321255982342,LOW,2,110,2,55.0,1.0,0,2,83.04312114989733,0.0
PRV54552,0,0.03485608482225727,3.3814887544451873,LOW,45,11370,28,252.66666666666666,1.6071428571428572,0,45,79.97311039405496,2.2222222222222223
PRV56318,0,0.3104223842374514,30.96784678897684,LOW,1,200,1,200.0,1.0,0,1,86.91307323750856,0.0
PRV55155,1,0.3438458973860813,34.31380383251488,LOW,9,68000,9,7555.555555555556,1.0,9,0,72.72309681344589,100.0
PRV55398,0,0.06203497793863649,6.102310125134772,LOW,13,1430,8,110.0,1.625,0,13,76.9678302532512,0.0
PRV51049,0,0.038483778043066345,3.7446494320790666,LOW,71,21720,65,305.9154929577465,1.0923076923076922,0,71,73.60905596798821,4.225352112676056
PRV51057,0,0.1830213899656688,18.214003342244663,LOW,5,6830,4,1366.0,1.25,0,5,82.04106776180699,20.0
PRV56768,1,0.35945776041735833,35.87667434346216,LOW,4,17000,4,4250.0,1.0,4,0,78.97878165639972,50.0
PRV57742,0,0.06491725173895894,6.390848444871199,LOW,8,340,8,42.5,1.0,0,8,78.52121834360028,0.0
PRV56671,0,0.09534842425218934,9.437248611154684,LOW,43,35340,28,821.8604651162791,1.5357142857142858,3,40,73.98649326945015,6.976744186046512
PRV54462,0,0.06396839166099909,6.295860074047829,LOW,80,16330,75,204.125,1.0666666666666667,0,80,75.14378279717089,1.25
PRV52185,0,0.05165219767603774,5.06291200451638,LOW,68,15510,54,228.08823529411765,1.2592592592592593,0,68,75.30093543235228,0.0
PRV57667,1,0.474577035677833,47.40102093718847,MEDIUM,3,20000,2,6666.666666666667,1.5,3,0,81.87405886379193,100.0
PRV52076,1,0.44351508567637915,44.29147497380577,MEDIUM,221,554060,144,2507.0588235294117,1.5347222222222223,56,165,77.90367305383866,26.244343891402718
PRV51536,0,0.17148915898170913,17.059536146743724,LOW,16,41550,12,2596.875,1.3333333333333333,4,12,77.48921971252567,31.25
PRV54877,0,0.04655324917561811,4.55246707989851,LOW,70,26290,63,375.57142857142856,1.1111111111111112,0,70,77.38005062851059,4.285714285714286
PRV57647,0,0.08543767505137838,8.4451045194271,LOW,46,8530,16,185.43478260869566,2.875,0,46,74.22381930184805,2.1739130434782608
PRV53965,0,0.08582018030476711,8.483396309433584,LOW,110,32070,33,291.54545454545456,3.3333333333333335,0,110,76.0969033248294,4.545454545454546
PRV52196,0,0.04941404882807939,4.8388556682177,LOW,6,2710,6,451.6666666666667,1.0,0,6,78.45859000684463,0.0
PRV56060,0,0.20215878484778674,20.12980737266018,LOW,1,50,1,50.0,1.0,0,1,89.75222450376455,0.0
PRV57204,0,0.18151175998714675,18.062877485506913,LOW,133,221970,67,1668.9473684210527,1.9850746268656716,21,112,76.43011297859574,17.293233082706767
PRV53291,0,0.043941660450752325,4.29102646921431,LOW,10,2730,8,273.0,1.25,0,10,85.68788501026694,0.0
PRV56664,1,0.36763010338031044,36.69479027213494,LOW,15,59600,11,3973.3333333333335,1.3636363636363635,1,14,74.63679920353432,6.666666666666667
PRV51471,1,0.7836393496668815,78.34059397923453,CRITICAL,180,1602210,155,8901.166666666666,1.1612903225806452,161,19,77.67157659849735,87.22222222222223
PRV52248,0,0.03792890039851404,3.689101807422271,LOW,24,12750,21,531.25,1.1428571428571428,0,24,78.50904468563606,8.333333333333332
PRV51054,0,0.012104025453780441,1.1038283253807077,LOW,57,15130,40,265.43859649122805,1.425,0,57,73.99206023271731,0.0
PRV52176,1,0.5858738319174218,58.542707259780656,HIGH,21,312000,21,14857.142857142857,1.0,21,0,81.04768423454254,95.23809523809523
PRV52111,0,0.13176136909028796,13.082471323537103,LOW,85,89960,73,1058.3529411764705,1.1643835616438356,9,76,77.57112569072302,15.294117647058824
PRV52539,0,0.025940589042170104,2.4889773727312896,LOW,14,4450,12,317.85714285714283,1.1666666666666667,0,14,71.64590463153091,0.0
PRV51118,1,0.42270770796364776,42.20849250257731,LOW,16,136000,16,8500.0,1.0,16,0,70.66683778234086,93.75
PRV51970,0,0.1339520770528998,13.301778453378313,LOW,35,25410,32,726.0,1.09375,0,35,77.18514715947981,11.428571428571429
PRV55906,0,0.020169714047286166,1.9112673112352263,LOW,21,4130,20,196.66666666666666,1.05,0,21,74.83750855578371,0.0
PRV51583,0,0.12102518843124713,12.007695038438925,LOW,47,32430,44,690.0,1.0681818181818181,2,45,77.47855846204209,8.51063829787234
PRV53545,0,0.20013832594323044,19.927543515093298,LOW,1,60,1,60.0,1.0,0,1,69.08418891170432,0.0
PRV52186,0,0.020602850206673604,1.9546276539038372,LOW,41,7160,38,174.6341463414634,1.0789473684210527,0,41,78.56154760618178,0.0
PRV56639,0,0.09663671246326033,9.566216412796944,LOW,96,46400,39,483.3333333333333,2.4615384615384617,0,96,73.98065954123449,10.416666666666668
PRV52082,0,0.09154250941063698,9.056246544897622,LOW,8,880,8,110.0,1.0,0,8,84.35386721423683,0.0
PRV55821,0,0.2309969084938589,23.016730794112405,LOW,195,207970,127,1066.5128205128206,1.5354330708661417,13,182,75.49534311861485,7.6923076923076925
PRV56089,0,0.19811823921572042,19.725316915381505,LOW,1,10,1,10.0,1.0,0,1,72.66803559206024,0.0
PRV54029,0,0.10886859277714178,10.790724019461376,LOW,2,320,2,160.0,1.0,0,2,78.95824777549623,0.0
PRV51041,0,0.010445003800637873,0.937747184806709,LOW,34,7410,31,217.94117647058823,1.096774193548387,0,34,73.4812655936058,2.941176470588235
PRV57049,1,0.5429308033023337,54.24377170424647,HIGH,22,266560,18,12116.363636363636,1.2222222222222223,18,4,75.70829444340738,77.27272727272727
PRV53029,0,0.23772621700034574,23.690387602578188,LOW,16,40050,10,2503.125,1.6,4,12,76.4089353493871,25.0
PRV52611,0,0.29785583893398604,29.709836579694176,LOW,16,82760,9,5172.5,1.7777777777777777,9,7,77.29808350444901,50.0
PRV52864,0,0.01956000655922481,1.850230787183882,LOW,28,12870,22,459.64285714285717,1.2727272727272727,0,28,74.74593989173044,7.142857142857142
PRV53684,0,0.1089537583233879,10.799249761745312,LOW,4,2570,4,642.5,1.0,0,4,75.66735112936345,25.0
PRV53279,0,0.1089246700167254,10.796337793032471,LOW,36,10520,33,292.22222222222223,1.0909090909090908,1,35,75.82856222571164,5.555555555555555
PRV52532,0,0.025876652396582392,2.482576810687046,LOW,16,2550,15,159.375,1.0666666666666667,0,16,75.08355007985398,0.0
PRV55444,1,0.802534912339342,80.23218869982497,CRITICAL,128,1313260,95,10259.84375,1.3473684210526315,114,14,75.99248974875825,85.15625
PRV51487,0,0.09160878136867354,9.062880890120264,LOW,13,9240,12,710.7692307692307,1.0833333333333333,0,13,76.36915354779832,15.384615384615385
PRV54575,1,0.3640412333695544,36.33551610375435,LOW,273,504080,132,1846.4468864468865,2.0681818181818183,33,240,78.43145878872183,13.553113553113553
PRV51137,0,0.14087927317050533,13.995245371071904,LOW,55,16050,50,291.8181818181818,1.1,1,54,76.13549677228865,3.6363636363636362
PRV56967,0,0.031034083051793348,2.998876259839041,LOW,91,25440,79,279.56043956043953,1.1518987341772151,0,91,76.41705438446009,3.296703296703297
PRV56947,0,0.10644704847640298,10.548308353182783,LOW,3,580,3,193.33333333333334,1.0,0,3,75.75085557837097,0.0
PRV53045,0,0.11485858138438544,11.390369080170414,LOW,216,62730,78,290.4166666666667,2.769230769230769,0,216,78.84754032187297,3.2407407407407405
PRV54598,0,0.10972177380763094,10.876134163681815,LOW,9,1010,7,112.22222222222223,1.2857142857142858,0,9,70.45272318372935,0.0
PRV55320,0,0.028766426055417977,2.77186592535954,LOW,34,6400,27,188.23529411764707,1.2592592592592593,0,34,78.14546099830152,0.0
PRV51110,1,0.4463518142926337,44.575453861720845,MEDIUM,5,27000,5,5400.0,1.0,5,0,71.2350444900753,100.0
PRV54371,0,0.021543502378678157,2.0487943486627636,LOW,31,8280,30,267.0967741935484,1.0333333333333334,0,31,76.50549851699749,0.0
PRV52010,0,0.07677378862490257,7.577781216691982,LOW,7,1400,7,200.0,1.0,0,7,85.54962354551677,0.0
PRV53419,0,0.17452097552955537,17.363044873904478,LOW,19,46410,13,2442.6315789473683,1.4615384615384615,5,14,77.09803026846149,21.052631578947366
PRV54966,1,0.5613869387914019,56.09137630109213,HIGH,1796,502010,1289,279.51559020044544,1.3933281613653996,0,1796,77.7901466045818,2.839643652561247
PRV55535,0,0.019255104300373842,1.8197076684424016,LOW,42,9690,35,230.71428571428572,1.2,0,42,78.4931651510707,0.0
PRV55034,1,0.4777907576254656,47.7227398282828,MEDIUM,612,435780,452,712.0588235294117,1.3539823008849559,26,586,77.333973731908,7.026143790849673
PRV54950,1,0.32480547320684783,32.40770733358745,LOW,18,75400,13,4188.888888888889,1.3846153846153846,5,13,81.15750247167085,22.22222222222222
PRV55589,0,0.04312923324919684,4.209696104410397,LOW,20,2240,18,112.0,1.1111111111111112,0,20,77.64316678074378,0.0
PRV53862,1,0.5084744639248365,50.79442061652577,MEDIUM,6,50100,4,8350.0,1.5,4,2,82.91672370522473,66.66666666666666
PRV52342,1,0.40031904859835094,39.967211277424006,LOW,218,652190,148,2991.697247706422,1.472972972972973,51,167,77.48651906079814,24.770642201834864
PRV51943,0,0.1169016895142133,11.594900303662927,LOW,89,28970,84,325.5056179775281,1.0595238095238095,1,88,79.08932640818134,2.247191011235955
PRV56751,0,0.13420530548776047,13.327128615148512,LOW,84,86410,50,1028.6904761904761,1.68,5,79,75.80142529290977,5.952380952380952
PRV55760,0,0.10587439327191256,10.49098105468897,LOW,3,210,3,70.0,1.0,0,3,79.33561487565595,0.0
PRV53363,0,0.046003504858376926,4.497433341756188,LOW,41,16940,38,413.1707317073171,1.0789473684210527,0,41,76.11888036312547,7.317073170731707
PRV56512,0,0.051638564955179454,5.061547261732594,LOW,27,10050,17,372.22222222222223,1.588235294117647,0,27,78.12296171035149,3.7037037037037033
PRV52278,1,0.519539897695331,51.90215773259573,MEDIUM,16,235000,16,14687.5,1.0,16,0,82.60438056125942,93.75
PRV52069,0,0.07596513017436383,7.496828133562611,LOW,88,22280,84,253.1818181818182,1.0476190476190477,0,88,79.19552817704769,2.272727272727273
PRV53191,0,0.21836315624868172,21.751992640373533,LOW,15,3310,3,220.66666666666666,5.0,0,15,79.63769107916953,0.0
PRV53880,0,0.021622188998317284,2.056671499339383,LOW,61,19790,46,324.42622950819674,1.326086956521739,0,61,78.3623485998274,4.918032786885246
PRV56029,0,0.2151075360370743,21.426079402896907,LOW,1,100,1,100.0,1.0,0,1,93.16632443531827,0.0
PRV53665,0,0.03549985129839309,3.445934851587689,LOW,65,16330,36,251.23076923076923,1.8055555555555556,0,65,76.23902958399879,3.076923076923077
PRV52768,0,0.05540582547363541,5.438679725651551,LOW,25,7310,25,292.4,1.0,0,25,83.34696783025325,4.0
PRV52290,1,0.39120541023177907,39.05486426143895,LOW,10,68000,10,6800.0,1.0,10,0,82.55030800821355,100.0
PRV57034,0,0.2167764943478363,21.593155281199493,LOW,64,196130,43,3064.53125,1.4883720930232558,21,43,75.99330747585368,31.25
PRV57463,0,0.021989176283706516,2.0934098184674945,LOW,28,7410,26,264.64285714285717,1.0769230769230769,0,28,70.52240299057547,0.0
PRV55621,0,0.038655585952975,3.761848757707646,LOW,62,13030,59,210.16129032258064,1.0508474576271187,0,62,76.91263239712758,1.6129032258064515
PRV55386,0,0.022449069246609894,2.139448728011724,LOW,82,21010,62,256.219512195122,1.3225806451612903,0,82,76.39698836413416,1.2195121951219512
PRV54082,0,0.2528834340415045,25.207744467303183,LOW,11,35450,6,3222.7272727272725,1.8333333333333333,5,6,80.20533880903491,45.45454545454545
PRV53129,1,0.3425940478275807,34.18848382713158,LOW,46,82550,36,1794.5652173913043,1.2777777777777777,3,43,78.86603836501168,6.521739130434782
PRV51763,0,0.05568269936658605,5.466396984102821,LOW,11,3960,11,360.0,1.0,0,11,70.89316159542032,9.090909090909092
PRV51554,0,0.21084850344569006,20.999716679312762,LOW,6,9640,5,1606.6666666666667,1.2,1,5,81.9443303673283,16.666666666666664
PRV53798,0,0.059553436564781556,5.853888279060182,LOW,38,15620,38,411.05263157894734,1.0,0,38,76.53092690658886,2.631578947368421
PRV51836,1,0.5804911676758866,58.003860153796424,HIGH,1794,505000,644,281.4938684503902,2.7857142857142856,0,1794,77.28124614724025,3.0100334448160537
PRV55178,0,0.08745429467226344,8.646984034444927,LOW,31,18510,27,597.0967741935484,1.1481481481481481,2,29,77.10628053529703,6.451612903225806
PRV53764,0,0.07576458201684971,7.476751682675506,LOW,39,12390,37,317.6923076923077,1.054054054054054,1,38,77.98695918440866,0.0
PRV53565,0,0.09175664835388832,9.077683540532444,LOW,5,1910,5,382.0,1.0,0,5,67.43545516769336,0.0
PRV57245,0,0.12436277392904542,12.341813646949904,LOW,92,32790,27,356.4130434782609,3.4074074074074074,0,92,78.43212411590235,5.434782608695652
PRV51972,0,0.02361104328562913,2.2557714856756395,LOW,35,9460,34,270.2857142857143,1.0294117647058822,0,35,78.73036195997906,2.857142857142857
PRV55880,0,0.07450608352831789,7.350766067002498,LOW,15,7180,13,478.6666666666667,1.1538461538461537,0,15,77.45527299531406,6.666666666666667
PRV52366,0,0.2244272246273109,22.35905366994703,LOW,216,280880,118,1300.3703703703704,1.8305084745762712,25,191,75.06013493693165,13.88888888888889
PRV53480,0,0.0580618745370558,5.704571166572638,LOW,10,1520,9,152.0,1.1111111111111112,0,10,86.27880447182295,0.0
PRV51827,1,0.45444905390269197,45.38605135295435,MEDIUM,18,130000,17,7222.222222222223,1.0588235294117647,18,0,74.15211176873214,83.33333333333334
PRV55907,1,0.3556914101006387,35.4996329979094,LOW,243,598180,148,2461.6460905349795,1.6418918918918919,60,183,75.8832655581055,27.160493827160494
PRV52691,0,0.13318346490955046,13.224834321163595,LOW,17,22380,12,1316.4705882352941,1.4166666666666667,3,14,76.65617157198267,17.647058823529413
PRV57504,0,0.027575895363307092,2.652684421694659,LOW,28,5910,28,211.07142857142858,1.0,0,28,74.7916299990222,0.0
PRV56201,0,0.10520603709114244,10.424073334345644,LOW,3,120,2,40.0,1.5,0,3,83.83299110198494,0.0
PRV51496,0,0.05076070608966911,4.9736666717651365,LOW,123,29250,105,237.8048780487805,1.1714285714285715,0,123,75.17635018415305,0.8130081300813009
PRV57374,0,0.0939124702123011,9.293498296440749,LOW,6,800,5,133.33333333333334,1.2,0,6,77.20082135523614,0.0
PRV55663,1,0.462097818608317,46.15175297227082,MEDIUM,7,36000,7,5142.857142857143,1.0,7,0,74.25129559010463,57.14285714285714
PRV56331,0,0.21062881278341578,20.977723912856185,LOW,1,10,1,10.0,1.0,0,1,68.50102669404518,0.0
PRV55001,0,0.10052185550034459,9.955149845745114,LOW,158,41400,153,262.0253164556962,1.0326797385620916,0,158,76.94153435958002,1.2658227848101267
PRV53233,1,0.3971062387189524,39.645583691546996,LOW,13,96000,12,7384.615384615385,1.0833333333333333,13,0,76.4446725986767,100.0
PRV51773,0,0.07187128352817374,7.087001824758031,LOW,5,760,5,152.0,1.0,0,5,84.08323066392882,0.0
PRV51225,0,0.043987512097621584,4.295616580377005,LOW,8,1190,8,148.75,1.0,0,8,77.51129363449692,0.0
PRV51733,0,0.16372649133700612,16.28243194567013,LOW,2,70,2,35.0,1.0,0,2,76.50102669404518,0.0
PRV54280,0,0.048027422980924904,4.700043494302683,LOW,20,7030,15,351.5,1.3333333333333333,0,20,75.722199406799,5.0
PRV54377,0,0.19772677614315073,19.68612837708737,LOW,20,33110,17,1655.5,1.1764705882352942,2,18,66.94837710292158,15.0
PRV53682,0,0.15947872953939832,15.85719751735689,LOW,365,99570,130,272.7945205479452,2.8076923076923075,0,365,78.06735112936344,3.0136986301369864
PRV53384,1,0.4100289575936928,40.93924968196285,LOW,62,335120,28,5405.1612903225805,2.2142857142857144,38,24,76.47772812068017,56.451612903225815
PRV55045,0,0.08735766300386184,8.637310442980157,LOW,66,27630,65,418.6363636363636,1.0153846153846153,0,66,78.19504027799715,7.575757575757576
PRV53964,0,0.060549639487077735,5.953616041663339,LOW,146,40830,81,279.6575342465753,1.8024691358024691,0,146,73.91575193719844,4.10958904109589
PRV51437,0,0.10281819124153266,10.18503114856894,LOW,2,880,2,440.0,1.0,0,2,78.71047227926078,0.0
PRV56843,0,0.20320661323769304,20.234703251379916,LOW,2,860,2,430.0,1.0,0,2,94.12594113620807,0.0
PRV57686,0,0.04562549264508974,4.459591340469035,LOW,23,9110,22,396.0869565217391,1.0454545454545454,0,23,77.67780474145978,8.695652173913043
PRV51867,0,0.08152043652782621,8.052958075370988,LOW,102,32130,97,315.0,1.0515463917525774,0,102,77.71668889406352,2.941176470588235
PRV52756,0,0.10551174807820206,10.45467741315359,LOW,4,220,4,55.0,1.0,0,4,71.45859000684463,0.0
PRV52847,1,0.4884863240481458,48.793450308281,MEDIUM,92,617430,47,6711.195652173913,1.9574468085106382,62,30,78.17367100159709,65.21739130434783
PRV51295,0,0.07094860720255924,6.99463465387246,LOW,7,1950,6,278.57142857142856,1.1666666666666667,0,7,69.94524298425735,0.0
PRV54747,0,0.02468767001578311,2.3635503051851527,LOW,21,5420,20,258.0952380952381,1.05,0,21,78.11266255989048,4.761904761904762
PRV55191,0,0.07711104606356971,7.611543343891951,LOW,90,17290,87,192.11111111111111,1.0344827586206897,0,90,75.97051303232709,1.1111111111111112
PRV56793,0,0.13430752452261047,13.337361546023226,LOW,31,56330,27,1817.0967741935483,1.1481481481481481,3,28,74.49172744223371,12.903225806451612
PRV57584,0,0.11379017080481643,11.283412762077742,LOW,43,28760,23,668.8372093023256,1.8695652173913044,3,40,74.17374401095141,6.976744186046512
PRV56821,0,0.05049322060451846,4.9468892669153215,LOW,12,3160,11,263.3333333333333,1.0909090909090908,0,12,73.03864103042748,0.0
PRV54644,0,0.2189900267817732,21.814747320477228,LOW,68,212370,45,3123.0882352941176,1.511111111111111,22,46,76.20085868956505,30.88235294117647
PRV52743,0,0.0879330192413696,8.694908136163155,LOW,6,2070,6,345.0,1.0,0,6,78.13734884782113,0.0
PRV54244,1,0.4191225211815458,41.84958705440884,LOW,231,576370,151,2495.1082251082253,1.5298013245033113,49,182,75.05203727243426,23.376623376623375
PRV53967,0,0.09760175385277761,9.662824660415986,LOW,2,100,2,50.0,1.0,0,2,82.83367556468173,0.0
PRV55806,0,0.03647433050351447,3.543487898918709,LOW,16,5090,16,318.125,1.0,0,16,80.39561943874058,6.25
PRV55173,0,0.04421019047908271,4.31790844106742,LOW,25,8350,24,334.0,1.0416666666666667,0,25,77.65993611681496,4.0
PRV52640,0,0.04497289572792071,4.394261246595212,LOW,66,11050,65,167.42424242424244,1.0153846153846153,0,66,78.4321381561628,1.5151515151515151
PRV54840,0,0.009681645442732527,0.8613289979147747,LOW,26,6520,21,250.76923076923077,1.2380952380952381,0,26,74.08767641211173,0.0
PRV56543,1,0.37769707444245265,37.70257340321041,LOW,4,22000,4,5500.0,1.0,4,0,85.52087611225188,100.0
PRV52889,1,0.3510129801793822,35.031285296753126,LOW,640,407500,346,636.71875,1.8497109826589595,31,609,77.6568296366691,7.5
PRV51979,1,0.4943243507434327,49.37788278414296,MEDIUM,13,136000,12,10461.538461538461,1.0833333333333333,13,0,83.74355464293863,92.3076923076923
PRV55676,1,0.5775875429524273,57.71318443840868,HIGH,167,1040300,103,6229.34131736527,1.6213592233009708,115,52,75.99507186858315,65.26946107784431
PRV53210,0,0.12666962201415127,12.572747318237196,LOW,32,27050,27,845.3125,1.1851851851851851,3,29,79.37449235683322,9.375
PRV54531,0,0.08848842736751862,8.750508866207978,LOW,30,14030,25,467.6666666666667,1.2,1,29,78.7604907071026,10.0
PRV51647,0,0.28365728067824636,28.28844901362305,LOW,12,44940,6,3745.0,2.0,6,6,80.5213324207164,41.66666666666667
PRV56537,0,0.05345611678232041,5.243498521941965,LOW,104,22710,74,218.3653846153846,1.4054054054054055,0,104,74.6039550844479,2.8846153846153846
PRV54162,0,0.030867384306875717,2.9821884018862947,LOW,32,8160,18,255.0,1.7777777777777777,0,32,80.20883717392957,0.0
PRV53225,1,0.5020816732869231,50.15445189846576,MEDIUM,49,415300,47,8475.510204081633,1.0425531914893618,49,0,78.79120975140897,85.71428571428571
PRV56050,0,0.22393618689729367,22.30989692379387,LOW,1,40,1,40.0,1.0,0,1,91.99726214921287,0.0
PRV54936,1,0.6245224501964056,62.41173850070753,HIGH,221,1139730,120,5157.149321266968,1.8416666666666666,131,90,76.55174898231205,53.84615384615385
PRV56361,0,0.1578600311573366,15.695153053965551,LOW,114,105550,49,925.8771929824561,2.326530612244898,7,107,77.99208170605682,13.157894736842104
PRV56752,0,0.14386618349660452,14.294258631574644,LOW,25,16120,23,644.8,1.0869565217391304,1,24,81.10825918320785,8.0
PRV51282,0,0.10850267597636022,10.754092864277913,LOW,59,77330,43,1310.677966101695,1.372093023255814,8,51,75.98722336299339,15.254237288135593
PRV55149,1,0.44526667542124465,44.466822909798005,MEDIUM,16,145000,16,9062.5,1.0,16,0,80.77686516084873,93.75
PRV53361,0,0.07089658417913403,6.989426739286052,LOW,9,4540,7,504.44444444444446,1.2857142857142858,0,9,74.03656986408525,11.11111111111111
PRV55257,0,0.04251659089310618,4.148365776942551,LOW,137,35840,74,261.6058394160584,1.8513513513513513,0,137,76.93149823334629,2.18978102189781
PRV51658,0,0.08879075846850432,8.780774591786415,LOW,5,1770,5,354.0,1.0,0,5,72.40082135523615,0.0
PRV53889,0,0.2218498227259229,22.101035429685204,LOW,195,98480,179,505.02564102564105,1.089385474860335,9,186,76.46600562943117,6.666666666666667
PRV56185,0,0.08604851869040456,8.506254781142895,LOW,7,530,7,75.71428571428571,1.0,0,7,69.23829079886575,0.0
PRV56210,0,0.21804197677153087,21.719840043815715,LOW,150,254720,117,1698.1333333333334,1.2820512820512822,31,119,77.50237660658605,20.0
PRV52891,0,0.06154030109655791,6.052789075188057,LOW,19,2580,19,135.78947368421052,1.0,0,19,75.29810151662525,0.0
PRV56718,0,0.04854164405608701,4.75152107598966,LOW,142,32620,77,229.71830985915494,1.844155844155844,0,142,76.53341866894228,1.4084507042253522
PRV57168,0,0.06958276729640035,6.857903316444365,LOW,75,37140,67,495.2,1.1194029850746268,0,75,75.9253833501895,6.666666666666667
PRV52027,1,0.33875314394859585,33.80397908251383,LOW,181,402620,133,2224.4198895027625,1.3609022556390977,46,135,76.0474611787289,24.30939226519337
PRV56072,0,0.2086043394911048,20.775058183441676,LOW,1,80,1,80.0,1.0,0,1,77.58521560574948,0.0
PRV51607,0,0.22423154351007626,22.33946444814419,LOW,15,15410,14,1027.3333333333333,1.0714285714285714,1,14,76.76641569701117,6.666666666666667
PRV51619,1,0.3434979272595863,34.278969280847335,LOW,19,78150,11,4113.1578947368425,1.7272727272727273,8,11,80.83839075214844,36.84210526315789
PRV53297,1,0.35413340693800655,35.343664604261434,LOW,29,171770,14,5923.103448275862,2.0714285714285716,15,14,75.5096088032433,48.275862068965516
PRV51341,0,0.0627597861186825,6.174869135447497,LOW,71,14530,70,204.64788732394365,1.0142857142857142,0,71,77.57633714676837,2.8169014084507045
PRV53037,0,0.05052510410947148,4.950081057003211,LOW,9,4340,9,482.22222222222223,1.0,0,9,79.23157654574493,11.11111111111111
PRV54686,0,0.1549368959378253,15.402524184180248,LOW,157,145620,113,927.515923566879,1.3893805309734513,14,143,75.34942094455852,10.828025477707007
PRV57157,0,0.17448293993488498,17.359237211157396,LOW,156,190460,84,1220.8974358974358,1.8571428571428572,16,140,75.73567571678456,12.179487179487179
PRV53047,0,0.08573941471486732,8.475311037451581,LOW,79,13060,32,165.31645569620252,2.46875,0,79,81.0082135523614,0.0
PRV52354,0,0.02350733975832786,2.24538994540875,LOW,66,19400,33,293.93939393939394,2.0,0,66,76.65899238794516,6.0606060606060606
PRV56238,0,0.17370347230334848,17.28120635903387,LOW,31,73690,27,2377.0967741935483,1.1481481481481481,4,27,77.29984029203743,16.129032258064516
PRV53808,1,0.7819160552696957,78.16807863051243,CRITICAL,493,1927250,284,3909.2292089249495,1.7359154929577465,195,298,77.4697929646595,38.13387423935091
PRV55511,0,0.1542811254305643,15.336876388930321,LOW,5,3520,5,704.0,1.0,0,5,57.817385352498285,20.0
PRV51330,0,0.06057728376610244,5.956383451830694,LOW,19,3810,9,200.52631578947367,2.111111111111111,0,19,76.18495703095293,0.0
PRV54995,0,0.031582071734555774,3.0537342451356357,LOW,16,6060,16,378.75,1.0,0,16,80.54158110882958,6.25
PRV54622,0,0.05290679323436602,5.188506906120915,LOW,10,890,8,89.0,1.25,0,10,77.69678302532512,0.0
PRV53134,0,0.04207721511510136,4.104380799282132,LOW,10,4030,8,403.0,1.25,0,10,70.98904859685148,0.0
PRV51892,0,0.10373976735680145,10.277288179729245,LOW,5,750,5,150.0,1.0,0,5,63.63367556468173,0.0
PRV53390,0,0.02386946456536646,2.2816414921376222,LOW,15,4320,14,288.0,1.0714285714285714,0,15,76.20279651901829,0.0
PRV53116,0,0.03705681410465188,3.6017990973646747,LOW,44,8230,25,187.04545454545453,1.76,0,44,78.5071047227926,0.0
PRV53084,0,0.23042450280274848,22.959428473874095,LOW,1,100,1,100.0,1.0,0,1,75.41683778234086,0.0
PRV53934,0,0.06258836932540177,6.157708963675371,LOW,122,33500,97,274.59016393442624,1.2577319587628866,0,122,78.30275831410488,2.459016393442623
PRV54380,0,0.19718105160152355,19.63149705015985,LOW,12,16940,9,1411.6666666666667,1.3333333333333333,2,10,76.78103416091095,16.666666666666664
PRV54225,0,0.11257600111436873,11.161864808403985,LOW,104,53620,59,515.5769230769231,1.7627118644067796,0,104,72.79137809023307,4.807692307692308
PRV57412,0,0.21006728547742373,20.921510604689924,LOW,298,150380,105,504.6308724832215,2.8380952380952382,9,289,73.97754706480647,7.046979865771812
PRV52610,0,0.09939679541208457,9.842522465434211,LOW,17,10040,15,590.5882352941177,1.1333333333333333,1,16,78.60420944558521,17.647058823529413
PRV56142,1,0.334429485116827,33.37114676301227,LOW,53,131590,46,2482.830188679245,1.1521739130434783,5,48,76.38893586181906,15.09433962264151
PRV54013,0,0.2957699902881594,29.501026693754824,LOW,1,100,1,100.0,1.0,0,1,74.16563997262149,0.0
PRV54520,0,0.07221819693106389,7.121730590065745,LOW,15,8080,11,538.6666666666666,1.3636363636363635,0,15,79.89397050588015,13.333333333333334
PRV54310,0,0.1660887452526943,16.518912177196782,LOW,7,300,3,42.857142857142854,2.3333333333333335,0,7,72.86151038101757,0.0
PRV55813,1,0.4243477057008643,42.3726691992586,LOW,7,38000,7,5428.571428571428,1.0,7,0,72.77442065121737,71.42857142857143
PRV53894,0,0.298498536412947,29.77417566179577,LOW,217,268080,91,1235.3917050691243,2.3846153846153846,15,202,75.32010979628414,9.67741935483871
PRV54315,0,0.07735033822050728,7.635498374424148,LOW,103,37770,41,366.6990291262136,2.5121951219512195,0,103,73.79716532278259,4.854368932038835
PRV51821,1,0.5674326106273857,56.696595691782036,HIGH,10,138000,10,13800.0,1.0,10,0,76.8662559890486,100.0
PRV55624,0,0.19837893163160908,19.751414280468797,LOW,2,100,2,50.0,1.0,0,2,71.0841889117043,0.0
PRV51729,0,0.033482275540557306,3.2439596197267337,LOW,19,3740,19,196.8421052631579,1.0,0,19,80.6884974242588,0.0
PRV57039,0,0.09370561257296743,9.272790216704776,LOW,5,910,4,182.0,1.25,0,5,85.93839835728953,0.0
PRV52150,1,0.3601808135006092,35.94905765475553,LOW,310,445240,257,1436.258064516129,1.206225680933852,31,279,77.64310023575938,11.29032258064516
PRV52857,0,0.2675324163272971,26.674223028125,LOW,459,196310,175,427.69063180827885,2.6228571428571428,6,453,75.46012043467226,5.228758169934641
PRV52148,1,0.3458041534522874,34.50984069580439,LOW,78,345150,41,4425.0,1.9024390243902438,42,36,79.45415901149177,50.0
PRV56322,0,0.04352594903825537,4.249410481016482,LOW,37,6800,27,183.78378378378378,1.3703703703703705,0,37,71.93195933784571,0.0
PRV51431,1,0.3422310592530379,34.152145810469044,LOW,49,236720,23,4831.0204081632655,2.130434782608696,25,24,79.58717121345458,59.183673469387756
PRV53689,0,0.23810092434528102,23.727898760500942,LOW,561,178130,383,317.5222816399287,1.4647519582245432,0,561,78.5657093124456,3.7433155080213902
PRV51631,0,0.06336193237697044,6.235148720816014,LOW,6,1500,6,250.0,1.0,0,6,86.93086926762491,0.0
PRV53554,0,0.17178748703248736,17.08940113545235,LOW,2,70,2,35.0,1.0,0,2,80.45859000684462,0.0
PRV54656,0,0.04002050155578726,3.8984875650872315,LOW,35,11380,35,325.14285714285717,1.0,0,35,76.21300479123887,2.857142857142857
PRV54760,1,0.43827642026859215,43.76704328579087,LOW,31,195090,22,6293.225806451613,1.4090909090909092,24,7,81.1728386320187,74.19354838709677
PRV56005,0,0.08256192350333531,8.157219128539202,LOW,74,31660,54,427.8378378378378,1.3703703703703705,2,72,78.784543587829,6.756756756756757
PRV53717,0,0.0280041861063127,2.695559700001556,LOW,61,17940,37,294.0983606557377,1.6486486486486487,0,61,77.18955916902529,4.918032786885246
PRV52449,1,0.6485932214126011,64.82141237718102,HIGH,6,126000,5,21000.0,1.2,6,0,77.20191649555099,100.0
PRV53595,0,0.07634434537732614,7.534790563595806,LOW,9,4460,9,495.55555555555554,1.0,0,9,80.31424442923417,11.11111111111111
PRV55936,0,0.03636854307904091,3.532897744123758,LOW,24,5750,24,239.58333333333334,1.0,0,24,78.79922427561031,4.166666666666666
PRV54469,0,0.035790894395173314,3.475070558995659,LOW,11,3290,10,299.09090909090907,1.1,0,11,71.20027378507872,0.0
PRV57546,0,0.04465669727121405,4.362607289434313,LOW,18,5310,18,295.0,1.0,0,18,77.03749334550156,0.0
PRV57030,0,0.22603128299205863,22.519632552241866,LOW,57,204810,38,3593.157894736842,1.5,16,41,75.74067903865277,33.33333333333333
PRV53206,0,0.159223025763076,15.831599554400682,LOW,3,570,2,190.0,1.5,0,3,76.99794661190964,0.0
PRV53137,0,0.00412409728711823,0.3049746340455849,LOW,30,8900,23,296.6666666666667,1.3043478260869565,0,30,78.49989584263311,3.3333333333333335
PRV56931,0,0.01374630425672618,1.2682333747163057,LOW,21,6610,17,314.76190476190476,1.2352941176470589,0,21,73.31916092925877,0.0
PRV54497,1,0.4540720723708265,45.34831253099928,MEDIUM,5,51000,5,10200.0,1.0,5,0,72.53388090349077,100.0
PRV52346,0,0.21039200434794195,20.954017522414244,LOW,68,217540,41,3199.1176470588234,1.6585365853658536,19,49,75.9852059992555,29.411764705882355
PRV55692,0,0.13846797391406268,13.75385531445833,LOW,152,48480,76,318.94736842105266,2.0,3,149,75.40342577911782,2.631578947368421
PRV57025,0,0.21703630037863586,21.619163912154647,LOW,49,144640,30,2951.8367346938776,1.6333333333333333,17,32,76.61340025857479,34.69387755102041
PRV57510,1,0.35931379362873545,35.86226213346239,LOW,247,486990,179,1971.6194331983806,1.3798882681564246,43,204,78.86590288305923,19.838056680161944
PRV52485,0,0.12492376604473039,12.397973378349127,LOW,5,1580,4,316.0,1.25,0,5,84.22792607802874,0.0
PRV55169,1,0.5944430434882432,59.40055286342669,HIGH,721,1011760,514,1403.2732316227462,1.4027237354085602,83,638,75.31516757635853,13.453536754507628
PRV53892,0,0.1765571083464246,17.566877813604346,LOW,119,150340,108,1263.361344537815,1.1018518518518519,8,111,77.06647620748147,9.243697478991598
PRV53258,0,0.1173888025366195,11.64366415565752,LOW,80,39490,65,493.625,1.2307692307692308,3,77,72.74453436405364,3.75
PRV57690,0,0.20100965236912965,20.01477015638004,LOW,4,4480,3,1120.0,1.3333333333333333,0,4,71.38945927446953,25.0
PRV51874,0,0.025217227591430354,2.4165631914223513,LOW,44,11290,42,256.59090909090907,1.0476190476190477,0,44,78.07027150353639,2.272727272727273
PRV52789,0,0.03317132847353011,3.2128313680537106,LOW,38,12500,38,328.94736842105266,1.0,0,38,79.57491264094527,5.263157894736842
PRV53669,0,0.0419246072615371,4.089103550590114,LOW,13,4250,13,326.9230769230769,1.0,0,13,75.62217659137576,0.0
PRV55547,0,0.27223307108301414,27.14479561034252,LOW,27,139420,18,5163.7037037037035,1.5,9,18,76.89664613278576,33.33333333333333
PRV53081,0,0.04436421584345266,4.333327593761076,LOW,9,1800,8,200.0,1.125,0,9,76.97946611909651,0.0
PRV51918,0,0.217393875957938,21.654960045339173,LOW,1,50,1,50.0,1.0,0,1,78.33264887063655,0.0
PRV53300,0,0.1744404633944568,17.3549849747453,LOW,354,126160,255,356.38418079096044,1.388235294117647,0,354,75.2260686341614,5.084745762711865
PRV55811,1,0.6434733986253844,64.30887777196534,HIGH,2,41000,2,20500.0,1.0,2,0,67.79192334017796,100.0
PRV51528,0,0.050950878702832415,4.992704448903411,LOW,17,6670,17,392.3529411764706,1.0,0,17,78.42170954624149,5.88235294117647
PRV52521,0,0.052958229138132695,5.1936560454029985,LOW,113,25000,88,221.23893805309734,1.2840909090909092,0,113,76.6385725841578,2.6548672566371683
PRV52514,0,0.03978654136750582,3.8750663066334394,LOW,15,6600,13,440.0,1.1538461538461537,0,15,82.25051334702259,6.666666666666667
PRV52911,0,0.10353411960920848,10.256701219690466,LOW,5,2060,5,412.0,1.0,0,5,83.1501711156742,0.0
PRV54976,0,0.03990440615915307,3.8868655010521573,LOW,55,19940,53,362.54545454545456,1.0377358490566038,0,55,78.66542688517816,5.454545454545454
PRV57421,0,0.04200687226143251,4.097338925328032,LOW,35,8080,33,230.85714285714286,1.0606060606060606,0,35,77.35117084603738,2.857142857142857
PRV54177,0,0.170294451296338,16.939936493138777,LOW,2,1100,2,550.0,1.0,0,2,84.04243668720055,0.0
PRV54486,0,0.026938789491630668,2.5889051035441204,LOW,28,8010,19,286.07142857142856,1.4736842105263157,0,28,78.87762527468568,3.571428571428571
PRV54678,0,0.08233258770249215,8.134260807708165,LOW,15,6850,7,456.6666666666667,2.142857142857143,0,15,68.61914539943288,13.333333333333334
PRV56163,0,0.09112980275144332,9.014931356182917,LOW,7,3180,6,454.2857142857143,1.1666666666666667,0,7,70.08441706593658,14.285714285714285
PRV51974,0,0.10975284195423764,10.879244329974211,LOW,4,710,4,177.5,1.0,0,4,68.68788501026694,0.0
PRV52057,0,0.23065167215649474,22.982169916279123,LOW,185,173770,155,939.2972972972973,1.1935483870967742,10,175,75.63564882055393,5.405405405405405
PRV51657,0,0.1517613811498224,15.08463013083735,LOW,4,3760,4,940.0,1.0,0,4,74.93566050650239,25.0
PRV54589,0,0.06530767393171913,6.429932782894267,LOW,11,1700,5,154.54545454545453,2.2,0,11,77.86666666666667,0.0
PRV54905,0,0.13513713288194337,13.42041188010822,LOW,149,79620,110,534.3624161073825,1.3545454545454545,4,145,79.47976031797495,4.026845637583892
PRV51861,0,0.031743080674882976,3.069852508813207,LOW,21,2760,20,131.42857142857142,1.05,0,21,78.29582477754963,0.0
PRV56548,1,0.5666436450123841,56.61761401666951,HIGH,8,124000,7,15500.0,1.1428571428571428,8,0,72.29686124963332,100.0
PRV53938,1,0.5393452204803736,53.88482660936741,MEDIUM,111,653670,62,5888.918918918919,1.7903225806451613,82,29,78.39125118242853,72.07207207207207
PRV51531,0,0.012319971943109919,1.1254462706214192,LOW,34,9870,23,290.29411764705884,1.4782608695652173,0,34,75.72847662411094,2.941176470588235
PRV51345,0,0.014841818222116294,1.3779029553044133,LOW,49,15120,47,308.57142857142856,1.0425531914893618,0,49,75.4896529628497,6.122448979591836
PRV55873,0,0.10013604869377875,9.916527544249352,LOW,57,51670,34,906.4912280701755,1.6764705882352942,6,51,77.21146197532235,12.280701754385964
PRV51906,0,0.1387438427525747,13.781471959040461,LOW,22,2730,8,124.0909090909091,2.75,0,22,72.8754277891855,0.0
PRV52991,0,0.13990222669060023,13.897435319304904,LOW,59,103970,47,1762.2033898305085,1.2553191489361701,8,51,79.16754125789032,13.559322033898304
PRV51698,0,0.04557220812427839,4.454257140053672,LOW,13,1910,13,146.92307692307693,1.0,0,13,75.52656241773285,0.0
PRV52402,1,0.4612553341042089,46.06741363462977,MEDIUM,209,577120,130,2761.33971291866,1.6076923076923078,57,152,76.8487485432044,24.880382775119617
PRV51274,0,0.26123356244680085,26.043658119704315,LOW,58,175720,39,3029.655172413793,1.4871794871794872,10,48,79.42870180241844,17.24137931034483
PRV55043,0,0.06849404379315817,6.748913514626123,LOW,119,35450,114,297.89915966386553,1.043859649122807,0,119,78.5731714639096,3.361344537815126
PRV54140,0,0.0722690913962056,7.126825527074931,LOW,6,230,6,38.333333333333336,1.0,0,6,74.90257814282455,0.0
PRV56344,0,0.04288291947705055,4.185038154865464,LOW,11,3520,10,320.0,1.1,0,11,76.09144421629021,0.0
PRV51464,0,0.1424044546246144,14.147928053061573,LOW,145,38530,143,265.7241379310345,1.013986013986014,0,145,78.36379910301882,4.137931034482759
PRV52752,0,0.16635908070805822,16.545974886522718,LOW,2,560,2,280.0,1.0,0,2,86.8747433264887,0.0
PRV56054,0,0.040779309205883844,3.9744501902679206,LOW,45,18830,26,418.44444444444446,1.7307692307692308,0,45,73.57363239088085,11.11111111111111
PRV53216,0,0.05424508834219231,5.3224807921828425,LOW,115,20930,46,182.0,2.5,0,115,78.409427729667,0.8695652173913043
PRV56360,0,0.0688132315219884,6.780866721482064,LOW,78,25060,34,321.28205128205127,2.2941176470588234,0,78,76.2647662761203,2.564102564102564
PRV52200,0,0.20457088261116135,20.371277366109883,LOW,1,40,1,40.0,1.0,0,1,88.08213552361396,0.0
PRV51542,1,0.6135056414297537,61.30886913068735,HIGH,113,964660,78,8536.814159292035,1.4487179487179487,93,20,77.6583190442925,76.99115044247787
PRV53386,0,0.07111883786228645,7.011676084329142,LOW,53,13070,51,246.60377358490567,1.0392156862745099,0,53,78.36314101273638,3.7735849056603774
PRV55197,0,0.014748985357648963,1.3686096540480488,LOW,73,24210,50,331.64383561643837,1.46,0,73,76.84566735112936,5.47945205479452
PRV54571,0,0.18599739984942587,18.511925382573445,LOW,17,50610,13,2977.0588235294117,1.3076923076923077,4,13,73.90763779844586,23.52941176470588
PRV57386,0,0.21182246481496586,21.097217887195093,LOW,1,300,1,300.0,1.0,0,1,75.50171115674196,0.0
PRV54431,0,0.087509611328937,8.652521667673332,LOW,9,1580,9,175.55555555555554,1.0,0,9,70.87991482241995,0.0
PRV57261,0,0.06289836943877633,6.188742417825769,LOW,10,1600,9,160.0,1.1111111111111112,0,10,76.30542246558674,0.0
PRV53268,0,0.22409913744432508,22.326209557602397,LOW,74,88230,56,1192.2972972972973,1.3214285714285714,7,67,73.19209499907652,12.162162162162163
PRV54952,0,0.2572556054427965,25.64543327729318,LOW,149,181650,136,1219.1275167785234,1.0955882352941178,12,137,78.2751167544362,9.395973154362416
PRV55927,0,0.09335566008074855,9.237757214607226,LOW,212,72180,167,340.47169811320754,1.2694610778443114,0,212,77.74240430842626,5.188679245283019
PRV56688,0,0.029050491402381307,2.8003031050261544,LOW,37,7860,19,212.43243243243242,1.9473684210526316,0,37,76.31643791202853,2.7027027027027026
PRV53230,0,0.017242685716719632,1.6182487103555656,LOW,56,16260,40,290.35714285714283,1.4,0,56,76.19192334017796,1.7857142857142856
PRV51621,0,0.05245919576022764,5.143698871890541,LOW,9,530,9,58.888888888888886,1.0,0,9,74.6858316221766,0.0
PRV54110,0,0.10491662692242652,10.395101095904389,LOW,7,450,7,64.28571428571429,1.0,0,7,77.2973501515596,0.0
PRV57563,0,0.08175715467042197,8.076655426784328,LOW,6,830,6,138.33333333333334,1.0,0,6,68.04243668720055,0.0
PRV56279,0,0.03942670017686971,3.8390433679013576,LOW,53,17770,29,335.2830188679245,1.8275862068965518,0,53,75.66399962236541,7.547169811320755
PRV55796,0,0.0769763978761812,7.598063999306335,LOW,7,870,7,124.28571428571429,1.0,0,7,77.11899872885499,0.0
PRV56772,0,0.13041178711732607,12.947367533334578,LOW,70,47960,49,685.1428571428571,1.4285714285714286,5,65,78.00147032727456,7.142857142857142
PRV57599,0,0.08765316043754968,8.666892064612766,LOW,5,510,5,102.0,1.0,0,5,79.73223819301847,0.0
PRV55937,0,0.21711010239409934,21.62655207546259,LOW,382,165910,196,434.3193717277487,1.9489795918367347,7,375,76.1520256350009,4.973821989528796
PRV55836,0,0.149766226724101,14.884899451001193,LOW,82,122790,58,1497.439024390244,1.4137931034482758,15,67,76.17856871244962,19.51219512195122
PRV51815,0,0.10129514606834353,10.032562325133254,LOW,5,810,5,162.0,1.0,0,5,68.3170431211499,0.0
PRV53641,0,0.0607739994540925,5.976076242318571,LOW,8,2140,8,267.5,1.0,0,8,71.06262833675565,0.0
PRV55934,0,0.31610911641631195,31.53713349154338,LOW,653,254220,212,389.31087289433384,3.080188679245283,6,647,77.11534766309364,5.51301684532925
PRV51961,0,0.0913555584260537,9.037531278166648,LOW,159,46610,137,293.1446540880503,1.1605839416058394,0,159,79.90223674415584,3.1446540880503147
PRV56916,1,0.4054490078738682,40.48076062499412,LOW,11,113700,10,10336.363636363636,1.1,11,0,73.69144421629021,90.9090909090909
PRV55668,1,0.5043982715377727,50.38636163817534,MEDIUM,4,47000,4,11750.0,1.0,4,0,79.77138945927447,75.0
PRV51759,0,0.051215095033735704,5.019154585652124,LOW,13,1090,13,83.84615384615384,1.0,0,13,77.53277523298058,0.0
PRV54914,0,0.2388914035896305,23.807031961838586,LOW,402,212930,213,529.6766169154229,1.8873239436619718,14,388,78.33773878414536,5.970149253731343
PRV56376,0,0.09077902721137182,8.9798159605097,LOW,20,10780,10,539.0,2.0,0,20,74.85092402464065,5.0
PRV54212,0,0.01397880858691721,1.2915088903030825,LOW,54,11920,32,220.74074074074073,1.6875,0,54,78.99486652977413,1.8518518518518516
PRV52545,0,0.044286857169936404,4.325583380955575,LOW,13,1460,13,112.3076923076923,1.0,0,13,78.96172273995681,0.0
PRV57059,0,0.10724707288960039,10.628397101138054,LOW,9,4250,9,472.22222222222223,1.0,0,9,75.63039014373717,11.11111111111111
PRV55503,0,0.2610003349991394,26.02031021436058,LOW,604,188780,298,312.5496688741722,2.0268456375838926,1,603,76.58859213577541,3.642384105960265
PRV56954,0,0.05245032893341987,5.1428112326564674,LOW,20,2910,19,145.5,1.0526315789473684,0,20,78.92114269246011,0.0
PRV56335,1,0.4234688957361216,42.28469339676333,LOW,18,156000,18,8666.666666666666,1.0,18,0,81.54201840444141,94.44444444444444
PRV54623,0,0.11363461936396571,11.267840837102874,LOW,43,8030,11,186.74418604651163,3.909090909090909,0,43,80.99284425362454,0.0
PRV51731,0,0.02808187752872663,2.7033372235937776,LOW,38,8720,38,229.47368421052633,1.0,0,38,75.2765589538528,2.631578947368421
PRV54424,0,0.1590699207965029,15.816272540779227,LOW,2,150,2,75.0,1.0,0,2,73.20739219712526,0.0
PRV52818,0,0.059047688393362344,5.8032589018043685,LOW,39,9730,35,249.48717948717947,1.1142857142857143,0,39,75.52869854307227,2.564102564102564
PRV56283,0,0.17310054167316175,17.220848251857433,LOW,3,2320,3,773.3333333333334,1.0,0,3,73.41455624001826,33.33333333333333
PRV54817,1,0.6895280634023683,68.91931262700538,HIGH,1,7000,1,7000.0,1.0,1,0,102.50239561943874,100.0
PRV53002,0,0.19645399268427932,19.55871272331777,LOW,397,116040,134,292.29219143576825,2.962686567164179,0,397,77.73357034131192,3.7783375314861463
PRV57722,0,0.024043292042429096,2.2990429923525095,LOW,34,7490,32,220.2941176470588,1.0625,0,34,75.09625256673512,0.0
PRV52218,0,0.05564793583936506,5.462916881091326,LOW,8,1660,8,207.5,1.0,0,8,74.55236139630391,0.0
PRV51237,1,0.7224077601630717,72.2108293648376,HIGH,1,19000,1,19000.0,1.0,1,0,93.67008898015058,100.0
PRV54171,0,0.059976536772343596,5.896243943867747,LOW,72,20740,27,288.05555555555554,2.6666666666666665,0,72,78.51172459249119,1.3888888888888888
PRV51868,1,0.6926194768522591,69.22878747368452,HIGH,144,1099710,82,7636.875,1.7560975609756098,100,44,76.38648213997541,61.80555555555556
PRV55826,0,0.27683538861127616,27.605523861194214,LOW,26,106390,21,4091.923076923077,1.2380952380952381,4,22,80.1801505817933,19.230769230769234
PRV54337,1,0.43391310757837404,43.33024130258604,LOW,149,640510,71,4298.724832214765,2.0985915492957745,64,85,79.5069794453778,41.61073825503356
PRV56598,0,0.11461001171740337,11.365485297775964,LOW,280,87080,194,311.0,1.443298969072165,0,280,78.221525998998,3.571428571428571
PRV53836,0,0.053504074894759814,5.248299506907186,LOW,49,10970,44,223.87755102040816,1.1136363636363635,0,49,77.61203409868708,0.0
PRV54052,1,0.48891582095131725,48.836446332725046,MEDIUM,6,75000,6,12500.0,1.0,6,0,79.89002966005019,100.0
PRV52461,1,0.3681898708722556,36.750827409047766,LOW,7,48000,7,6857.142857142857,1.0,7,0,74.18011146963919,100.0
PRV55137,1,0.6489690671228029,64.85903749443727,HIGH,2,38000,2,19000.0,1.0,2,0,81.33607118412047,100.0
PRV57709,1,0.35088208352947997,35.01818151063201,LOW,217,441530,151,2034.700460829493,1.4370860927152318,30,187,76.14893908282,14.746543778801843
PRV56345,0,0.23035922853639512,22.952894005450755,LOW,572,134510,243,235.15734265734267,2.353909465020576,0,572,77.82427617365636,2.097902097902098
PRV55801,0,0.22524768536600293,22.441188255122604,LOW,2,70,2,35.0,1.0,0,2,86.62696783025325,0.0
PRV52731,0,0.03302601825274461,3.1982846699082095,LOW,23,4410,13,191.7391304347826,1.7692307692307692,0,23,77.61575317222135,0.0
PRV56220,0,0.14976529188424773,14.88480586616534,LOW,15,18610,11,1240.6666666666667,1.3636363636363635,3,12,72.94592744695414,20.0
PRV56274,0,0.27018533137026735,26.93980072890294,LOW,8,23980,4,2997.5,2.0,4,4,73.51129363449692,37.5
PRV57627,0,0.051841380012437904,5.081850647147281,LOW,28,10360,28,370.0,1.0,0,28,77.96431015938204,3.571428571428571
PRV51522,0,0.19474954762858943,19.38808434221227,LOW,190,206780,157,1088.3157894736842,1.2101910828025477,12,178,76.47740665589346,10.526315789473683
PRV57405,0,0.03150926333535169,3.046445550644954,LOW,32,5690,27,177.8125,1.1851851851851851,0,32,78.70114330620834,0.0
PRV53382,0,0.012109491028436002,1.1043754724724701,LOW,45,18320,38,407.1111111111111,1.1842105263157894,0,45,78.06383515256313,6.666666666666667
PRV51314,0,0.022005243193839955,2.095018242779141,LOW,30,6460,20,215.33333333333334,1.5,0,30,75.44996577686516,0.0
PRV57287,0,0.19879501944322345,19.7930679491843,LOW,289,80390,107,278.16608996539793,2.7009345794392523,0,289,77.16995784477409,3.1141868512110724
PRV52257,0,0.03475922942406241,3.3717927658651217,LOW,15,4440,14,296.0,1.0714285714285714,0,15,75.04155666373325,6.666666666666667
PRV56028,1,0.32857250713380576,32.78481711391192,LOW,201,66770,176,332.18905472636817,1.1420454545454546,4,197,77.87398281238117,4.477611940298507
PRV57359,0,0.06724971796750527,6.62434669418791,LOW,102,34390,67,337.15686274509807,1.5223880597014925,0,102,78.50259993666167,2.941176470588235
PRV54084,0,0.1390383758529869,13.810957043313229,LOW,49,82310,36,1679.795918367347,1.3611111111111112,8,41,76.7580663132929,16.3265306122449
PRV52580,0,0.024019988323615873,2.2967101064659485,LOW,39,7090,37,181.7948717948718,1.054054054054054,0,39,76.45544517823778,0.0
PRV56832,0,0.10587823828526086,10.491365970823848,LOW,11,7520,11,683.6363636363636,1.0,0,11,71.51564930620371,9.090909090909092
PRV53832,0,0.0822194102429002,8.12293085216437,LOW,12,4910,12,409.1666666666667,1.0,0,12,75.55555555555556,0.0
PRV53403,0,0.04806541257360672,4.70384655188821,LOW,72,15250,67,211.80555555555554,1.0746268656716418,0,72,77.09105397039443,0.0
PRV53352,0,0.1834992444310859,18.261840339727193,LOW,288,92300,187,320.4861111111111,1.5401069518716577,0,288,75.81745709297346,3.4722222222222223
PRV51699,0,0.15893032077725647,15.802297478804189,LOW,209,53760,131,257.2248803827751,1.5954198473282444,0,209,76.04159025241522,2.3923444976076556
PRV53496,0,0.075831009224374,7.483401569595234,LOW,58,14660,29,252.75862068965517,2.0,0,58,79.64681724845997,0.0
PRV54757,0,0.1644268566908444,16.352544036469933,LOW,65,117290,50,1804.4615384615386,1.3,15,50,81.16720897172642,23.076923076923077
PRV55898,0,0.041153761646986996,4.01193583030844,LOW,27,6220,26,230.37037037037038,1.0384615384615385,0,27,73.77275838466804,3.7037037037037033
PRV52769,0,0.2076052008498535,20.67503653223764,LOW,1,40,1,40.0,1.0,0,1,87.99726214921287,0.0
PRV51788,0,0.09664011017908844,9.566556550925348,LOW,139,38790,85,279.0647482014389,1.6352941176470588,0,139,77.74629786206063,2.158273381294964
PRV52579,0,0.0849886508185459,8.400153655408584,LOW,9,1060,9,117.77777777777777,1.0,0,9,79.12054148604457,0.0
PRV52109,0,0.18087382344954703,17.999015011151805,LOW,248,75580,222,304.758064516129,1.117117117117117,0,248,78.31591344938369,4.032258064516129
PRV56826,0,0.11512492403574337,11.417032078352046,LOW,24,20870,20,869.5833333333334,1.2,4,20,77.19438740588637,12.5
PRV57602,0,0.022895346369751445,2.1841245847029462,LOW,38,8970,30,236.05263157894737,1.2666666666666666,0,38,71.38069815195072,2.631578947368421
PRV52722,0,0.22641684406060494,22.558230253425457,LOW,283,147380,119,520.7773851590106,2.3781512605042017,9,274,78.31026291420058,5.6537102473498235
PRV51573,0,0.10184696278276234,10.087803526563551,LOW,92,66730,71,725.3260869565217,1.295774647887324,5,87,75.8149789257538,9.782608695652174
PRV56677,0,0.22301708258832978,22.217887339922523,LOW,1,20,1,20.0,1.0,0,1,72.41615331964408,0.0
PRV53223,0,0.04895294330186899,4.792695371531436,LOW,23,11790,18,512.6086956521739,1.2777777777777777,0,23,71.74096889497301,8.695652173913043
PRV53996,0,0.264900731626222,26.41077065186591,LOW,5,11390,3,2278.0,1.6666666666666667,2,3,77.5671457905544,20.0
PRV52390,0,0.02136036571396455,2.030460925407594,LOW,36,6400,34,177.77777777777777,1.0588235294117647,0,36,73.6109836131578,0.0
PRV55180,0,0.14477748245999922,14.385486838848374,LOW,127,108440,105,853.8582677165355,1.2095238095238094,7,120,76.20792998924415,10.236220472440944
PRV54610,0,0.03244852887115198,3.1404734321931373,LOW,45,14470,21,321.55555555555554,2.142857142857143,0,45,78.8143802353248,4.444444444444445
PRV56890,0,0.11978769614922177,11.88381230956617,LOW,12,4270,5,355.8333333333333,2.4,0,12,86.30143737166324,0.0
PRV52751,0,0.0885170736326419,8.753376583079453,LOW,3,300,3,100.0,1.0,0,3,80.55669632671686,0.0
PRV52774,0,0.11250101302826783,11.154357910078993,LOW,4,300,4,75.0,1.0,0,4,87.68856947296372,0.0
PRV53729,0,0.16834034174901188,16.74431472906372,LOW,3,1900,3,633.3333333333334,1.0,0,3,86.9450148300251,0.0
PRV57614,0,0.23619329745713052,23.536930276892832,LOW,4,1700,2,425.0,2.0,0,4,65.1690622861054,0.0
PRV55560,0,0.016454662593824085,1.5393613861297073,LOW,21,5170,19,246.1904761904762,1.105263157894737,0,21,74.92633019921468,0.0
PRV57248,0,0.0994064951445625,9.843493485089166,LOW,6,220,6,36.666666666666664,1.0,0,6,86.9039470682181,0.0
PRV51712,0,0.10276285768242527,10.179491823273718,LOW,3,860,3,286.6666666666667,1.0,0,3,82.69313255760893,0.0
PRV57740,0,0.04513034307656832,4.410022966880305,LOW,12,5500,12,458.3333333333333,1.0,0,12,75.43166780743782,8.333333333333332
PRV56181,0,0.04451022945570597,4.347944706935231,LOW,12,4550,9,379.1666666666667,1.3333333333333333,0,12,75.87953456536619,0.0
PRV55707,0,0.13230935425606108,13.137328956755354,LOW,33,55020,17,1667.2727272727273,1.9411764705882353,7,26,76.27093315080994,21.21212121212121
PRV56348,0,0.029821710802836927,2.8775082442224043,LOW,58,11200,36,193.10344827586206,1.6111111111111112,0,58,79.32838999163434,1.7241379310344827
PRV53878,0,0.11999634229853934,11.904699433244993,LOW,46,48670,35,1058.0434782608695,1.3142857142857143,5,41,73.05906913073237,13.043478260869565
PRV53147,0,0.03862905593239577,3.759192893591042,LOW,18,6760,16,375.55555555555554,1.125,0,18,68.18685831622177,5.555555555555555
PRV54786,1,0.4609345752106606,46.03530314180478,MEDIUM,1316,415900,697,316.03343465045594,1.8880918220946916,0,1316,77.62279525923657,3.875379939209726
PRV51923,0,0.0960723650898861,9.50972079366359,LOW,9,1040,7,115.55555555555556,1.2857142857142858,0,9,73.94074508653564,0.0
PRV52213,0,0.0802197712871095,7.922751235530168,LOW,7,590,7,84.28571428571429,1.0,0,7,86.60565170626772,0.0
PRV55181,1,0.3880473720571895,38.73871975481448,LOW,439,413360,310,941.5945330296128,1.4161290322580644,35,404,76.20563568442147,8.200455580865604
PRV55375,1,0.491679892441128,49.113151669744774,MEDIUM,14,147900,14,10564.285714285714,1.0,14,0,75.44050063557249,92.85714285714286
PRV54639,1,0.39572483768352645,39.50729456245753,LOW,13,110000,12,8461.538461538461,1.0833333333333333,13,0,81.84690851015286,100.0
PRV56078,0,0.07613533035928831,7.513866513251398,LOW,4,510,4,127.5,1.0,0,4,74.02190280629705,0.0
PRV54711,0,0.14402691835346876,14.310349457337795,LOW,2,40,2,20.0,1.0,0,2,84.91718001368926,0.0
PRV53775,0,0.1105328714217623,10.957331426307421,LOW,47,31170,43,663.1914893617021,1.0930232558139534,2,45,78.99672978933759,6.382978723404255
PRV54968,0,0.19578790666675924,19.492032264204667,LOW,49,127820,34,2608.5714285714284,1.4411764705882353,10,39,73.51022520492145,24.489795918367346
PRV55325,0,0.04563392695255993,4.460435681109163,LOW,41,14980,20,365.3658536585366,2.05,0,41,78.53388090349077,7.317073170731707
PRV56735,0,0.1870345722076686,18.6157545085541,LOW,412,133630,285,324.34466019417476,1.4456140350877194,0,412,76.46650095464534,3.3980582524271843
PRV52373,0,0.25624521049977284,25.54428478158204,LOW,23,43710,19,1900.4347826086957,1.2105263157894737,3,20,72.88669031174165,17.391304347826086
PRV53831,0,0.056420544356209905,5.540261081784378,LOW,83,27550,71,331.9277108433735,1.1690140845070423,0,83,73.28277949696812,6.024096385542169
PRV52599,0,0.14192999395735637,14.100430801517899,LOW,272,87890,144,323.125,1.8888888888888888,0,272,78.49564605673436,4.044117647058823
PRV55270,0,0.16025966038212158,15.935374848450317,LOW,204,63190,108,309.7549019607843,1.8888888888888888,1,203,75.93771389459273,3.9215686274509802
PRV55413,0,0.1535293154477889,15.261614285390115,LOW,4,2200,4,550.0,1.0,0,4,86.75017111567419,25.0
PRV55130,1,0.4896337513094596,48.908316818867966,MEDIUM,3,28000,3,9333.333333333334,1.0,3,0,67.03080082135524,100.0
PRV55755,0,0.17639004014828397,17.550152970472684,LOW,86,155920,64,1813.0232558139535,1.34375,11,75,77.98342490334277,15.11627906976744
PRV53247,0,0.1410789578990112,14.01523538591146,LOW,37,65960,28,1782.7027027027027,1.3214285714285714,7,30,71.24802972523712,21.62162162162162
PRV56350,1,0.4715021075326439,47.09319639941421,MEDIUM,158,812530,69,5142.594936708861,2.289855072463768,66,92,77.71674747927919,40.50632911392405
PRV53463,0,0.11869116642105955,11.774041043120361,LOW,76,38030,40,500.39473684210526,1.9,3,73,74.75052130589116,9.210526315789473
PRV53933,0,0.11887901292768184,11.792845958664156,LOW,265,81990,136,309.39622641509436,1.9485294117647058,0,265,77.60216612312276,4.150943396226415
PRV55980,0,0.052345263295472,5.132293334380418,LOW,17,8700,17,511.7647058823529,1.0,0,17,73.72629544630995,5.88235294117647
PRV55921,0,0.053516824039226946,5.249575796731634,LOW,59,21140,56,358.3050847457627,1.0535714285714286,0,59,79.92568690720643,5.084745762711865
PRV57756,0,0.03607630849849321,3.503642759801769,LOW,27,3790,27,140.37037037037038,1.0,0,27,78.0123203285421,0.0
PRV57177,1,0.46568668774320027,46.51102705296964,MEDIUM,564,848370,228,1504.2021276595744,2.473684210526316,73,491,77.35071921848741,13.47517730496454
PRV53474,0,0.0978287860461569,9.685552371987455,LOW,6,470,6,78.33333333333333,1.0,0,6,84.86059776408852,0.0
PRV54510,0,0.05731792988032873,5.630096444148658,LOW,149,41250,75,276.8456375838926,1.9866666666666666,0,149,75.41139858544376,2.013422818791946
PRV55263,0,0.12805620202323173,12.711554903399797,LOW,319,103750,247,325.23510971786834,1.291497975708502,0,319,76.75474897954093,3.4482758620689653
PRV57297,1,0.42527388705410346,42.465387251029036,LOW,8,53000,8,6625.0,1.0,8,0,77.4798083504449,100.0
PRV52013,0,0.019599944533550892,1.854228893125252,LOW,62,14210,56,229.19354838709677,1.1071428571428572,0,62,78.6713601251589,3.225806451612903
PRV55736,0,0.19013237080751533,18.925868559058824,LOW,230,107940,111,469.30434782608694,2.0720720720720722,4,226,75.83056546225248,7.82608695652174
PRV53495,0,0.0373023921322617,3.626383393083837,LOW,34,14990,20,440.88235294117646,1.7,0,34,78.66228610540726,11.76470588235294
PRV53985,0,0.2699403358109662,26.915274742851324,LOW,197,163330,59,829.0862944162436,3.3389830508474576,8,189,74.35525821907223,7.1065989847715745
PRV55537,0,0.034672683491626964,3.363128836046188,LOW,15,4810,13,320.6666666666667,1.1538461538461537,0,15,71.76243879323962,0.0
PRV55044,0,0.08365348408253119,8.266492944016573,LOW,9,1070,9,118.88888888888889,1.0,0,9,85.44406418739067,0.0
PRV51241,0,0.19731864341823666,19.645271075236664,LOW,60,90210,38,1503.5,1.5789473684210527,10,50,76.78384085514148,16.666666666666664
PRV57200,0,0.02866702955813828,2.761915552737216,LOW,25,12150,24,486.0,1.0416666666666667,0,25,74.88546657540498,8.0
PRV54480,1,0.4292184130463539,42.86026538572716,LOW,6,40000,6,6666.666666666667,1.0,6,0,78.86151038101757,83.33333333333334
PRV53014,0,0.08276280449296435,8.177328898543726,LOW,8,1180,8,147.5,1.0,0,8,75.82306639288159,0.0
PRV51533,0,0.26334799396997194,26.255329376898988,LOW,36,96350,23,2676.3888888888887,1.565217391304348,13,23,78.35477983116587,36.11111111111111
PRV57188,0,0.16811000931042577,16.72125663694111,LOW,21,47780,13,2275.2380952380954,1.6153846153846154,5,16,78.90820594722032,28.57142857142857
PRV56403,0,0.1512956248889663,15.038004258965254,LOW,34,78660,23,2313.529411764706,1.4782608695652173,10,24,75.94321167560884,35.294117647058826
PRV52464,1,0.5068770665180773,50.634508548613944,MEDIUM,2,12000,2,6000.0,1.0,2,0,89.96030116358659,100.0
PRV56256,0,0.13456206196228912,13.362842749490667,LOW,55,90650,42,1648.1818181818182,1.3095238095238095,11,44,77.18275154004107,20.0
PRV56098,0,0.046958068234583004,4.592992657676008,LOW,21,2840,18,135.23809523809524,1.1666666666666667,0,21,83.06030876872767,0.0
PRV51534,0,0.22912528129386028,22.82936616296592,LOW,1,50,1,50.0,1.0,0,1,78.5845311430527,0.0
PRV51669,0,0.030065952345396895,2.9019587472565718,LOW,76,21060,74,277.10526315789474,1.027027027027027,0,76,76.35029690881846,1.3157894736842104
PRV57514,0,0.027303117130508568,2.6253771710984273,LOW,51,15030,44,294.70588235294116,1.1590909090909092,0,51,78.31074606433948,1.9607843137254901
PRV51672,0,0.10269150303594643,10.172348660886408,LOW,6,2270,6,378.3333333333333,1.0,0,6,71.80561259411361,0.0
PRV55188,0,0.14593163429085032,14.50102653183564,LOW,207,73470,112,354.92753623188406,1.8482142857142858,4,203,76.69519409406473,2.898550724637681
PRV57351,0,0.08301037073962525,8.202112230657074,LOW,34,20180,32,593.5294117647059,1.0625,0,34,76.18976728268309,5.88235294117647
PRV55392,0,0.23148487573704943,23.065580160338772,LOW,192,302110,107,1573.4895833333333,1.794392523364486,23,169,78.8424604945987,14.0625
PRV54381,0,0.1967019477822759,19.58353498251397,LOW,129,163410,111,1266.7441860465117,1.162162162162162,13,116,76.9195204345234,9.30232558139535
PRV56447,0,0.05864131274711828,5.7625774973743145,LOW,170,50870,101,299.2352941176471,1.683168316831683,0,170,73.72945425959433,2.3529411764705883
PRV51609,0,0.26832193831563816,26.753260400593014,LOW,75,110790,59,1477.2,1.271186440677966,12,63,78.71571330791043,14.666666666666666
PRV51153,0,0.19943014002988765,19.856648524661065,LOW,87,71490,79,821.7241379310345,1.1012658227848102,4,83,76.9025341612858,5.747126436781609
PRV53510,0,0.25304111194774864,25.22352926822049,LOW,16,13880,10,867.5,1.6,2,14,70.22199406798997,12.5
PRV53381,0,0.2083212365099493,20.74671734417587,LOW,33,138120,22,4185.454545454545,1.5,11,22,79.83336873657628,33.33333333333333
PRV51305,0,0.20654815792200434,20.569218205659247,LOW,49,113400,23,2314.285714285714,2.130434782608696,11,38,77.1379074323208,24.489795918367346
PRV57313,0,0.24789752583515806,24.70861576687982,LOW,402,101970,328,253.65671641791045,1.225609756097561,0,402,77.85622109814527,2.9850746268656714
PRV53797,1,0.7715255887524025,77.12791105523142,CRITICAL,4739,1303600,2020,275.0791306182739,2.346039603960396,0,4739,76.59372733987979,2.848702257860308
PRV54054,1,0.5075803182012707,50.704909583726476,MEDIUM,1,5000,1,5000.0,1.0,1,0,86.50239561943874,100.0
PRV57672,0,0.26538642637087784,26.45939252308166,LOW,425,118190,342,278.09411764705885,1.2426900584795322,0,425,77.50284792519743,3.058823529411765
PRV53688,0,0.025674542970746103,2.4623440645380947,LOW,17,3440,15,202.35294117647058,1.1333333333333333,0,17,72.93871777321469,0.0
PRV52029,0,0.2085336256467274,20.767979170394245,LOW,168,166610,148,991.7261904761905,1.135135135135135,11,157,77.70363195708978,8.333333333333332
PRV51743,0,0.0947147651528982,9.373814342080488,LOW,118,29380,115,248.98305084745763,1.0260869565217392,0,118,76.69715203999642,1.694915254237288
PRV52556,1,0.33734296042689593,33.662808599742284,LOW,115,464760,62,4041.391304347826,1.8548387096774193,46,69,78.30710472279262,38.26086956521739
PRV51863,0,0.28803468280392114,28.726661460341873,LOW,73,286700,51,3927.3972602739727,1.4313725490196079,19,54,78.10482649907702,28.767123287671232
PRV57714,0,0.08569366868506441,8.47073149938949,LOW,4,480,4,120.0,1.0,0,4,84.16700889801506,0.0
PRV56066,0,0.083912136681299,8.292386107336302,LOW,8,4010,8,501.25,1.0,0,8,75.3750855578371,12.5
PRV56864,0,0.0628358642886577,6.182485159758168,LOW,24,3800,12,158.33333333333334,2.0,0,24,80.81314168377823,0.0
PRV55331,0,0.0156562874123168,1.4594377392625688,LOW,23,4700,19,204.34782608695653,1.2105263157894737,0,23,78.80341510861342,0.0
PRV55970,0,0.2869201164692845,28.615084587459478,LOW,40,221400,22,5535.0,1.8181818181818181,16,24,79.05263157894737,40.0
PRV57601,0,0.03568235749641087,3.4642051601585275,LOW,62,21020,48,339.03225806451616,1.2916666666666667,0,62,79.01203513575177,4.838709677419355
PRV51173,0,0.25842213211928916,25.762211789842976,LOW,22,96290,14,4376.818181818182,1.5714285714285714,7,15,76.30194582966658,40.909090909090914
PRV52124,0,0.2206190391858128,21.97782429874307,LOW,115,189250,106,1645.6521739130435,1.0849056603773586,7,108,77.52663044465847,11.304347826086957
PRV52119,0,0.22321651584580596,22.237852180530414,LOW,52,202380,35,3891.923076923077,1.4857142857142858,16,36,73.8594838346016,28.846153846153843
PRV52895,0,0.032027064986715155,3.0982815762246365,LOW,81,26180,72,323.2098765432099,1.125,0,81,74.85888660734656,4.938271604938271
PRV55196,0,0.2462435731737539,24.543042072322503,LOW,173,150790,147,871.6184971098265,1.1768707482993197,6,167,75.96628685697414,5.202312138728324
PRV52118,0,0.21040169787578514,20.954987920936365,LOW,52,113660,45,2185.769230769231,1.1555555555555554,4,48,75.07846177485368,13.461538461538462
PRV54693,0,0.1469878774169797,14.606764791959446,LOW,52,39930,49,767.8846153846154,1.0612244897959184,2,50,76.38882849512153,15.384615384615385
PRV55424,0,0.10230297936167637,10.133454379524533,LOW,10,830,6,83.0,1.6666666666666667,0,10,75.6103125712982,0.0
PRV54014,0,0.14805133379528782,14.713225155466786,LOW,2,410,2,205.0,1.0,0,2,91.74948665297742,0.0
PRV51103,0,0.15116675986547568,15.025103854657159,LOW,6,440,4,73.33333333333333,1.5,0,6,77.70910335386722,0.0
PRV56638,0,0.027228926593490445,2.6179501137213115,LOW,26,7230,24,278.0769230769231,1.0833333333333333,0,26,80.53102897558749,3.8461538461538463
PRV54522,0,0.18530575536541474,18.442686319563816,LOW,2,2030,2,1015.0,1.0,0,2,70.0,0.0
PRV52961,0,0.10336739114940106,10.2400103870431,LOW,5,320,5,64.0,1.0,0,5,67.31608487337441,0.0
PRV56004,0,0.12425523982860333,12.331048636126694,LOW,5,3470,5,694.0,1.0,0,5,82.83367556468173,20.0
PRV54423,0,0.0317291133705693,3.0684542715890184,LOW,93,22480,51,241.72043010752688,1.8235294117647058,0,93,77.63090013555046,2.1505376344086025
PRV56293,0,0.14805168358619136,14.713260172292584,LOW,3,430,3,143.33333333333334,1.0,0,3,74.02966005019393,0.0
PRV52406,0,0.014448792095945876,1.33855794302798,LOW,63,13420,44,213.015873015873,1.4318181818181819,0,63,74.8660319830751,3.1746031746031744
PRV55887,1,0.5585441252463709,55.80678826385728,HIGH,6,66000,6,11000.0,1.0,6,0,70.88751996349532,100.0
PRV55340,0,0.07850905298236648,7.75149485276123,LOW,108,32730,83,303.05555555555554,1.3012048192771084,0,108,77.18344424927636,2.7777777777777777
PRV54597,0,0.0668221323486203,6.581542004361869,LOW,15,5000,10,333.3333333333333,1.5,0,15,76.7003422313484,6.666666666666667
PRV56393,0,0.04905751298514068,4.803163620836276,LOW,10,2580,8,258.0,1.25,0,10,80.6776180698152,0.0
PRV54175,0,0.18358920857590064,18.270846459540817,LOW,1,80,1,80.0,1.0,0,1,83.58384668035592,0.0
PRV52794,0,0.3007550128021864,30.000066729397755,LOW,1,30,1,30.0,1.0,0,1,69.16632443531827,0.0
PRV56508,0,0.07038200500693025,6.937913309263398,LOW,177,48580,84,274.4632768361582,2.107142857142857,0,177,74.38378801212477,2.2598870056497176
PRV52954,1,0.3497278245545187,34.902631091675026,LOW,1,2100,1,2100.0,1.0,0,1,92.99931553730322,100.0
PRV52332,0,0.05508796431121293,5.406859318546373,LOW,64,20650,62,322.65625,1.032258064516129,0,64,76.98390408690469,3.125
PRV56682,0,0.13633299525971043,13.540127127520982,LOW,19,16410,16,863.6842105263158,1.1875,3,16,72.74628048560828,10.526315789473683
PRV57526,0,0.25744513910803757,25.664407090709524,LOW,202,109310,152,541.1386138613861,1.3289473684210527,2,200,78.8382445754109,3.9603960396039604
PRV55252,0,0.02798924662873365,2.694064140572776,LOW,45,14220,39,316.0,1.1538461538461537,0,45,76.20990189368013,4.444444444444445
PRV56538,0,0.08174925979906779,8.07586508795017,LOW,23,4480,11,194.7826086956522,2.090909090909091,0,23,73.53045859000684,4.3478260869565215
PRV53582,0,0.09222075320867981,9.124144093644391,LOW,14,6920,7,494.2857142857143,2.0,0,14,73.41664222157036,14.285714285714285
PRV57716,0,0.06454126059335596,6.353208768385252,LOW,11,3540,11,321.8181818181818,1.0,0,11,74.87125878912326,9.090909090909092
PRV54841,1,0.439975846963499,43.93716928943729,LOW,6,50250,3,8375.0,2.0,3,3,81.73360711841204,50.0
PRV53879,0,0.0455352926150658,4.450561606687195,LOW,15,1340,15,89.33333333333333,1.0,0,15,79.47798311658681,0.0
PRV54854,0,0.08313115446504019,8.214203633347141,LOW,131,39660,55,302.7480916030534,2.381818181818182,0,131,72.05047601269368,5.343511450381679
PRV52879,0,0.06140252526701567,6.038996628977027,LOW,120,26880,56,224.0,2.142857142857143,0,120,77.19810306052605,1.6666666666666667
PRV51252,0,0.16170389425376636,16.07995403956818,LOW,87,154930,60,1780.8045977011495,1.45,18,69,73.7305018192298,17.24137931034483
PRV57612,1,0.43386628090007157,43.32555358309364,LOW,6,31490,3,5248.333333333333,2.0,3,3,83.1959844855122,50.0
PRV56222,0,0.0393008062560189,3.8264403943798078,LOW,101,24770,72,245.24752475247524,1.4027777777777777,0,101,76.10552133242072,2.9702970297029703
PRV51097,0,0.1022207748581782,10.125225060952689,LOW,125,44420,71,355.36,1.7605633802816902,0,125,73.44759040209773,6.4
PRV57209,1,0.4945220069073455,49.39766972368165,MEDIUM,1108,485040,557,437.7617328519856,1.9892280071813286,15,1093,76.67170062281251,5.505415162454874
PRV54296,0,0.0888351880618352,8.785222344184133,LOW,54,10460,18,193.7037037037037,3.0,0,54,75.80515628564909,1.8518518518518516
PRV53874,0,0.20544915666284216,20.45919951948467,LOW,524,149580,416,285.4580152671756,1.2596153846153846,0,524,75.93054019902068,3.816793893129771
PRV56451,0,0.1400850797644718,13.915740352882086,LOW,259,72950,86,281.66023166023166,3.011627906976744,0,259,74.41567578753005,3.088803088803089
PRV56992,0,0.13070877455552746,12.977098316160232,LOW,2,100,2,50.0,1.0,0,2,86.87611225188228,0.0
PRV54581,0,0.054092810155359064,5.307236545728373,LOW,11,2160,9,196.36363636363637,1.2222222222222223,0,11,79.01802418434862,0.0
PRV54186,0,0.07816452371832319,7.717004758539107,LOW,11,1730,7,157.27272727272728,1.5714285714285714,0,11,75.39376161142074,0.0
PRV54542,0,0.16103081439222766,16.012573441557304,LOW,20,35420,12,1771.0,1.6666666666666667,5,15,77.60711841204655,25.0
PRV51992,0,0.029467909086662792,2.8420899044750394,LOW,61,10790,54,176.88524590163934,1.1296296296296295,0,61,78.23920703729054,1.639344262295082
PRV57378,0,0.016961291608263544,1.5900789427128919,LOW,35,6780,29,193.71428571428572,1.206896551724138,0,35,76.30418466331516,0.0
PRV52643,0,0.05654083398563189,5.552303021572074,LOW,11,5090,11,462.72727272727275,1.0,0,11,81.68178706987743,9.090909090909092
PRV52303,1,0.3429819723882294,34.227318132498944,LOW,392,347340,294,886.0714285714286,1.3333333333333333,23,369,76.83276148989816,8.16326530612245
PRV54949,1,0.4140062894093669,41.33741193809565,LOW,412,525140,345,1274.611650485437,1.1942028985507247,42,370,77.76921378051563,12.135922330097088
PRV53807,0,0.2717414004173322,27.095575502341784,LOW,158,375030,120,2373.6075949367087,1.3166666666666667,36,122,77.50270914751275,22.151898734177212
PRV56607,0,0.1512235425583056,15.030788249657187,LOW,72,48820,43,678.0555555555555,1.6744186046511629,4,68,76.48007618367409,6.944444444444445
PRV51255,0,0.0976584790639698,9.668503301051116,LOW,74,40570,61,548.2432432432432,1.2131147540983607,2,72,76.23134839151267,6.756756756756757
PRV57545,0,0.17688722266967524,17.59992485866336,LOW,61,40430,53,662.7868852459017,1.150943396226415,1,60,75.15643775192031,3.278688524590164
PRV57436,0,0.03322549531299296,3.2182538955187607,LOW,41,10950,32,267.0731707317073,1.28125,0,41,74.34907597535934,2.4390243902439024
PRV55091,0,0.03427336212099729,3.3231536201928424,LOW,18,4750,18,263.8888888888889,1.0,0,18,71.3842877785383,5.555555555555555
PRV55508,0,0.024216314531756572,2.3163639069518025,LOW,16,9310,14,581.875,1.1428571428571428,0,16,74.54150777354063,6.25
PRV52410,0,0.053286302935093614,5.226498817701058,LOW,58,24310,23,419.13793103448273,2.5217391304347827,0,58,77.16406273249412,6.896551724137931
PRV53133,0,0.0628949272259769,6.188397825199901,LOW,159,46660,106,293.45911949685535,1.5,0,159,77.92468327457286,3.1446540880503147
PRV56275,0,0.11116946322496288,11.021059282152667,LOW,80,24690,34,308.625,2.3529411764705883,0,80,77.20304384587511,2.5
PRV56084,0,0.2053293084380034,20.447201767774022,LOW,1,50,1,50.0,1.0,0,1,78.5845311430527,0.0
PRV56111,0,0.087679591107637,8.669537982962245,LOW,93,20060,50,215.69892473118279,1.86,0,93,79.21368925393567,2.1505376344086025
PRV51916,0,0.13024685323305182,12.93085635183934,LOW,43,7290,13,169.53488372093022,3.3076923076923075,0,43,73.97420102142895,0.0
PRV52979,1,0.4330817710857497,43.24701796874088,LOW,6,68000,6,11333.333333333334,1.0,6,0,78.7091033538672,100.0
PRV54253,0,0.2990486970913302,29.82925108096934,LOW,14,82850,9,5917.857142857143,1.5555555555555556,4,10,76.01853314378982,28.57142857142857
PRV51115,0,0.06955131638350301,6.854754832230076,LOW,7,980,6,140.0,1.1666666666666667,0,7,76.06890257814283,0.0
PRV55250,0,0.30619487548445734,30.544639850023476,LOW,301,343940,112,1142.6578073089702,2.6875,23,278,74.85234487479053,10.96345514950166
PRV57361,0,0.03130104710328444,3.025601465070637,LOW,60,18790,32,313.1666666666667,1.875,0,60,77.13552361396304,6.666666666666667
PRV52683,0,0.04029307752662849,3.925774567667713,LOW,131,33240,66,253.74045801526717,1.9848484848484849,0,131,77.7971916288138,3.0534351145038165
PRV55022,1,0.46905145707256013,46.847866977228584,MEDIUM,137,716850,67,5232.481751824817,2.044776119402985,76,61,79.19338018842201,51.82481751824818
PRV56346,0,0.020777155094284416,1.972076946676593,LOW,42,16050,25,382.14285714285717,1.68,0,42,77.63022587268993,4.761904761904762
PRV54319,1,0.3264406492779964,32.57140134350061,LOW,1,100,1,100.0,1.0,0,1,88.33127994524298,0.0
PRV51635,0,0.19017205062400422,18.929840821366405,LOW,29,28120,28,969.6551724137931,1.0357142857142858,1,28,74.1034246737001,3.4482758620689653
PRV51141,0,0.04045704697491097,3.942189201520417,LOW,71,19490,37,274.50704225352115,1.9189189189189189,0,71,79.48047431414987,0.0
PRV53706,1,0.8913108727422911,89.11936189093154,CRITICAL,473,2831940,262,5987.188160676533,1.8053435114503817,282,191,78.36453098924086,56.02536997885835
PRV56013,0,0.04028617732629722,3.9250838032409576,LOW,90,27360,86,304.0,1.0465116279069768,0,90,76.89327157251324,4.444444444444445
PRV51056,0,0.09544369409947492,9.446785873594585,LOW,22,14700,19,668.1818181818181,1.1578947368421053,2,20,80.13154721162934,13.636363636363635
PRV56672,0,0.07655641352462947,7.556020256238355,LOW,161,40980,70,254.53416149068323,2.3,0,161,76.80993448714187,3.1055900621118013
PRV57704,0,0.30569720815595525,30.494819428820723,LOW,7,26770,4,3824.285714285714,1.75,3,4,81.9524787327662,42.857142857142854
PRV56103,1,0.511562695597822,51.103576942264276,MEDIUM,116,691860,55,5964.310344827586,2.109090909090909,68,48,79.124687569696,58.620689655172406
PRV57758,0,0.168360539834832,16.74633671661528,LOW,2,110,2,55.0,1.0,0,2,67.91649555099247,0.0
PRV55882,0,0.025701590829577733,2.4650517683443303,LOW,23,6440,22,280.0,1.0454545454545454,0,23,75.06788625474456,4.3478260869565215
PRV54259,0,0.2470213751676953,24.62090618099753,LOW,29,89900,16,3100.0,1.8125,12,17,72.81419470331174,37.93103448275862
PRV56227,0,0.07145383102372155,7.045211539535676,LOW,26,8820,23,339.2307692307692,1.1304347826086956,1,25,77.50376454483231,3.8461538461538463
PRV52299,0,0.22796051663094846,22.712764041860233,LOW,601,157140,255,261.46422628951746,2.3568627450980393,0,601,76.2186308061897,2.4958402662229617
PRV53677,1,0.5210060994472928,52.04893608164027,MEDIUM,562,773150,143,1375.711743772242,3.93006993006993,63,499,79.42613374082741,12.811387900355871
PRV55723,0,0.019084958821793424,1.8026747652897408,LOW,47,14500,25,308.51063829787233,1.88,0,47,74.53711156741957,4.25531914893617
PRV53673,0,0.25149766582429856,25.06901814890415,LOW,36,181630,22,5045.277777777777,1.6363636363636365,14,22,77.01863259563464,38.88888888888889
PRV52764,0,0.12426447544350014,12.33197319395453,LOW,3,450,3,150.0,1.0,0,3,76.44626967830253,0.0
PRV55167,0,0.03228393680404217,3.1239964692895796,LOW,94,33300,80,354.25531914893617,1.175,0,94,75.50975359342917,4.25531914893617
PRV53057,0,0.039613911351407564,3.8577846816970816,LOW,53,20640,29,389.4339622641509,1.8275862068965518,0,53,79.76756590903727,5.660377358490567
PRV57311,0,0.12129005581652003,12.034210350860345,LOW,338,85340,158,252.4852071005917,2.1392405063291138,0,338,76.38193018480493,1.4792899408284024
PRV54101,0,0.16448178284149104,16.358042576967854,LOW,29,65790,18,2268.6206896551726,1.6111111111111112,11,18,77.75026889605945,31.03448275862069
PRV54400,0,0.08869695423647661,8.771384048982878,LOW,96,28030,88,291.9791666666667,1.0909090909090908,0,96,77.4434384916931,3.125
PRV54471,0,0.10253734328626787,10.156916055164404,LOW,46,16700,23,363.04347826086956,2.0,0,46,76.18474540963605,4.3478260869565215
PRV56010,0,0.05777930871716794,5.676284101382555,LOW,83,21600,82,260.2409638554217,1.0121951219512195,0,83,76.8153119313534,1.2048192771084338
PRV57487,1,0.4651113435964678,46.45343057016852,MEDIUM,15,140000,14,9333.333333333334,1.0714285714285714,15,0,78.82213747922167,80.0
PRV55449,0,0.030384787445200723,2.933876653168252,LOW,21,6480,20,308.57142857142856,1.05,0,21,81.00013689253936,4.761904761904762
PRV56689,1,0.5344150524395559,53.39127793874611,MEDIUM,1794,505530,796,281.7892976588629,2.2537688442211055,0,1794,77.16302250472073,3.177257525083612
PRV56485,0,0.12655523542274513,12.56129631907084,LOW,48,26790,22,558.125,2.1818181818181817,1,47,77.93964283492004,8.333333333333332
PRV54083,0,0.26973627481108914,26.894846628762487,LOW,279,133780,167,479.4982078853047,1.6706586826347305,8,271,78.84220563158499,5.376344086021505
PRV53817,0,0.04612051734114441,4.509147213339846,LOW,21,5180,21,246.66666666666666,1.0,0,21,78.63498582184414,0.0
PRV55596,0,0.0315208206096075,3.047602524869309,LOW,32,12720,24,397.5,1.3333333333333333,0,32,71.43759981747662,9.375
PRV57464,0,0.2140370390912576,21.31891422310227,LOW,2,80,2,40.0,1.0,0,2,58.0,0.0
PRV51045,0,0.016566215485872834,1.550528709660832,LOW,31,8390,29,270.64516129032256,1.0689655172413792,0,31,74.99190445844839,3.225806451612903
PRV55564,0,0.12441288425446795,12.346830085394178,LOW,3,150,3,50.0,1.0,0,3,79.58293406342688,0.0
PRV52688,0,0.22087209791894888,22.003157472033386,LOW,59,115670,28,1960.5084745762713,2.107142857142857,6,53,77.62792607802875,13.559322033898304
PRV53835,0,0.06438336733892559,6.337402409417566,LOW,8,2300,8,287.5,1.0,0,8,72.02121834360028,0.0
PRV55854,0,0.28758583769965995,28.68172852850488,LOW,2,2460,2,1230.0,1.0,0,2,88.20807665982204,50.0
PRV52646,0,0.24200041846391498,24.118268849798792,LOW,104,306310,56,2945.2884615384614,1.8571428571428572,34,70,80.07590455285704,30.76923076923077
PRV55494,0,0.1722609587907895,17.136799389416936,LOW,6,4470,5,745.0,1.2,1,5,76.76340406114534,16.666666666666664
PRV51219,0,0.07934360742296573,7.83504032855612,LOW,8,5330,8,666.25,1.0,0,8,74.7703627652293,12.5
PRV56354,1,0.38344560072489126,38.27804618248279,LOW,11,70470,6,6406.363636363636,1.8333333333333333,3,8,75.90721727888052,36.36363636363637
PRV56882,0,0.061554313477352525,6.0541918249231905,LOW,21,4050,10,192.85714285714286,2.1,0,21,78.4996577686516,0.0
PRV57435,0,0.04810480117980345,4.707789661750811,LOW,25,4860,21,194.4,1.1904761904761905,0,25,77.10700433493041,0.0
PRV52044,1,0.37015214811624564,36.94726682392035,LOW,79,408830,39,5175.06329113924,2.0256410256410255,43,36,79.50036048368698,51.89873417721519
PRV55360,0,0.05986697043427883,5.885275490044468,LOW,17,4880,17,287.05882352941177,1.0,0,17,75.79466119096509,5.88235294117647
PRV51507,1,0.5438398162263376,54.334771060963185,HIGH,1013,337340,721,333.01085883514315,1.40499306518724,6,1007,76.7146469360395,4.244817374136229
PRV56530,0,0.12626332998960463,12.532074284997993,LOW,3,380,3,126.66666666666667,1.0,0,3,68.58316221765914,0.0
PRV53259,0,0.07594693221672735,7.495006374603251,LOW,187,61050,117,326.47058823529414,1.5982905982905984,0,187,74.38623586467529,5.88235294117647
PRV51794,0,0.045732136607986716,4.470267241509694,LOW,11,2020,11,183.63636363636363,1.0,0,11,79.96316346213676,0.0
PRV55232,1,0.3227293271635478,32.19986875461755,LOW,107,310420,68,2901.121495327103,1.5735294117647058,28,79,72.72230267660939,27.102803738317753
PRV51857,1,0.44046996492971224,43.986634391505945,LOW,57,383490,27,6727.894736842105,2.111111111111111,26,31,74.37971660331746,45.614035087719294
PRV55266,0,0.16618544900743015,16.52859298507165,LOW,25,45740,15,1829.6,1.6666666666666667,9,16,78.32294194511854,36.0
PRV51831,1,0.5551061067554445,55.462615521321965,HIGH,2,28000,2,14000.0,1.0,2,0,70.50102669404518,100.0
PRV54676,1,0.4943882870253282,49.384283309778745,MEDIUM,40,375200,36,9380.0,1.1111111111111112,40,0,77.19902654194236,92.5
PRV56336,1,0.5067056710853836,50.6173505152049,MEDIUM,21,237000,21,11285.714285714286,1.0,21,0,75.01176623969232,90.47619047619048
PRV54697,0,0.18955881642308203,18.86845124556719,LOW,8,10880,7,1360.0,1.1428571428571428,1,7,79.68720054757016,12.5
PRV56578,0,0.18211125388729574,18.122891548925136,LOW,81,138730,66,1712.716049382716,1.2272727272727273,7,74,77.05482264915193,11.11111111111111
PRV56453,0,0.1052678888806164,10.430265185864231,LOW,115,43550,57,378.69565217391306,2.017543859649123,0,115,73.88042316606025,3.4782608695652173
PRV51713,0,0.0549326125272468,5.39130738079895,LOW,13,1380,13,106.15384615384616,1.0,0,13,75.55794239983152,0.0
PRV52062,0,0.14021592537372277,13.928839029431812,LOW,184,56860,181,309.0217391304348,1.0165745856353592,0,184,77.99965965943254,3.804347826086957
PRV57521,0,0.2215497101668325,22.0709917976326,LOW,111,121150,94,1091.4414414414414,1.1808510638297873,12,99,77.4693914800691,14.414414414414415
PRV51956,0,0.22274240301585294,22.19038975024193,LOW,14,24110,12,1722.142857142857,1.1666666666666667,2,12,72.86887650337343,28.57142857142857
PRV56553,0,0.023104176231119142,2.2050300994056387,LOW,65,14620,38,224.92307692307693,1.7105263157894737,0,65,75.7673547317987,1.5384615384615385
PRV53251,0,0.15989388442291894,15.898757792618737,LOW,233,95400,116,409.4420600858369,2.0086206896551726,4,229,75.32227662823145,3.862660944206009
PRV53490,0,0.0588672826005566,5.785198860346453,LOW,145,38620,66,266.3448275862069,2.196969696969697,0,145,75.01034990562711,2.0689655172413794
PRV56641,0,0.22141796867788544,22.05780343646577,LOW,1,100,1,100.0,1.0,0,1,50.16563997262149,0.0
PRV53755,0,0.05377148349948348,5.275069215420443,LOW,20,2050,20,102.5,1.0,0,20,76.45420944558522,0.0
PRV52608,1,0.4683981755623553,46.782468350197284,MEDIUM,1,3000,1,3000.0,1.0,1,0,86.99794661190965,100.0
PRV51406,0,0.1954300848975324,19.4562114854687,LOW,29,104260,21,3595.1724137931033,1.380952380952381,8,21,75.85640444664732,31.03448275862069
PRV52964,0,0.07599631469697025,7.499949950009623,LOW,91,27140,37,298.24175824175825,2.4594594594594597,0,91,76.0859833139094,4.395604395604396
PRV55117,0,0.08510191942766511,8.411492735738317,LOW,4,800,4,200.0,1.0,0,4,70.23066392881589,0.0
PRV52760,0,0.1040672819888299,10.310074975211345,LOW,5,4070,5,814.0,1.0,0,5,77.03326488706367,20.0
PRV54103,0,0.1764405965757744,17.555214067249242,LOW,187,104930,79,561.1229946524064,2.367088607594937,8,179,75.27804210280296,5.88235294117647
PRV52104,1,0.4748188046013761,47.425223911574804,MEDIUM,1189,347070,663,291.9007569386039,1.7933634992458523,0,1189,76.87777643569406,3.532380151387721
PRV52641,0,0.19079410182808876,18.992113048660183,LOW,97,186330,72,1920.9278350515465,1.3472222222222223,21,76,75.31971929507864,21.649484536082475
PRV57314,0,0.025467710891497703,2.4416385435680716,LOW,48,15270,46,318.125,1.0434782608695652,0,48,73.51659078058506,4.166666666666666
PRV54832,0,0.16508340750853728,16.41826994694294,LOW,60,95240,53,1587.3333333333333,1.1320754716981132,5,55,76.52141896197692,8.333333333333332
PRV57143,1,0.36517073421518564,36.44858803887129,LOW,1,100,1,100.0,1.0,0,1,75.83572895277207,0.0
PRV54036,0,0.03684782477961635,3.5808776190922584,LOW,100,25890,97,258.9,1.0309278350515463,0,100,75.39648736566537,2.0
PRV55803,0,0.14275510640945285,14.18303105986077,LOW,2,140,2,70.0,1.0,0,2,78.74880219028063,0.0
PRV53194,0,0.16901606148634563,16.811959599443906,LOW,32,22330,12,697.8125,2.6666666666666665,0,32,78.81953000228154,6.25
PRV57744,0,0.06129229639790565,6.027961850575371,LOW,19,8510,17,447.89473684210526,1.1176470588235294,0,19,74.36840198091556,5.263157894736842
PRV51645,0,0.11462213641512174,11.366699075560218,LOW,5,280,5,56.0,1.0,0,5,74.98425735797399,0.0
PRV55510,1,0.4721285683358572,47.155910062328424,MEDIUM,861,255210,791,296.411149825784,1.0884955752212389,0,861,76.95072647364992,4.413472706155633
PRV55455,0,0.1673203961777766,16.64221014020963,LOW,373,95350,145,255.63002680965147,2.5724137931034483,0,373,75.55761995798815,2.4128686327077746
PRV51287,0,0.036678257176651734,3.5639025658424,LOW,78,25700,46,329.4871794871795,1.6956521739130435,0,78,77.47641579620867,5.128205128205128
PRV52699,0,0.11890464273424912,11.795411704264474,LOW,12,13150,10,1095.8333333333333,1.2,1,11,74.57681538174351,16.666666666666664
PRV55172,1,0.547062902938959,54.65742743882727,HIGH,114,727600,56,6382.456140350877,2.0357142857142856,55,59,76.98001089552865,46.49122807017544
PRV56303,0,0.17773582400424975,17.68487653923473,LOW,2,70,2,35.0,1.0,0,2,78.75017111567419,0.0
PRV53849,0,0.04503517706959462,4.4004960996738856,LOW,21,2930,20,139.52380952380952,1.05,0,21,83.51321013004791,0.0
PRV54091,0,0.03914584011437528,3.8109270624677296,LOW,112,22820,76,203.75,1.4736842105263157,0,112,78.94106415937173,1.7857142857142856
PRV52302,0,0.2803820957829996,27.96057719714437,LOW,46,136280,25,2962.608695652174,1.84,11,35,76.43066392881587,28.26086956521739
PRV54261,0,0.06033874573129085,5.932503914865793,LOW,75,25490,66,339.8666666666667,1.1363636363636365,0,75,78.65335075602016,4.0
PRV55088,0,0.08767928598245037,8.669507437526677,LOW,31,15250,31,491.93548387096774,1.0,0,31,78.70950078382019,12.903225806451612
PRV51693,0,0.09100338063782083,9.00227550640276,LOW,113,21100,51,186.72566371681415,2.215686274509804,0,113,76.27201352820389,1.7699115044247788
PRV53949,0,0.06433688456788736,6.332749117752296,LOW,5,710,5,142.0,1.0,0,5,73.86666666666666,0.0
PRV52359,0,0.31518272458917623,31.444394369677376,LOW,107,426430,60,3985.3271028037384,1.7833333333333334,42,65,78.65945885541075,40.18691588785047
PRV51436,0,0.19076255536228223,18.988954998846726,LOW,120,193410,93,1611.75,1.2903225806451613,25,95,78.50829615992825,20.0
PRV54636,0,0.05276151216096488,5.173963125858269,LOW,76,26500,51,348.6842105263158,1.4901960784313726,0,76,78.879521144529,5.263157894736842
PRV52993,0,0.05646604452203887,5.544816006925268,LOW,10,3120,9,312.0,1.1111111111111112,0,10,77.62111187162522,10.0
PRV55179,0,0.1676088194911241,16.671083586652088,LOW,74,178930,51,2417.972972972973,1.4509803921568627,16,58,75.88758218737685,27.027027027027028
PRV51806,1,0.5584240067608345,55.794763456921146,HIGH,1,13000,1,13000.0,1.0,1,0,73.41820670773443,100.0
PRV54666,0,0.2843805984187387,28.360858819191787,LOW,5,11310,4,2262.0,1.25,1,4,76.28473648186174,20.0
PRV53645,0,0.10318455938433688,10.221707486645446,LOW,6,3600,6,600.0,1.0,0,6,75.97216518366416,16.666666666666664
PRV51552,0,0.1373103809774125,13.637971139664653,LOW,62,94040,52,1516.774193548387,1.1923076923076923,10,52,76.13684838047294,17.741935483870968
PRV53594,0,0.07083440813423462,6.983202427244247,LOW,101,29470,60,291.7821782178218,1.6833333333333333,0,101,73.44745608031029,3.9603960396039604
PRV51819,1,0.3483888143802583,34.76858562182832,LOW,3,7050,2,2350.0,1.5,2,1,81.91558293406342,33.33333333333333
PRV53437,0,0.1566604858642757,15.5750691177105,LOW,9,7740,8,860.0,1.125,1,8,72.23119628869115,11.11111111111111
PRV55074,0,0.2247322441531509,22.38958852803818,LOW,1,10,1,10.0,1.0,0,1,89.50308008213553,0.0
PRV56184,0,0.07558391086761442,7.458665076947983,LOW,18,2730,9,151.66666666666666,2.0,0,18,71.98083504449008,0.0
PRV51809,1,0.48354872076118294,48.29915731093081,MEDIUM,27,242020,26,8963.703703703704,1.0384615384615385,27,0,77.85605222976886,88.88888888888889
PRV54049,0,0.10267792838621825,10.170989731480347,LOW,132,34600,37,262.1212121212121,3.5675675675675675,0,132,75.60382559150526,1.5151515151515151
PRV54813,1,0.49943947396948596,49.88994692625363,MEDIUM,1056,300030,711,284.1193181818182,1.4852320675105486,0,1056,78.66831091742068,3.6931818181818183
PRV53524,0,0.0375461356229579,3.650784037201793,LOW,52,10110,44,194.42307692307693,1.1818181818181819,0,52,70.34652479621678,1.9230769230769231
PRV53484,0,0.03347352924910605,3.243084047031666,LOW,63,16720,42,265.3968253968254,1.5,0,63,77.41670740849386,1.5873015873015872
PRV55254,0,0.023391307496437915,2.2337742016590765,LOW,15,4960,14,330.6666666666667,1.0714285714285714,0,15,74.51256477950524,6.666666666666667
PRV52462,1,0.4528507310305584,45.226046638665885,MEDIUM,2,16000,2,8000.0,1.0,2,0,85.33333333333334,100.0
PRV55835,0,0.21764106808359937,21.679705924992394,LOW,269,139590,134,518.9219330855019,2.0074626865671643,7,262,76.43196982455105,5.5762081784386615
