Provider,Anomaly_Score,Anomaly_Flag
PRV53511,0.6764442559979434,1
PRV56540,0.6764442559979434,1
PRV53033,0.6735809847820305,1
PRV55591,0.6590459106554738,1
PRV53725,0.6590459106554738,1
PRV57396,0.6590459106554738,1
PRV57461,0.6590459106554738,1
PRV51570,0.6590459106554738,1
PRV54046,0.6590459106554738,1
PRV54057,0.6590459106554738,1
PRV55078,0.6590459106554738,1
PRV54179,0.6590459106554738,1
PRV52957,0.6590459106554738,1
PRV56988,0.6590459106554738,1
PRV53924,0.6590459106554738,1
PRV53839,0.6590459106554738,1
PRV56560,0.6492091568923323,1
PRV57481,0.6451715437939064,1
PRV55462,0.6449144660658291,1
PRV52173,0.6444687427896219,1
PRV51119,0.6431830745390342,1
PRV52340,0.6429043766007538,1
PRV52178,0.6391811210511718,1
PRV52537,0.6389617805941128,1
PRV57399,0.6389617805941128,1
PRV57080,0.6389617805941128,1
PRV51501,0.6385577442120254,1
PRV52804,0.6377416109799408,1
PRV52283,0.6377380531149854,1
PRV57172,0.6369736248503896,1
PRV56416,0.6345487246057155,1
PRV54742,0.6323349048062,1
PRV55039,0.6317887560055335,1
PRV51822,0.6312329746269589,1
PRV52985,0.6309983170371263,1
PRV54772,0.6308170997380763,1
PRV54350,0.6306668762143939,1
PRV55067,0.6297033513756193,1
PRV56134,0.6289384925929089,1
PRV52266,0.6281221161861272,1
PRV51459,0.6274234096509138,1
PRV52019,0.6268762342533579,1
PRV55215,0.6261254774819608,1
PRV53763,0.6261132571835096,1
PRV52449,0.6258480433900062,1
PRV51618,0.6253995080134985,1
PRV54895,0.6241990566171689,1
PRV52458,0.6237467807831426,1
PRV51232,0.6216078604135852,1
PRV56286,0.6208313801647646,1
PRV51244,0.6207965711848488,1
PRV57191,0.6207563517920028,1
PRV52816,0.6192641015903694,1
PRV54262,0.6192641015903694,1
PRV52608,0.6192641015903694,1
PRV53516,0.6192641015903694,1
PRV53750,0.6184794927719521,1
PRV53394,0.61844882955756,1
PRV53385,0.6177001289515652,1
PRV57103,0.6171301654563839,1
PRV56541,0.617030249644267,1
PRV55004,0.6165942697906085,1
PRV54297,0.6157194575204163,1
PRV51590,0.6146890281921114,1
PRV55667,0.6140373469761616,1
PRV52696,0.6138792577121004,1
PRV52459,0.6138467313842526,1
PRV54718,0.6123811244635445,1
PRV55431,0.6123637651185101,1
PRV52815,0.6120415994922455,1
PRV51136,0.6119724566083754,1
PRV57098,0.6119115191303028,1
PRV56903,0.6118756821573004,1
PRV53225,0.6118502791176547,1
PRV56123,0.6115887638777293,1
PRV52064,0.6112357108996213,1
PRV52059,0.6108060782133949,1
PRV54324,0.6107245585787252,1
PRV54676,0.6102614000830394,1
PRV55467,0.6095136720143817,1
PRV51574,0.609451518454644,1
PRV57069,0.6094044656682007,1
PRV54778,0.6093777372244307,1
PRV51237,0.6092102117519981,1
PRV56017,0.6091939725889453,1
PRV55661,0.6091352652689779,1
PRV57635,0.6090384969279805,1
PRV53600,0.6089738905901012,1
PRV56902,0.6089738905901012,1
PRV51711,0.6089738905901012,1
PRV52970,0.6089738905901012,1
PRV56774,0.6089738905901012,1
PRV51393,0.6085225579049838,1
PRV54056,0.6084663765467045,1
PRV54326,0.6081384932824925,1
PRV52280,0.6080743258455202,1
PRV56885,0.6079359363566972,1
PRV55916,0.607803444384478,1
PRV52030,0.6075662365727559,1
PRV52279,0.6073951823968776,1
PRV57290,0.6069046691618759,1
PRV54367,0.6068402846366286,1
PRV51523,0.6068279411501996,1
PRV52114,0.6061121606294865,1
PRV55472,0.6061073650480538,1
PRV51126,0.6058160421293232,1
PRV54675,0.6057290391447273,1
PRV53706,0.6055253428728503,1
PRV52120,0.6055088344901515,1
PRV57667,0.6049917911370114,1
PRV55131,0.6047826593077902,1
PRV57081,0.6046573788361915,1
PRV55133,0.6044816549927288,1
PRV51940,0.6043261809027196,1
PRV52903,0.6041966908044522,1
PRV51578,0.604081993663472,1
PRV56341,0.604022233997848,1
PRV56712,0.6035621024346465,1
PRV52972,0.6031766763358288,1
PRV57077,0.6031683179985938,1
PRV53677,0.6030784912169115,1
PRV52281,0.6026375297022822,1
PRV56442,0.6025539424893751,1
PRV55209,0.6023335892487488,1
PRV53601,0.6020183690672151,1
PRV52814,0.6020183690672151,1
PRV52460,0.6019583427368624,1
PRV55048,0.6017508282295757,1
PRV53786,0.6015921487569567,1
PRV55552,0.6015858784370682,1
PRV54637,0.6003820548439844,1
PRV56317,0.6003417984397343,1
PRV53049,0.6003417984397343,1
PRV52265,0.6000739761082807,1
PRV51239,0.5994154979051517,1
PRV52463,0.5994154979051517,1
PRV57093,0.5994154979051517,1
PRV55122,0.5994154979051517,1
PRV54054,0.5994154979051517,1
PRV52135,0.5993382524805159,1
PRV56105,0.599236899077811,1
PRV55444,0.5991362497382138,1
PRV56802,0.5991102708745031,1
PRV53797,0.599056200782889,1
PRV55374,0.5984257665576042,1
PRV56260,0.5982069842186247,1
PRV54058,0.5980384693531774,1
PRV55586,0.5980296082626854,1
PRV53970,0.5977123468556336,1
PRV57173,0.5974601334527452,1
PRV52821,0.5974198093912941,1
PRV51471,0.597077788960563,1
PRV54955,0.59691026847714,1
PRV55144,0.596907572972729,1
PRV55811,0.596907572972729,1
PRV53855,0.5966713553507894,1
PRV51805,0.5966078651099884,1
PRV55435,0.5964552279753256,1
PRV54372,0.5963772649252199,1
PRV52176,0.5961403008885249,1
PRV51145,0.5956360184170559,1
PRV53220,0.5950045363550858,1
PRV53667,0.594912899339954,1
PRV55830,0.5946696965201801,1
PRV52846,0.5946102557480908,1
PRV51585,0.5943362861616928,1
PRV57092,0.5939166545675848,1
PRV55124,0.593768788164638,1
PRV51248,0.5936549955672131,1
PRV54673,0.5930929117366202,1
PRV55146,0.5930929117366202,1
PRV55816,0.5930929117366202,1
PRV57632,0.5930929117366202,1
PRV51812,0.5930929117366202,1
PRV55156,0.5930929117366202,1
PRV55483,0.5930673360169699,1
PRV53509,0.5929588130786263,1
PRV51818,0.5929368654878426,1
PRV51560,0.5929216669585067,1
PRV51456,0.5927441391625218,1
PRV55230,0.5925629432423658,1
PRV55137,0.5924982690812686,1
PRV57560,0.5924287056684218,1
PRV54680,0.5923625116486448,1
PRV56011,0.592116823234497,1
PRV54053,0.5918367412891792,1
PRV55802,0.5918367412891792,1
PRV53083,0.5918367412891792,1
PRV56373,0.5918367412891792,1
PRV56891,0.5918367412891792,1
PRV53588,0.5918367412891792,1
PRV56331,0.5918367412891792,1
PRV56969,0.5918367412891792,1
PRV55572,0.5918367412891792,1
PRV56089,0.5918367412891792,1
PRV55074,0.5918367412891792,1
PRV57738,0.5918367412891792,1
PRV52754,0.5918367412891792,1
PRV52221,0.5918367412891792,1
PRV52443,0.5918367412891792,1
PRV53114,0.5918018912229678,1
PRV55664,0.5917254957668693,1
PRV57091,0.5916455455041255,1
PRV55531,0.5914934925141474,1
PRV51836,0.591365975854196,1
PRV52077,0.5912856008914761,1
PRV54765,0.5912607131987458,1
PRV51889,0.591074448119962,1
PRV57633,0.5906349583063515,1
PRV53095,0.5899815884166875,1
PRV56918,0.5897746639642744,1
PRV56556,0.5895743573817144,1
PRV52445,0.589419819222674,1
PRV55606,0.5892800066031771,1
PRV57017,0.5887343103692024,1
PRV57082,0.5883573289766615,1
PRV52292,0.5883162005314161,1
PRV55815,0.5881778749207718,1
PRV56548,0.588166130166065,1
PRV54075,0.5880028879682431,1
PRV56896,0.5877312887134518,1
PRV56007,0.5875287098600502,1
PRV53808,0.5873123842165661,1
PRV56129,0.5872257898014236,1
PRV55506,0.5869841489385609,1
PRV52627,0.5865305570753815,1
PRV55662,0.5864954070013624,1
PRV52536,0.5864400864600746,1
PRV53515,0.5864400864600746,1
PRV57335,0.5860755786313561,1
PRV55934,0.5858889768492844,1
PRV51542,0.5857350435139683,1
PRV53918,0.5855974874213191,1
PRV55456,0.585577166212874,1
PRV52021,0.5854290807119318,1
PRV52100,0.5852148205752274,1
PRV57357,0.5851584396996105,1
PRV53646,0.5848853012709831,1
PRV51819,0.5847808984254416,1
PRV54883,0.5846029479318878,1
PRV51806,0.5846029479318878,1
PRV51826,0.5845226960497504,1
PRV54876,0.5844804742103155,1
PRV54819,0.5843877921677522,1
PRV56673,0.5843446409822952,1
PRV51809,0.5841288071441341,1
PRV55817,0.5841063658543733,1
PRV56340,0.5836901061026081,1
PRV55905,0.5831464440331126,1
PRV55659,0.583086076042886,1
PRV56268,0.5827916919536145,1
PRV53712,0.5827906535695171,1
PRV51480,0.582402041834651,1
PRV52278,0.5823136434961863,1
PRV55706,0.5820347616924062,1
PRV54820,0.5820347616924062,1
PRV55810,0.5820347616924062,1
PRV51236,0.5820347616924062,1
PRV54498,0.5820347616924062,1
PRV55148,0.5819533723118109,1
PRV54817,0.5819533723118109,1
PRV54679,0.5819533723118109,1
PRV55792,0.5819533723118109,1
PRV55428,0.5819533723118109,1
PRV56545,0.5819533723118109,1
PRV56819,0.5818890187021889,1
PRV55761,0.5818054250682517,1
PRV53461,0.5816527463218079,1
PRV56121,0.581526205501574,1
PRV55971,0.5814497693069957,1
PRV52803,0.5810998837454098,1
PRV53244,0.5808832526036274,1
PRV55147,0.5808706945621659,1
PRV57400,0.5803913246289839,1
PRV51830,0.5802769803043003,1
PRV51629,0.5801555583029533,1
PRV55134,0.5800000754610277,1
PRV54499,0.5800000754610277,1
PRV53961,0.5799183186188213,1
PRV57403,0.5798435792493343,1
PRV56390,0.5797875705951063,1
PRV56908,0.5797639523162522,1
PRV52291,0.5797054163463388,1
PRV54986,0.579571851149832,1
PRV54164,0.5795159514902836,1
PRV52813,0.5794475815070688,1
PRV55019,0.579311874492051,1
PRV57490,0.579174757303421,1
PRV51981,0.5791506104477576,1
PRV57049,0.578930561735941,1
PRV54359,0.5788717635985775,1
PRV52466,0.578836535742048,1
PRV51860,0.5786472694951649,1
PRV56575,0.5785617007736436,1
PRV54894,0.57831335217986,1
PRV57631,0.5783039797845837,1
PRV57018,0.5780043755641134,1
PRV55143,0.5779869585307594,1
PRV56202,0.5779869585307594,1
PRV55151,0.5779869585307594,1
PRV54502,0.5779828126249431,1
PRV55849,0.5779472618981772,1
PRV57293,0.5777239531821927,1
PRV54837,0.577400852101308,1
PRV54081,0.5772443668141207,1
PRV55194,0.5770790243191651,1
PRV56873,0.5770654788033481,1
PRV54841,0.5769861749508787,1
PRV55665,0.5768755320692158,1
PRV53061,0.5768755320692158,1
PRV56339,0.5768755320692158,1
PRV57209,0.5766571660249296,1
PRV51053,0.5765622830724714,1
PRV54503,0.5765622830724714,1
PRV51977,0.5765622830724714,1
PRV52012,0.5765622830724714,1
PRV57141,0.5764829453442811,1
PRV56249,0.5762882943964625,1
PRV52295,0.5762317825834198,1
PRV57021,0.5759364867278586,1
PRV52286,0.5758732192824172,1
PRV54688,0.5757221746432128,1
PRV51824,0.5755809421184874,1
PRV54055,0.5755499665244103,1
PRV52642,0.575259329512729,1
PRV55715,0.5751546424328583,1
PRV57076,0.5750530164311365,1
PRV56106,0.5750530164311365,1
PRV51235,0.5750530164311365,1
PRV53958,0.5748602890548027,1
PRV56507,0.5748519560234265,1
PRV55150,0.5748316685582183,1
PRV57715,0.5747716120096436,1
PRV54848,0.5746920607663206,1
PRV52041,0.5745869033462475,1
PRV57306,0.5745171478479141,1
PRV57177,0.5744530923559752,1
PRV55658,0.5744439370340662,1
PRV53938,0.5744166964923428,1
PRV55525,0.5742929350676901,1
PRV57145,0.5741722276838621,1
PRV55666,0.5740839658481138,1
PRV56131,0.573925017003746,1
PRV51318,0.5738362877507945,1
PRV56437,0.5738156907155234,1
PRV51868,0.5738001718214338,1
PRV51927,0.5734971712944256,1
PRV55809,0.5734593067152146,1
PRV57016,0.573443965526241,1
PRV56243,0.5734152819138612,1
PRV55000,0.5732996255096682,1
PRV54981,0.5731185539171748,1
PRV53911,0.5730974663903211,1
PRV51347,0.5726804111413454,1
PRV57398,0.5725610548469541,1
PRV55577,0.5724134037034346,1
PRV57286,0.5724134037034346,1
PRV53769,0.572407187454005,1
PRV56555,0.5723812658773858,1
PRV53421,0.5722955266391959,1
PRV55453,0.5721510588425253,1
PRV55172,0.5721030003369578,1
PRV56685,0.5718802201119658,1
PRV51369,0.5716834022009893,1
PRV51207,0.5716769906541639,1
PRV53379,0.5715889852357711,1
PRV51146,0.5715002136917235,1
PRV56381,0.5714122403653364,1
PRV56329,0.5712763344650355,1
PRV53861,0.5712163641157504,1
PRV53862,0.571152975867468,1
PRV51827,0.571151024379232,1
PRV51121,0.5710934067330445,1
PRV51149,0.5710876783527385,1
PRV52063,0.5707831181242538,1
PRV56768,0.5707669386266631,1
PRV52123,0.5706105788511973,1
PRV56008,0.5704332973781948,1
PRV56906,0.5704135510257082,1
PRV56336,0.5703639994166642,1
PRV55169,0.5702182574589592,1
PRV56044,0.5701027361197909,1
PRV57295,0.5700320828326022,1
PRV56130,0.5700051340354546,1
PRV51710,0.5699675071360699,1
PRV51238,0.5697273058277486,1
PRV51610,0.5695754818963448,1
PRV55689,0.5695469019014414,1
PRV51948,0.5694064259789605,1
PRV51592,0.569396494916246,1
PRV53604,0.5693352955123888,1
PRV57294,0.5692405017653717,1
PRV52464,0.5692405017653717,1
PRV52296,0.5692405017653717,1
PRV51811,0.5690666996943856,1
PRV52289,0.5688553307585998,1
PRV54875,0.5687854150798805,1
PRV57567,0.5687241617592355,1
PRV56689,0.5685215333219004,1
PRV57298,0.568407619632607,1
PRV55430,0.568303990228951,1
PRV51390,0.5681349281811283,1
PRV51919,0.5681242073063218,1
PRV57629,0.5678559385087684,1
PRV52651,0.5678552471195224,1
PRV51507,0.5678115297031813,1
PRV52862,0.5677813931724542,1
PRV56603,0.5676141604079472,1
PRV57650,0.5676043263236485,1
PRV55699,0.5675300307845603,1
PRV52649,0.5674915508696592,1
PRV54576,0.5674525287931413,1
PRV55018,0.567274659921921,1
PRV57344,0.5670290112077458,1
PRV57094,0.5668665755266888,1
PRV52870,0.5667720521199096,1
PRV52628,0.5666670041010589,1
PRV54966,0.5666026877157282,1
PRV52020,0.5665976684633544,1
PRV52285,0.5664025127924258,1
PRV55382,0.5662625753158075,1
PRV53393,0.5662079702187243,1
PRV56748,0.5661234672281849,1
PRV54881,0.566008188696137,1
PRV56533,0.5658042244190209,1
PRV57171,0.5657947441013267,1
PRV54903,0.5655097325627086,1
PRV52884,0.5654273663051924,1
PRV53507,0.5653628701139594,1
PRV52648,0.5653462989393204,1
PRV56910,0.56533802607884,1
PRV52933,0.5652991772526408,1
PRV56490,0.5650647021807736,1
PRV51160,0.5649734882171844,1
PRV56647,0.5647671414680369,1
PRV52827,0.5646934655436063,1
PRV56585,0.564564434540789,1
PRV51102,0.564270531790711,1
PRV57096,0.5642485838344309,1
PRV53871,0.5640912760090777,1
PRV55161,0.5640906201402569,1
PRV51831,0.5640906201402569,1
PRV55126,0.5639165262257664,1
PRV51399,0.5638688070802733,1
PRV51378,0.5637900320583263,1
PRV57078,0.5634474733811481,1
PRV52971,0.5634384332108153,1
PRV51833,0.5634384332108153,1
PRV56803,0.5633653222005796,1
PRV54408,0.56328028058734,1
PRV52141,0.5629827184656446,1
PRV54205,0.562955283824441,1
PRV53163,0.5629166648279952,1
PRV55121,0.5628618782850086,1
PRV54200,0.5626570278138704,1
PRV53226,0.5626209325400828,1
PRV51108,0.5625721426860466,1
PRV51599,0.5625218603953495,1
PRV51433,0.5624479267633977,1
PRV57084,0.5624140347220099,1
PRV56895,0.5624110391076488,1
PRV53091,0.5621851676538068,1
PRV51614,0.5621812831644202,1
PRV53762,0.5621761788184001,1
PRV53135,0.5620681976679522,1
PRV56033,0.561956190927165,1
PRV55443,0.5619450237091762,1
PRV52066,0.5618816072271002,1
PRV51567,0.5618528521372789,1
PRV56368,0.5618267972985875,1
PRV53692,0.5618097034162297,1
PRV52808,0.5617778581103637,1
PRV55604,0.5616786310380809,1
PRV53921,0.5616718426735723,1
PRV54201,0.5615887343487788,1
PRV53233,0.5615627286204018,1
PRV55503,0.5615292725578551,1
PRV55812,0.5614884590175157,1
PRV54862,0.5614831874618005,1
PRV55676,0.5613911011014533,1
PRV52574,0.5610155974237744,1
PRV54204,0.5607441341179531,1
PRV57302,0.560547905337583,1
PRV51638,0.5605185032245378,1
PRV57024,0.5605157299505876,1
PRV56761,0.5599045643474907,1
PRV55157,0.5598677336312619,1
PRV55670,0.5596425344639006,1
PRV56544,0.5595668954968109,1
PRV56225,0.5594710278777955,1
PRV57073,0.5594464543213222,1
PRV54070,0.5592462375535128,1
PRV53236,0.5590966638851551,1
PRV54936,0.5590897667902432,1
PRV56395,0.5590858253842216,1
PRV51586,0.5589752694479634,1
PRV56834,0.5589666389413034,1
PRV57251,0.5588572536001574,1
PRV54500,0.5587863756719333,1
PRV53602,0.5587544228953514,1
PRV51100,0.5583322178456772,1
PRV56003,0.5582420821903489,1
PRV54939,0.5579393423579174,1
PRV54059,0.5578905125700159,1
PRV57215,0.5578426722743732,1
PRV53269,0.5576907256260507,1
PRV55897,0.5575600082894623,1
PRV51101,0.5575436567894678,1
PRV54812,0.5574661263411685,1
PRV57489,0.5574654945543407,1
PRV57638,0.5574413075911893,1
PRV55385,0.5572587723533124,1
PRV56549,0.5572511783211294,1
PRV53063,0.5572023957758153,1
PRV56001,0.5571893810840761,1
PRV56285,0.557168537711696,1
PRV51325,0.557150050059748,1
PRV51588,0.5570115687466832,1
PRV53895,0.5568815471107198,1
PRV55120,0.556779143927079,1
PRV51979,0.5566424755920519,1
PRV55663,0.5566230220252323,1
PRV56133,0.5566062359965482,1
PRV52065,0.5565818545214221,1
PRV57023,0.5564621190260446,1
PRV56335,0.5564464109246668,1
PRV54786,0.5563961800098755,1
PRV57487,0.5563129179338003,1
PRV56288,0.5562137713751824,1
PRV51005,0.556108467822404,1
PRV55193,0.5559574941845511,1
PRV51166,0.5558617232023937,1
PRV53451,0.5555397004545184,1
PRV51820,0.5555397004545184,1
PRV55378,0.5553381452247173,1
PRV56739,0.5552212702507345,1
PRV55387,0.5551779715100652,1
PRV54639,0.5550867819798547,1
PRV56126,0.5550781770660459,1
PRV51490,0.5550682795071875,1
PRV54461,0.554942130956297,1
PRV53380,0.5548614490565132,1
PRV56543,0.5548614490565132,1
PRV53304,0.5547262972149206,1
PRV54720,0.5545528341452093,1
PRV52787,0.554547154177156,1
PRV52887,0.5545028044666258,1
PRV51245,0.5543929892194351,1
PRV51170,0.5541801362637055,1
PRV56919,0.5541651305436739,1
PRV51987,0.5541651305436739,1
PRV54745,0.5541439834493104,1
PRV56588,0.5541332662325793,1
PRV55550,0.5539018282992595,1
PRV55603,0.5538954151388631,1
PRV51334,0.5538954151388631,1
PRV56916,0.5536799992988125,1
PRV53857,0.5536266298053596,1
PRV51109,0.5534437172596025,1
PRV57252,0.5534437172596025,1
PRV54060,0.553312434210779,1
PRV51159,0.553260727759948,1
PRV51625,0.5531123234234905,1
PRV53121,0.5530919826283395,1
PRV53398,0.5528740431896331,1
PRV52337,0.5527812171033273,1
PRV54822,0.5527347430753484,1
PRV51118,0.5527347430753484,1
PRV55678,0.5526905967805997,1
PRV51821,0.5526756155140707,1
PRV55783,0.5523354455691486,1
PRV56900,0.5522829743265394,1
PRV54828,0.5522503232408739,1
PRV55813,0.5522293820082247,1
PRV56481,0.5521205362093823,1
PRV57406,0.5520414284047317,1
PRV54202,0.5520349032448898,1
PRV53517,0.551989675476219,1
PRV52807,0.551989675476219,1
PRV54971,0.5519303348273703,1
PRV56592,0.5518114658879197,1
PRV53513,0.5517919062529395,1
PRV53240,0.5516168298278191,1
PRV53668,0.5514680458268685,1
PRV51231,0.5511600776435377,1
PRV55671,0.5511600776435377,1
PRV52462,0.5511600776435377,1
PRV57075,0.5511600776435377,1
PRV52806,0.5511600776435377,1
PRV51110,0.551054561789975,1
PRV52590,0.5510312560882032,1
PRV53867,0.5509815330445419,1
PRV55509,0.5509792557940053,1
PRV52494,0.5508076863082684,1
PRV53655,0.5508076863082684,1
PRV56926,0.5508076863082684,1
PRV53734,0.5508076863082684,1
PRV56168,0.5508076863082684,1
PRV56677,0.5508076863082684,1
PRV52453,0.5508076863082684,1
PRV57402,0.5508076863082684,1
PRV57659,0.5508076863082684,1
PRV57670,0.5508076863082684,1
PRV51842,0.5507200478602902,1
PRV56550,0.5506207570413243,1
PRV52582,0.5505795944247038,1
PRV54501,0.5505551434460608,1
PRV52495,0.5503963782945576,1
PRV55149,0.5503837806096784,1
PRV52622,0.550330727656958,1
PRV52335,0.5503184358819562,1
PRV56808,0.5502549066511355,1
PRV54616,0.5501228690168235,1
PRV52578,0.5499153839726392,1
PRV53107,0.5498799654465294,1
PRV51803,0.5498491571680167,1
PRV51421,0.5497198389162972,1
PRV52904,0.5496755815027263,1
PRV54325,0.5493595560850303,1
PRV55163,0.5492916031663683,1
PRV53401,0.5491882827303668,1
PRV55494,0.5491624893536132,1
PRV54298,0.5490380408698934,1
PRV56289,0.5490294872721182,1
PRV57636,0.5490294872721182,1
PRV54821,0.5488649645166896,1
PRV55049,0.5486501766325125,1
PRV51495,0.5485464152425805,1
PRV56444,0.5484687783146494,1
PRV52553,0.5483587612807734,1
PRV52446,0.5483579469622467,1
PRV55791,0.5483579469622467,1
PRV55913,0.5482454796054761,1
PRV52857,0.5482379968887008,1
PRV53159,0.5482256892121,1
PRV56668,0.548139817516124,1
PRV52889,0.5480463159245414,1
PRV54077,0.5479835611495117,1
PRV51539,0.5478655055009697,1
PRV53799,0.5478250310311559,1
PRV55540,0.5478004719677528,1
PRV57284,0.5476484522015229,1
PRV55128,0.5475311170719517,1
PRV56669,0.5474877534078788,1
PRV54116,0.5474806293310317,1
PRV56174,0.5473923882625749,1
PRV56425,0.5473862044203364,1
PRV57317,0.5472030853300346,1
PRV52544,0.547062181820703,1
PRV55893,0.547054044688454,1
PRV51823,0.5469364500476971,1
PRV55375,0.5468144073048742,1
PRV55600,0.54680015059993,1
PRV51234,0.546786308600764,1
PRV51902,0.5467000950006042,1
PRV56122,0.546621864520784,1
PRV55145,0.5465902537421969,1
PRV55205,0.5465643063266622,1
PRV53070,0.5465560259822058,1
PRV52630,0.5465508639915172,1
PRV56118,0.5461533672156289,1
PRV52605,0.5460685160643991,1
PRV51140,0.5459970469518545,1
PRV53746,0.5459869571398611,1
PRV52457,0.5458984894688492,1
PRV52631,0.5458690575538202,1
PRV55977,0.5458404549274837,1
PRV55405,0.5457754789399227,1
PRV53697,0.5457221734701648,1
PRV55158,0.5455747062631533,1
PRV55978,0.5455500200469345,1
PRV56038,0.5454938526160751,1
PRV55943,0.5454443381560256,1
PRV54310,0.5453496675661659,1
PRV56559,0.5452281329420346,1
PRV52850,0.5450012104756421,1
PRV55680,0.5449847439920323,1
PRV53143,0.5449743452943334,1
PRV53242,0.5448819580636539,1
PRV53336,0.5448736895192599,1
PRV51807,0.5448399361170806,1
PRV52841,0.5444937336300448,1
PRV54258,0.5444711369343064,1
PRV51316,0.544420195468526,1
PRV57089,0.544420195468526,1
PRV57097,0.544420195468526,1
PRV54332,0.5444033110791301,1
PRV56632,0.5442192986218166,1
PRV53670,0.5441648356087939,1
PRV56124,0.5440893917501298,1
PRV52829,0.5439619941665937,1
PRV52290,0.5439496222009155,1
PRV57630,0.5439419703463237,1
PRV53021,0.5436927294178651,1
PRV52104,0.5433748869734935,1
PRV53397,0.5431222272289298,1
PRV57297,0.5430733875212868,1
PRV54789,0.5428537910975997,1
PRV53679,0.542823405090269,1
PRV57711,0.5427937687239376,1
PRV52032,0.5427790754738938,1
PRV53781,0.5427103100183908,1
PRV55465,0.5426914075145028,1
PRV53519,0.542630005177689,1
PRV52419,0.5424418539360876,1
PRV54668,0.5423667914662448,1
PRV53884,0.5423454893773687,1
PRV52982,0.5423280797300251,1
PRV53996,0.5423200016358106,1
PRV57113,0.5422800099806792,1
PRV55649,0.5422577058874773,1
PRV54760,0.5422246163494809,1
PRV56717,0.5422088090806312,1
PRV57502,0.5421781166839877,1
PRV53599,0.5421097151568026,1
PRV54638,0.5420103967907222,1
PRV56046,0.541926565966493,1
PRV51582,0.5418701044502082,1
PRV51670,0.5417497063716334,1
PRV55136,0.5417392311319131,1
PRV51810,0.5416785473820145,1
PRV52320,0.5415090245548325,1
PRV53266,0.5415051116533981,1
PRV55691,0.5414184958196581,1
PRV55818,0.5412267248874101,1
PRV55130,0.5409818664021683,1
PRV52589,0.5409457926110368,1
PRV51062,0.5408808742245479,1
PRV56870,0.5407811973584128,1
PRV52634,0.5407716582854619,1
PRV52195,0.5407410364442188,1
PRV55160,0.5407410364442188,1
PRV52001,0.5406236776075366,1
PRV55037,0.5405176209067263,1
PRV52847,0.5403023500125064,1
PRV57699,0.5401756750489621,1
PRV53407,0.5401099308329045,1
PRV53790,0.5400647632609513,1
PRV51354,0.5400470906188015,1
PRV56125,0.5399466856407149,1
PRV53101,0.5397982364145759,1
PRV51233,0.5397807677701796,1
PRV54674,0.5397807677701796,1
PRV55135,0.5396819688716362,1
PRV55138,0.5396819688716362,1
PRV53378,0.5396099113937592,1
PRV52549,0.5395679734667072,1
PRV53008,0.5393754028419309,1
PRV51380,0.5393609993070627,1
PRV53792,0.5392973000104689,1
PRV56904,0.5392469967177062,1
PRV56912,0.5392307460815468,1
PRV54918,0.5390286766809607,1
PRV57412,0.5389081230846974,1
PRV55118,0.538736730669016,1
PRV51954,0.5386629110444532,1
PRV51135,0.5385791810655743,1
PRV57548,0.5385635393058196,1
PRV51572,0.5385555068751249,1
PRV53050,0.5384923146414023,1
PRV54615,0.5383363056427602,1
PRV52925,0.5383036117154749,1
PRV52976,0.5383036117154749,1
PRV55668,0.5382624078580343,1
PRV56119,0.538255273186289,1
PRV57612,0.538136107789225,1
PRV51288,0.5380994432772636,1
PRV56566,0.5380342196898632,1
PRV52282,0.5379245200020358,1
PRV54577,0.5377893089947982,1
PRV57530,0.5376644942235331,1
PRV55171,0.5376498539939577,1
PRV51259,0.5376092721080327,1
PRV56659,0.5374962672599032,1
PRV54233,0.5374884594518597,1
PRV54302,0.5374726108851577,1
PRV54295,0.5374726108851577,1
PRV52403,0.537440303814616,1
PRV56006,0.537431993633201,1
PRV55834,0.5372023295341973,1
PRV52810,0.5371971075328036,1
PRV55129,0.5371917826023842,1
PRV52071,0.5371082704443539,1
PRV55250,0.5369606771900095,1
PRV56706,0.5369026929778142,1
PRV51410,0.5368754126839698,1
PRV55185,0.5368240241153008,1
PRV57072,0.5366896015865396,1
PRV57299,0.5366634608238141,1
PRV54480,0.5366634608238141,1
PRV57697,0.5364092662520027,1
PRV51626,0.5363973778343323,1
PRV51577,0.5360540465992852,1
PRV52954,0.5360540465992852,1
PRV51061,0.536040781908048,1
PRV51628,0.5359455256457695,1
PRV57146,0.535887174782985,1
PRV52197,0.5358653551021731,1
PRV56886,0.5357475407901583,1
PRV56058,0.5357297325856284,1
PRV51828,0.5356687003848866,1
PRV57728,0.5356655701691622,1
PRV52461,0.5356508097299504,1
PRV55152,0.5354988697753246,1
PRV53597,0.5354676277516792,1
PRV54052,0.5354566087893243,1
PRV56915,0.5354555305659586,1
PRV56576,0.5352791528609668,1
PRV52267,0.5352216223377163,1
PRV51030,0.5351866798848518,1
PRV56276,0.5351688115336249,1
PRV51978,0.5350683439046928,1
PRV57087,0.5350683439046928,1
PRV51509,0.5350542680773828,1
PRV52831,0.5349992340945094,1
PRV56946,0.5348874808264025,1
PRV55155,0.5348732468253876,1
PRV56686,0.5348654140482548,1
PRV57634,0.5347913203590449,1
PRV57757,0.5347638627676511,1
PRV52133,0.5347569937086645,1
PRV56476,0.5346890029819831,1
PRV54611,0.5346846741285879,1
PRV56219,0.5346253227789431,1
PRV53985,0.5346111791656496,1
PRV57228,0.5344955772401608,1
PRV53932,0.5344372015495765,1
PRV54711,0.5343510872276509,1
PRV54866,0.5343510872276509,1
PRV51813,0.5343254101034758,1
PRV57206,0.5342629151883731,1
PRV54348,0.5342607326775113,1
PRV57762,0.5342596957611403,1
PRV53424,0.534237777471246,1
PRV55132,0.5340875109394916,1
PRV55510,0.5339955067577419,1
PRV54929,0.5339811279022117,1
PRV57310,0.5339712342640842,1
PRV56057,0.5339112318856589,1
PRV56408,0.5336966838606714,1
PRV51598,0.533540643472571,1
PRV54228,0.5335226345605873,1
PRV55660,0.5334623264987142,1
PRV54541,0.5333527437768941,1
PRV55793,0.533041058125131,1
PRV54692,0.5328649886308133,1
PRV52420,0.532824101175797,1
PRV57333,0.532781223891235,1
PRV53252,0.5327165797046323,1
PRV57643,0.5326814965493101,1
PRV51829,0.5325807116206577,1
PRV56605,0.5325696966986493,1
PRV51499,0.5325147559765429,1
PRV55379,0.5324602165783228,1
PRV56120,0.5324602165783228,1
PRV53702,0.5324112660500419,1
PRV57088,0.5323428424315274,1
PRV56438,0.5322802639651764,1
PRV57555,0.5321409002209954,1
PRV53700,0.5321375503134127,1
PRV56354,0.5320068665919364,1
PRV55034,0.5319671115831995,1
PRV54824,0.5319656152322457,1
PRV54566,0.5318954165222667,1
PRV55912,0.5318120613051391,1
PRV54724,0.5317813240681298,1
PRV54898,0.5317061492813513,1
PRV51636,0.5316950443069464,1
PRV55610,0.5316866261344025,1
PRV51689,0.5316866261344025,1
PRV55657,0.5316866261344025,1
PRV56338,0.5315449073167076,1
PRV54374,0.531543989704657,1
PRV51037,0.5314567964850353,1
PRV57326,0.5313813867001183,1
PRV55140,0.5312875898842606,1
PRV54263,0.5312288444822566,1
PRV56274,0.530993753287476,1
PRV52936,0.5309746073400513,1
PRV54001,0.5308926053191645,1
PRV52978,0.5308587842764189,1
PRV51132,0.5307816417719232,1
PRV54671,0.5307255351380344,1
PRV56355,0.5305893510729596,1
PRV56103,0.5305839197585374,1
PRV52347,0.5305426763804494,1
PRV54399,0.5305068505726437,1
PRV51465,0.5304595152389792,1
PRV51535,0.5304594275725671,1
PRV56664,0.5303371413513392,1
PRV54813,0.5302479193219473,1
PRV56546,0.5302000816157477,1
PRV52910,0.5301557155850772,1
PRV55900,0.5299489725942165,1
PRV53591,0.5298204156580876,1
PRV56914,0.5298204156580876,1
PRV52989,0.5297153642724848,1
PRV51851,0.5296372304281046,1
PRV54051,0.5295916058510948,1
PRV56012,0.5295414892042585,1
PRV55933,0.5295403787169065,1
PRV54612,0.5294884221662818,1
PRV51120,0.5294292110886367,1
PRV52003,0.5293852234770201,1
PRV55022,0.5293673431483356,1
PRV57285,0.5292033991293305,1
PRV56350,0.529171194772597,1
PRV55030,0.5290974143389597,1
PRV51258,0.5289866033204805,1
PRV56897,0.5289252251833012,1
PRV56909,0.5288673919540745,1
PRV52085,0.5287315838145273,1
PRV57341,0.5286919944476116,1
PRV53900,0.5286164079584992,1
PRV54404,0.5285683153118133,1
PRV57414,0.5285207437667433,1
PRV56738,0.5284893374515073,1
PRV54774,0.5283976197093186,1
PRV54256,0.52827640932126,1
PRV51003,0.5282730787922918,1
PRV52154,0.5282104752477101,1
PRV57528,0.5281638367040238,1
PRV57133,0.5280989662234364,1
PRV56270,0.5280230260322609,1
PRV56248,0.5278546187815735,1
PRV54497,0.5278419148004584,1
PRV53959,0.5278139131678914,1
PRV52859,0.5277628223688088,1
PRV52980,0.527739567708146,1
PRV55454,0.5277316109454545,1
PRV54098,0.5275281892237527,1
PRV52294,0.5274139189164343,1
PRV53960,0.527317501776079,1
PRV55765,0.5272902341828868,1
PRV56342,0.5272746573904803,1
PRV52979,0.527263862146808,1
PRV55262,0.527125260596704,1
PRV57348,0.527124118408499,1
PRV55028,0.5271010852885015,1
PRV55233,0.5267263109041106,1
PRV55766,0.5266975226097497,1
PRV55887,0.5265972110117924,1
PRV54460,0.5263144997957945,1
PRV52541,0.5262799584374076,1
PRV54425,0.5262665455543781,1
PRV56047,0.5259895492109179,1
PRV55869,0.5259703241393693,1
PRV57642,0.5259168489101835,1
PRV55790,0.5258173514450409,1
PRV51920,0.5257966445506851,1
PRV52148,0.525565415961053,1
PRV56201,0.5255365345762214,1
PRV52326,0.525506631196605,1
PRV54859,0.5254052720768009,1
PRV57401,0.5253988078837335,1
PRV56400,0.5253611576069778,1
PRV53675,0.525237266398832,1
PRV54818,0.525163248329977,1
PRV53598,0.525144639925358,1
PRV57144,0.525144639925358,1
PRV55383,0.525144639925358,1
PRV54082,0.52509238429219,1
PRV55951,0.5250894887401274,1
PRV51554,0.5250105291554436,1
PRV57085,0.5248920039093592,1
PRV54061,0.5247889980968725,1
PRV52128,0.5246656789124752,1
PRV56587,0.5245667827743349,1
PRV54514,0.5244473651001346,1
PRV55247,0.5244270357906922,1
PRV55622,0.5243714730693739,1
PRV53440,0.5243502266767748,1
PRV52047,0.5242723462885582,1
PRV54555,0.5241838579699291,1
PRV53865,0.5241507039528744,1
PRV55937,0.5240435281833418,1
PRV56519,0.5240294384681047,1
PRV57364,0.5239537872251333,1
PRV51857,0.5238279144124194,1
PRV56582,0.523774144070613,1
PRV52899,0.523774144070613,1
PRV51722,0.523774144070613,1
PRV52794,0.523774144070613,1
PRV52733,0.523774144070613,1
PRV55384,0.523774144070613,1
PRV54033,0.523774144070613,1
PRV55881,0.523774144070613,1
PRV55181,0.5237596141650459,1
PRV53770,0.5236950201189146,1
PRV51886,0.5236003542677523,1
PRV51449,0.5235283549524362,1
PRV52656,0.5233587944158826,1
PRV53384,0.5232791556161412,1
PRV53377,0.5231080258311032,1
PRV55418,0.5230334237374196,1
PRV52609,0.5229857604860088,1
PRV53171,0.5229582871481964,1
PRV51640,0.5229317980539112,1
PRV53038,0.5228868586714795,1
PRV54373,0.5228360052463426,1
PRV56166,0.522696839090205,1
PRV51272,0.5226673673389346,1
PRV57020,0.5226660805856391,1
PRV57086,0.5226660805856391,1
PRV55911,0.5226136155490269,1
PRV54567,0.5225554024447165,1
PRV53623,0.522466174996427,1
PRV57304,0.5224179661133453,1
PRV51816,0.5224123273139656,1
PRV52935,0.5223889007930342,1
PRV56411,0.5223319601477662,1
PRV52708,0.5223054379917591,1
PRV54071,0.5221935923507874,1
PRV51442,0.5220697611488124,1
PRV57074,0.5219010901496011,1
PRV51604,0.5219005754876728,1
PRV51681,0.521829899278912,1
PRV51715,0.5217234521858494,1
PRV56547,0.5216277010105013,1
PRV55051,0.5216277010105013,1
PRV53887,0.5215399192483297,1
PRV53710,0.5215258840260011,1
PRV53191,0.5214724392744539,1
PRV54564,0.5214712811938356,1
PRV52378,0.5213840815659756,1
PRV57397,0.5212587236998892,1
PRV51707,0.5210939679027133,1
PRV56662,0.5210694558279317,1
PRV56253,0.5208552020048515,1
PRV56614,0.5208029701060256,1
PRV51976,0.520772840177672,1
PRV56147,0.5206602184171211,1
PRV51426,0.5206412027717126,1
PRV52395,0.5206407331266792,1
PRV52401,0.5206350895004587,1
PRV54356,0.5205727397843337,1
PRV53260,0.5205014810741995,1
PRV57704,0.5204233670954431,1
PRV52918,0.5202756493923264,1
PRV54690,0.52016958373392,1
PRV52511,0.5200997053247436,1
PRV55850,0.5200677560130789,1
PRV57158,0.5200039444059522,1
PRV55270,0.5198767721448192,1
PRV52653,0.5198701188409381,1
PRV56750,0.5197822981632817,1
PRV52344,0.5196889476548929,1
PRV53699,0.5195989893163054,1
PRV54220,0.5195331016049756,1
PRV52452,0.5195106733995651,1
PRV51497,0.519315439908867,1
PRV54545,0.5191714045893295,1
PRV54998,0.519163230772728,1
PRV54333,0.5190689469915216,1
PRV54382,0.5189432697154047,1
PRV51164,0.5186730207670608,1
PRV51198,0.51866613136752,1
PRV51488,0.5186136532473438,1
PRV54761,0.5184264421071028,1
PRV53020,0.5182046625828974,1
PRV54183,0.5182046625828974,1
PRV54330,0.518125472206087,1
PRV57223,0.5181186427207807,1
PRV56478,0.5181183107802279,1
PRV57117,0.5178853558415649,1
PRV55416,0.5177862674624875,1
PRV53052,0.517782284917661,1
PRV54666,0.5177645182392665,1
PRV55776,0.5177359521516834,1
PRV51194,0.5176713052169041,1
PRV52617,0.517645515068258,1
PRV52307,0.5175577002996591,1
PRV54667,0.517518352225976,1
PRV52652,0.5174286093721295,1
PRV52845,0.5172377431072744,1
PRV54284,0.5171901811766041,1
PRV56990,0.5170918490057035,1
PRV57162,0.5170871943786913,1
PRV51213,0.5170725720624247,1
PRV52842,0.5170118742971364,1
PRV56608,0.5167803917321385,1
PRV54575,0.5167788209241928,1
PRV51655,0.5165984848547629,1
PRV55450,0.5165603383505695,1
PRV55769,0.5163385280152354,1
PRV53314,0.5163122050831616,1
PRV54847,0.5162652962114698,1
PRV56649,0.5162419346095726,1
PRV51947,0.5162161283673775,1
PRV56624,0.515998371960602,1
PRV55492,0.5158572544114938,1
PRV51688,0.5157739430858642,1
PRV55425,0.515692924038341,1
PRV54949,0.5156885488988789,1
PRV54146,0.5155780993339754,1
PRV55507,0.5153446095967701,1
PRV57334,0.5152292085409158,1
PRV54276,0.5150770286956943,1
PRV54697,0.5148043697859637,1
PRV52560,0.5148034130029104,1
PRV56392,0.514733758393498,1
PRV56041,0.5146276347131996,1
PRV56630,0.5145555735136322,1
PRV54781,0.5144810932474521,1
PRV54587,0.5141113981325315,1
PRV51178,0.5140595674994691,1
PRV52530,0.5140090487638438,1
PRV57543,0.5140059272546319,1
PRV55974,0.5139285931885503,1
PRV51460,0.5139220249695232,1
PRV54337,0.5138218539242634,1
PRV55969,0.5138187632204615,1
PRV53609,0.5137185529892057,1
PRV55445,0.5136806001745372,1
PRV53626,0.5136723535017553,1
PRV52342,0.5136317674329104,1
PRV55831,0.5134226045770343,1
PRV55023,0.5134065943334184,1
PRV51612,0.5132663220857165,1
PRV55935,0.5132658911258451,1
PRV52611,0.5131301802115595,1
PRV52690,0.5127649231356567,1
PRV53683,0.5127046047452316,1
PRV54316,0.512657079994007,1
PRV55679,0.5125397246256022,1
PRV55495,0.5125292069097515,1
PRV57641,0.5124962272692589,1
PRV57712,0.5124842723884645,1
PRV54914,0.5123596075882609,1
PRV53894,0.5121528032982056,1
PRV53939,0.5120410602268045,1
PRV54830,0.5120368778578509,1
PRV56345,0.5120341955743456,1
PRV53773,0.5118808854793684,1
PRV55479,0.5118553014354302,1
PRV57189,0.5118505297801665,1
PRV57345,0.5118426868029785,1
PRV53034,0.5118276264779543,1
PRV52607,0.5118276264779543,1
PRV56435,0.5118210105402502,1
PRV52152,0.5117404401354794,1
PRV55634,0.5117122076376612,1
PRV52343,0.5116861795256554,1
PRV52698,0.5115625664308701,1
PRV56019,0.5115210922059285,1
PRV51067,0.5114362809122373,1
PRV55692,0.511389699652086,1
PRV56571,0.5112873547256325,1
PRV56398,0.5112499382588069,1
PRV52722,0.5112415987799391,1
PRV57526,0.5111760161169333,1
PRV54657,0.5108990648186152,1
PRV53885,0.5108151786311633,1
PRV55736,0.510602319629019,1
PRV55514,0.5104938876287994,1
PRV51679,0.5104578538418668,1
PRV53802,0.5103110975376374,1
PRV51180,0.5102697709615277,1
PRV53294,0.5102672685448072,1
PRV54879,0.5101987790505136,1
PRV51431,0.5101600937792559,1
PRV54620,0.5101265024051225,1
PRV52843,0.510038691480161,1
PRV57527,0.5100343944200779,1
PRV52561,0.5100112396700225,1
PRV53319,0.5100096575254636,1
PRV55918,0.5099852495975542,1
PRV55573,0.5098290652543358,1
PRV56732,0.5096752205362315,1
PRV52146,0.509663143866758,1
PRV54705,0.5094780842854814,1
PRV56370,0.5094758703751837,1
PRV54111,0.5093983505591927,1
PRV56733,0.509392679038132,1
PRV53449,0.5093653632647126,1
PRV52509,0.509351137736184,1
PRV53154,0.5092867020138551,1
PRV51474,0.5092537689835716,1
PRV57518,0.5090406674810101,1
PRV51035,0.5089747601394141,1
PRV56428,0.5089347629446421,1
PRV52665,0.5087443085517716,1
PRV56265,0.5086735415258453,1
PRV54341,0.5085644671063937,1
PRV55907,0.5083953782459185,1
PRV54253,0.5083582692381058,1
PRV56501,0.5083276142535271,1
PRV52127,0.5082332786294635,1
PRV51273,0.5080820823146314,1
PRV52709,0.5080658247814229,1
PRV56445,0.5079502449596837,1
PRV56448,0.5078670377739385,1
PRV53002,0.5077164802458136,1
PRV54739,0.5077053204795647,1
PRV54336,0.5077021075300765,1
PRV55654,0.5076745682841824,1
PRV54842,0.5076193354397809,1
PRV53256,0.5075823039508588,1
PRV53676,0.5075781445786628,1
PRV55005,0.5075365800895851,1
PRV56136,0.507514630610215,1
PRV52593,0.5074714143460671,1
PRV56028,0.5072814442242495,1
PRV52474,0.5072212107280426,1
PRV53632,0.50696149116302,1
PRV55939,0.5069594169186059,1
PRV52654,0.5067734897300266,1
PRV51566,0.5065437128143083,1
PRV56494,0.5064617395421914,1
PRV53671,0.5064343003888562,1
PRV54860,0.5061398261346635,1
PRV53127,0.5059523469054632,1
PRV53040,0.5058693428066771,1
PRV55675,0.5058080874544097,1
PRV54653,0.5057579088560699,1
PRV55482,0.5057575977141457,1
PRV56404,0.5057380974372951,1
PRV53000,0.5057306467788828,1
PRV54414,0.5057197537177219,1
PRV51398,0.5056944627052058,1
PRV54043,0.5056664636678567,1
PRV52367,0.5056185325242087,1
PRV53194,0.5055988760838741,1
PRV53374,0.5055685065922982,1
PRV57225,0.5055128723066703,1
PRV52045,0.5054476395290327,1
PRV54590,0.5053556181053688,1
PRV56213,0.5053439300117173,1
PRV51057,0.505215316961053,1
PRV54785,0.50521463632403,1
PRV56172,0.505212676498626,1
PRV51196,0.505204344864992,1
PRV57339,0.505197123119807,1
PRV55583,0.5051298331904691,1
PRV54601,0.5051252468186774,1
PRV51148,0.5051222934985887,1
PRV55452,0.5050618438687017,1
PRV51959,0.5049230022187458,1
PRV52615,0.5048785175061636,1
PRV54999,0.5048266412760225,1
PRV51438,0.5047207907934254,1
PRV56485,0.5047019461871993,1
PRV54102,0.5045901608416272,1
PRV52365,0.5045508385815564,1
PRV51064,0.5044692010074547,1
PRV53457,0.5044240468482463,1
PRV56361,0.5044088655011431,1
PRV53128,0.5044083017386342,1
PRV52563,0.5043857314426234,1
PRV52483,0.5042731963092804,1
PRV56606,0.5041983162304121,1
PRV55607,0.5041302681466335,1
PRV54549,0.5041302681466335,1
PRV54009,0.5041302681466335,1
PRV54199,0.5041302681466335,1
PRV55778,0.5041302681466335,1
PRV52200,0.5041302681466335,1
PRV57063,0.5041302681466335,1
PRV54856,0.5041302681466335,1
PRV52482,0.5041302681466335,1
PRV52769,0.5041302681466335,1
PRV56056,0.5041302681466335,1
PRV56050,0.5041302681466335,1
PRV57467,0.5041302681466335,1
PRV57305,0.5041111445545111,1
PRV54661,0.5040803353944286,1
PRV53417,0.5039918775219921,1
PRV53317,0.5039235094545196,1
PRV52044,0.5038481777974438,1
PRV52303,0.5038340165059535,1
PRV52547,0.5038141851022904,1
PRV57609,0.5038141851022904,1
PRV57170,0.5037957795939818,1
PRV55154,0.5037694211657657,1
PRV54621,0.5037694211657657,1
PRV57283,0.5037694211657657,1
PRV56539,0.5037694211657657,1
PRV52573,0.5037686226420284,1
PRV55521,0.5036817314334514,1
PRV51016,0.5036768289199872,1
PRV56577,0.5035810631440616,1
PRV51284,0.5035074246812524,1
PRV54896,0.5034416557947856,1
PRV51557,0.5033793363174924,1
PRV51156,0.5033732161762696,1
PRV54885,0.5033588237186984,1
PRV55269,0.503292896753671,1
PRV56040,0.5032360949069908,1
PRV51898,0.5032181708772838,1
PRV56500,0.503167740513779,1
PRV52179,0.5030667838274817,1
PRV52150,0.5030576907066184,1
PRV51647,0.5029990582379322,1
PRV57674,0.5029862035951587,1
PRV53251,0.5029716729339457,1
PRV54085,0.5029526050062147,1
PRV55832,0.5029405965854089,1
PRV53774,0.5028875276401269,1
PRV54244,0.5028072095805065,1
PRV54103,0.5025668097629152,1
PRV56731,0.5025470012001669,1
PRV53559,0.5024582674307465,1
PRV53563,0.5024582674307465,1
PRV55619,0.5024582674307465,1
PRV53437,0.5024570049559117,1
PRV52571,0.5023335596972047,1
PRV55956,0.502274463901629,1
PRV56763,0.502165208760188,1
PRV54099,0.5019731973101443,1
PRV55188,0.5019560271340359,1
PRV56726,0.5018713111226903,1
PRV56583,0.5018452014634591,1
PRV55642,0.50181848827604,1
PRV56917,0.5017350439710693,1
PRV53776,0.5017244712303894,1
PRV57729,0.5016871141715352,1
PRV51620,0.5013439253922718,1
PRV53283,0.5013312096551807,1
PRV54063,0.5013262051337366,1
PRV56014,0.5012859932750314,1
PRV55236,0.5012642966774853,1
PRV54269,0.5012533535901769,1
PRV51176,0.5012179945673976,1
PRV57690,0.5012030077033838,1
PRV53117,0.5011734051542239,1
PRV52310,0.5011390903765703,1
PRV55814,0.5011096131080681,1
PRV53628,0.501076477615896,1
PRV52027,0.5009065180547022,1
PRV57131,0.5007102595302992,1
PRV52299,0.5006428217845764,1
PRV52849,0.5004983078919958,1
PRV56242,0.5003829656924851,1
PRV57545,0.5003681295367309,1
PRV52313,0.5003680878270794,1
PRV53917,0.5000847598398285,1
PRV55404,0.49989650580598094,0
PRV52402,0.49987307757817945,0
PRV56401,0.4998278426558759,0
PRV56853,0.4997775584129798,0
PRV54293,0.4997122846185187,0
PRV51607,0.4995659666068228,0
PRV54142,0.4995393033790259,0
PRV54380,0.49943639451164407,0
PRV54530,0.4993974597974698,0
PRV56349,0.4993901660960244,0
PRV55064,0.49937345437454955,0
PRV52098,0.4993639690609473,0
PRV51635,0.49921760731989206,0
PRV54153,0.49911990374951204,0
PRV56760,0.4990849289776126,0
PRV53689,0.49895311729377123,0
PRV53201,0.4988035835276535,0
PRV55481,0.4987868237704839,0
PRV53416,0.4986853542503089,0
PRV57702,0.4986689905113842,0
PRV57381,0.4986407994661029,0
PRV53956,0.498627549186709,0
PRV53207,0.49860991055195303,0
PRV53297,0.49856009522443584,0
PRV54093,0.4984830151538079,0
PRV56179,0.4982938644612068,0
PRV52826,0.4982850354774188,0
PRV56762,0.4982756629942512,0
PRV51476,0.49823942920937336,0
PRV57110,0.4981991390003425,0
PRV55399,0.4981976340154331,0
PRV52351,0.4981827743246821,0
PRV51544,0.49817794693665646,0
PRV57594,0.4981317140813637,0
PRV53043,0.4981257753902812,0
PRV54507,0.4980285210368996,0
PRV52504,0.49802499932940114,0
PRV52076,0.49794124667581274,0
PRV57151,0.4978928434341255,0
PRV56759,0.4978387958965694,0
PRV51634,0.4977220483162474,0
PRV55891,0.4977094352624914,0
PRV55496,0.4976758584729184,0
PRV53312,0.49762690730927883,0
PRV52898,0.497555951983169,0
PRV52663,0.4974838608359894,0
PRV52623,0.4974312496924026,0
PRV51526,0.4974064248268337,0
PRV51093,0.49738467251072765,0
PRV57121,0.4973156296304551,0
PRV53131,0.49731457374430826,0
PRV52912,0.4973131606020006,0
PRV54906,0.4972894234368111,0
PRV52881,0.4972679529392013,0
PRV51960,0.49724030873639746,0
PRV55854,0.49717682999992846,0
PRV56663,0.4971235338433963,0
PRV57245,0.49709511462830774,0
PRV57445,0.4970286086563519,0
PRV57375,0.4969055915299117,0
PRV51249,0.4968787825029219,0
PRV54561,0.4968327584874726,0
PRV51617,0.4968215922152883,0
PRV53915,0.4968182182556755,0
PRV52229,0.4967691453122712,0
PRV53612,0.496742486528627,0
PRV57169,0.4967378319688736,0
PRV53673,0.49667880200192294,0
PRV55612,0.49661625242728735,0
PRV56713,0.49650316185988236,0
PRV52981,0.4964392051447343,0
PRV54355,0.4964288845848634,0
PRV53920,0.49630387265274883,0
PRV57510,0.49624766132460796,0
PRV52057,0.49622243125613635,0
PRV52073,0.4962149738486287,0
PRV56889,0.49615756434393865,0
PRV53618,0.49613975708763614,0
PRV54935,0.496025346218519,0
PRV55775,0.4960229662562354,0
PRV57104,0.4958224679715345,0
PRV54429,0.49578709924163095,0
PRV57224,0.4957422664146587,0
PRV53554,0.49559744259045846,0
PRV55801,0.49559744259045846,0
PRV56303,0.49559744259045846,0
PRV54011,0.49559744259045846,0
PRV57392,0.49559744259045846,0
PRV57707,0.49559744259045846,0
PRV51733,0.49559744259045846,0
PRV55581,0.49559744259045846,0
PRV53308,0.49558620901414374,0
PRV51204,0.49555918481694583,0
PRV56221,0.4955274207241409,0
PRV56216,0.4955012816475143,0
PRV53674,0.49544441104798376,0
PRV57346,0.49543232957247246,0
PRV54391,0.49541987509879215,0
PRV52558,0.4954127724326682,0
PRV54168,0.49533424538765825,0
PRV53682,0.49519875633970484,0
PRV52518,0.495092762608253,0
PRV54080,0.4949539971013202,0
PRV51951,0.4948983919728289,0
PRV52610,0.4948950816895521,0
PRV52031,0.49488135540144906,0
PRV52684,0.4948567932774387,0
PRV56170,0.49485583601409283,0
PRV55864,0.49485185964135,0
PRV54411,0.49483502619559044,0
PRV52828,0.4948231685118839,0
PRV52142,0.494761779587117,0
PRV57152,0.494695598794021,0
PRV54728,0.49467981278611295,0
PRV52621,0.4946719405105797,0
PRV57709,0.4945664321271138,0
PRV54930,0.4945568199851531,0
PRV57101,0.4945038534996459,0
PRV54970,0.4944986491792745,0
PRV51021,0.49433409875318224,0
PRV57058,0.4942993119761873,0
PRV52157,0.4941079338480986,0
PRV53182,0.49408410255988244,0
PRV56313,0.49408410255988244,0
PRV57696,0.49408410255988244,0
PRV54311,0.49408410255988244,0
PRV54231,0.4940708271998192,0
PRV51017,0.49404405048201516,0
PRV55835,0.4940140326489398,0
PRV54681,0.4940099624613247,0
PRV53874,0.493973813289775,0
PRV57102,0.4939578729725098,0
PRV51247,0.49395470876128705,0
PRV51484,0.49386612106043637,0
PRV52662,0.49375997515016645,0
PRV55846,0.4937237634835673,0
PRV52087,0.4937123176019611,0
PRV55536,0.49363781164882314,0
PRV54045,0.49362223414400097,0
PRV51011,0.4936145119115359,0
PRV53029,0.49360070834825215,0
PRV51353,0.49359187195749005,0
PRV51391,0.4934843441180714,0
PRV53198,0.4934620799277721,0
PRV56421,0.4934548340060044,0
PRV57319,0.4933241095317587,0
PRV56269,0.4933216948868527,0
PRV52392,0.4932840413685297,0
PRV56602,0.49316571195632486,0
PRV55942,0.493130039437649,0
PRV54092,0.49312380224254276,0
PRV54932,0.4930250864113665,0
PRV53289,0.4928854706777048,0
PRV56271,0.49282072041962544,0
PRV54259,0.49274255099897146,0
PRV52182,0.4927042931857451,0
PRV53463,0.4926403239660709,0
PRV54683,0.4926140065801705,0
PRV51905,0.49260482249342336,0
PRV52314,0.49257755348061266,0
PRV56423,0.49239459513663514,0
PRV51350,0.4923845732343694,0
PRV51346,0.4923451772564909,0
PRV52723,0.49233130514411294,0
PRV54529,0.49232477905745703,0
PRV57330,0.49227414648784673,0
PRV53564,0.4922545657256218,0
PRV51613,0.49221706676682003,0
PRV56227,0.4921649074220634,0
PRV51352,0.4921133684289877,0
PRV51065,0.4921048807103396,0
PRV51377,0.49202264154298936,0
PRV51446,0.4920052363176641,0
PRV55720,0.49198320984301125,0
PRV53279,0.4919658947721867,0
PRV55234,0.4918737092158294,0
PRV52938,0.4918542784655055,0
PRV56031,0.49181338561421956,0
PRV54623,0.4917162546308968,0
PRV57238,0.4916834467097337,0
PRV55305,0.4916766267636826,0
PRV57438,0.4916443102375832,0
PRV55700,0.4915876472615434,0
PRV55826,0.49156479288305904,0
PRV53320,0.49153892521546205,0
PRV57185,0.49149025388053946,0
PRV52572,0.4914549023212769,0
PRV57166,0.4913864250465104,0
PRV56818,0.4913803923344179,0
PRV57316,0.4913101590613133,0
PRV51077,0.49130634409366625,0
PRV57129,0.49129146649876243,0
PRV53024,0.49126955760340746,0
PRV56060,0.49124568570134747,0
PRV52757,0.49124568570134747,0
PRV54449,0.49124568570134747,0
PRV51423,0.49124568570134747,0
PRV52256,0.49124568570134747,0
PRV53079,0.49124568570134747,0
PRV56084,0.49124568570134747,0
PRV52763,0.49124568570134747,0
PRV55800,0.49124568570134747,0
PRV51875,0.49124568570134747,0
PRV52736,0.49124568570134747,0
PRV55427,0.49124568570134747,0
PRV54275,0.49124568570134747,0
PRV51534,0.49124568570134747,0
PRV52746,0.49124568570134747,0
PRV55615,0.49124568570134747,0
PRV54304,0.49124568570134747,0
PRV51666,0.49124568570134747,0
PRV51918,0.49124568570134747,0
PRV57043,0.49124568570134747,0
PRV54215,0.4912355480050895,0
PRV56231,0.4912226439361847,0
PRV53672,0.491106446762409,0
PRV54083,0.4910290349901162,0
PRV52920,0.4908405794017986,0
PRV52860,0.49082396722246074,0
PRV56658,0.49076723171355235,0
PRV52467,0.49068683318092227,0
PRV56743,0.4906524563667154,0
PRV57274,0.49058026687330336,0
PRV52758,0.49058026687330336,0
PRV52880,0.4904899220109985,0
PRV55990,0.4904693079347913,0
PRV51600,0.4904643079723883,0
PRV52171,0.49032718908542605,0
PRV55365,0.49029239818682935,0
PRV57443,0.49021471100141883,0
PRV56104,0.4901947982804596,0
PRV52660,0.4901941256169171,0
PRV55588,0.49014881917463404,0
PRV52308,0.4900271458246807,0
PRV54542,0.4900265750314764,0
PRV55908,0.48998536814042465,0
PRV54933,0.4898562755755288,0
PRV54090,0.4898303907287497,0
PRV51403,0.4896916871396887,0
PRV56707,0.48964362589731075,0
PRV56682,0.4895783592888068,0
PRV52902,0.4895329270855825,0
PRV55515,0.4894760508521133,0
PRV57130,0.489463998421677,0
PRV54135,0.489463998421677,0
PRV54049,0.48944743627002263,0
PRV53157,0.48931727431821526,0
PRV54436,0.48931727431821526,0
PRV51479,0.48930762973785463,0
PRV57184,0.4893018799119749,0
PRV57192,0.48925608435897355,0
PRV55176,0.48922011105513763,0
PRV53396,0.4891022926034147,0
PRV55737,0.4890905680739212,0
PRV55764,0.4890709958438459,0
PRV53764,0.48903498719725297,0
PRV54544,0.4890156666935584,0
PRV54368,0.48894061608548783,0
PRV52688,0.4889278382821118,0
PRV55175,0.48891688166902386,0
PRV55198,0.48878952725801705,0
PRV53868,0.4887481830261752,0
PRV56220,0.4887379951314564,0
PRV55455,0.48863922834049756,0
PRV56758,0.4886383572337953,0
PRV57248,0.4886195450150993,0
PRV56826,0.488587665816948,0
PRV53013,0.48857614720016374,0
PRV53007,0.4885571693870505,0
PRV56140,0.48854355312152165,0
PRV54144,0.48853041209751724,0
PRV57194,0.4885247391716186,0
PRV56693,0.488375357653086,0
PRV55820,0.4883472885042164,0
PRV52151,0.4883197183944336,0
PRV54255,0.48830957978711703,0
PRV52124,0.48829451475131114,0
PRV53300,0.4882909308548891,0
PRV53017,0.488273115868111,0
PRV52369,0.48827129985354023,0
PRV57549,0.4881620395731554,0
PRV51984,0.4881160955001353,0
PRV57313,0.4880622325543645,0
PRV51137,0.4879509113250142,0
PRV54925,0.48790761036775526,0
PRV52556,0.48785217370292505,0
PRV52833,0.4878367580627476,0
PRV52788,0.4877852758023871,0
PRV57719,0.48778473421110036,0
PRV56384,0.48772772039813317,0
PRV57197,0.48771699339396873,0
PRV51358,0.48768881823472254,0
PRV52893,0.4876424738819219,0
PRV54340,0.48763540682445006,0
PRV53483,0.4874238660674319,0
PRV54064,0.4874153107357822,0
PRV55828,0.4873632526693615,0
PRV55229,0.4873567290644606,0
PRV51958,0.48732241598791975,0
PRV55548,0.48729560072525985,0
PRV51151,0.48723038386133966,0
PRV53389,0.48722825448167195,0
PRV51508,0.48715433127798824,0
PRV55165,0.4871393093631695,0
PRV56735,0.487076625933144,0
PRV55412,0.4869650643561675,0
PRV55852,0.48690418461930557,0
PRV51123,0.4868769008656857,0
PRV51704,0.48675621186319784,0
PRV53228,0.48675621186319784,0
PRV52952,0.48675621186319784,0
PRV54114,0.4867350721821098,0
PRV56734,0.4867294022561331,0
PRV55948,0.48671564455865385,0
PRV54557,0.48670805286534446,0
PRV52024,0.4866665223896359,0
PRV51690,0.4866201437118279,0
PRV55388,0.48658056367926894,0
PRV51916,0.48657660021500815,0
PRV53436,0.48656111458389184,0
PRV53166,0.48652378302455934,0
PRV54560,0.4865166771571576,0
PRV52097,0.48648797546487127,0
PRV51031,0.48645466882340777,0
PRV51549,0.48642903794355985,0
PRV55213,0.4864200246609157,0
PRV52645,0.48640328538523103,0
PRV51342,0.48639466662491493,0
PRV55438,0.486377410240747,0
PRV53521,0.48635883342848824,0
PRV54155,0.48631257279264484,0
PRV55437,0.4862863259440117,0
PRV51086,0.486274610208388,0
PRV55842,0.48624005090587735,0
PRV53009,0.486190427518721,0
PRV52147,0.4861712583223031,0
PRV51796,0.4861554834800589,0
PRV54882,0.48614090223103623,0
PRV56730,0.48611936750383167,0
PRV53431,0.48610329918462236,0
PRV55433,0.48604550262008056,0
PRV55414,0.48602728991990246,0
PRV54517,0.48601439270232755,0
PRV51906,0.4859772806886489,0
PRV52156,0.48595597401181767,0
PRV55872,0.4859441446511928,0
PRV53211,0.4858225702639675,0
PRV51337,0.4858084474003015,0
PRV52359,0.48571578292923345,0
PRV55390,0.4857069141799833,0
PRV54630,0.4857001280402598,0
PRV55029,0.4856510195666307,0
PRV53757,0.4856365475944401,0
PRV54867,0.4855997019941534,0
PRV51879,0.485553621203956,0
PRV54888,0.48554499404699775,0
PRV51271,0.4855100076259922,0
PRV56135,0.48547154699785783,0
PRV54910,0.48542748959456794,0
PRV55032,0.4853548624083482,0
PRV56083,0.48534492128873313,0
PRV53168,0.4853086700830618,0
PRV56879,0.4852674782799189,0
PRV52868,0.4851915645692614,0
PRV55392,0.48507032320373733,0
PRV55944,0.48505470217405766,0
PRV55774,0.48499282080745904,0
PRV53203,0.4849240919688629,0
PRV55648,0.48490600528309513,0
PRV52741,0.48490600528309513,0
PRV51703,0.48490600528309513,0
PRV57724,0.48490600528309513,0
PRV55767,0.48490600528309513,0
PRV55744,0.48490600528309513,0
PRV57464,0.48490600528309513,0
PRV55538,0.48490600528309513,0
PRV56601,0.4848732926211623,0
PRV53787,0.4848687864833055,0
PRV55439,0.4848617388477397,0
PRV56487,0.48485082886439956,0
PRV51059,0.4848265001861144,0
PRV54438,0.48474928519703187,0
PRV53510,0.4846838922819732,0
PRV53284,0.4846180099185726,0
PRV52896,0.4846041339099349,0
PRV57382,0.48442919280111707,0
PRV57700,0.4843939022509068,0
PRV56377,0.4843939022509068,0
PRV53545,0.4843939022509068,0
PRV54113,0.4843939022509068,0
PRV55632,0.4843939022509068,0
PRV53999,0.4843939022509068,0
PRV52785,0.4843939022509068,0
PRV54294,0.4843939022509068,0
PRV55752,0.4843450092722749,0
PRV54504,0.48424925924447126,0
PRV53889,0.4842409209664139,0
PRV57235,0.48414043562722026,0
PRV53027,0.48411094813900446,0
PRV53965,0.484103988126176,0
PRV54522,0.4840387292997835,0
PRV56702,0.48402083099529963,0
PRV52372,0.4839902092567908,0
PRV55903,0.4839467216606908,0
PRV53937,0.48386608236884715,0
PRV53472,0.4838640636647378,0
PRV51695,0.48385807473133535,0
PRV52924,0.4838453121167291,0
PRV55984,0.48382036484916113,0
PRV53295,0.48379805537066034,0
PRV55459,0.4837648701847811,0
PRV54942,0.48375876245453425,0
PRV52837,0.4837119789672685,0
PRV55983,0.48366199832731016,0
PRV57122,0.4835805840090276,0
PRV56451,0.48355441050831494,0
PRV52404,0.48351820640787785,0
PRV54569,0.4834625049533451,0
PRV54062,0.48345916909737174,0
PRV54140,0.48344598306278114,0
PRV54919,0.48340935883352154,0
PRV52129,0.48339089306311595,0
PRV52017,0.48335755415268633,0
PRV56207,0.48330025284950223,0
PRV51849,0.48327290616505486,0
PRV54267,0.48316240858963144,0
PRV56396,0.4831422011053927,0
PRV54931,0.48306079296242893,0
PRV56562,0.4830393476221347,0
PRV51301,0.4829345811440474,0
PRV51267,0.4829307400074153,0
PRV55264,0.48291755555285026,0
PRV54773,0.4829008924442873,0
PRV54230,0.4828024025120241,0
PRV57672,0.4827987604803788,0
PRV57495,0.4827939713369225,0
PRV54756,0.4827814058067384,0
PRV55196,0.48277372610576375,0
PRV53153,0.48275905187442175,0
PRV52427,0.4826210893139349,0
PRV51719,0.4826152824344432,0
PRV52131,0.48260475136065023,0
PRV52321,0.4825388783650016,0
PRV55470,0.4825102255554321,0
PRV54145,0.4824483030259311,0
PRV51311,0.4823845846074359,0
PRV51125,0.4823130707278515,0
PRV52136,0.4822285860046234,0
PRV53409,0.4822275198503771,0
PRV52088,0.4822086828737357,0
PRV55688,0.48216402978232176,0
PRV51642,0.4820793045513893,0
PRV54609,0.48205956810922906,0
PRV53807,0.4820293038451975,0
PRV51038,0.4818888239043204,0
PRV53872,0.48185027144741893,0
PRV53104,0.4817837020630324,0
PRV56002,0.48177910989607997,0
PRV56767,0.48176983453373046,0
PRV57614,0.4817480780218847,0
PRV57115,0.4817459214152143,0
PRV57179,0.4817161113235235,0
PRV51072,0.4815879445254639,0
PRV52672,0.48156270224366715,0
PRV57710,0.48145515117322646,0
PRV57196,0.481449194784598,0
PRV52699,0.4813991329657841,0
PRV52425,0.4813908690258418,0
PRV53202,0.48135179085647817,0
PRV52159,0.4813358385802744,0
PRV52038,0.4812976214728355,0
PRV54902,0.4811899937578288,0
PRV57492,0.48118576203674607,0
PRV53634,0.48114876902627424,0
PRV56568,0.4811387909229191,0
PRV56139,0.48112235007774906,0
PRV54506,0.4811081861992449,0
PRV51183,0.4810693460237359,0
PRV52366,0.4810470105001689,0
PRV55910,0.4810436180157611,0
PRV54266,0.4810280350589804,0
PRV52583,0.4810031506930499,0
PRV55518,0.4808557485462016,0
PRV51081,0.48084533430532955,0
PRV55839,0.48080789068447033,0
PRV51522,0.48059547786957607,0
PRV56591,0.48057868516769564,0
PRV55999,0.48057455036772406,0
PRV52072,0.4805604060274629,0
PRV51396,0.48053812464934403,0
PRV52101,0.480398010665314,0
PRV56210,0.48038463728638464,0
PRV53129,0.48036313131296743,0
PRV56610,0.4803200243559586,0
PRV53441,0.4802846056290776,0
PRV51425,0.4801516493612133,0
PRV51943,0.4801120092117213,0
PRV53265,0.4800632175739285,0
PRV54973,0.48003454250615524,0
PRV54878,0.4799999874729936,0
PRV51068,0.47999623430381044,0
PRV51424,0.47997531988317715,0
PRV56855,0.4799752956980941,0
PRV51414,0.4799406641205471,0
PRV53136,0.47990065932993003,0
PRV55516,0.47987843570476363,0
PRV51840,0.47983206861117383,0
PRV54640,0.4798097510151862,0
PRV53590,0.4797217519586548,0
PRV56639,0.4797051728238703,0
PRV52002,0.47957106989463644,0
PRV53489,0.47955114508704044,0
PRV51221,0.4795313264101219,0
PRV54308,0.4795313264101219,0
PRV51913,0.4795313264101219,0
PRV56805,0.4795313264101219,0
PRV57371,0.4795313264101219,0
PRV56065,0.4795313264101219,0
PRV54034,0.4795313264101219,0
PRV52783,0.4795313264101219,0
PRV51255,0.47952805250858044,0
PRV51558,0.4794910541266299,0
PRV53357,0.47940428487851106,0
PRV55266,0.4793996568322036,0
PRV51938,0.47938576597253757,0
PRV57564,0.4793520404858495,0
PRV55077,0.4793355657933866,0
PRV51103,0.4793156718694401,0
PRV55687,0.47929170052116316,0
PRV57263,0.47927504427421336,0
PRV55742,0.47926253085040393,0
PRV57208,0.4792357502951002,0
PRV56715,0.4792346607274791,0
PRV55501,0.4791668488581108,0
PRV51595,0.4791550312473725,0
PRV55879,0.47908926399273494,0
PRV55141,0.47908926399273494,0
PRV54178,0.47908926399273494,0
PRV52434,0.47908926399273494,0
PRV55123,0.47908926399273494,0
PRV54050,0.4789168625353463,0
PRV53506,0.4789168625353463,0
PRV54473,0.47882555857550835,0
PRV53142,0.4788092966756048,0
PRV54554,0.4787514305914923,0
PRV51482,0.47874780665376376,0
PRV52646,0.4786510814049547,0
PRV53174,0.4785306457288409,0
PRV57125,0.47851125726547156,0
PRV51862,0.47849118182630135,0
PRV53073,0.47847778940239344,0
PRV53471,0.4783828551747575,0
PRV55505,0.47831921596035454,0
PRV52126,0.47829444614868444,0
PRV51890,0.47826534687221717,0
PRV52394,0.478256534104036,0
PRV54390,0.4782145982415166,0
PRV55364,0.47821149930143764,0
PRV54175,0.47821149930143764,0
PRV57753,0.47821149930143764,0
PRV57752,0.47821149930143764,0
PRV56072,0.47821149930143764,0
PRV52253,0.47821149930143764,0
PRV53183,0.47821149930143764,0
PRV56310,0.47821149930143764,0
PRV56369,0.47821149930143764,0
PRV56974,0.47821149930143764,0
PRV56920,0.47821149930143764,0
PRV57204,0.47819242921778166,0
PRV57218,0.4781684252029405,0
PRV56439,0.4780808358405156,0
PRV52519,0.4780714236998095,0
PRV55192,0.4780598802652101,0
PRV51873,0.47802555062888497,0
PRV55265,0.47799095105916456,0
PRV55729,0.47795270226003783,0
PRV56570,0.4779124786492319,0
PRV53075,0.4778993133150335,0
PRV55225,0.47781129383916565,0
PRV51305,0.47773838646449346,0
PRV56878,0.47770834292760384,0
PRV51362,0.47770439871642245,0
PRV51289,0.4777037918183418,0
PRV55833,0.47762545879588986,0
PRV52118,0.47761407650984666,0
PRV52028,0.4775688964280287,0
PRV52844,0.4775071520722691,0
PRV53119,0.4774917678641036,0
PRV54219,0.4774868742164985,0
PRV55892,0.47743964385205845,0
PRV57372,0.4774216955551711,0
PRV55177,0.47737660856402775,0
PRV51622,0.4773689527549234,0
PRV56852,0.47736430772747485,0
PRV53678,0.4773573295759399,0
PRV56524,0.4773573295759399,0
PRV53899,0.4773573295759399,0
PRV54466,0.4773573295759399,0
PRV57452,0.4773573295759399,0
PRV57203,0.4773518359614825,0
PRV52548,0.4773065302791045,0
PRV54327,0.47721893644995667,0
PRV51001,0.47719119322943815,0
PRV51956,0.47712322496798926,0
PRV54591,0.47708494435983245,0
PRV57425,0.4770375956875348,0
PRV54608,0.47699043569989985,0
PRV56469,0.4768074831638081,0
PRV52988,0.47679695716996334,0
PRV56633,0.4767940315018251,0
PRV52163,0.4767938698638981,0
PRV55683,0.4767462489767278,0
PRV56749,0.4767072389163186,0
PRV54128,0.4767043586624576,0
PRV56705,0.4766458490795989,0
PRV56747,0.4766412521768269,0
PRV54565,0.4765935976029014,0
PRV54658,0.47658438554398036,0
PRV53106,0.4765592079400206,0
PRV54624,0.47652337744242296,0
PRV55734,0.4765124424985119,0
PRV52099,0.4764967861841629,0
PRV57427,0.4764948312506076,0
PRV53923,0.47647727871934786,0
PRV56866,0.47644425742089447,0
PRV56259,0.4764103956411765,0
PRV52998,0.47639464179460184,0
PRV55263,0.4762452411822565,0
PRV54950,0.4762219067744601,0
PRV55931,0.4761246234378767,0
PRV52014,0.47611409789436665,0
PRV54073,0.4760713466163435,0
PRV52526,0.47599199332798475,0
PRV56387,0.47599199332798475,0
PRV53369,0.47599199332798475,0
PRV54006,0.47599199332798475,0
PRV51968,0.47599199332798475,0
PRV57473,0.47599199332798475,0
PRV55355,0.47599199332798475,0
PRV54148,0.47599199332798475,0
PRV54523,0.47599199332798475,0
PRV53305,0.4759838027538962,0
PRV57193,0.4759681423263297,0
PRV56782,0.47596788159444403,0
PRV51165,0.47591806275233817,0
PRV51576,0.4758839075476402,0
PRV52090,0.47585496417941553,0
PRV51312,0.47582869333515265,0
PRV56101,0.4757881570110714,0
PRV51386,0.47572625641016947,0
PRV56417,0.47571617446410785,0
PRV55997,0.4756744979267684,0
PRV54505,0.47559024346524825,0
PRV51260,0.4754848990462339,0
PRV52415,0.47546357043351595,0
PRV56364,0.4753452155182265,0
PRV57369,0.47531830548043175,0
PRV51024,0.47525972774415765,0
PRV53388,0.4752473073761555,0
PRV56020,0.47522700457616196,0
PRV55575,0.47520476178143173,0
PRV51676,0.47514403960219903,0
PRV56703,0.47511375550226836,0
PRV56764,0.47506217481051816,0
PRV57742,0.47506114532991967,0
PRV55732,0.4750593932333099,0
PRV51435,0.47505634884707687,0
PRV54834,0.47492395716237357,0
PRV52695,0.4749050054286532,0
PRV52350,0.474855243313924,0
PRV55409,0.4747903080059638,0
PRV51786,0.4747903080059638,0
PRV54693,0.47478334485417745,0
PRV57682,0.47472873647992275,0
PRV54796,0.47468472654761235,0
PRV56406,0.4746730953193712,0
PRV54379,0.47460051052802954,0
PRV56754,0.474532366347662,0
PRV54396,0.4744534455652742,0
PRV57112,0.4744347463999467,0
PRV56752,0.47426824798264894,0
PRV57157,0.47415867274825896,0
PRV51078,0.47408739856153775,0
PRV56755,0.4740510848398391,0
PRV55417,0.4740160746176491,0
PRV53281,0.4740084532704373,0
PRV54139,0.4739895355373089,0
PRV51551,0.4739742854575621,0
PRV56887,0.47392781690639496,0
PRV55232,0.4738516971145107,0
PRV54543,0.47384952270425784,0
PRV53110,0.47384057730446083,0
PRV53967,0.47381703611338205,0
PRV53212,0.47381703611338205,0
PRV55624,0.47381703611338205,0
PRV56992,0.47381703611338205,0
PRV51211,0.47381703611338205,0
PRV51186,0.47381703611338205,0
PRV52226,0.47381703611338205,0
PRV57640,0.47372855982591006,0
PRV54074,0.4737241805471707,0
PRV53246,0.4737113358924662,0
PRV54993,0.4736568773975944,0
PRV53208,0.4736435884827115,0
PRV53992,0.4735076407139475,0
PRV56720,0.473468923379943,0
PRV56426,0.47343453801399854,0
PRV55547,0.47339939887157145,0
PRV57227,0.47339401776569284,0
PRV54531,0.4733238161903282,0
PRV55189,0.47331534947143095,0
PRV52298,0.47327233768106813,0
PRV53169,0.4732098929985711,0
PRV54115,0.4732098929985711,0
PRV56363,0.4731710756189052,0
PRV51931,0.47316407589337817,0
PRV57440,0.47308932962666234,0
PRV53978,0.4730487821644532,0
PRV56641,0.4730487821644532,0
PRV54799,0.4730487821644532,0
PRV56324,0.4730487821644532,0
PRV53084,0.4730487821644532,0
PRV57143,0.4730487821644532,0
PRV55599,0.4730487821644532,0
PRV53860,0.4730487821644532,0
PRV56029,0.4730487821644532,0
PRV52778,0.4730487821644532,0
PRV54319,0.4730487821644532,0
PRV57061,0.4730487821644532,0
PRV54013,0.4730487821644532,0
PRV52781,0.4730487821644532,0
PRV56753,0.47304338895471715,0
PRV55520,0.47303752045697206,0
PRV52089,0.47302931174982016,0
PRV52300,0.4730242806977816,0
PRV54963,0.4730056650732533,0
PRV53335,0.47300346104007845,0
PRV55959,0.47293882870539417,0
PRV56839,0.47293436088164303,0
PRV55996,0.4729283321775168,0
PRV57617,0.4729033899182392,0
PRV52990,0.47286521154753414,0
PRV54614,0.47281273144434877,0
PRV54245,0.47280897788598136,0
PRV56615,0.4727858912974565,0
PRV53453,0.47278203001454244,0
PRV54649,0.4727555915560395,0
PRV51619,0.47270709259890004,0
PRV55424,0.4726741262786542,0
PRV51774,0.472535372053028,0
PRV56589,0.47250029745601074,0
PRV54917,0.4724612175423226,0
PRV55821,0.4724338699877675,0
PRV55195,0.47242396785143514,0
PRV56142,0.47240197860746075,0
PRV53951,0.4722998789193422,0
PRV52255,0.4722879615383157,0
PRV57718,0.4722464477424237,0
PRV56092,0.4722199412995009,0
PRV55040,0.47203844659003835,0
PRV51864,0.47194652522652225,0
PRV52353,0.4718824781240677,0
PRV51404,0.4718114072485116,0
PRV57230,0.47180186464647006,0
PRV52399,0.47175732469737786,0
PRV52188,0.47167699213941805,0
PRV57586,0.47166083588988433,0
PRV53100,0.4715894230279143,0
PRV56851,0.47154157743633507,0
PRV56018,0.4714869486636831,0
PRV54737,0.47141664853302756,0
PRV57287,0.47139328157507016,0
PRV52944,0.47137959870368257,0
PRV52095,0.47133643578866063,0
PRV56452,0.47127893264868703,0
PRV56278,0.471145619119897,0
PRV55491,0.4711445162126591,0
PRV57347,0.4711316126126052,0
PRV53990,0.47112089312505145,0
PRV53358,0.4711030729709124,0
PRV52478,0.4710555829111421,0
PRV54101,0.4710429112994956,0
PRV54571,0.47103389248228317,0
PRV54339,0.4710150891259907,0
PRV52502,0.4709340731036561,0
PRV54787,0.47088899557192676,0
PRV54387,0.47087215534429955,0
PRV54335,0.4708538882758555,0
PRV55970,0.47084427473476964,0
PRV52691,0.47075456449213604,0
PRV51738,0.47069840104123883,0
PRV51056,0.47056265851258705,0
PRV55707,0.4704808713069853,0
PRV57655,0.47043556293106026,0
PRV55089,0.47043556293106026,0
PRV51705,0.47043556293106026,0
PRV57571,0.47043556293106026,0
PRV55302,0.47043556293106026,0
PRV57679,0.47043556293106026,0
PRV52638,0.47043556293106026,0
PRV57174,0.47041178422796426,0
PRV51112,0.47040571888214194,0
PRV51405,0.470350433604902,0
PRV56660,0.47028826822745873,0
PRV53187,0.47028826822745873,0
PRV51630,0.47023304715459047,0
PRV51639,0.4702011838274938,0
PRV57532,0.4701909130985233,0
PRV55543,0.4701537006012753,0
PRV57048,0.47014247983191254,0
PRV53347,0.4700894526546934,0
PRV57568,0.4700847255885998,0
PRV53568,0.4700579648520805,0
PRV56224,0.46996401059199916,0
PRV52687,0.46992244704598635,0
PRV57533,0.4698727094918471,0
PRV55576,0.46985989902941233,0
PRV56161,0.4697858557803482,0
PRV52499,0.4697508353378255,0
PRV53620,0.4697136091698557,0
PRV51533,0.4696324757728583,0
PRV53413,0.46959314552870174,0
PRV54149,0.46951069187802424,0
PRV51863,0.4695055203843358,0
PRV51285,0.46944735301625673,0
PRV51263,0.46944205869964,0
PRV51281,0.46936961040852204,0
PRV51644,0.46933883082167926,0
PRV54901,0.46929446219270726,0
PRV51331,0.46928795697548764,0
PRV56005,0.46927265294250775,0
PRV57340,0.4692462882428692,0
PRV52042,0.46922410820955635,0
PRV57584,0.469059816658061,0
PRV52302,0.4689900881795165,0
PRV54265,0.46898308992330506,0
PRV55858,0.468973723618934,0
PRV55183,0.46896116693653406,0
PRV54537,0.46890280482177576,0
PRV56173,0.4688942339136767,0
PRV54427,0.46888794646156723,0
PRV55203,0.46887691770286277,0
PRV52115,0.4688472074272629,0
PRV52396,0.46877194599279826,0
PRV55822,0.468738274620796,0
PRV55873,0.4687255550316388,0
PRV57561,0.4687074312793792,0
PRV53206,0.4687056249753479,0
PRV52633,0.46867463051395786,0
PRV53309,0.46860413115043686,0
PRV57127,0.46841965679409886,0
PRV56892,0.46840388476989137,0
PRV53141,0.4683552585613696,0
PRV53429,0.46835171104305406,0
PRV52559,0.46834324966594587,0
PRV51138,0.46831289993187714,0
PRV54633,0.4682814742247227,0
PRV51348,0.4682511567356549,0
PRV54134,0.4682488401079002,0
PRV51637,0.468225930775371,0
PRV55242,0.468182974176307,0
PRV56725,0.4681571819103281,0
PRV56367,0.4681342333621936,0
PRV54426,0.4681242136825133,0
PRV53150,0.4681168404189682,0
PRV53662,0.4680922915262458,0
PRV51173,0.4680673579242483,0
PRV57590,0.4680413611908102,0
PRV55381,0.4679950414578909,0
PRV52348,0.46798145709694416,0
PRV51725,0.4679381664587135,0
PRV53062,0.4679381664587135,0
PRV54181,0.4679381664587135,0
PRV57132,0.4678932572739428,0
PRV54354,0.46786325949646485,0
PRV56850,0.467845636790049,0
PRV51632,0.46782400601847546,0
PRV55489,0.46778207084473694,0
PRV56456,0.4677099776642585,0
PRV57312,0.46763682225250475,0
PRV55164,0.4676339086432943,0
PRV56091,0.4676219208405797,0
PRV52791,0.4676219208405797,0
PRV55578,0.4676219208405797,0
PRV55895,0.4676219208405797,0
PRV55400,0.4676219208405797,0
PRV57265,0.4676219208405797,0
PRV53718,0.4676219208405797,0
PRV55787,0.4676219208405797,0
PRV53643,0.4676219208405797,0
PRV53661,0.4676219208405797,0
PRV56318,0.4676219208405797,0
PRV52261,0.4676219208405797,0
PRV54187,0.4676219208405797,0
PRV57210,0.4675930555203119,0
PRV54635,0.4675868164220803,0
PRV54377,0.4674614103827261,0
PRV57565,0.46740287148951426,0
PRV56777,0.4673481132249799,0
PRV53768,0.46733407305837094,0
PRV52796,0.4672844766077487,0
PRV56263,0.4671544932968246,0
PRV51261,0.4670761008629585,0
PRV54735,0.46704990748405634,0
PRV51328,0.46703836038657137,0
PRV56868,0.46702211567134433,0
PRV52081,0.46698877195816196,0
PRV56483,0.4669789975262842,0
PRV51089,0.4669783684943746,0
PRV51025,0.46694359359437704,0
PRV52473,0.4669381671265903,0
PRV55929,0.4669316063668296,0
PRV52717,0.46693041828131937,0
PRV52317,0.4669172196186683,0
PRV56432,0.46678620160623796,0
PRV52417,0.4667734060603936,0
PRV55057,0.4667570759546932,0
PRV56218,0.46666586020655687,0
PRV54924,0.46662631956214595,0
PRV53238,0.4665780386906516,0
PRV53045,0.46653332873136405,0
PRV55226,0.4665094312052525,0
PRV52892,0.46650941885523134,0
PRV57309,0.46650174694892005,0
PRV52926,0.46641862449790844,0
PRV54696,0.46641761628982087,0
PRV52145,0.4664175426628816,0
PRV53192,0.4663920330943309,0
PRV56584,0.46637973039443836,0
PRV52054,0.46623220604645577,0
PRV54226,0.4662019099171058,0
PRV54832,0.4661870565783098,0
PRV56989,0.46618172737884317,0
PRV57747,0.46618172737884317,0
PRV52694,0.46618172737884317,0
PRV54123,0.46618172737884317,0
PRV57758,0.46618172737884317,0
PRV57615,0.46618172737884317,0
PRV52398,0.46614582559559326,0
PRV53381,0.4661153330921393,0
PRV56474,0.46610595221131335,0
PRV52922,0.4660957976475936,0
PRV51443,0.4660421285066528,0
PRV52201,0.46598162308577284,0
PRV54596,0.4659789413547178,0
PRV53258,0.4659636336816345,0
PRV55637,0.4658596114586853,0
PRV56087,0.4658596114586853,0
PRV54420,0.4658596114586853,0
PRV53501,0.4658596114586853,0
PRV52797,0.4658596114586853,0
PRV52586,0.4658596114586853,0
PRV57755,0.4658596114586853,0
PRV52669,0.4658596114586853,0
PRV57386,0.4658596114586853,0
PRV54905,0.46583367901450295,0
PRV51302,0.46577781286293396,0
PRV51040,0.46570478447749164,0
PRV51536,0.465696823647917,0
PRV54342,0.4656642064739074,0
PRV51436,0.46565543161337714,0
PRV57311,0.46564041035343723,0
PRV52074,0.46557377715681125,0
PRV51447,0.4655623830652876,0
PRV53775,0.46554351569226227,0
PRV53239,0.46554296162738457,0
PRV55539,0.46551964057519546,0
PRV54384,0.46550446020864006,0
PRV54225,0.4655018492121329,0
PRV53405,0.4654598465371093,0
PRV57231,0.4654122642293173,0
PRV51468,0.4654039839258953,0
PRV54845,0.46534813627476257,0
PRV57647,0.46531309501512436,0
PRV55633,0.46529510323101897,0
PRV51274,0.465221864001049,0
PRV56449,0.4652150745751818,0
PRV51957,0.4652076843087537,0
PRV56778,0.46519781682469996,0
PRV52112,0.46511085944065156,0
PRV53989,0.46506866391630086,0
PRV52592,0.4650213941031586,0
PRV56352,0.4649493964789166,0
PRV55564,0.46490187135166594,0
PRV52667,0.46490187135166594,0
PRV51363,0.46490187135166594,0
PRV51787,0.46490187135166594,0
PRV54027,0.4648896143112907,0
PRV55780,0.464854468724438,0
PRV51657,0.46480093978157905,0
PRV51887,0.4647625947729108,0
PRV52786,0.4647625947729108,0
PRV53724,0.4647625947729108,0
PRV55010,0.4647347290078948,0
PRV55335,0.4647278415659675,0
PRV54238,0.4646346860367514,0
PRV54197,0.46452128434307705,0
PRV54209,0.46450645537831625,0
PRV52469,0.4644972093095688,0
PRV52325,0.4644665336326851,0
PRV51553,0.46442318646231207,0
PRV54559,0.4643849745936362,0
PRV51357,0.4643444275335226,0
PRV52094,0.46428175403468225,0
PRV54065,0.4642651780759148,0
PRV52149,0.4642088239611976,0
PRV54589,0.46420420337164653,0
PRV54779,0.46414951313976527,0
PRV56860,0.46412593811845637,0
PRV51058,0.4640937425900828,0
PRV54208,0.4640177158447143,0
PRV54934,0.4639723555252922,0
PRV51419,0.463941204199508,0
PRV51932,0.4638915785898988,0
PRV57176,0.463807074444758,0
PRV56264,0.4637669921727023,0
PRV54997,0.46371066093401075,0
PRV57379,0.46368383219326936,0
PRV54562,0.46362909466397384,0
PRV55519,0.46361022975086713,0
PRV54296,0.46354716825544845,0
PRV52588,0.46349519403140865,0
PRV52162,0.4634127301496683,0
PRV57389,0.4634050954345204,0
PRV57033,0.46340090408706186,0
PRV52742,0.4633934933867609,0
PRV54072,0.46338219227858174,0
PRV52381,0.46327225490006774,0
PRV54651,0.4632482377105048,0
PRV57234,0.46319039893118374,0
PRV55704,0.4631511747957597,0
PRV54409,0.4630985519224997,0
PRV57525,0.4630531645698567,0
PRV55638,0.4629778361559,0
PRV52476,0.46295569616831034,0
PRV53350,0.4628328480995217,0
PRV52387,0.46278398420775513,0
PRV54644,0.4627789608544882,0
PRV51944,0.46277069047253366,0
PRV52566,0.4626974036234905,0
PRV51855,0.46269188783909004,0
PRV51046,0.46264565089464665,0
PRV56710,0.4626272844735866,0
PRV56607,0.46258842071635026,0
PRV52192,0.46258587471622475,0
PRV57593,0.46255864992999335,0
PRV53635,0.4625182905833321,0
PRV53994,0.4625169235423087,0
PRV51602,0.46248423107747366,0
PRV53910,0.46243639189149194,0
PRV56237,0.4623877952597569,0
PRV54378,0.46228148059926855,0
PRV57301,0.4622309866299818,0
PRV56796,0.46222951939895957,0
PRV57519,0.4622040008751115,0
PRV55837,0.46218698204334624,0
PRV55871,0.4621186509019146,0
PRV55555,0.46210761260966,0
PRV54041,0.46209600029429515,0
PRV56080,0.4620874574341007,0
PRV54388,0.462044473682325,0
PRV57597,0.46201688673814,0
PRV51222,0.4620148267403498,0
PRV55006,0.4619937977918803,0
PRV57717,0.46198404735990195,0
PRV55955,0.46191411905506397,0
PRV52181,0.46181801066317807,0
PRV51349,0.4617710426526126,0
PRV51579,0.4617512887468952,0
PRV55567,0.4616904518762816,0
PRV57367,0.46168076812868386,0
PRV53313,0.4616738796418551,0
PRV55240,0.4616385667709557,0
PRV52921,0.46163628583888733,0
PRV55179,0.46145174396876154,0
PRV52753,0.46144809931924746,0
PRV57737,0.46144809931924746,0
PRV56239,0.4614406091168364,0
PRV55243,0.46143412859230937,0
PRV51297,0.4614297086049804,0
PRV51406,0.4613795844050415,0
PRV53647,0.4613303755364977,0
PRV55348,0.4613303755364977,0
PRV56746,0.4613221297932624,0
PRV56247,0.4611654396261103,0
PRV54952,0.46114564501223987,0
PRV55972,0.4611378170706512,0
PRV56675,0.46109870094352473,0
PRV54213,0.461051047317156,0
PRV52497,0.4610122654206132,0
PRV52230,0.4609826301246623,0
PRV52661,0.4609712828730306,0
PRV56775,0.46097089609823927,0
PRV57031,0.46095809128478465,0
PRV57569,0.46092061455449657,0
PRV54206,0.4608941770623045,0
PRV56410,0.4608927121004974,0
PRV53928,0.4608538361911846,0
PRV51876,0.46081545383820094,0
PRV53161,0.46074530145672693,0
PRV53124,0.4607182995452074,0
PRV52029,0.46069660059926376,0
PRV52565,0.46066356009055615,0
PRV56890,0.46066147059999796,0
PRV57331,0.46065193032181806,0
PRV53586,0.4606494720488181,0
PRV53443,0.4605948571177086,0
PRV51300,0.4605885601904054,0
PRV51583,0.4605754043192631,0
PRV57358,0.46056362114282756,0
PRV52393,0.4605622119803756,0
PRV55178,0.4605196257693548,0
PRV53432,0.46048333122390134,0
PRV56015,0.4604779943863945,0
PRV56148,0.4604430678578953,0
PRV57662,0.4604267857336531,0
PRV55714,0.46041326036726543,0
PRV55848,0.4603968141783377,0
PRV55094,0.4602852123945035,0
PRV53005,0.460277547315825,0
PRV56613,0.4602508885735658,0
PRV52836,0.4601865327465951,0
PRV51949,0.4601714790998192,0
PRV55981,0.4601209485307987,0
PRV55709,0.46011496323983503,0
PRV56470,0.460089101475616,0
PRV56680,0.4600398416155663,0
PRV53686,0.4600005788641356,0
PRV53383,0.4599965125780065,0
PRV51470,0.4599779760798848,0
PRV53343,0.4599507187948649,0
PRV51388,0.4599086482579982,0
PRV53892,0.4598996203809799,0
PRV52956,0.4598713762497015,0
PRV52450,0.4598404672288187,0
PRV55258,0.4598296646061284,0
PRV53444,0.4598155818124206,0
PRV52144,0.4598003588804412,0
PRV56751,0.45979406719981214,0
PRV51240,0.4597919652633976,0
PRV56793,0.4597901205175584,0
PRV51623,0.4597766540680719,0
PRV54579,0.45976053421137164,0
PRV56403,0.4597452116679165,0
PRV54831,0.4597402081579788,0
PRV53245,0.45973733314748216,0
PRV54873,0.4597276126809469,0
PRV55914,0.45966760140173446,0
PRV56856,0.45966049692417316,0
PRV56877,0.4596487664967904,0
PRV57572,0.4595930164527338,0
PRV54726,0.4595834310326005,0
PRV54682,0.45951479481817475,0
PRV51869,0.45950708952098046,0
PRV53950,0.45949442104619126,0
PRV53172,0.45948590077386264,0
PRV51966,0.45948590077386264,0
PRV52109,0.45932659909819706,0
PRV57188,0.45930522467257234,0
PRV56467,0.45924760667065995,0
PRV52119,0.45914011376373426,0
PRV55751,0.4591329645265748,0
PRV56305,0.45912876199406166,0
PRV53216,0.45908355986559485,0
PRV55026,0.4590549708326364,0
PRV56711,0.4589957094285514,0
PRV53473,0.4589772893776516,0
PRV55490,0.45897208425136865,0
PRV51467,0.45892991759206203,0
PRV56724,0.4588082023077355,0
PRV53109,0.4587254874526146,0
PRV53178,0.4587086140088468,0
PRV57677,0.4586693899211399,0
PRV55027,0.4586549042765247,0
PRV51304,0.4586282601480814,0
PRV51550,0.4585845739016431,0
PRV52405,0.45848544169103556,0
PRV56830,0.4584686089370729,0
PRV51941,0.4584300331273432,0
PRV54026,0.45841838755994707,0
PRV54717,0.45841838755994707,0
PRV51290,0.45829738342396564,0
PRV54000,0.45826111867799496,0
PRV54686,0.45818271528816135,0
PRV54990,0.45816014100995067,0
PRV51422,0.45816001011512186,0
PRV51007,0.4581111341194623,0
PRV57105,0.45809535895335923,0
PRV56039,0.4580545087188133,0
PRV51048,0.4580529478231848,0
PRV54117,0.4579928343818015,0
PRV51605,0.4579835472384398,0
PRV54890,0.4579365508254748,0
PRV51434,0.4579339178250754,0
PRV52312,0.4579087090185323,0
PRV57654,0.45783339753378594,0
PRV54251,0.4578099456248088,0
PRV57211,0.4577921895820279,0
PRV57280,0.4577805320383715,0
PRV53047,0.45777801744661933,0
PRV53103,0.45775184686385556,0
PRV51556,0.45773486499904587,0
PRV53292,0.45765330086534295,0
PRV57434,0.4576502998683919,0
PRV54223,0.45764325371738024,0
PRV57124,0.4575328768043207,0
PRV55031,0.45752202350247895,0
PRV56238,0.45750687596600664,0
PRV56772,0.45748531623868105,0
PRV53272,0.4574725351635935,0
PRV52177,0.45743252641568644,0
PRV51609,0.4573890704098293,0
PRV52677,0.4573869362870732,0
PRV55803,0.4573869362870732,0
PRV54172,0.4573869362870732,0
PRV53749,0.457374770161376,0
PRV57120,0.45737255301502083,0
PRV52408,0.4573369569768903,0
PRV55246,0.45731688252791436,0
PRV56769,0.45731494873583906,0
PRV52670,0.4573077197578996,0
PRV57025,0.4573021540769749,0
PRV53947,0.45722861798556125,0
PRV55344,0.4572256764107708,0
PRV56156,0.4571489663987687,0
PRV56283,0.45713233625618943,0
PRV52092,0.4570585928995998,0
PRV51432,0.45703431215790485,0
PRV55442,0.45700517598604595,0
PRV55237,0.45689459990258324,0
PRV56578,0.45685893432112235,0
PRV56256,0.45684054776672733,0
PRV53277,0.45682132800414904,0
PRV52773,0.45681133070743873,0
PRV54424,0.45681133070743873,0
PRV52525,0.45681133070743873,0
PRV54180,0.45681133070743873,0
PRV57731,0.45681133070743873,0
PRV56391,0.45681133070743873,0
PRV52799,0.45681133070743873,0
PRV55989,0.45681133070743873,0
PRV52756,0.45678607741145083,0
PRV55650,0.45678607741145083,0
PRV53352,0.4567800109264111,0
PRV51360,0.45673622958036875,0
PRV56742,0.45672288143754897,0
PRV53664,0.4566642044701627,0
PRV55087,0.45664662578611614,0
PRV53189,0.45664611541860095,0
PRV55957,0.456585734374179,0
PRV56316,0.45657576564607444,0
PRV51252,0.4565757438721368,0
PRV54909,0.4565438369439113,0
PRV57324,0.4565438043972283,0
PRV54664,0.4565420322158376,0
PRV56722,0.4565381255364111,0
PRV51128,0.4565375563763109,0
PRV54694,0.45652677950967774,0
PRV53452,0.4565144502348485,0
PRV56773,0.456514200371857,0
PRV54886,0.4564969657387292,0
PRV51970,0.4564849494380968,0
PRV51052,0.45648141121928676,0
PRV56598,0.4564773115916211,0
PRV51055,0.4564434192507025,0
PRV52564,0.45641510387775247,0
PRV52175,0.45641069747892166,0
PRV57142,0.45638457789839776,0
PRV51379,0.45638304069461616,0
PRV54216,0.4563794290017221,0
PRV52570,0.4563636146065474,0
PRV57034,0.45632398055089496,0
PRV51946,0.45628559595455903,0
PRV52706,0.4562466477763583,0
PRV53373,0.45621732813241933,0
PRV53997,0.45615706870908684,0
PRV55216,0.45615469255655444,0
PRV52540,0.45611166203344106,0
PRV54703,0.45607533621610974,0
PRV55377,0.4560264974425844,0
PRV53074,0.4559308560303575,0
PRV55739,0.45592412232008095,0
PRV51023,0.45592083495278163,0
PRV53032,0.4558690960834289,0
PRV54257,0.45582903428546523,0
PRV56745,0.45579434220382925,0
PRV53419,0.455781346623004,0
PRV51142,0.4557304651292142,0
PRV56626,0.45572513777458934,0
PRV54978,0.45566190503323856,0
PRV55682,0.4555740261007506,0
PRV55463,0.4555302345715359,0
PRV51286,0.4554904192509496,0
PRV54625,0.45545197633091367,0
PRV52916,0.455411234308683,0
PRV56304,0.4553943881965483,0
PRV55851,0.4553679270233133,0
PRV56190,0.4553164120471942,0
PRV54242,0.4552549231868947,0
PRV54237,0.45524998431434655,0
PRV54315,0.4552462128481773,0
PRV56235,0.45522468904195934,0
PRV57751,0.4552243005290139,0
PRV57409,0.45521662747472,0
PRV51660,0.4551878757281683,0
PRV56944,0.4551878757281683,0
PRV55731,0.45513885067233634,0
PRV52503,0.4551276081878228,0
PRV52576,0.4551126851187318,0
PRV55286,0.4550188238837162,0
PRV53925,0.4549903216801315,0
PRV51418,0.4549783247279599,0
PRV51846,0.4549423965431934,0
PRV52468,0.4549229019007309,0
PRV57558,0.45488562865626014,0
PRV53090,0.45487153339628617,0
PRV54965,0.45482676561764745,0
PRV51440,0.4547178423029659,0
PRV56800,0.4547038146084762,0
PRV52386,0.4547037858309958,0
PRV55701,0.4546965739388067,0
PRV56300,0.4546162027691482,0
PRV53249,0.45459164090417326,0
PRV52079,0.45457763946000884,0
PRV55304,0.45455890725226494,0
PRV57523,0.45455100557306205,0
PRV52170,0.4545291996282878,0
PRV51084,0.45450063087700643,0
PRV53942,0.45444337232955245,0
PRV53438,0.45440410857325236,0
PRV54393,0.4543652557232098,0
PRV55865,0.454291486271417,0
PRV57030,0.4542792206575514,0
PRV52480,0.45423489031152114,0
PRV57198,0.4542169030073086,0
PRV54677,0.45416980015822556,0
PRV52599,0.4541281381320816,0
PRV52472,0.4540965544698448,0
PRV57057,0.454088181187444,0
PRV51929,0.45407296475278114,0
PRV55593,0.454055802620966,0
PRV51066,0.45396794406103647,0
PRV54439,0.4539189038947645,0
PRV57327,0.4539189038947645,0
PRV52410,0.45390383201149914,0
PRV51338,0.45386381107199786,0
PRV54361,0.45384672591571346,0
PRV54078,0.45384074056673196,0
PRV53048,0.45381725163499576,0
PRV53149,0.45381515525861593,0
PRV54943,0.45381321304392047,0
PRV56358,0.45379828053735566,0
PRV53814,0.45377985207816074,0
PRV52362,0.45373892968294494,0
PRV54757,0.4537319907861117,0
PRV52346,0.45368929226844656,0
PRV57415,0.4536653902225268,0
PRV57148,0.4536646197334331,0
PRV54662,0.45365062814850704,0
PRV54381,0.4536137949894886,0
PRV55041,0.45360119279714356,0
PRV57547,0.4535952235937373,0
PRV55359,0.45352731569617555,0
PRV54118,0.4534937083978634,0
PRV51837,0.45346990892991135,0
PRV55925,0.4534620015762818,0
PRV52890,0.45344191400021455,0
PRV53248,0.45332201665906807,0
PRV51621,0.453290563020642,0
PRV53435,0.4532891577646156,0
PRV51514,0.45322872116993346,0
PRV53176,0.4531900808239187,0
PRV51950,0.4531671919052439,0
PRV56026,0.45315544906334787,0
PRV52205,0.4531329468881235,0
PRV53613,0.4529656194459746,0
PRV57165,0.452958478627466,0
PRV54805,0.4529213192760328,0
PRV57321,0.45291075785269364,0
PRV53243,0.4528691927928279,0
PRV54157,0.45279081430104123,0
PRV51387,0.452773530153164,0
PRV51627,0.45276301695591564,0
PRV57476,0.4527515952895635,0
PRV51921,0.4527502663605021,0
PRV51491,0.45274648275831225,0
PRV55523,0.45273871926379805,0
PRV55927,0.4527172915450469,0
PRV52771,0.45269142906945775,0
PRV54509,0.45269142906945775,0
PRV53548,0.45269142906945775,0
PRV55527,0.45268704906261087,0
PRV53235,0.45268704906261087,0
PRV52448,0.45268704906261087,0
PRV51584,0.45265366805396073,0
PRV57652,0.4525958206705032,0
PRV55398,0.45251564364093616,0
PRV51925,0.4524538023888146,0
PRV54247,0.4523988931654344,0
PRV51797,0.45237683537782547,0
PRV55859,0.452319629034537,0
PRV52748,0.45230131671714674,0
PRV54767,0.4522768869724845,0
PRV54177,0.45227002756887913,0
PRV57529,0.45222840164578443,0
PRV52227,0.45216104840402294,0
PRV51364,0.4520587603660624,0
PRV53919,0.4520270346208855,0
PRV51168,0.4520131617117686,0
PRV51475,0.4519889157267347,0
PRV53337,0.45197694972768393,0
PRV56684,0.45193166033073534,0
PRV51606,0.45187078456080004,0
PRV52166,0.45183392205328066,0
PRV55986,0.4518295571553928,0
PRV51645,0.45182930282955885,0
PRV54141,0.4517577311539109,0
PRV52986,0.4516822919070001,0
PRV53963,0.4516487088204313,0
PRV53582,0.45163027245255344,0
PRV52508,0.4515789388592999,0
PRV55522,0.4515658590902018,0
PRV57600,0.45151408367182444,0
PRV53276,0.45150223215537083,0
PRV54349,0.45141876395221253,0
PRV54457,0.45136740699024563,0
PRV55836,0.451353741806531,0
PRV57437,0.4513531898351592,0
PRV55867,0.45123617722841974,0
PRV53972,0.45119116237218876,0
PRV56165,0.4511910146290726,0
PRV53616,0.45118888343231783,0
PRV56643,0.45118546076821925,0
PRV55843,0.4510941640538139,0
PRV57352,0.4510751891017235,0
PRV54434,0.45105764830129524,0
PRV54991,0.45104224341250115,0
PRV55717,0.45102909816986675,0
PRV51593,0.4510169279036896,0
PRV56970,0.4509611214066484,0
PRV51455,0.45095393904833225,0
PRV53791,0.45089719111326465,0
PRV52562,0.450894406329234,0
PRV53179,0.4508813389156052,0
PRV53055,0.4508290055647047,0
PRV53349,0.4508090461670913,0
PRV56257,0.45075100582260463,0
PRV54482,0.450747064129816,0
PRV52217,0.4507464907752855,0
PRV56228,0.45073818336177085,0
PRV57578,0.45073450077183125,0
PRV56337,0.45073450077183125,0
PRV52584,0.4507265855755575,0
PRV55042,0.45071652870392487,0
PRV56696,0.4507162524432968,0
PRV54783,0.4507131643466424,0
PRV54089,0.4507076750400818,0
PRV54188,0.4506459012804665,0
PRV54846,0.45061489169356844,0
PRV53539,0.4506000489529895,0
PRV56394,0.4505839394964681,0
PRV51277,0.4504956738936798,0
PRV52641,0.4504485473437644,0
PRV54463,0.4503600274380149,0
PRV54678,0.45035449776066344,0
PRV51896,0.4503470979765816,0
PRV53785,0.4503359507447042,0
PRV52113,0.45031630608696444,0
PRV54375,0.45028886747339786,0
PRV54156,0.45026613973710267,0
PRV54798,0.45025036512033706,0
PRV57126,0.4502474417333152,0
PRV55884,0.45024328488761584,0
PRV55690,0.4502309654232301,0
PRV54985,0.4502284183814868,0
PRV55024,0.45019616898085574,0
PRV56412,0.4501696719930358,0
PRV54558,0.4500563649447291,0
PRV54328,0.450016251698807,0
PRV52715,0.450008494800298,0
PRV52193,0.4499958778895153,0
PRV51153,0.44999561551997513,0
PRV52855,0.44994451016106024,0
PRV56236,0.44993947472748513,0
PRV57410,0.44987638473837305,0
PRV52334,0.4498731648716157,0
PRV52713,0.4498419094494055,0
PRV54977,0.44981438996664763,0
PRV51070,0.4498116591479298,0
PRV51139,0.4498005042384467,0
PRV51444,0.44971011596256444,0
PRV56655,0.4496915919832341,0
PRV57307,0.4496666407549592,0
PRV53111,0.4496659840415134,0
PRV54363,0.4496469094936472,0
PRV54916,0.4495764487127062,0
PRV55703,0.44937722183800044,0
PRV56376,0.449365921530016,0
PRV52373,0.4493027755827319,0
PRV54274,0.44921417962495164,0
PRV51008,0.44921085818238726,0
PRV57350,0.44910265068766825,0
PRV57149,0.44909630781947646,0
PRV51355,0.4490170394073014,0
PRV51427,0.4490032419109048,0
PRV51336,0.4489837802199855,0
PRV55896,0.44898074991486575,0
PRV56385,0.4489798228742714,0
PRV51344,0.4489054362195157,0
PRV52876,0.44889106890971703,0
PRV53933,0.4488801562880536,0
PRV52160,0.4488520053505566,0
PRV55180,0.4488443262505093,0
PRV53144,0.4488269775520895,0
PRV52760,0.4488159538588267,0
PRV51242,0.44878577460994007,0
PRV53025,0.4487793890728554,0
PRV57109,0.44876051159007807,0
PRV56388,0.448756529982919,0
PRV57320,0.4487449913655589,0
PRV51296,0.4487045023000209,0
PRV56616,0.4486782763584088,0
PRV52058,0.448615535174248,0
PRV55710,0.4486028945989753,0
PRV53931,0.4485973160387634,0
PRV56789,0.4485879535006004,0
PRV55755,0.44852736708007734,0
PRV53177,0.4485205703660452,0
PRV54959,0.4485199837551842,0
PRV51389,0.4485173794757416,0
PRV56531,0.44850949830816755,0
PRV53261,0.44842234835078965,0
PRV54110,0.44838045578700825,0
PRV56766,0.4483688538192352,0
PRV51322,0.4483297077123496,0
PRV57486,0.4483056899142553,0
PRV51430,0.44827785719543234,0
PRV55272,0.4482422760282521,0
PRV51190,0.44818076196742024,0
PRV55214,0.4481661873916636,0
PRV57515,0.4481600051331366,0
PRV52357,0.4481178933276105,0
PRV55063,0.4480515072135495,0
PRV57356,0.4480438923943089,0
PRV56209,0.44797652452055337,0
PRV55116,0.4479717987810637,0
PRV52049,0.4479598551561737,0
PRV53340,0.44786069809287615,0
PRV56407,0.4478032985300471,0
PRV55705,0.44778856788524707,0
PRV55760,0.4476801074552097,0
PRV51596,0.44767073878469393,0
PRV56937,0.44765198211555557,0
PRV57645,0.4476436720929635,0
PRV57521,0.4476369973295301,0
PRV56701,0.44756286002822915,0
PRV53099,0.44748439767514586,0
PRV51654,0.44748439767514586,0
PRV52500,0.4474550961787054,0
PRV51727,0.4474199776172064,0
PRV57273,0.44741723299387776,0
PRV57484,0.44741723299387776,0
PRV53205,0.4474053886019391,0
PRV54776,0.4473507738752925,0
PRV52835,0.44731908557605854,0
PRV56563,0.4472646403158293,0
PRV53555,0.4472441977724944,0
PRV52130,0.4471823095439976,0
PRV54568,0.4471800495305648,0
PRV54595,0.447165858960397,0
PRV53180,0.44713982041027106,0
PRV56966,0.4471328643905987,0
PRV52671,0.4471328643905987,0
PRV54968,0.4471105165270564,0
PRV56461,0.4470387779511003,0
PRV51993,0.4470008097110025,0
PRV53730,0.4470008097110025,0
PRV55579,0.4468862442325264,0
PRV51884,0.44682973285594885,0
PRV56171,0.44682387879397634,0
PRV54645,0.4468025487316061,0
PRV54563,0.4467832280779845,0
PRV56580,0.4467810426770807,0
PRV51525,0.4467712079000556,0
PRV51841,0.4467671714320213,0
PRV53909,0.4466803757645432,0
PRV53465,0.44667128378218457,0
PRV57205,0.4466672684335439,0
PRV51036,0.4466411168866299,0
PRV55210,0.44657610934852393,0
PRV52331,0.4465415663504364,0
PRV53578,0.4465171514265243,0
PRV51415,0.44643554448650136,0
PRV56473,0.446420263943804,0
PRV53210,0.4464032686660225,0
PRV52062,0.44639683313905854,0
PRV57580,0.44638973435336354,0
PRV52084,0.4463858420495691,0
PRV56671,0.44637686910564395,0
PRV56458,0.4463756303386996,0
PRV52251,0.44633533941101844,0
PRV52823,0.4463267036176996,0
PRV51090,0.44630941826110915,0
PRV51428,0.4462980751579534,0
PRV54040,0.4461436998573953,0
PRV57613,0.4461436998573953,0
PRV54937,0.44611555757718946,0
PRV56840,0.4460950976078461,0
PRV51693,0.44609171705801837,0
PRV52872,0.44605160447471426,0
PRV56484,0.446046334126133,0
PRV57673,0.4459804666709608,0
PRV57618,0.44596452494393835,0
PRV56729,0.4458991687681794,0
PRV55235,0.4458546670186811,0
PRV57168,0.44580970341515075,0
PRV55208,0.44579114508038664,0
PRV51203,0.44576658550607484,0
PRV54120,0.4457588133277138,0
PRV52644,0.44575787503261666,0
PRV52111,0.4457029662821439,0
PRV53494,0.4455487077457277,0
PRV56845,0.4455343320874188,0
PRV57343,0.445527066378366,0
PRV54479,0.4454991180660873,0
PRV51552,0.4454254698932264,0
PRV51074,0.44540139147172425,0
PRV53139,0.44528159703022324,0
PRV54960,0.4452579649602453,0
PRV55396,0.4452554189270054,0
PRV53705,0.4451287890011068,0
PRV51483,0.44509602264136966,0
PRV52905,0.4450710359566837,0
PRV54803,0.4449268176846032,0
PRV53729,0.4449268176846032,0
PRV57289,0.44484480659351455,0
PRV55617,0.44483308948899225,0
PRV53812,0.44483308948899225,0
PRV52777,0.44483308948899225,0
PRV56880,0.44483308948899225,0
PRV52315,0.4448229984519783,0
PRV52107,0.44476102087908204,0
PRV54352,0.4447503660439897,0
PRV57269,0.4447476285864917,0
PRV56299,0.4447311531417991,0
PRV52961,0.4447311531417991,0
PRV52792,0.4447311531417991,0
PRV51624,0.4447311531417991,0
PRV51356,0.44472090616514864,0
PRV51114,0.4447038911413881,0
PRV51401,0.4446910533621927,0
PRV56510,0.44460468712191925,0
PRV55655,0.44446899332426076,0
PRV57721,0.44446899332426076,0
PRV55106,0.44444611559885244,0
PRV53873,0.4444242143465122,0
PRV54793,0.4444141670078931,0
PRV55592,0.44440599397402075,0
PRV51279,0.4443885984533304,0
PRV54716,0.4443643248558391,0
PRV51111,0.44432455054508935,0
PRV53943,0.4442808620130599,0
PRV53408,0.4442216325664869,0
PRV54232,0.4442112500570114,0
PRV52865,0.4441783644633942,0
PRV52647,0.4441418215025017,0
PRV54691,0.44410425209839294,0
PRV51935,0.4440996436825983,0
PRV56574,0.4440599705882499,0
PRV51573,0.44405009385480937,0
PRV54764,0.4440397700666655,0
PRV51546,0.4440054738135694,0
PRV52858,0.4439825180693547,0
PRV53298,0.4439436908824103,0
PRV52138,0.4439328321550861,0
PRV55256,0.44386363647325544,0
PRV55397,0.4438268563150825,0
PRV51144,0.44382034026507666,0
PRV52784,0.44379524014842275,0
PRV57217,0.44378750654353993,0
PRV57181,0.44377397874226787,0
PRV57167,0.44375336378632085,0
PRV52869,0.4437514400610468,0
PRV51241,0.443637732672413,0
PRV55847,0.4436248040654018,0
PRV51540,0.44349074586030274,0
PRV52435,0.4434612830027941,0
PRV53608,0.44342782074122494,0
PRV56045,0.4431690750214053,0
PRV53016,0.4431518705634852,0
PRV51383,0.4431414018945447,0
PRV56528,0.4431202722626636,0
PRV52380,0.44310795470900066,0
PRV51060,0.4430968426645552,0
PRV51532,0.4430962489999638,0
PRV52235,0.4430785558677147,0
PRV56721,0.44300478029937673,0
PRV54771,0.4429581868090364,0
PRV52219,0.44295404262276933,0
PRV57760,0.44293829001907287,0
PRV51276,0.4429219441667299,0
PRV53485,0.44288611024447516,0
PRV55759,0.44287341470677843,0
PRV55819,0.4428640363610756,0
PRV52703,0.4428600180667509,0
PRV51492,0.4427912297015443,0
PRV53290,0.4427759328754867,0
PRV54465,0.44272293542027336,0
PRV51608,0.4427096453571691,0
PRV53986,0.4426719274887633,0
PRV51780,0.44262160414245605,0
PRV53306,0.4425336247525018,0
PRV51877,0.4424969803035656,0
PRV52180,0.4423936888171341,0
PRV53167,0.44234955254954356,0
PRV53426,0.4423469375879541,0
PRV52304,0.4423407226347565,0
PRV52155,0.44232319473195614,0
PRV56281,0.44232198329121614,0
PRV53456,0.44229729377081856,0
PRV57669,0.44229324443825097,0
PRV51778,0.44229324443825097,0
PRV54475,0.44227899809783183,0
PRV52999,0.4422457533721863,0
PRV51466,0.44219915647510716,0
PRV51518,0.4421805435237646,0
PRV51568,0.44211862353252684,0
PRV51243,0.4421047926936647,0
PRV55556,0.44206284799833717,0
PRV53916,0.4420586416475241,0
PRV53329,0.44203796987497207,0
PRV57433,0.4420288481260802,0
PRV52963,0.4419090997085609,0
PRV51266,0.44183204937762416,0
PRV56413,0.44180452313493274,0
PRV57446,0.44175763988755457,0
PRV57732,0.44175226423300756,0
PRV53816,0.44169671622545115,0
PRV54273,0.4416775330526399,0
PRV53731,0.44157794040673654,0
PRV51487,0.44153335612685524,0
PRV55770,0.44147728348253396,0
PRV55557,0.44145511301746704,0
PRV52165,0.44142221600577336,0
PRV54710,0.4413810747745425,0
PRV56843,0.4413810747745425,0
PRV53498,0.4413810747745425,0
PRV54759,0.4413621051383279,0
PRV57303,0.4413419903133516,0
PRV52774,0.44129287208591417,0
PRV51409,0.44129287208591417,0
PRV51098,0.44129287208591417,0
PRV54491,0.4411437072068879,0
PRV54528,0.44114273323201103,0
PRV56115,0.44112167233286687,0
PRV57216,0.4410707027543597,0
PRV51371,0.4410453898770302,0
PRV51282,0.4410129698183028,0
PRV54548,0.440986187154371,0
PRV54192,0.4409843898015054,0
PRV54130,0.440975490481768,0
PRV52211,0.44095850862247865,0
PRV52052,0.4409157883583809,0
PRV51516,0.4408977240222759,0
PRV56518,0.44089312418676235,0
PRV51751,0.44089312418676235,0
PRV55646,0.4408451343762673,0
PRV51167,0.4408443624675837,0
PRV52323,0.44081658954135367,0
PRV57557,0.4407815633698451,0
PRV56628,0.44073359595328104,0
PRV53448,0.4407281932694741,0
PRV51437,0.4407279114588865,0
PRV53296,0.44071890845143247,0
PRV55728,0.4406772932020796,0
PRV55641,0.440676473401643,0
PRV52602,0.4406656068311809,0
PRV54521,0.4405964259968224,0
PRV55003,0.44049748802516164,0
PRV51580,0.4404538061864789,0
PRV56522,0.44035448238119207,0
PRV57156,0.4403487845327531,0
PRV57657,0.4403239014865665,0
PRV53531,0.4402974097209258,0
PRV51845,0.44027681693523796,0
PRV52121,0.44021067444973083,0
PRV56716,0.44014325438318835,0
PRV54889,0.4400784145613188,0
PRV56809,0.44004754865508533,0
PRV54622,0.4399759442705802,0
PRV55968,0.4399286634137436,0
PRV54526,0.43990884205112013,0
PRV53229,0.43984068939164034,0
PRV55930,0.43983020621806407,0
PRV51515,0.4397356421176962,0
PRV51315,0.4397342568940862,0
PRV51486,0.43967269316802404,0
PRV55441,0.43967043787154836,0
PRV54287,0.4396582269038036,0
PRV51218,0.4396230331738721,0
PRV56791,0.4395833912857435,0
PRV55753,0.439539948695542,0
PRV53878,0.4394865590962178,0
PRV53549,0.439486359686155,0
PRV56934,0.439486359686155,0
PRV53108,0.4393978039263359,0
PRV56708,0.43933151669476544,0
PRV56811,0.4393072501985348,0
PRV52851,0.43928995851910874,0
PRV57404,0.439278979188662,0
PRV54907,0.439270928484884,0
PRV52557,0.439269835123812,0
PRV57247,0.439269835123812,0
PRV51917,0.439269835123812,0
PRV56184,0.4392278879387553,0
PRV51027,0.4392007958256119,0
PRV57150,0.4392001002363827,0
PRV52470,0.43914881325210364,0
PRV56071,0.43914881325210364,0
PRV53096,0.4391268720320417,0
PRV53941,0.43912174656184655,0
PRV55434,0.4390351081959766,0
PRV55673,0.43899421991909926,0
PRV56986,0.4389526932912785,0
PRV57005,0.4389526932912785,0
PRV52374,0.4388842409454359,0
PRV51895,0.4388703089322218,0
PRV53684,0.43884701074049404,0
PRV52488,0.43872713117450013,0
PRV57373,0.43870501681008706,0
PRV57336,0.43870159362200983,0
PRV51673,0.43866970162135305,0
PRV52520,0.43862813013670404,0
PRV52552,0.4385697275713223,0
PRV56998,0.43850043184102605,0
PRV51706,0.43850043184102605,0
PRV52167,0.43845467415723105,0
PRV52055,0.43842478559186365,0
PRV55083,0.4383748370011621,0
PRV56935,0.43829706168973714,0
PRV54743,0.43829375632209555,0
PRV54741,0.4382803320029291,0
PRV57675,0.43823783749179135,0
PRV57182,0.4382356181253577,0
PRV54768,0.43821654653806197,0
PRV57596,0.4381958567543046,0
PRV53840,0.43816441019230606,0
PRV53622,0.43816441019230606,0
PRV53376,0.4381548686581306,0
PRV55743,0.43815373339256397,0
PRV54029,0.438072532347703,0
PRV55419,0.43797165772195185,0
PRV51004,0.43792231864199843,0
PRV54370,0.4378743888301188,0
PRV55168,0.43782786952089076,0
PRV55511,0.4378203762163125,0
PRV53423,0.43774827440638286,0
PRV52355,0.4376704387714541,0
PRV53631,0.4376684725767525,0
PRV53474,0.4376684725767525,0
PRV56023,0.4376114834503442,0
PRV52991,0.4376062578254202,0
PRV56185,0.4376027810770857,0
PRV55285,0.4376027810770857,0
PRV56102,0.43753284514633606,0
PRV57233,0.4374367407040903,0
PRV56683,0.437405207588018,0
PRV55058,0.4373914682087962,0
PRV55451,0.43738949428127166,0
PRV52037,0.4373742879709403,0
PRV51448,0.4372974455849102,0
PRV57471,0.43719265742301155,0
PRV54185,0.43719265742301155,0
PRV51329,0.43719114974958534,0
PRV57159,0.4371855294026774,0
PRV54891,0.4371810607393301,0
PRV51838,0.43718062717954526,0
PRV52400,0.437173790920204,0
PRV56949,0.43708477042101906,0
PRV53268,0.43707413504071224,0
PRV56453,0.43706514438578,0
PRV56719,0.4370487715473959,0
PRV56468,0.4370403344496938,0
PRV54402,0.4370323971735682,0
PRV53028,0.4370312147295119,0
PRV52751,0.4370312147295119,0
PRV57322,0.4370249141115237,0
PRV52907,0.4369778097770675,0
PRV54106,0.43692772655043993,0
PRV56978,0.4367185323875825,0
PRV52233,0.43667499887103595,0
PRV52252,0.43663348150775383,0
PRV53806,0.43662670801517967,0
PRV55291,0.4365358113079778,0
PRV54171,0.43652289056448385,0
PRV54014,0.4364952166595389,0
PRV53793,0.43647813440074,0
PRV56832,0.4364627746257591,0
PRV56049,0.43640804718303794,0
PRV52945,0.4364046065254216,0
PRV56951,0.4363854290477017,0
PRV53525,0.4363555611170197,0
PRV53838,0.4363476467779795,0
PRV54191,0.436267067520775,0
PRV55329,0.436267067520775,0
PRV56004,0.4362650652974343,0
PRV56509,0.43621736189471166,0
PRV51015,0.4362059582504479,0
PRV56177,0.436194406435776,0
PRV55207,0.4361919801621737,0
PRV57595,0.4361389811177742,0
PRV52726,0.43611864827628527,0
PRV52940,0.43608654098230265,0
PRV53399,0.43608583162111775,0
PRV54084,0.43607535308498147,0
PRV56833,0.43606017398107216,0
PRV53120,0.4360478479310778,0
PRV56881,0.4359801280917887,0
PRV56691,0.4359058057252618,0
PRV55886,0.4359058057252618,0
PRV54198,0.4358971921678519,0
PRV55108,0.43580247222964635,0
PRV56864,0.43579348989518607,0
PRV54490,0.43570588672452026,0
PRV54604,0.4357014206883328,0
PRV56233,0.4356765804790546,0
PRV54468,0.4356251110623861,0
PRV57692,0.435589761793417,0
PRV57140,0.435589761793417,0
PRV53387,0.43555842771916015,0
PRV57363,0.43555580769840413,0
PRV55631,0.43555580769840413,0
PRV52744,0.43555580769840413,0
PRV52596,0.43555580769840413,0
PRV54307,0.43555580769840413,0
PRV57705,0.43555580769840413,0
PRV54854,0.4355060124785707,0
PRV56771,0.43548374363863646,0
PRV53864,0.43548374363863646,0
PRV55549,0.4354684357497518,0
PRV55950,0.435460412649923,0
PRV56347,0.4353001085727811,0
PRV55366,0.4352825997989271,0
PRV53359,0.43525712940910044,0
PRV51699,0.43523808402501857,0
PRV56997,0.4351558895441892,0
PRV55239,0.4351490952124134,0
PRV56846,0.4350957704974822,0
PRV53085,0.4350740392202657,0
PRV53467,0.43492740281646936,0
PRV52964,0.4347260660735887,0
PRV54076,0.43471011055359665,0
PRV53259,0.4346104322638037,0
PRV55371,0.434608975379484,0
PRV56672,0.4346078728106912,0
PRV57365,0.43458038184060316,0
PRV57108,0.4345654504421648,0
PRV55584,0.434526309198601,0
PRV52752,0.4343839486236358,0
PRV53619,0.4343839486236358,0
PRV53651,0.4343520713746906,0
PRV53247,0.43433653426681157,0
PRV54312,0.4343307913120066,0
PRV51735,0.4343307913120066,0
PRV56267,0.4343307913120066,0
PRV53125,0.4342101760316742,0
PRV53589,0.4342101760316742,0
PRV54800,0.4342101760316742,0
PRV52729,0.4342101760316742,0
PRV53966,0.4342101760316742,0
PRV51130,0.43419198865588576,0
PRV53794,0.43417791599940647,0
PRV54271,0.43396275738993945,0
PRV52704,0.4338971109875312,0
PRV54483,0.43383486902347645,0
PRV55602,0.4338249203838358,0
PRV52745,0.4337955346441096,0
PRV57588,0.4336635005151367,0
PRV57250,0.43364013829027837,0
PRV56586,0.4336269857784728,0
PRV53479,0.4336264205881155,0
PRV54855,0.43361935373829064,0
PRV54320,0.4336111964775857,0
PRV57448,0.43353112594939724,0
PRV53066,0.4334698949358557,0
PRV54068,0.4334553340814176,0
PRV55423,0.4334545629991065,0
PRV54598,0.43343234551856064,0
PRV54699,0.43343208834960345,0
PRV55357,0.4333216540492556,0
PRV51759,0.4333088356811785,0
PRV53859,0.4332930839179898,0
PRV56932,0.43318471117122326,0
PRV56530,0.4331721215401122,0
PRV53232,0.4331524129373603,0
PRV52879,0.43312939413906604,0
PRV55512,0.43308775037186364,0
PRV57691,0.4330450734651269,0
PRV56146,0.43303685411841575,0
PRV51664,0.433024781510159,0
PRV57202,0.43290941975860364,0
PRV55721,0.4328421795028956,0
PRV51923,0.43284079429934885,0
PRV56611,0.4327880271288331,0
PRV54572,0.4327878721174432,0
PRV51750,0.4327524755270918,0
PRV52527,0.4327414503480604,0
PRV52249,0.43272409850866045,0
PRV57116,0.43271397138886075,0
PRV52213,0.43271397138886075,0
PRV51303,0.43271008183617105,0
PRV54254,0.43262020614191093,0
PRV53445,0.43256374111464735,0
PRV54926,0.43244732328981506,0
PRV54125,0.4324380368916661,0
PRV56241,0.4323894396162229,0
PRV56820,0.4323823886712505,0
PRV57407,0.4323530422699653,0
PRV57242,0.432224328608992,0
PRV55609,0.43216576191922196,0
PRV53442,0.43212212715365217,0
PRV53175,0.43208129100278087,0
PRV55541,0.4319422977222013,0
PRV53648,0.4319190697108835,0
PRV57006,0.4318761833506195,0
PRV53360,0.4317995113580366,0
PRV57603,0.4317242792881176,0
PRV54131,0.43170887138630476,0
PRV51042,0.4316889529818244,0
PRV53487,0.4316353714896619,0
PRV55771,0.4315690995544155,0
PRV54193,0.4315141897529317,0
PRV51228,0.43148915893961737,0
PRV56579,0.4314636933013626,0
PRV57374,0.4314619840996027,0
PRV51908,0.4314550400584567,0
PRV53262,0.4314413124506829,0
PRV54217,0.4314111009419919,0
PRV51696,0.43140595001227694,0
PRV52567,0.4312574464671416,0
PRV55413,0.4311888218783749,0
PRV51708,0.4310334852307957,0
PRV55749,0.4310334852307957,0
PRV57366,0.43103146779746127,0
PRV55092,0.4310124233377591,0
PRV56637,0.4309792513291238,0
PRV55354,0.430948277448075,0
PRV55855,0.4309181073062114,0
PRV54091,0.4308444543569427,0
PRV54992,0.4308287727456464,0
PRV51412,0.43078158862194715,0
PRV51392,0.43074278699365776,0
PRV56971,0.4307392296213119,0
PRV53356,0.43073698683198375,0
PRV55056,0.43073678006416594,0
PRV54472,0.4307265677424426,0
PRV51063,0.43071558506555363,0
PRV54887,0.4306167104071018,0
PRV55534,0.4305570412860405,0
PRV55313,0.43047500421188195,0
PRV53581,0.4304726205684344,0
PRV57570,0.4304483588618353,0
PRV54334,0.43043891376338644,0
PRV54186,0.43038563164642624,0
PRV52414,0.4303330043516632,0
PRV55883,0.43023605178480184,0
PRV55050,0.43010047045377797,0
PRV55868,0.43002356608285286,0
PRV53370,0.4299997336338424,0
PRV52422,0.42999341503920824,0
PRV55341,0.42999277277101255,0
PRV57763,0.4299095817936042,0
PRV56718,0.42990006299805583,0
PRV56025,0.4298769580355982,0
PRV56334,0.4298692344597593,0
PRV53879,0.4298595922439392,0
PRV52948,0.42981937628544586,0
PRV54121,0.42975138335601953,0
PRV52389,0.42971064137703924,0
PRV54454,0.4296796740489464,0
PRV51096,0.4296728243452722,0
PRV51692,0.4296515286506523,0
PRV55684,0.4295967831314161,0
PRV57663,0.4295967831314161,0
PRV57246,0.42956522646198086,0
PRV54852,0.42953111370285724,0
PRV55001,0.42951504278064134,0
PRV52407,0.42950415952120036,0
PRV55059,0.4294758547277906,0
PRV56634,0.429434832389888,0
PRV56030,0.42937013511118693,0
PRV56357,0.4293492378785023,0
PRV57351,0.4293232466384172,0
PRV53605,0.42931594691851893,0
PRV53499,0.42930743106501085,0
PRV53614,0.4291455640902254,0
PRV52309,0.42912451037731963,0
PRV53907,0.4291018252982356,0
PRV53944,0.4290618992328934,0
PRV52454,0.42905210015425604,0
PRV55368,0.4290448324944539,0
PRV52328,0.4290212007564847,0
PRV56194,0.42901663716458016,0
PRV51408,0.4289356725906464,0
PRV51154,0.42890339340190875,0
PRV56117,0.4288640377345726,0
PRV57625,0.42881783535320406,0
PRV54670,0.42878267157606675,0
PRV54129,0.4287544036429916,0
PRV53993,0.42867722064896363,0
PRV56293,0.4286409470511741,0
PRV51961,0.4285667005517618,0
PRV55639,0.42856176927350526,0
PRV57739,0.42853387059160697,0
PRV57577,0.42850093900713027,0
PRV57051,0.4284966651974497,0
PRV56508,0.42845215631828026,0
PRV56463,0.4284405863987826,0
PRV56829,0.428430408675235,0
PRV54794,0.4284280101509963,0
PRV52764,0.4284280101509963,0
PRV51330,0.42836203854563826,0
PRV53975,0.4283102733126845,0
PRV53606,0.4282283857563149,0
PRV51394,0.42822634477311206,0
PRV53973,0.42821319213720654,0
PRV57706,0.42818596474705944,0
PRV54467,0.428180077360381,0
PRV57431,0.4281505465934432,0
PRV53714,0.4281079435984607,0
PRV51661,0.4280984887325866,0
PRV54023,0.42806931326839076,0
PRV53561,0.4280461848184835,0
PRV56306,0.4280453827700577,0
PRV53478,0.4280001857436595,0
PRV53638,0.42794934202258944,0
PRV53015,0.42791981921815897,0
PRV51219,0.42787609990185266,0
PRV52231,0.427872484965401,0
PRV57039,0.4278606523922987,0
PRV51464,0.42779245151907486,0
PRV54646,0.4277299287856655,0
PRV55238,0.4277035508350038,0
PRV52487,0.4276790917098559,0
PRV51097,0.42764292523933517,0
PRV55772,0.4276113399208437,0
PRV55248,0.4276037318490442,0
PRV55808,0.42756945428790305,0
PRV54173,0.42748642944067644,0
PRV57616,0.42748642944067644,0
PRV52531,0.42742894057416975,0
PRV57714,0.4274013554568999,0
PRV53906,0.4274013554568999,0
PRV54441,0.4274013554568999,0
PRV53995,0.42731264145035985,0
PRV57599,0.4272966915750875,0
PRV52681,0.42729595490180755,0
PRV54551,0.4271253306603699,0
PRV55498,0.42710655403555353,0
PRV52361,0.42708248537099136,0
PRV51755,0.42707510233465407,0
PRV53197,0.42702225130528915,0
PRV56282,0.42702225130528915,0
PRV53585,0.42702225130528915,0
PRV52719,0.427012603081034,0
PRV54345,0.42697042175823274,0
PRV51340,0.42695536970486964,0
PRV54122,0.426910193870485,0
PRV56078,0.426910193870485,0
PRV56255,0.4268943761904147,0
PRV55580,0.4268568516307332,0
PRV57240,0.42683069418334346,0
PRV55297,0.42676660713985565,0
PRV57454,0.42672314872007655,0
PRV53624,0.4266950436312524,0
PRV52051,0.42668187625135867,0
PRV54452,0.426547321083481,0
PRV52521,0.4265152061976824,0
PRV51737,0.4264517301185954,0
PRV53059,0.42640841473194274,0
PRV55281,0.4263222430058196,0
PRV51217,0.42631003395886724,0
PRV51155,0.4262857566453789,0
PRV55372,0.426274046092411,0
PRV56824,0.4262005345338714,0
PRV54865,0.4260567720516702,0
PRV55292,0.4260567720516702,0
PRV51113,0.42594913847034327,0
PRV53490,0.4259475152213975,0
PRV57175,0.425937184977573,0
PRV52523,0.42588333979081067,0
PRV51891,0.42588333979081067,0
PRV52543,0.42581596986974934,0
PRV54451,0.42580657593948545,0
PRV55598,0.42578550667608067,0
PRV54132,0.4257846090014429,0
PRV51265,0.425779434917948,0
PRV52657,0.425766770500448,0
PRV54037,0.4257554261927682,0
PRV53325,0.4257495382069574,0
PRV57585,0.4257461904538504,0
PRV53355,0.4254815401122678,0
PRV51897,0.42546291881134884,0
PRV57213,0.42542143514712305,0
PRV55362,0.4254019157799377,0
PRV51766,0.42539605933157054,0
PRV52349,0.4253654564630865,0
PRV55069,0.425322604122524,0
PRV53186,0.4253154501065095,0
PRV56618,0.4253083351882292,0
PRV56882,0.4253038648877959,0
PRV52341,0.4252960883933979,0
PRV51256,0.42526708085688253,0
PRV57646,0.42524799316564765,0
PRV55618,0.4251256727676513,0
PRV52484,0.42507481073473136,0
PRV55307,0.42505428889405206,0
PRV56597,0.42503835827623077,0
PRV53843,0.42495322013836523,0
PRV56441,0.424915619079468,0
PRV52439,0.4248750038001648,0
PRV57488,0.4248601099726975,0
PRV57318,0.4247354057292279,0
PRV51922,0.42466944006742124,0
PRV57291,0.42462982878485067,0
PRV56076,0.42454765760501434,0
PRV57534,0.42452562489954193,0
PRV57393,0.4244498701361763,0
PRV56956,0.4244498701361763,0
PRV56728,0.424421428119195,0
PRV55626,0.4244100297721463,0
PRV53723,0.4243501401610698,0
PRV56275,0.42434972136709165,0
PRV54684,0.42432753819236485,0
PRV55267,0.4243274878921921,0
PRV56901,0.4243187511894493,0
PRV56788,0.42420046159214514,0
PRV53140,0.4240749373606629,0
PRV56699,0.42397453788729433,0
PRV54283,0.42396684520781647,0
PRV56189,0.42394891427584397,0
PRV51335,0.42386276586862487,0
PRV56309,0.4237960257485774,0
PRV56067,0.4237960257485774,0
PRV53326,0.42378832000852357,0
PRV54685,0.4237632060364048,0
PRV52732,0.42376051063676873,0
PRV56972,0.4237437056700765,0
PRV52061,0.42374333681831783,0
PRV53221,0.4237327349944051,0
PRV53625,0.4237326355389189,0
PRV55191,0.4236243432905725,0
PRV54704,0.4236181196527636,0
PRV53158,0.42360496854400065,0
PRV56981,0.42360496854400065,0
PRV54107,0.423526002116093,0
PRV54713,0.42349126337733295,0
PRV54802,0.42349126337733295,0
PRV53571,0.4234654479789658,0
PRV53123,0.4234178453068286,0
PRV51792,0.423412361251995,0
PRV57355,0.42339774917808926,0
PRV52626,0.4233901672042868,0
PRV55184,0.4233800252249563,0
PRV53076,0.42334276451803377,0
PRV56790,0.42333528005583215,0
PRV53818,0.4232970357976176,0
PRV52581,0.42329422130400396,0
PRV56538,0.42326803856441936,0
PRV51687,0.423234754251993,0
PRV56378,0.42320206244159775,0
PRV56245,0.4231890257330707,0
PRV53492,0.42317457345291937,0
PRV54547,0.4231492566164926,0
PRV56321,0.4231414619610192,0
PRV56854,0.4231130906682035,0
PRV56947,0.42308467856174303,0
PRV54629,0.42308467856174303,0
PRV56835,0.4230495985269567,0
PRV56857,0.42303355691001016,0
PRV53491,0.4230331485899374,0
PRV52485,0.4230276090906636,0
PRV53876,0.4229840197567209,0
PRV53558,0.4229825712595427,0
PRV52263,0.4229671986697903,0
PRV53344,0.4229671986697903,0
PRV56099,0.4229671986697903,0
PRV53188,0.42292963329906264,0
PRV54021,0.4228775546474276,0
PRV56311,0.42283665054375463,0
PRV53755,0.4227755344353737,0
PRV54689,0.4227241027418167,0
PRV56151,0.4227041785286403,0
PRV54520,0.4226950829698816,0
PRV54946,0.4226198108718007,0
PRV56862,0.4226148694926192,0
PRV57429,0.42253552251847365,0
PRV53971,0.4224505568124771,0
PRV53801,0.4224218845298382,0
PRV56965,0.422377741741717,0
PRV57119,0.4223699736606573,0
PRV55187,0.42235561019080703,0
PRV57573,0.4223096080798215,0
PRV53486,0.42222727490162054,0
PRV51496,0.42199944506110815,0
PRV54510,0.42197621508215744,0
PRV54389,0.42189437838899746,0
PRV52007,0.421880827444621,0
PRV56447,0.4218569194807861,0
PRV52782,0.42184424496669554,0
PRV51793,0.4218199792105871,0
PRV56360,0.4217997347508912,0
PRV56948,0.42167728840338103,0
PRV55219,0.4216624103853595,0
PRV51743,0.42165768858458597,0
PRV53402,0.42165164797917215,0
PRV55613,0.421591594537806,0
PRV53361,0.42147712896409945,0
PRV53133,0.4214704179773519,0
PRV57015,0.42141021250898486,0
PRV51453,0.42134446101071504,0
PRV56454,0.42126933998408667,0
PRV54672,0.42125119277698625,0
PRV57236,0.4212143240831696,0
PRV54222,0.4211877329046221,0
PRV54456,0.4211528923953098,0
PRV52755,0.4210729072214675,0
PRV57507,0.4210615405058391,0
PRV56482,0.4210167524567388,0
PRV54838,0.4210118181785117,0
PRV55323,0.421004252159973,0
PRV55909,0.4209430303482648,0
PRV52930,0.42088635308147704,0
PRV57052,0.4208261167143532,0
PRV55508,0.4208208102785689,0
PRV56950,0.4208044150230606,0
PRV52209,0.42080122481138804,0
PRV54734,0.4207793251219809,0
PRV51934,0.4207711368472124,0
PRV56374,0.4207043552825397,0
PRV51888,0.4207027160852376,0
PRV56700,0.4207027160852376,0
PRV56828,0.42068102752938596,0
PRV51368,0.4206642981785489,0
PRV56290,0.4206096201761207,0
PRV52683,0.42056765721899014,0
PRV51937,0.42052691433123174,0
PRV57512,0.4204849638394986,0
PRV53657,0.42044108210880515,0
PRV56214,0.4203913394471485,0
PRV52966,0.4203913394471485,0
PRV53001,0.4203549660458032,0
PRV57651,0.4203514194179242,0
PRV52640,0.4202335546174067,0
PRV51650,0.42022280670520107,0
PRV52048,0.42019011992665345,0
PRV51799,0.4201824846490317,0
PRV52674,0.4201824846490317,0
PRV57653,0.42012409891331365,0
PRV51712,0.4201119710370068,0
PRV56537,0.4201085392178477,0
PRV54983,0.4199568593127451,0
PRV54412,0.4199401907333171,0
PRV55920,0.4199378054721443,0
PRV57241,0.4199329430159388,0
PRV53627,0.41978319076878545,0
PRV56642,0.4197741419418212,0
PRV51713,0.41976816863404337,0
PRV54430,0.41973336396758476,0
PRV54305,0.41972684479964273,0
PRV55257,0.41970341050506266,0
PRV55797,0.41970281030361273,0
PRV56466,0.41967518327581654,0
PRV53566,0.419670349094632,0
PRV56836,0.4196593120287372,0
PRV52697,0.4196551966545158,0
PRV55863,0.4196551966545158,0
PRV57734,0.4196441259543424,0
PRV57053,0.4196336412514255,0
PRV56957,0.4195748934179487,0
PRV55268,0.41956040614898815,0
PRV56301,0.4195252409895072,0
PRV52451,0.4195214320327042,0
PRV52293,0.4195131511604752,0
PRV55402,0.419508414915737,0
PRV56111,0.4194514880083009,0
PRV55363,0.4194336256345336,0
PRV55312,0.4193408850427713,0
PRV56723,0.41926740779310395,0
PRV53913,0.41924725829054643,0
PRV56594,0.4191774986379095,0
PRV56923,0.41917525749759577,0
PRV53617,0.4191583858278957,0
PRV51990,0.4190941621724975,0
PRV52689,0.41909232266538815,0
PRV56307,0.41909232266538815,0
PRV55086,0.419091584730995,0
PRV53280,0.4190343361670549,0
PRV51732,0.41901618350357644,0
PRV55016,0.418979786870554,0
PRV56464,0.4189490803779509,0
PRV57160,0.41893056772494364,0
PRV57244,0.4189078229106807,0
PRV52274,0.41889410724720166,0
PRV55045,0.41887760551308134,0
PRV53365,0.4188459822863987,0
PRV57671,0.4188459822863987,0
PRV55589,0.4187997985068649,0
PRV54028,0.4187656120960808,0
PRV51323,0.41876156230903044,0
PRV53645,0.41875845894568925,0
PRV55674,0.41875177670447783,0
PRV55768,0.4187385474184704,0
PRV52587,0.4187290158799006,0
PRV54806,0.41869296898310493,0
PRV57385,0.41866983720905565,0
PRV53321,0.4186448446155377,0
PRV55350,0.4186430058187956,0
PRV54240,0.4186405374792776,0
PRV56196,0.4185092782442728,0
PRV55080,0.41850194404934565,0
PRV53391,0.41849415797869993,0
PRV52440,0.4184820515152156,0
PRV57212,0.418436399856973,0
PRV53036,0.418363666180373,0
PRV51744,0.418357127328784,0
PRV55750,0.418357127328784,0
PRV55711,0.418357127328784,0
PRV56380,0.41832446101922416,0
PRV57701,0.41832061497218076,0
PRV56888,0.41829873108499094,0
PRV57693,0.418279099921672,0
PRV56021,0.4182434234193306,0
PRV52411,0.4182272677853084,0
PRV53584,0.4181755194142713,0
PRV53502,0.4181497288447747,0
PRV53587,0.4181489807981731,0
PRV53460,0.41812852388279237,0
PRV57444,0.41789399053635823,0
PRV51781,0.4178667876301368,0
PRV56984,0.4178382445360387,0
PRV53735,0.41783433756779265,0
PRV52740,0.4177859518047092,0
PRV55901,0.41766878363299403,0
PRV54477,0.4176596946037241,0
PRV52800,0.41760862127116394,0
PRV53964,0.41760183615403823,0
PRV52232,0.4175334188812494,0
PRV54016,0.4175334188812494,0
PRV53821,0.4175110108723862,0
PRV52529,0.41745882248414495,0
PRV52822,0.41741840667438695,0
PRV56486,0.41741757313667993,0
PRV56985,0.4174174988580722,0
PRV52545,0.417382538341695,0
PRV52614,0.41734143947088714,0
PRV54443,0.41729946477070884,0
PRV51280,0.4172880287047377,0
PRV53844,0.4172384035317259,0
PRV57138,0.41720388884673326,0
PRV53721,0.4171695759557918,0
PRV57619,0.4171598873516179,0
PRV52441,0.41714757665274754,0
PRV51115,0.4170949568226366,0
PRV53331,0.4170715950355293,0
PRV51083,0.4170519291334227,0
PRV52254,0.4170393922066392,0
PRV57491,0.4170178822990618,0
PRV56158,0.4169226246905185,0
PRV52025,0.41692078845169106,0
PRV54066,0.4169112054065926,0
PRV52421,0.41688281524997894,0
PRV54827,0.4168703747048413,0
PRV57551,0.41685387864641865,0
PRV57359,0.41679990799638916,0
PRV54227,0.4167271899571762,0
PRV54182,0.41669641770578114,0
PRV55745,0.4166305243496917,0
PRV55231,0.4166297757059264,0
PRV54868,0.41660692570301977,0
PRV56353,0.4165672094103683,0
PRV57441,0.41653973356122137,0
PRV52616,0.4165383461536371,0
PRV54923,0.41648799602657144,0
PRV53495,0.41647912353687366,0
PRV52199,0.4164659916398972,0
PRV54927,0.4164639379677579,0
PRV51721,0.41643645089442083,0
PRV53659,0.41643645089442083,0
PRV57472,0.41643154530978954,0
PRV53562,0.416407469889216,0
PRV55318,0.4164047651190313,0
PRV54748,0.41639069749266916,0
PRV52700,0.41636778884158504,0
PRV55590,0.4163375154714945,0
PRV56433,0.41633636098506566,0
PRV57660,0.4162290985910793,0
PRV55620,0.4162250620023892,0
PRV51298,0.4160881907065294,0
PRV51682,0.4160733296838004,0
PRV54701,0.416023916804619,0
PRV57605,0.41597172883781053,0
PRV52686,0.4158406575984562,0
PRV53979,0.41580413606684014,0
PRV53698,0.4157626354429435,0
PRV51152,0.4157315179066466,0
PRV56034,0.41572712229344805,0
PRV52767,0.4156807117996327,0
PRV53520,0.4156807117996327,0
PRV53323,0.41567145118915183,0
PRV54365,0.4156233690984273,0
PRV55326,0.4156102957220326,0
PRV52568,0.4156001768869669,0
PRV55782,0.41556600147632966,0
PRV57422,0.41549629250378595,0
PRV52082,0.41548359162525167,0
PRV57611,0.41547669977350365,0
PRV51739,0.4154708949860419,0
PRV54627,0.4154594417581654,0
PRV55473,0.4154365765371374,0
PRV53303,0.41542904680850257,0
PRV55614,0.41542312073974175,0
PRV53223,0.4153473770216085,0
PRV54450,0.4153472086379779,0
PRV56108,0.41531928764806747,0
PRV55796,0.41531813103848014,0
PRV56479,0.4152679592680421,0
PRV54727,0.41526475902148446,0
PRV55569,0.4152165761676625,0
PRV52284,0.4152139074414196,0
PRV54944,0.4152041183166534,0
PRV56810,0.41518813774139984,0
PRV53908,0.4151869401568547,0
PRV54833,0.41504665937105456,0
PRV57735,0.41502998979253736,0
PRV57465,0.41502500449403057,0
PRV55220,0.4149388552540841,0
PRV56674,0.4148806139720469,0
PRV55487,0.4148615704826965,0
PRV51075,0.414851458142569,0
PRV52262,0.41481214252206317,0
PRV53504,0.41479847508273593,0
PRV51752,0.4147901592797362,0
PRV55261,0.4147678757531826,0
PRV53196,0.41474903531751517,0
PRV53969,0.41464517225559067,0
PRV53982,0.4145850068712615,0
PRV57010,0.4145361024724992,0
PRV54290,0.41450013095831634,0
PRV51429,0.41449776558159057,0
PRV56687,0.41446896942336736,0
PRV51504,0.414448858038086,0
PRV55097,0.414431716876385,0
PRV51720,0.414431716876385,0
PRV57468,0.41441758732320105,0
PRV51788,0.4143809922369641,0
PRV51974,0.41431888177227516,0
PRV57270,0.41420538994307415,0
PRV55719,0.41411334064307254,0
PRV56780,0.41410490961770435,0
PRV51641,0.4140898158184775,0
PRV54602,0.4140758920634906,0
PRV54524,0.414070119794565,0
PRV56222,0.41403848582560704,0
PRV52432,0.41402619601242246,0
PRV52248,0.4139951462119758,0
PRV51189,0.413984820513633,0
PRV53156,0.4139803054834717,0
PRV57408,0.4139571733570641,0
PRV57598,0.4139550713082889,0
PRV52714,0.4138217201751923,0
PRV53949,0.4138217201751923,0
PRV56054,0.41381896290221615,0
PRV53077,0.41376721848387465,0
PRV54285,0.4137609513008427,0
PRV51747,0.4136964700083046,0
PRV56302,0.4136964700083046,0
PRV57264,0.41369079657681396,0
PRV52731,0.41367816345380043,0
PRV54861,0.41363526341801393,0
PRV52356,0.41357541042605284,0
PRV54124,0.41354272456452773,0
PRV55982,0.4135410841976974,0
PRV53940,0.41348278995651255,0
PRV51264,0.41341274593089705,0
PRV57288,0.41339527317786046,0
PRV55325,0.4133780688747393,0
PRV53596,0.41329825305765966,0
PRV54628,0.41327871276281214,0
PRV56517,0.4132736659434707,0
PRV52240,0.41317736976175334,0
PRV55167,0.4131686016320627,0
PRV51104,0.4131620675074713,0
PRV54975,0.41312238563783454,0
PRV52950,0.4130776533908111,0
PRV53346,0.41305402093113075,0
PRV53339,0.41293138528887685,0
PRV53253,0.41285785553416027,0
PRV52431,0.4128440738020964,0
PRV55088,0.4128163950050327,0
PRV55043,0.41276673265157315,0
PRV52174,0.4127053224985362,0
PRV57474,0.4127053224985362,0
PRV54048,0.4127053224985362,0
PRV54538,0.41267927363381435,0
PRV54423,0.41265395621718337,0
PRV52246,0.4126380152502854,0
PRV55099,0.41261253434895345,0
PRV51105,0.4124382466463136,0
PRV52579,0.41243728587147993,0
PRV51798,0.41241956926689527,0
PRV54869,0.4123858044842776,0
PRV51892,0.41226538896987075,0
PRV53145,0.41225939323148736,0
PRV55677,0.4122535232765812,0
PRV54278,0.41225140563826285,0
PRV54508,0.41224402021204043,0
PRV51517,0.41223229057906013,0
PRV56621,0.41222795211915964,0
PRV55117,0.4122089985721935,0
PRV57743,0.41216384271314055,0
PRV52958,0.41211660531882266,0
PRV55528,0.41203294381991856,0
PRV54578,0.4120103752933833,0
PRV53503,0.4119229828664384,0
PRV56813,0.411906163386306,0
PRV53642,0.4118900897074372,0
PRV55044,0.41187072152227605,0
PRV55928,0.4118690885641485,0
PRV57004,0.41182166210837406,0
PRV56831,0.41177569772846256,0
PRV51773,0.41177569772846256,0
PRV54725,0.41172185304998865,0
PRV51758,0.411707195872209,0
PRV57232,0.411707195872209,0
PRV55866,0.41165363606081534,0
PRV53392,0.411652892065199,0
PRV55054,0.41164909096549895,0
PRV54810,0.4116126896609894,0
PRV55735,0.41158311492981975,0
PRV54019,0.4115805384404694,0
PRV54031,0.41156214380137496,0
PRV55206,0.41154817036683145,0
PRV51511,0.411516561098333,0
PRV55401,0.41147239586631884,0
PRV54908,0.41135929020373774,0
PRV57501,0.4113432066070091,0
PRV55279,0.411327894439349,0
PRV55340,0.41129534376150534,0
PRV52911,0.4112619911758925,0
PRV51674,0.41125752889114947,0
PRV57388,0.41125393526037435,0
PRV52775,0.41121358578727196,0
PRV55182,0.41120515590020346,0
PRV51134,0.41116724191670573,0
PRV52102,0.41116609890734046,0
PRV55103,0.4111386875079366,0
PRV53719,0.4110637051829175,0
PRV55076,0.4110637051829175,0
PRV54435,0.41104954543934774,0
PRV54044,0.4110450507517617,0
PRV53533,0.41098404632297136,0
PRV54585,0.4109813625144896,0
PRV53824,0.41097996202179743,0
PRV53334,0.41096602608318505,0
PRV57332,0.41096189858444154,0
PRV55946,0.4109296277149496,0
PRV52202,0.4109285456685003,0
PRV52383,0.4109178461566956,0
PRV57416,0.4109140887583686,0
PRV52875,0.4108364050485291,0
PRV53057,0.4108236107194745,0
PRV57187,0.4108087810018739,0
PRV55446,0.41078721597020496,0
PRV54096,0.4107860138054269,0
PRV56308,0.41073282815893036,0
PRV55640,0.4107169532293998,0
PRV54413,0.41067758606185484,0
PRV55695,0.41065963739821115,0
PRV51129,0.4106466460902988,0
PRV55333,0.41062864006374394,0
PRV53173,0.4105828699405259,0
PRV54471,0.41055630884905625,0
PRV57477,0.41042586432756856,0
PRV55785,0.4103395867464705,0
PRV52861,0.4103291383740575,0
PRV55585,0.4103053203558388,0
PRV55726,0.41027740788680955,0
PRV57623,0.41023736233632174,0
PRV54039,0.410221683012373,0
PRV56295,0.4101034018849755,0
PRV55763,0.41009144335630277,0
PRV52122,0.41009035283505324,0
PRV57563,0.41007740195644843,0
PRV54421,0.41007408571319515,0
PRV55278,0.4100640316955168,0
PRV55330,0.4100404729584146,0
PRV54392,0.4100214287782885,0
PRV53565,0.4099845148402309,0
PRV53695,0.40997845524749005,0
PRV51503,0.40997708923134646,0
PRV52397,0.40996387882275975,0
PRV57275,0.4099490764890709,0
PRV53658,0.4099287913123222,0
PRV56697,0.40990961346036053,0
PRV55471,0.40984687599722075,0
PRV57423,0.40982999445193913,0
PRV57278,0.4098245306341909,0
PRV56145,0.40980637255179975,0
PRV51753,0.409780445513415,0
PRV57153,0.4097755716571144,0
PRV56051,0.4097601504995897,0
PRV56163,0.4097521763930689,0
PRV55218,0.40971107411749813,0
PRV56681,0.40968298497664246,0
PRV55052,0.4096708852636622,0
PRV53237,0.40963972812546073,0
PRV51856,0.4096240560242586,0
PRV51910,0.40958840837908134,0
PRV54864,0.40958135867303924,0
PRV51341,0.4095580646876785,0
PRV56037,0.4095542928071749,0
PRV54462,0.40955377992240405,0
PRV52955,0.40947197058368723,0
PRV53594,0.4094086477448199,0
PRV56287,0.4093939737085035,0
PRV52701,0.40937905639519095,0
PRV54036,0.40933755493745533,0
PRV53204,0.409332212025721,0
PRV53116,0.4093291123103941,0
PRV52225,0.409326768590885,0
PRV54086,0.4093116862643138,0
PRV51815,0.4092950950183033,0
PRV56090,0.40925363915392865,0
PRV57624,0.4091820781085888,0
PRV56477,0.40911874697262707,0
PRV52206,0.40910375835079554,0
PRV54407,0.40908840453155443,0
PRV52533,0.4090865629030588,0
PRV52673,0.40907518181936636,0
PRV56055,0.40902648932791447,0
PRV52877,0.40902342059723357,0
PRV57746,0.4089971846355629,0
PRV55276,0.40898804810682354,0
PRV56208,0.4089599022345283,0
PRV53974,0.40889790511657526,0
PRV54282,0.40887668560169427,0
PRV53086,0.408817342905536,0
PRV56977,0.40880861313569034,0
PRV57449,0.4087603752239052,0
PRV57328,0.4087143223794234,0
PRV51307,0.408638686628902,0
PRV57308,0.4085886430934026,0
PRV53765,0.40858704803371093,0
PRV53469,0.4085650386755467,0
PRV54712,0.4085650386755467,0
PRV51861,0.40855993285963266,0
PRV51867,0.4085366901398731,0
PRV54159,0.4085192071743547,0
PRV51678,0.4085035163035615,0
PRV52275,0.4084238295818099,0
PRV57056,0.40832126081411807,0
PRV52105,0.4083013257804394,0
PRV52272,0.4082226247767701,0
PRV55877,0.40818173454056433,0
PRV51952,0.4081578652187985,0
PRV54299,0.40811701996290284,0
PRV54849,0.4081165076771199,0
PRV52423,0.4080577285846739,0
PRV53851,0.40804712938442794,0
PRV54610,0.4079561838097162,0
PRV55805,0.4079090783653192,0
PRV56016,0.40786461870960766,0
PRV57626,0.40781802060322725,0
PRV53934,0.4077737829637895,0
PRV51784,0.4077528432069345,0
PRV52949,0.40772864366276157,0
PRV56502,0.4077201580385155,0
PRV53709,0.4076961719172755,0
PRV56258,0.407644082890114,0
PRV55902,0.4076439283625189,0
PRV57723,0.4076249058470904,0
PRV54758,0.40761284562410144,0
PRV53526,0.4076008683454987,0
PRV54546,0.4075993364768248,0
PRV57046,0.40756416354205904,0
PRV53713,0.407562771223024,0
PRV56098,0.4075095358761159,0
PRV56527,0.40745391557599764,0
PRV53784,0.40742996039098844,0
PRV57575,0.40742646625236645,0
PRV55762,0.40742033327931776,0
PRV57470,0.40738088289209545,0
PRV51691,0.4073739731258739,0
PRV54194,0.4073545931666168,0
PRV51441,0.4073488561005393,0
PRV51029,0.40728857726200757,0
PRV53980,0.40726777977531,0
PRV57610,0.4072618044912177,0
PRV55111,0.40725097980625724,0
PRV51658,0.407216569506289,0
PRV52668,0.4071876890321442,0
PRV55798,0.40716013296228454,0
PRV53534,0.4070849924591598,0
PRV55554,0.40702326786096493,0
PRV55013,0.4069764822681234,0
PRV52555,0.4069370247619196,0
PRV51901,0.4069370247619196,0
PRV51992,0.406911695302569,0
PRV52551,0.40688292463418285,0
PRV56688,0.40688116337866365,0
PRV51395,0.4068721253998308,0
PRV57262,0.4068595177135985,0
PRV52260,0.4068375722477119,0
PRV54808,0.4068177912398834,0
PRV53690,0.4067989863111551,0
PRV54687,0.4067899376819821,0
PRV55497,0.4067761741803527,0
PRV57725,0.4067686855311361,0
PRV53035,0.40673703330927213,0
PRV52790,0.40668345831863456,0
PRV55002,0.4066143174534486,0
PRV55727,0.4065956738854003,0
PRV57276,0.40654685316570627,0
PRV56929,0.4064568764769729,0
PRV54119,0.40643156809817993,0
PRV55351,0.4064293648589417,0
PRV54636,0.4063962227130706,0
PRV54877,0.40639427175600634,0
PRV55980,0.40637277595956517,0
PRV54224,0.40627415640596515,0
PRV56964,0.4062668591138586,0
PRV56066,0.4062653574326818,0
PRV56348,0.40624218427364145,0
PRV53218,0.40621593070791456,0
PRV55426,0.406211334699346,0
PRV54707,0.40615943371182667,0
PRV54323,0.40611736295905737,0
PRV56529,0.4060964857757856,0
PRV52659,0.40608558835811376,0
PRV54154,0.40608040212846525,0
PRV51295,0.4060376404985603,0
PRV57756,0.40596235372157286,0
PRV52046,0.40592772488250606,0
PRV52919,0.4058508022381203,0
PRV51885,0.4057793293227331,0
PRV52886,0.40571697740672735,0
PRV53771,0.40567792464033275,0
PRV55314,0.4056657749977145,0
PRV56440,0.4056544160185478,0
PRV56515,0.40564860372437356,0
PRV54870,0.40561173592273503,0
PRV53848,0.40561173592273503,0
PRV52238,0.4055975981753379,0
PRV57542,0.40555031038046335,0
PRV54432,0.40550432241838313,0
PRV52951,0.4054760094335963,0
PRV56181,0.40547464911473685,0
PRV52575,0.40546810242873826,0
PRV51287,0.4054590604391045,0
PRV55551,0.4054295258359051,0
PRV56694,0.40541926535770384,0
PRV51299,0.40540710979414435,0
PRV56261,0.40539877762835025,0
PRV54938,0.40534870319509825,0
PRV52604,0.40534857641316213,0
PRV54967,0.4053250855389405,0
PRV53254,0.4052639681963291,0
PRV55293,0.4052441737214252,0
PRV57067,0.4052253583442022,0
PRV53071,0.40521425319456167,0
PRV51587,0.405134376536066,0
PRV51569,0.405134376536066,0
PRV53522,0.4051318647327727,0
PRV52720,0.405127253769776,0
PRV53342,0.4051104764792754,0
PRV56379,0.4050919635647577,0
PRV57592,0.40503821773469084,0
PRV52678,0.40494447172778025,0
PRV56405,0.4049376983060523,0
PRV53113,0.40493086023298797,0
PRV54582,0.40486178648652027,0
PRV54020,0.40485330889979965,0
PRV52075,0.4048439019407077,0
PRV55779,0.40483252536350584,0
PRV53722,0.4048321344405691,0
PRV56328,0.4048300495841126,0
PRV54261,0.4048210330017122,0
PRV52929,0.4048175818331527,0
PRV51911,0.4048103180292367,0
PRV57499,0.40479735821705104,0
PRV54133,0.404786888710852,0
PRV55260,0.40475373986936286,0
PRV55061,0.4047327660403883,0
PRV51293,0.4047317043335558,0
PRV57500,0.404728267218796,0
PRV53572,0.40471163536387017,0
PRV53831,0.40469849225657856,0
PRV56471,0.40467159254962964,0
PRV56807,0.40457952129494446,0
PRV54599,0.40457489266562385,0
PRV55870,0.4045732592591336,0
PRV54004,0.4045431454299798,0
PRV54024,0.4045375400954445,0
PRV53523,0.4045056367022372,0
PRV57469,0.40447155528694817,0
PRV52391,0.4044311148210547,0
PRV54007,0.40442350815546285,0
PRV51494,0.40439027959817253,0
PRV52725,0.4043764377894633,0
PRV54401,0.4043544850240075,0
PRV56013,0.4043504999638278,0
PRV57137,0.4043419451833695,0
PRV53217,0.4042774411279979,0
PRV55071,0.4042610819983834,0
PRV56284,0.4042006633264544,0
PRV57459,0.4041559431049824,0
PRV53656,0.40413730801092457,0
PRV52770,0.4041187755859653,0
PRV56198,0.40410575511513186,0
PRV55474,0.4041022793784238,0
PRV53496,0.40403939751190876,0
PRV54553,0.4039900704607213,0
PRV53065,0.4039848224444533,0
PRV52535,0.4039582582991145,0
PRV52212,0.4039537400562074,0
PRV51930,0.403943407281259,0
PRV56837,0.4039218081733081,0
PRV52962,0.40388145432872946,0
PRV55627,0.4038807096270457,0
PRV56319,0.40386968129030715,0
PRV55053,0.4038651569656821,0
PRV52864,0.4038625286038338,0
PRV52891,0.40386047450809986,0
PRV56498,0.4038560889820507,0
PRV51472,0.40381774318131536,0
PRV57200,0.40377771801127127,0
PRV55570,0.4037369420527954,0
PRV53274,0.4037246851885126,0
PRV54442,0.4037148185802544,0
PRV54953,0.40368488888367937,0
PRV54289,0.40365285943787976,0
PRV51500,0.40361701166702274,0
PRV53162,0.4035982666188065,0
PRV54400,0.4035649430979607,0
PRV53054,0.4035498087819499,0
PRV55995,0.4035427613480741,0
PRV55574,0.4035282093453267,0
PRV57680,0.40349893485746674,0
PRV51741,0.40349472410970905,0
PRV53703,0.40348100913144946,0
PRV53595,0.4034770471816146,0
PRV56679,0.40347656740196625,0
PRV56858,0.40342882788553025,0
PRV56797,0.40342674355919533,0
PRV51416,0.40332821605551666,0
PRV54317,0.40330978736585793,0
PRV51397,0.40324949647389885,0
PRV51924,0.4032342802109966,0
PRV56346,0.4032264715233589,0
PRV53403,0.40321042618624275,0
PRV55197,0.4031256724136568,0
PRV56475,0.4031136939693276,0
PRV51122,0.4029962215100404,0
PRV52168,0.40299379259994333,0
PRV56088,0.4029799115948677,0
PRV53685,0.4029619456814222,0
PRV52693,0.40292294769049314,0
PRV56211,0.40291184263266205,0
PRV52895,0.4029013427763495,0
PRV52629,0.40285202904952166,0
PRV53433,0.4028450964890012,0
PRV57014,0.4028435907690376,0
PRV52196,0.4028172671847779,0
PRV53708,0.4027574751281908,0
PRV53224,0.40274587251428484,0
PRV55319,0.4026895890560264,0
PRV52455,0.40268818995852135,0
PRV52436,0.4026837310140139,0
PRV52838,0.4026494413027933,0
PRV55376,0.40263176761058006,0
PRV56967,0.4026276591579987,0
PRV56351,0.40261806569651354,0
PRV53134,0.4025679275720452,0
PRV56010,0.40248588297404553,0
PRV51749,0.4024653110211301,0
PRV54136,0.4023455539549261,0
PRV54212,0.40231223189981213,0
PRV56651,0.402262701785028,0
PRV57390,0.4022585846899981,0
PRV52336,0.4022567810435199,0
PRV53087,0.4022386569310877,0
PRV55777,0.40215749743926665,0
PRV57687,0.4021472401822091,0
PRV53743,0.4021401119139297,0
PRV57136,0.4021326999000001,0
PRV53447,0.402120875859208,0
PRV56861,0.40207318084676935,0
PRV52901,0.40206357251625857,0
PRV53652,0.40205600069590125,0
PRV55788,0.4020488239213091,0
PRV55741,0.4020249133042519,0
PRV54207,0.4020126893492491,0
PRV53849,0.40200227456755916,0
PRV55295,0.4019605562113581,0
PRV55068,0.4019389901738121,0
PRV53215,0.4019363201921037,0
PRV52143,0.4018780269508636,0
PRV51117,0.4018768193588593,0
PRV54723,0.40187297041852593,0
PRV51141,0.40185537132775645,0
PRV53411,0.4018366235859446,0
PRV54167,0.40182522255592684,0
PRV56536,0.40180527368774327,0
PRV56514,0.40166863001090874,0
PRV57190,0.4016505692139359,0
PRV51326,0.4016445601476753,0
PRV51790,0.4015945498714942,0
PRV56366,0.4015064635447549,0
PRV54911,0.40148964857712227,0
PRV55493,0.40148105010616,0
PRV54112,0.4014619134521804,0
PRV52184,0.40141443771545254,0
PRV55874,0.40140491711038584,0
PRV53222,0.40132070990899404,0
PRV56199,0.4013035418675808,0
PRV52512,0.4012950687764698,0
PRV52069,0.40122512020979967,0
PRV51451,0.40115653456729305,0
PRV51216,0.40114874676325096,0
PRV52354,0.40114452448198656,0
PRV56279,0.4010854082996572,0
PRV51724,0.40107523506701326,0
PRV53480,0.4010641872404899,0
PRV55273,0.4010627087975103,0
PRV55880,0.400992507711377,0
PRV55621,0.40087837295995626,0
PRV53044,0.4008445450384406,0
PRV57257,0.40083225925204036,0
PRV57761,0.40083104707784234,0
PRV54863,0.40070373291759964,0
PRV57536,0.40069564584639245,0
PRV53593,0.4006832820059615,0
PRV52371,0.4006580585167544,0
PRV56783,0.4006487804393812,0
PRV51776,0.400632067285741,0
PRV56251,0.40062316607851534,0
PRV53665,0.4005641587787081,0
PRV52433,0.4005156700736886,0
PRV51224,0.400506358236368,0
PRV53081,0.4005032728337558,0
PRV55361,0.4004760948839749,0
PRV54597,0.4004623577934141,0
PRV54945,0.40044635875786266,0
PRV52416,0.4004375239605081,0
PRV56497,0.40042234443311175,0
PRV51995,0.4004117948934062,0
PRV57380,0.4003895753692233,0
PRV51131,0.4003533600524239,0
PRV56945,0.4003463102712667,0
PRV56149,0.40033770934380647,0
PRV51044,0.40031060489026177,0
PRV57361,0.400305009167856,0
PRV57282,0.40028117041802924,0
PRV57475,0.4002803489335953,0
PRV54496,0.4001485100551502,0
PRV53891,0.4000385861479918,0
PRV54250,0.4000335733216815,0
PRV56893,0.40001422289309385,0
PRV51292,0.4000097430951942,0
PRV57118,0.39998902086355664,0
PRV52953,0.3999495768642531,0
PRV53574,0.39994664187225715,0
PRV54519,0.3999011368958726,0
PRV54012,0.3998747667051592,0
PRV52406,0.39987172905438334,0
PRV54753,0.3998425448278002,0
PRV52692,0.3998281919074963,0
PRV55345,0.3997581168593635,0
PRV55337,0.3997514314485718,0
PRV56987,0.3996938988023136,0
PRV53310,0.39965655346966433,0
PRV55386,0.3996529329781447,0
PRV56553,0.39963408052371996,0
PRV56963,0.3996264814994957,0
PRV54160,0.39954523245974993,0
PRV57161,0.3995353711545515,0
PRV55723,0.39946701870137585,0
PRV53037,0.3994551336745545,0
PRV53946,0.3994498253867249,0
PRV51965,0.39943367849707695,0
PRV53291,0.39940429407967504,0
PRV54300,0.39929360256905483,0
PRV51631,0.3992382696962509,0
PRV56375,0.39921714573048606,0
PRV55343,0.39918865455149327,0
PRV53014,0.3991783436676581,0
PRV51225,0.3991371772011409,0
PRV54163,0.3990514433271222,0
PRV51253,0.3990363450025301,0
PRV56653,0.39899695507305033,0
PRV52510,0.39896683496770163,0
PRV54309,0.39892393214615357,0
PRV57054,0.3988609372806119,0
PRV51672,0.39875879720720997,0
PRV53701,0.39875879720720997,0
PRV54581,0.39873779023267975,0
PRV54634,0.39872509141368195,0
PRV54403,0.3986675201988231,0
PRV54515,0.3986228960815361,0
PRV57730,0.39859259378762096,0
PRV56063,0.3985889085541081,0
PRV51698,0.3985310245212106,0
PRV54184,0.39852063238056346,0
PRV56393,0.3985151333024661,0
PRV55447,0.3984915555594823,0
PRV56976,0.39840861367886576,0
PRV56176,0.39840566342558725,0
PRV54540,0.3983835586998001,0
PRV54814,0.39835032772334655,0
PRV56314,0.39834752997962647,0
PRV56322,0.398309126628239,0
PRV53766,0.39826914702812394,0
PRV57509,0.39826294796894524,0
PRV57261,0.3981978299663345,0
PRV53031,0.39819063996690685,0
PRV54455,0.39819063996690685,0
PRV51914,0.39812690587399713,0
PRV52010,0.3981171007152245,0
PRV51026,0.3981061889345106,0
PRV52710,0.3981046091848608,0
PRV53551,0.39809233814146283,0
PRV57207,0.39808664748266775,0
PRV57447,0.39807503185957893,0
PRV57059,0.39807503185957893,0
PRV54871,0.39807499950008013,0
PRV56512,0.3980595765193471,0
PRV51306,0.39805727457970014,0
PRV53663,0.39802411914678953,0
PRV51082,0.39797517290131385,0
PRV52554,0.3978587664683484,0
PRV53301,0.39781375300550564,0
PRV53026,0.39776690659989683,0
PRV53841,0.3977638502463493,0
PRV55993,0.3977533403195549,0
PRV56427,0.3977361185684829,0
PRV51716,0.3976673274897779,0
PRV52456,0.3976509705549275,0
PRV52721,0.39762758813372545,0
PRV56557,0.3976104758522553,0
PRV57277,0.39759099731612096,0
PRV51964,0.3975882298943631,0
PRV57754,0.3975675850334335,0
PRV52743,0.3975675850334335,0
PRV55036,0.3975648348273212,0
PRV52928,0.39755990955283443,0
PRV53640,0.3975458337194825,0
PRV56200,0.3975344866958064,0
PRV56504,0.3975198834796771,0
PRV55316,0.39749714440730183,0
PRV52724,0.397480792786285,0
PRV52242,0.39747574930638263,0
PRV54383,0.3974578011657707,0
PRV53694,0.39744429818849164,0
PRV55587,0.3974339799062569,0
PRV53798,0.39734216232017816,0
PRV57455,0.3972801576495868,0
PRV55938,0.3972293168180988,0
PRV53282,0.39720647624831473,0
PRV57456,0.3971545995567285,0
PRV51169,0.39715271502135807,0
PRV57531,0.3971012039105201,0
PRV54809,0.39708267779776607,0
PRV52009,0.3970190544160955,0
PRV51521,0.3969974909597194,0
PRV53069,0.3969635166115027,0
PRV57741,0.39693368677551905,0
PRV52515,0.3969333384166106,0
PRV52643,0.3968890455595186,0
PRV57413,0.3968472311094465,0
PRV56153,0.39680215750252407,0
PRV55408,0.3968016182418099,0
PRV57683,0.39678429980714625,0
PRV53257,0.3967829427061965,0
PRV51843,0.39677912022738265,0
PRV53535,0.39675541269288317,0
PRV54618,0.39674159093678546,0
PRV57199,0.3967192046647987,0
PRV56953,0.39671782672330036,0
PRV53341,0.3967139287135113,0
PRV53532,0.3966947522409547,0
PRV57255,0.39668696413613563,0
PRV55635,0.39662000434649564,0
PRV54790,0.39661921980352227,0
PRV56048,0.3965999929993212,0
PRV54603,0.3965898668995656,0
PRV57426,0.39657483805527427,0
PRV54550,0.3965651833903722,0
PRV53805,0.3965532574182228,0
PRV57740,0.3964734653351485,0
PRV54416,0.3964703275524373,0
PRV51171,0.39645739578614064,0
PRV56095,0.3964423341986306,0
PRV53977,0.3964253176788143,0
PRV53745,0.3964243341507543,0
PRV51685,0.39641910638841044,0
PRV52514,0.3963954296427263,0
PRV57391,0.3962598003789886,0
PRV57744,0.3962548200783007,0
PRV53524,0.396237407654172,0
PRV56138,0.39622726708983175,0
PRV53382,0.3961980588029731,0
PRV54162,0.39616837369443625,0
PRV54410,0.3961455008129914,0
PRV51143,0.396119459635525,0
PRV55596,0.3961111891147061,0
PRV51314,0.39607599858657055,0
PRV55298,0.3960549020076489,0
PRV56389,0.3960410691488911,0
PRV51250,0.3959928393254584,0
PRV54954,0.3959893989956476,0
PRV53164,0.39595342657829724,0
PRV55306,0.39587487418213163,0
PRV56480,0.3958674365805019,0
PRV56093,0.39586513639276516,0
PRV54291,0.3958609619266178,0
PRV51859,0.39585339042516754,0
PRV56272,0.3958232915995264,0
PRV56816,0.3957725745470812,0
PRV54836,0.3957453411845605,0
PRV52185,0.39572862618618276,0
PRV56867,0.3957283524442528,0
PRV52306,0.3957149922586449,0
PRV53935,0.39569470481314106,0
PRV53621,0.3956645102180083,0
PRV56954,0.3956024413853717,0
PRV52471,0.39559500743718995,0
PRV51206,0.3955697384009752,0
PRV57462,0.3955697384009752,0
PRV53845,0.3955302820741911,0
PRV53815,0.3955089159842497,0
PRV53018,0.3954677613943737,0
PRV53363,0.39541641852902726,0
PRV52204,0.39540738557456445,0
PRV51858,0.3953961288972158,0
PRV53362,0.3953891514837217,0
PRV51894,0.3953214249070207,0
PRV52218,0.3953183286315426,0
PRV52528,0.3953009550382982,0
PRV56113,0.39529626457925565,0
PRV51012,0.39529519930488627,0
PRV55342,0.39526606462933045,0
PRV53227,0.3952495282393896,0
PRV56191,0.39523469302534425,0
PRV56645,0.3952169904062485,0
PRV52934,0.39521160980570474,0
PRV57368,0.39519471894876973,0
PRV56863,0.3951863631873279,0
PRV53842,0.39517039501582085,0
PRV53660,0.39516251371503397,0
PRV52739,0.3951556789709038,0
PRV52795,0.39511966972333856,0
PRV57099,0.39511857754997726,0
PRV57678,0.3950844102690183,0
PRV52863,0.3950766265140673,0
PRV54150,0.3950372583962872,0
PRV54643,0.39502932344414443,0
PRV52873,0.3950229445327139,0
PRV53741,0.3949766722260619,0
PRV56077,0.39492664510668046,0
PRV57013,0.3949018408192504,0
PRV54422,0.39481574536205366,0
PRV51899,0.3947249457689973,0
PRV55530,0.3947014914585115,0
PRV55623,0.3946941955579233,0
PRV56141,0.3946844212877148,0
PRV51230,0.39468118221291487,0
PRV54005,0.3946691222149361,0
PRV57002,0.3946452654327117,0
PRV55963,0.3946409730448885,0
PRV55562,0.3946328606365469,0
PRV56894,0.39460520423240664,0
PRV51770,0.394592641032323,0
PRV55271,0.39458596704609944,0
PRV53726,0.3945790277530467,0
PRV54829,0.3945656858370726,0
PRV54025,0.3945615609471368,0
PRV54478,0.39453556827334035,0
PRV55885,0.3945337862531302,0
PRV53470,0.3944954799114605,0
PRV56581,0.39446975950464175,0
PRV54415,0.39442463725931426,0
PRV56654,0.3944155915302801,0
PRV54573,0.3944119312152692,0
PRV53351,0.3943616219431079,0
PRV53138,0.39431702695858095,0
PRV57256,0.39431555499160464,0
PRV54481,0.39431555499160464,0
PRV53427,0.39429270386743637,0
PRV57544,0.3942838642177242,0
PRV51669,0.3942815988955632,0
PRV51870,0.3942777798642674,0
PRV54784,0.3942609259364523,0
PRV51761,0.3942172203148936,0
PRV51973,0.39421264588464777,0
PRV57239,0.39420489065730974,0
PRV57601,0.3941148558944897,0
PRV51926,0.3941130105175042,0
PRV54313,0.3940941126488319,0
PRV53905,0.3940835258731035,0
PRV53214,0.394079537841069,0
PRV51697,0.3940712443753858,0
PRV54239,0.3940345350354699,0
PRV55166,0.39401999443373803,0
PRV51477,0.39401970425633065,0
PRV55110,0.3940069958725457,0
PRV55595,0.3939564318154615,0
PRV51376,0.39390419871468746,0
PRV54539,0.39388521184349395,0
PRV56415,0.3938691705681225,0
PRV54893,0.39385573095920284,0
PRV51458,0.39382414156683954,0
PRV51185,0.3937831730127844,0
PRV51205,0.3937496801039154,0
PRV51214,0.39372337015365155,0
PRV54489,0.3936278164355535,0
PRV56521,0.39361615126324734,0
PRV54536,0.393610605025158,0
PRV52022,0.3935915466415163,0
PRV53570,0.3935879662772795,0
PRV52878,0.3935642115448996,0
PRV55601,0.39355803929625555,0
PRV51865,0.3935210643960505,0
PRV53756,0.39349084679964325,0
PRV53482,0.3934651009902759,0
PRV51983,0.3934452760930376,0
PRV52532,0.3933964176751574,0
PRV57450,0.3933830423329093,0
PRV54976,0.3933650011242864,0
PRV51709,0.3933627088504507,0
PRV51215,0.3933627088504507,0
PRV53318,0.39334915317237923,0
PRV53536,0.39333237182988157,0
PRV52761,0.39332124144895575,0
PRV51999,0.39331024095897543,0
PRV51795,0.3932870131935558,0
PRV55410,0.393286888261808,0
PRV57684,0.3932742056318705,0
PRV57733,0.39325784369696654,0
PRV51748,0.3932067924324379,0
PRV55921,0.39320215403994724,0
PRV55875,0.39319310916053823,0
PRV53644,0.39318182673846036,0
PRV56884,0.3930430408160531,0
PRV52332,0.3930311654874368,0
PRV56137,0.392990434815346,0
PRV54606,0.3929869436428983,0
PRV52264,0.3929866860056286,0
PRV53957,0.3929466997806331,0
PRV55862,0.3929347613115151,0
PRV52727,0.39293275443482517,0
PRV56186,0.39293275443482517,0
PRV52506,0.3929249882092213,0
PRV53569,0.39290374429142616,0
PRV55320,0.39289877909489307,0
PRV53988,0.39288408932759145,0
PRV52728,0.3928394449735305,0
PRV56991,0.39282194660699743,0
PRV55012,0.3927661425272094,0
PRV57405,0.3927397847056032,0
PRV51327,0.39273921594948535,0
PRV52412,0.39270252021963,0
PRV57550,0.3926193026468601,0
PRV57453,0.3925698918151845,0
PRV55274,0.3925284561225341,0
PRV52161,0.39251355314718017,0
PRV55500,0.39249472972836785,0
PRV55795,0.39247882085944424,0
PRV52409,0.39239637122791793,0
PRV52276,0.39238117412460166,0
PRV51049,0.39235099119260625,0
PRV54357,0.3923504995020637,0
PRV53649,0.39234463655362994,0
PRV56143,0.39232527692530594,0
PRV52542,0.39232201700766006,0
PRV53553,0.39225294810111333,0
PRV51382,0.392203953476402,0
PRV57581,0.3921986351298627,0
PRV51202,0.39219293538600397,0
PRV56489,0.39215404112700686,0
PRV55856,0.3921143474447905,0
PRV56183,0.39210862867621155,0
PRV55953,0.39205820434766503,0
PRV55275,0.3920390069523996,0
PRV54431,0.3920347837299549,0
PRV55338,0.39201665275529235,0
PRV54306,0.392015220951321,0
PRV53611,0.39196857218062486,0
PRV54708,0.39196664733484576,0
PRV53759,0.39195674824526566,0
PRV57485,0.3919489917138783,0
PRV54176,0.3919489917138783,0
PRV52186,0.3919087243440328,0
PRV53484,0.39185566465961436,0
PRV52772,0.3918407739889118,0
PRV52486,0.3918348461941768,0
PRV53148,0.39182343071982406,0
PRV52750,0.39177845725733024,0
PRV57139,0.3917489684383483,0
PRV52039,0.3917405480866369,0
PRV56740,0.39166592281915563,0
PRV53835,0.3915957404058887,0
PRV56995,0.39159404647831664,0
PRV54196,0.39159404647831664,0
PRV52766,0.3915813206536127,0
PRV53991,0.3915501886664671,0
PRV57517,0.39145921207190987,0
PRV52711,0.391449335656511,0
PRV57540,0.391448596936674,0
PRV51794,0.3914178297747473,0
PRV56291,0.3914089062315832,0
PRV53880,0.3914079656671367,0
PRV53064,0.3913966798138783,0
PRV54280,0.39139492721616825,0
PRV57036,0.3913600256054762,0
PRV55411,0.3913370758317554,0
PRV55941,0.39130379434474355,0
PRV55724,0.3913027294927375,0
PRV57107,0.3912900472830852,0
PRV56535,0.39127948185533096,0
PRV53641,0.3912242804080583,0
PRV56552,0.3912047359408363,0
PRV51718,0.3911772839223866,0
PRV52228,0.3911707674734088,0
PRV52798,0.391147213562201,0
PRV52418,0.3911435113402048,0
PRV56052,0.3910944801246633,0
PRV56905,0.39109142950976106,0
PRV55477,0.3910905129513111,0
PRV53912,0.3910548638327884,0
PRV55072,0.3910480297702703,0
PRV53820,0.3909963808904659,0
PRV51505,0.3909963808904659,0
PRV55098,0.390994195398964,0
PRV53740,0.39096591317021695,0
PRV51611,0.3909650588889005,0
PRV52013,0.3909621111152897,0
PRV55309,0.39095833686119014,0
PRV56999,0.3909535183143503,0
PRV51764,0.3908943983222688,0
PRV56960,0.3908614449257787,0
PRV52577,0.3908614449257787,0
PRV55395,0.39084615367377196,0
PRV51745,0.39083828203415577,0
PRV57272,0.39080527179273955,0
PRV51510,0.3907959019073102,0
PRV55571,0.39076750075254185,0
PRV53850,0.3907547545277797,0
PRV51308,0.39074967863437143,0
PRV53475,0.39069990093374846,0
PRV52882,0.3906843802525528,0
PRV57128,0.39065720990637437,0
PRV56362,0.3906233038832797,0
PRV54574,0.39062007737097443,0
PRV57574,0.39059856112908375,0
PRV51933,0.39053278649856077,0
PRV52679,0.39052882863308513,0
PRV56798,0.3905269349739263,0
PRV51942,0.3905105873611094,0
PRV51212,0.39050448085427963,0
PRV57394,0.39046588317256353,0
PRV55200,0.3904463148973159,0
PRV57041,0.39042039053555244,0
PRV55331,0.39041163455663497,0
PRV54552,0.3903723608244052,0
PRV52580,0.39034152175594294,0
PRV56525,0.39033578492063375,0
PRV56234,0.39032281751855663,0
PRV53819,0.39024972079074965,0
PRV56996,0.3902033905813794,0
PRV55644,0.39018880046059096,0
PRV53315,0.3901301046780352,0
PRV54419,0.3900976154985448,0
PRV55202,0.3900946345457687,0
PRV51652,0.3900619966656717,0
PRV57435,0.3900610726116129,0
PRV55112,0.3900501587961882,0
PRV51541,0.39003665661987175,0
PRV56792,0.39003447752819065,0
PRV55070,0.39002857849625217,0
PRV55011,0.38997620947589523,0
PRV56073,0.3899700701924286,0
PRV55786,0.3899692593365046,0
PRV56551,0.38993962776015,0
PRV51054,0.38992500921772866,0
PRV53717,0.3899236077547464,0
PRV53462,0.38991132016650215,0
PRV54580,0.38988675433382036,0
PRV52437,0.38987937053345256,0
PRV55296,0.38984151905741626,0
PRV52220,0.3898028583182005,0
PRV54002,0.38979412927941265,0
PRV52390,0.3897786416038587,0
PRV54904,0.3897776333681594,0
PRV57727,0.38976242488698276,0
PRV55608,0.3897218123963716,0
PRV54235,0.3897197670052134,0
PRV53832,0.38970962203537185,0
PRV51091,0.3896931013650688,0
PRV56871,0.3896303621355357,0
PRV52273,0.3896303621355357,0
PRV57583,0.3896236992467173,0
PRV56495,0.38962327022594817,0
PRV56152,0.389618545188581,0
PRV57038,0.3896016998990568,0
PRV52236,0.3895645702757081,0
PRV53888,0.38952721245205774,0
PRV52897,0.3895235035632839,0
PRV56667,0.3895010429477252,0
PRV53633,0.3894980512663433,0
PRV53230,0.3894711184020957,0
PRV53122,0.38944656270593936,0
PRV54246,0.3894424274932735,0
PRV52801,0.3894115140258172,0
PRV56193,0.3894106996810678,0
PRV51668,0.389386879305901,0
PRV57062,0.38937432560163954,0
PRV56933,0.38929409431139766,0
PRV56496,0.3892811962519765,0
PRV56656,0.3892664557862616,0
PRV55255,0.3892494721983608,0
PRV55985,0.38921161732430765,0
PRV53126,0.38917070600303905,0
PRV55356,0.38911839518805563,0
PRV53577,0.38910230638983945,0
PRV57417,0.38908539083325727,0
PRV56109,0.3890681087160251,0
PRV57748,0.38906239618035365,0
PRV53751,0.3890602219909078,0
PRV55358,0.38900083885394626,0
PRV52237,0.3889775082275244,0
PRV54459,0.38895297812249024,0
PRV51754,0.38893079002267045,0
PRV57460,0.3889099748280317,0
PRV55352,0.3888905991132695,0
PRV56397,0.3888905592253495,0
PRV56032,0.3888577139539916,0
PRV52993,0.3888519215285336,0
PRV57552,0.3888349506850837,0
PRV55460,0.3887581479479818,0
PRV54301,0.38875539017987937,0
PRV55436,0.3887125622285519,0
PRV53688,0.38868132314334103,0
PRV56114,0.3886763353914638,0
PRV51043,0.3886762698315137,0
PRV51998,0.38864083812000955,0
PRV54588,0.3886346497756231,0
PRV53846,0.3886333447300915,0
PRV56187,0.38858743423381703,0
PRV57378,0.38856892150705635,0
PRV57000,0.3885630867587543,0
PRV53293,0.38855903042345413,0
PRV54433,0.3884717344545311,0
PRV52491,0.38846265580504474,0
PRV56928,0.3884569011529644,0
PRV56068,0.3884425908445351,0
PRV56938,0.3883950501508227,0
PRV54017,0.38838180806432165,0
PRV54695,0.38828700129929244,0
PRV53782,0.3882862505084759,0
PRV55804,0.3882517098599765,0
PRV51547,0.3881004990387007,0
PRV57522,0.38806105399039365,0
PRV53556,0.3880556387350854,0
PRV53837,0.3880404246558285,0
PRV54344,0.3880271053174221,0
PRV51181,0.3880183708491083,0
PRV52539,0.38799061493120124,0
PRV51366,0.3879785335379007,0
PRV51740,0.3879357596585733,0
PRV56958,0.3879134748472519,0
PRV56169,0.38791214891113307,0
PRV54593,0.38790815156008723,0
PRV54038,0.3878549871565677,0
PRV53544,0.38779923421380363,0
PRV57134,0.3877964553371139,0
PRV51848,0.38778715737799013,0
PRV56982,0.38778158274113067,0
PRV55469,0.3877428752723361,0
PRV53386,0.3876772291347258,0
PRV53754,0.38763787690801826,0
PRV52914,0.3876332329495591,0
PRV51528,0.38762403456701094,0
PRV57639,0.3875876256637315,0
PRV55625,0.38753442582860276,0
PRV56455,0.38753252053302917,0
PRV56823,0.3875203505010036,0
PRV55789,0.3875156652293755,0
PRV52853,0.3875087521962169,0
PRV53147,0.3874847724657972,0
PRV54469,0.3874663353531945,0
PRV57100,0.38745653789396883,0
PRV52288,0.38745156797544544,0
PRV51746,0.3874166633799897,0
PRV53922,0.38740818401623633,0
PRV57658,0.3873898724039405,0
PRV54972,0.3873830058146644,0
PRV54343,0.3873501048922837,0
PRV51765,0.38730778769005336,0
PRV54158,0.38724524401056165,0
PRV57689,0.38716084896917463,0
PRV55480,0.3871605075592812,0
PRV51210,0.38714417242619675,0
PRV51763,0.38713406040568865,0
PRV52247,0.3871259210948259,0
PRV52208,0.3871084774910669,0
PRV57259,0.38709084914134645,0
PRV53371,0.3870780221303986,0
PRV51767,0.38706419212236015,0
PRV57688,0.3870545526920204,0
PRV53827,0.38702915640093594,0
PRV57694,0.3869600021189327,0
PRV54892,0.38695985805413347,0
PRV56980,0.38693622325854315,0
PRV51852,0.3869325071445455,0
PRV51251,0.38692973073058723,0
PRV56229,0.38692111919576844,0
PRV51439,0.386914701365696,0
PRV54030,0.38686054148817567,0
PRV52738,0.3868564276659175,0
PRV55566,0.3868258042570013,0
PRV56330,0.3868238770530092,0
PRV51742,0.3867856392638594,0
PRV53704,0.38672260697711236,0
PRV56907,0.3866863501052347,0
PRV51871,0.3866814646820538,0
PRV51179,0.3866447644309166,0
PRV56344,0.38659790774689734,0
PRV52606,0.3865859468810573,0
PRV57147,0.3865585282413226,0
PRV53780,0.3865470121186364,0
PRV56157,0.3865308025573152,0
PRV55740,0.38653033421807753,0
PRV53056,0.38651568012265347,0
PRV52008,0.38649900786413893,0
PRV55794,0.3864896674130628,0
PRV52658,0.38647872295142144,0
PRV57479,0.38646061477877536,0
PRV53901,0.3864561164351274,0
PRV52917,0.38641174905023445,0
PRV56869,0.3863925181881014,0
PRV54619,0.38637389226344343,0
PRV51967,0.3862653638147389,0
PRV54358,0.38625814962799515,0
PRV52824,0.3862004012673513,0
PRV55114,0.38619248040785464,0
PRV55093,0.38616225010301164,0
PRV51047,0.3861602322179555,0
PRV53415,0.38615850821870246,0
PRV54486,0.3861380610067818,0
PRV55289,0.386131434425561,0
PRV53151,0.3861158316577946,0
PRV53004,0.3861147265544726,0
PRV51262,0.3861043647462625,0
PRV56821,0.3860929412944575,0
PRV57759,0.3860670642414514,0
PRV51555,0.38605318147801304,0
PRV56280,0.38602622043274404,0
PRV53067,0.3860220900892045,0
PRV55079,0.38592560679479676,0
PRV54995,0.38591805465595524,0
PRV53540,0.3859146346589995,0
PRV52931,0.3859105870813056,0
PRV55991,0.38586948823894573,0
PRV57424,0.38585372328421896,0
PRV53732,0.3858413989402903,0
PRV53720,0.38580980801213666,0
PRV51734,0.3858014706729315,0
PRV55300,0.38578021201645046,0
PRV54535,0.3857779800011589,0
PRV57154,0.3857674766978599,0
PRV51909,0.38574239762353585,0
PRV56595,0.38572082790070583,0
PRV54362,0.3857122955640577,0
PRV51969,0.38571003201937254,0
PRV54988,0.38568710543469953,0
PRV56086,0.38568404632273795,0
PRV57627,0.3856805333940325,0
PRV51671,0.3856413431724252,0
PRV53788,0.38563761759405896,0
PRV56206,0.3856172635067772,0
PRV52056,0.38560019122431066,0
PRV51963,0.38557735356265777,0
PRV52839,0.38557462840748197,0
PRV54353,0.3855168730852313,0
PRV51878,0.3854463241604443,0
PRV52820,0.38542064889501476,0
PRV51200,0.38540367205520504,0
PRV57553,0.38533150352815176,0
PRV56635,0.38533134252594947,0
PRV53927,0.385316287684567,0
PRV54288,0.3853161678818229,0
PRV51802,0.38531516965125456,0
PRV57496,0.3852729284217623,0
PRV56217,0.3852699849905104,0
PRV51762,0.38525525786837356,0
PRV51571,0.3852032642562373,0
PRV54008,0.3851879716956891,0
PRV54203,0.385169696344104,0
PRV57676,0.38514314682224293,0
PRV52004,0.3851429625811101,0
PRV53666,0.38514055862104585,0
PRV57736,0.38511175756648697,0
PRV55353,0.385104003472923,0
PRV52222,0.3851023933431511,0
PRV57219,0.3850994012415802,0
PRV55096,0.385091371796476,0
PRV55475,0.38508478348029596,0
PRV53779,0.3850809741918366,0
PRV52943,0.3850747034722239,0
PRV53968,0.3850653264828257,0
PRV51771,0.3850434177217647,0
PRV52830,0.3850415058787103,0
PRV57576,0.38502049659725207,0
PRV53952,0.38499810827645636,0
PRV56075,0.38498356511405024,0
PRV54660,0.3849512182593875,0
PRV51729,0.38493215726219765,0
PRV52271,0.38493215726219765,0
PRV57686,0.3849286100829233,0
PRV54109,0.38487292923060856,0
PRV57516,0.38484145873812736,0
PRV57504,0.3848190916639882,0
PRV56036,0.3847793616245699,0
PRV51656,0.38477505050896826,0
PRV56931,0.3847562250456712,0
PRV55748,0.3847326766019515,0
PRV53019,0.38471891308274864,0
PRV53476,0.3846976433103746,0
PRV52513,0.38468910848607274,0
PRV56164,0.38467983583025317,0
PRV55537,0.38466420892887726,0
PRV53727,0.38461908069349166,0
PRV52848,0.3846013134519287,0
PRV54303,0.3845873401345628,0
PRV57183,0.38456449988052466,0
PRV55917,0.3845520961713663,0
PRV51531,0.3845252361964902,0
PRV56941,0.38451062470738967,0
PRV55906,0.38446451023142203,0
PRV53829,0.3844615160836638,0
PRV55712,0.3844461506253263,0
PRV51694,0.3844001285784029,0
PRV56622,0.38436631291637735,0
PRV53137,0.38434153916092695,0
PRV56648,0.38431201002268545,0
PRV57720,0.38430875747441473,0
PRV54270,0.38428254044272186,0
PRV57011,0.38427320432406115,0
PRV52068,0.38424900904870046,0
PRV55432,0.3842323555705433,0
PRV57716,0.3841986416806744,0
PRV53945,0.38418582488028585,0
PRV53669,0.38416041244557303,0
PRV54714,0.38413330628509357,0
PRV51564,0.38412267713671594,0
PRV52517,0.3840939115447207,0
PRV51351,0.3840719563816554,0
PRV53836,0.383970088769097,0
PRV51309,0.3839693207169344,0
PRV57354,0.3839686980410846,0
PRV57602,0.3839634679867481,0
PRV51915,0.3838955985060547,0
PRV53550,0.38386105470189347,0
PRV53981,0.3838440208131562,0
PRV56593,0.3838123582598768,0
PRV52377,0.38375224380152967,0
PRV53877,0.3837363269659477,0
PRV55007,0.3837281078545023,0
PRV52501,0.38372305996484035,0
PRV51789,0.38370027119961236,0
PRV53454,0.38364553697643317,0
PRV57514,0.3836073595079999,0
PRV55104,0.3835727804281154,0
PRV53573,0.3835349223924029,0
PRV55499,0.38353020630559864,0
PRV52932,0.38351409544468906,0
PRV55211,0.38349494778659887,0
PRV56182,0.38349140281283506,0
PRV57314,0.3834645229283901,0
PRV51872,0.3833530748798659,0
PRV53828,0.3833429611213415,0
PRV51702,0.3833334696472474,0
PRV55458,0.38332314714596466,0
PRV53783,0.38331515859797655,0
PRV55085,0.38329723824794215,0
PRV55095,0.38329600955871823,0
PRV51345,0.38329380031715754,0
PRV52257,0.38325113960445384,0
PRV51313,0.38317043009034024,0
PRV55283,0.38312939782735894,0
PRV53078,0.3830891232178813,0
PRV51013,0.38307727475726006,0
PRV55468,0.38305428906363087,0
PRV55073,0.38304630872047285,0
PRV55486,0.383011590438256,0
PRV57541,0.38300540934907484,0
PRV53450,0.38300274641428317,0
PRV55259,0.3829476808780489,0
PRV54656,0.38285062155086313,0
PRV53102,0.38284512613214355,0
PRV55656,0.38280616819079344,0
PRV51989,0.3827810040562483,0
PRV54840,0.38274520185775296,0
PRV53796,0.38272766217971826,0
PRV53390,0.3826928621373021,0
PRV57253,0.3826162262423451,0
PRV55964,0.38257139249160754,0
PRV53752,0.3825420615738005,0
PRV51014,0.38252538800739144,0
PRV55254,0.3824953877682946,0
PRV52666,0.38247170982704604,0
PRV55904,0.38245765383776564,0
PRV52598,0.3824449904611552,0
PRV55448,0.3824215986286111,0
PRV56572,0.38240803434784565,0
PRV54437,0.38238887202485067,0
PRV55807,0.38238268442546003,0
PRV53375,0.38238179754756535,0
PRV53428,0.38234920814419865,0
PRV53547,0.38233958134082285,0
PRV56333,0.38232991639256103,0
PRV55966,0.3823042964695112,0
PRV55652,0.38225964145995306,0
PRV54763,0.38225767313240044,0
PRV54730,0.3822225816313949,0
PRV52996,0.38221417725715207,0
PRV52384,0.3822132336771617,0
PRV56262,0.38219788081309597,0
PRV52493,0.3821842783612735,0
PRV51874,0.38211849576015894,0
PRV54252,0.3821043169951706,0
PRV53875,0.3820952599880721,0
PRV52224,0.3820650012298375,0
PRV57436,0.3820138627337715,0
PRV55535,0.38200024897189566,0
PRV55277,0.38199622957329715,0
PRV54444,0.3819807779529866,0
PRV51478,0.3819630671934419,0
PRV52216,0.3819513810176955,0
PRV51723,0.3819455448086619,0
PRV51731,0.3819231760227936,0
PRV57047,0.3819028541257964,0
PRV51994,0.38188380437645475,0
PRV55035,0.3818820079309598,0
PRV56993,0.3818562322240796,0
PRV52789,0.38183374024761785,0
PRV51201,0.38181760243799795,0
PRV53767,0.38178063330436646,0
PRV51769,0.38178060428332544,0
PRV54715,0.38177646418092404,0
PRV56784,0.38177646418092404,0
PRV53728,0.38176768523575844,0
PRV56939,0.3816956809343279,0
PRV51229,0.38167874944686325,0
PRV55733,0.38167340208556044,0
PRV55702,0.38166839959474125,0
PRV51563,0.3816642462131295,0
PRV55038,0.3816541071109263,0
PRV51209,0.3815762962319158,0
PRV56554,0.3815609807442755,0
PRV51041,0.3815421579354524,0
PRV51469,0.3815364275068962,0
PRV56930,0.38152739866878255,0
PRV51324,0.38152480408181766,0
PRV51361,0.3815016464353377,0
PRV51175,0.3814853336485756,0
PRV53696,0.38143504047580923,0
PRV51988,0.38139906054566075,0
PRV57722,0.38139206099659834,0
PRV51071,0.38138549993962373,0
PRV54900,0.3813485561797633,0
PRV52352,0.38132637281968146,0
PRV56596,0.3813060822467159,0
PRV52591,0.3812973236940943,0
PRV55464,0.3812726046971768,0
PRV51847,0.38125203861883883,0
PRV53629,0.3812415880519286,0
PRV52747,0.38123114826123267,0
PRV53307,0.38121382925231895,0
PRV51665,0.38118093160650246,0
PRV52793,0.3811663854650842,0
PRV54360,0.38116335944215246,0
PRV52492,0.3811570290606041,0
PRV53455,0.38115182092688277,0
PRV52676,0.38114891449588906,0
PRV51191,0.3811212605488926,0
PRV51601,0.38110684629034075,0
PRV51928,0.38105703430951077,0
PRV54642,0.38103218362675617,0
PRV57329,0.3810233169638061,0
PRV56154,0.3810138916035059,0
PRV56414,0.38101133038731455,0
PRV52913,0.38099983795010667,0
PRV52189,0.3809924517503439,0
PRV51653,0.38098995384912704,0
PRV56511,0.3809779447431035,0
PRV53477,0.38093050012568047,0
PRV55806,0.3809238714381817,0
PRV53288,0.3809181047174774,0
PRV56027,0.3808963601377237,0
PRV57432,0.380885795241278,0
PRV56741,0.3808810275605105,0
PRV52832,0.38086143413885737,0
PRV54982,0.3808334043625383,0
PRV55940,0.380814180329529,0
PRV52490,0.38079597928628217,0
PRV56418,0.38077698290176976,0
PRV55227,0.3807768529217511,0
PRV52702,0.3807759514786633,0
PRV53412,0.38077275617351125,0
PRV51076,0.3807690148324184,0
PRV55252,0.38076755863218803,0
PRV55561,0.3807416662273651,0
PRV57419,0.38073352947770034,0
PRV55360,0.38073352947770034,0
PRV53896,0.3807257902875623,0
PRV54210,0.38067841257858703,0
PRV54795,0.38066048513044193,0
PRV54166,0.3806189701004199,0
PRV52169,0.38061616611618176,0
PRV56159,0.3806049786592101,0
PRV52937,0.38059665390799235,0
PRV51226,0.38057930913069826,0
PRV56604,0.38057363851618303,0
PRV56212,0.3805675445188266,0
PRV51936,0.3805430473468612,0
PRV54127,0.38049991171524644,0
PRV57668,0.3804926683104633,0
PRV51616,0.38047792439180184,0
PRV57539,0.380476250164178,0
PRV56973,0.38041386960747603,0
PRV52214,0.3803978877710928,0
PRV55876,0.380389276173781,0
PRV56277,0.3803207040616849,0
PRV53716,0.38031652688613604,0
PRV53446,0.38030988548201167,0
PRV57186,0.38030626214070284,0
PRV51996,0.38027028279299935,0
PRV52311,0.38026741482341175,0
PRV52818,0.38023689643911496,0
PRV51527,0.38014093142003125,0
PRV52941,0.3800992526710776,0
PRV52942,0.3800786058014988,0
PRV54652,0.3800459494392244,0
PRV53364,0.3800355057430245,0
PRV56297,0.38003549020801797,0
PRV53654,0.38000797881741305,0
PRV53761,0.3798816768448212,0
PRV55173,0.37981370482994364,0
PRV55936,0.37981354852187227,0
PRV52191,0.37979954579497954,0
PRV55754,0.379793865104017,0
PRV55563,0.37978819012390513,0
PRV51147,0.3797787444972153,0
PRV54780,0.3797466317356829,0
PRV56526,0.3797457608933605,0
PRV53527,0.3797062043449219,0
PRV53681,0.3796846769251255,0
PRV53439,0.3796752151050978,0
PRV51462,0.37960711469836617,0
PRV55091,0.3795273291759226,0
PRV53715,0.379515299956736,0
PRV52507,0.3794465032903007,0
PRV51032,0.3794441255181277,0
PRV57421,0.3793908874079607,0
PRV53353,0.3793775605959668,0
PRV53607,0.3793604060679242,0
PRV53213,0.37928508804922956,0
PRV56625,0.3792823789627905,0
PRV51991,0.37923833355478376,0
PRV52385,0.37921938168871006,0
PRV51562,0.3792078344743408,0
PRV56266,0.3791655151711621,0
PRV57546,0.3791439039233636,0
PRV55299,0.3791228474752785,0
PRV55081,0.3791178045074221,0
PRV52319,0.3790987914292163,0
PRV55582,0.3790868406993744,0
PRV53926,0.3790606021745377,0
PRV55513,0.3790409239339191,0
PRV56801,0.3790384815276982,0
PRV52639,0.37902756927155645,0
PRV51775,0.3790194359483952,0
PRV55915,0.3790069503763845,0
PRV54792,0.37899992961181245,0
PRV53772,0.3789687195018695,0
PRV51502,0.3789074100281351,0
PRV56252,0.3788778299011428,0
PRV56657,0.3788670543127466,0
PRV52318,0.37884256074818573,0
PRV56523,0.37883479473299475,0
PRV55898,0.37882406695666276,0
PRV55322,0.37880614251076006,0
PRV55244,0.3787660935339091,0
PRV53042,0.37875349005855036,0
PRV57325,0.3787511054733505,0
PRV51675,0.37874703074447225,0
PRV57376,0.3787425861011428,0
PRV52241,0.3786559840149488,0
PRV55449,0.37855398741092894,0
PRV51801,0.37855144029985843,0
PRV53817,0.3784892729653658,0
PRV52011,0.37845379973100907,0
PRV56430,0.3784369671998997,0
PRV56062,0.37841478533833206,0
PRV56590,0.37840978809891984,0
PRV51779,0.37840237682440586,0
PRV51454,0.3783668749342279,0
PRV55062,0.3782337485954412,0
PRV52636,0.37821274592407284,0
PRV51726,0.37821274592407284,0
PRV53354,0.378202382727367,0
PRV55560,0.3781966056617986,0
PRV57315,0.37818862484328125,0
PRV54747,0.3781732332763958,0
PRV56116,0.37816983797859915,0
PRV56232,0.37816983797859915,0
PRV52358,0.37813084130314994,0
PRV54941,0.37812715063995234,0
PRV53072,0.37812715063995234,0
PRV55965,0.3780890789867929,0
PRV54347,0.378036119150541,0
PRV51972,0.37802234711552773,0
PRV55653,0.3779871877532364,0
PRV57520,0.37790974278342326,0
PRV55324,0.37784199404203805,0
PRV52768,0.3778210265574064,0
PRV56640,0.3778128552997323,0
PRV51529,0.37773874266819946,0
PRV55224,0.37773874266819946,0
PRV56094,0.37768035807279793,0
PRV57266,0.37767457106866253,0
PRV57411,0.3776627831468447,0
PRV54371,0.3775730992238835,0
PRV51045,0.37755987399115026,0
PRV55339,0.37755737389733474,0
PRV53983,0.37753282964648116,0
PRV52140,0.37740571825659064,0
PRV54448,0.37739256984433045,0
PRV53255,0.37736468250801597,0
PRV56765,0.37735835420313385,0
PRV55958,0.37731670482835494,0
PRV55558,0.37727647766611083,0
PRV52825,0.3772412492132491,0
PRV54511,0.3771302118790657,0
PRV55926,0.3770917273706807,0
PRV56942,0.3770587349054228,0
PRV52026,0.3770587349054228,0
PRV51736,0.37702502385774533,0
PRV55919,0.3768345694617454,0
PRV55565,0.3765949720702446,0
PRV55882,0.3765949720702446,0
PRV53733,0.3765465469379247,0
PRV53680,0.3764891485579192,0
PRV55716,0.37640192595674976,0
PRV53530,0.3762127607425731,0
PRV54947,0.3761943013668619,0
PRV53560,0.3759310275218808,0
PRV55945,0.37577804080291594,0
PRV57463,0.3756073975894083,0
PRV52187,0.3755853198364902,0
PRV55697,0.37525289411464524,0
PRV56638,0.37521874130477373,0
