Provider,IP_Claim_Count,OP_Claim_Count,IP_Total_Reimbursement,OP_Total_Reimbursement,IP_Avg_Reimbursement,OP_Avg_Reimbursement,Total_Unique_Beneficiaries,Claims_Per_Beneficiary,Reimbursement_Per_Claim,IP_Claim_Share
PRV51001,1.791759469228055,3.044522437723423,11.48247656671073,8.941283763647567,9.873079890114704,5.948034989180646,3.218875824868201,0.713766467762681,8.33964422766042,0.2
PRV51003,4.143134726391533,4.262679877041316,13.258642740896052,10.394243113248184,9.131614807241604,6.147857608875767,4.770684624465665,0.7552789616669515,8.431506556403065,0.4696969696969697
PRV51004,0.0,5.010635294096256,0.0,10.862282063937007,0.0,5.861168566853116,4.934473933130692,0.7322285306024162,5.861168566853116,0.0
PRV51005,0.0,7.061334366910438,0.0,12.545793172168969,0.0,5.489451906006846,6.206575926724928,1.2100151187818986,5.489451906006846,0.0
PRV51007,1.3862943611198906,4.248495242049359,9.852246888342531,9.596350792250211,8.753739851753249,5.366856028617313,4.07753744390572,0.8070914399091631,6.151017276224235,0.0416666666666666
PRV51008,1.0986122886681098,3.737669618283368,10.12667110305036,9.271529540288606,9.433563920090563,5.561712993912257,3.610917912644224,0.7859289140109115,6.720949263412126,0.0465116279069767
PRV51011,0.6931471805599453,4.060443010546419,8.517393171418904,9.36142922633904,8.517393171418904,5.323181124098607,3.9889840465642745,0.7392382877602123,5.662002166694134,0.0172413793103448
PRV51012,0.0,3.8918202981106265,0.0,9.734536214680343,0.0,5.866113886573653,3.4657359027997265,0.9354606479818752,5.866113886573653,0.0
PRV51013,0.0,3.8501476017100575,0.0,9.60784051043005,0.0,5.782218541202238,3.80666248977032,0.7156200364120039,5.782218541202238,0.0
PRV51014,0.0,3.4339872044851463,0.0,9.257319373170178,0.0,5.858885082208841,3.258096538021482,0.7884573603642702,5.858885082208841,0.0
PRV51015,0.0,2.19722457733622,0.0,6.55250788703459,0.0,4.483002552013883,2.079441541679836,0.7621400520468967,4.483002552013883,0.0
PRV51016,0.0,1.9459101490553128,0.0,5.14166355650266,0.0,3.3787245258100964,1.9459101490553128,0.6931471805599453,3.3787245258100964,0.0
PRV51017,0.0,6.246106765481563,0.0,11.868646954515746,0.0,5.628075016388676,6.042632833682381,0.8002918180112731,5.628075016388676,0.0
PRV51021,3.4011973816621555,5.43372200355424,12.502470376049184,11.287667179180453,9.135278629478227,5.861161022016035,5.342334251964811,0.8044993258860383,7.2140003688909555,0.11284046692607
PRV51023,2.302585092994046,3.332204510175204,10.896757843893464,9.359708203627006,8.699681400989514,6.066108090103747,3.58351893845611,0.7073318155519017,7.508513010248735,0.25
PRV51024,2.302585092994046,3.4339872044851463,11.0186455364637,8.02322468471667,8.821552095919735,4.631487494305465,3.6635616461296463,0.7062192621272981,7.404466375188698,0.2307692307692307
PRV51025,2.6390573296152584,4.31748811353631,11.362114203075018,10.384400211352366,8.797304369140862,6.082589075103975,4.343805421853684,0.7630168605204312,7.216228333959504,0.1494252873563218
PRV51026,0.0,4.343805421853684,0.0,9.895505782794473,0.0,5.568545367475743,4.04305126783455,0.8574502318512216,5.568545367475743,0.0
PRV51027,0.0,3.9889840465642745,0.0,10.303638565820524,0.0,6.335087704705388,3.80666248977032,0.7905213445851217,6.335087704705388,0.0
PRV51029,0.0,4.543294782270004,0.0,10.330746767679962,0.0,5.801143336298256,4.382026634673881,0.7780466243464316,5.801143336298256,0.0
PRV51030,4.418840607796598,4.499809670330265,13.466805200907274,10.438839921478715,9.060200742810167,5.952776276451696,4.983606621708336,0.7790084711663375,8.372648661087029,0.47953216374269
PRV51031,3.367295829986474,5.062595033026967,12.703816069256568,10.332701738815134,9.37169362233394,5.281521043811945,5.062595033026967,0.7785649317142971,7.573239561640279,0.1513513513513513
PRV51032,0.0,3.1780538303479458,0.0,8.598035579260339,0.0,5.466591442505051,3.091042453358316,0.7396671961948381,5.466591442505051,0.0
PRV51035,0.6931471805599453,3.4011973816621555,10.275085591132717,8.177796683277778,10.275085591132717,4.818333061161133,3.258096538021482,0.7884573603642702,6.990563390169452,0.0333333333333333
PRV51036,0.0,5.631211781821365,0.0,11.223655465763157,0.0,5.599726729583832,4.882801922586371,1.1385178328416503,5.599726729583832,0.0
PRV51037,3.1780538303479458,6.068425588244111,12.273735966890268,11.761588603909846,9.138344548935152,5.69882822725448,5.332718793265369,1.16436366623089,6.626466820666067,0.0506607929515418
PRV51038,3.4339872044851463,4.718498871295094,12.34409829881876,10.48824184666795,8.94302721525076,5.781771793517895,4.68213122712422,0.840599911703076,7.541103516262834,0.2127659574468085
PRV51040,2.302585092994046,4.356708826689592,11.050905878263569,9.347577390281268,8.853808274977197,5.010375520098172,4.248495242049359,0.8093186123219872,6.764958503598186,0.1046511627906976
PRV51041,0.0,3.555348061489413,0.0,8.910720661951359,0.0,5.38880309314598,3.4657359027997265,0.7404000654104909,5.38880309314598,0.0
PRV51042,0.0,4.962844630259907,0.0,10.780018225836406,0.0,5.827121253558305,4.859812404361672,0.7463916950787576,5.827121253558305,0.0
PRV51043,0.0,3.1780538303479458,0.0,8.407601514786142,0.0,5.277004904372422,3.044522437723423,0.7654678421395714,5.277004904372422,0.0
PRV51044,0.0,4.0943445622221,0.0,9.967916692691816,0.0,5.893094606259739,3.688879454113936,0.9214058325409256,5.893094606259739,0.0
PRV51045,0.0,3.4657359027997265,0.0,9.03491498187007,0.0,5.604496660544846,3.4011973816621555,0.7270487322356266,5.604496660544846,0.0
PRV51046,2.19722457733622,3.4339872044851463,11.52288569676448,9.032528630660057,9.44351345892757,5.634789603169249,3.295836866004329,0.90078654533819,7.965253132712642,0.2105263157894736
PRV51047,0.0,2.4849066497880004,0.0,7.836369760545124,0.0,5.442417710521793,2.4849066497880004,0.6931471805599453,5.442417710521793,0.0
PRV51048,1.6094379124341005,3.555348061489413,9.852246888342531,9.071193240566023,8.46611040118692,5.548618209429345,3.5263605246161616,0.7661723155748352,6.592972433489894,0.1052631578947368
PRV51049,0.0,4.276666119016055,0.0,9.986034813503691,0.0,5.726572442455606,4.189654742026425,0.7382676158404149,5.726572442455606,0.0
PRV51052,1.0986122886681098,3.80666248977032,9.546884034617923,9.729193687429404,8.853808274977197,5.947560155363557,3.6375861597263857,0.8079226951523735,6.508120964794465,0.0434782608695652
PRV51053,0.6931471805599453,0.0,8.987321812850125,0.0,8.987321812850125,0.0,0.6931471805599453,0.6931471805599453,8.987321812850125,1.0
PRV51054,0.0,4.060443010546419,0.0,9.62450089845157,0.0,5.58514380989572,3.713572066704308,0.8858315243894466,5.58514380989572,0.0
PRV51055,1.0986122886681098,3.044522437723423,9.723223876851618,8.50532301884575,9.03013657115323,5.513428746164983,3.1354942159291497,0.6931471805599453,6.892272399037367,0.0909090909090909
PRV51056,1.0986122886681098,3.044522437723423,8.987321812850125,8.81001204797317,8.294299608857235,5.817111159963204,3.091042453358316,0.7166776779701395,6.506055799260335,0.0909090909090909
PRV51057,0.0,1.791759469228055,0.0,8.82922635473185,0.0,7.220373836723949,1.6094379124341005,0.8109302162163288,7.220373836723949,0.0
PRV51058,1.791759469228055,4.3694478524670215,11.418625774449598,9.682279626689674,9.809231816610408,5.330362495281753,4.330733340286331,0.7451069194906564,7.1627990231591445,0.0602409638554216
PRV51059,3.258096538021482,4.276666119016055,12.901719200051184,9.906532910722088,9.682903223616842,5.647336317457513,4.418840607796598,0.775064303027832,8.38641039887964,0.2604166666666667
PRV51060,1.791759469228055,3.6375861597263857,10.463131911491969,9.072341873818893,8.853808274977197,5.46554815077563,3.7612001156935615,0.6931471805599453,6.94862298674324,0.119047619047619
PRV51061,0.6931471805599453,4.976733742420574,8.006700845440367,10.857863738015617,8.006700845440367,5.890799779272618,4.219507705176107,1.1518936552810464,5.939898983353591,0.0068965517241379
PRV51062,1.3862943611198906,5.978885764901122,10.714439990727769,11.59340807587215,9.61587214452889,5.62067670495979,5.117993812416755,1.2212918397831471,5.959322499320083,0.0075566750629722
PRV51063,0.0,5.010635294096256,0.0,10.841755017213652,0.0,5.840700185393705,4.7535901911063645,0.8310169747830661,5.840700185393705,0.0
PRV51064,3.610917912644224,5.5909869805108565,12.54254845357358,11.293786385047255,8.95915450685925,5.709843966763207,5.429345628954441,0.8479269890647648,7.081855564792543,0.1188118811881188
PRV51065,2.3978952727983707,2.9444389791664403,11.225256725762891,7.359467638255621,8.922791623969637,4.479858883910916,3.295836866004329,0.7308875085427923,7.914121735552041,0.3571428571428571
PRV51066,1.0986122886681098,3.1354942159291497,9.852246888342531,8.66406026722579,9.15915233520675,5.576637571331858,3.091042453358316,0.7621400520468967,6.941109458654871,0.0833333333333333
PRV51067,2.5649493574615367,3.8501476017100575,12.694655727828804,9.050288983827956,10.209782819699331,5.2269147616862215,3.912023005428146,0.7810085363512795,8.660182304677374,0.2068965517241379
PRV51068,2.302585092994046,5.53338948872752,11.251573687764475,11.101356767801578,9.054452999786186,5.575708573980996,5.3706380281276624,0.7973387890127897,6.309716237615667,0.0344827586206896
PRV51070,2.3978952727983707,4.499809670330265,11.52288569676448,10.102789129364767,9.220389707829185,5.617751209641139,4.248495242049359,0.8898574748059995,7.145012897995532,0.101010101010101
PRV51071,0.0,3.218875824868201,0.0,9.053803514155955,0.0,5.878435816809977,3.218875824868201,0.6931471805599453,5.878435816809977,0.0
PRV51072,2.5649493574615367,5.303304908059076,11.184435286790633,10.761534575968792,8.699681400989514,5.467427029369761,5.081404364984463,0.8437200390393196,6.33349744013529,0.0566037735849056
PRV51074,1.791759469228055,3.555348061489413,10.34177474101152,9.227295812625597,8.732465848349879,5.70417455464554,3.688879454113936,0.6931471805599453,6.962850311953928,0.1282051282051282
PRV51075,0.0,2.8903717578961645,0.0,9.053803514155955,0.0,6.222459547907828,2.6390573296152584,0.8362480242006186,6.222459547907828,0.0
PRV51076,0.0,3.4011973816621555,0.0,9.23317760587894,0.0,5.868614818101238,3.332204510175204,0.7295148247308202,5.868614818101238,0.0
PRV51077,2.833213344056216,2.8903717578961645,12.201065128819632,8.585038738311304,9.42855178024483,5.754811028120613,3.4339872044851463,0.7419373447293773,8.731243402131966,0.4848484848484848
PRV51078,2.302585092994046,2.70805020110221,11.23850177707664,7.7279755421055585,9.04138245597366,5.094626241160642,3.1780538303479458,0.6931471805599453,8.132719262308777,0.391304347826087
PRV51081,1.9459101490553128,5.272999558563747,11.277215789596893,10.716216150693835,9.485519608704186,5.452630036199743,4.882801922586371,0.9269210521759114,6.431974996958947,0.03
PRV51082,0.0,3.555348061489413,0.0,8.607216694063826,0.0,5.086869854997018,3.4657359027997265,0.7404000654104909,5.086869854997018,0.0
PRV51083,0.0,4.51085950651685,0.0,9.803722464346553,0.0,5.308817601181903,4.406719247264253,0.7472144018302211,5.308817601181903,0.0
PRV51084,3.044522437723423,4.51085950651685,12.160033942617156,10.109729065774982,9.164401140034736,5.613533539193138,4.454347296253507,0.8303483020734304,7.581117104824004,0.1818181818181818
PRV51086,3.4657359027997265,4.691347882229144,12.931205293247745,10.409431279210512,9.49729072517381,5.730520569851233,4.7535901911063645,0.7924021386552865,8.074292883091095,0.2230215827338129
PRV51089,2.9444389791664403,5.351858133476067,12.08391066125752,10.89490430960068,9.19363494340448,5.551666759919312,5.288267030694535,0.7688854401864282,6.921381319639929,0.0789473684210526
PRV51090,0.0,2.079441541679836,0.0,8.670943791222156,0.0,6.726062096148477,2.079441541679836,0.6931471805599453,6.726062096148477,0.0
PRV51091,0.0,3.80666248977032,0.0,9.134646527606982,0.0,5.355084289624061,3.80666248977032,0.6931471805599453,5.355084289624061,0.0
PRV51093,1.0986122886681098,2.079441541679836,9.305741456739437,7.905072849498666,8.612685172875459,5.961373460371035,2.302585092994046,0.6931471805599453,7.329312434989945,0.2222222222222222
PRV51096,0.0,1.791759469228055,0.0,8.071218539969863,0.0,6.46302945692067,1.791759469228055,0.6931471805599453,6.46302945692067,0.0
PRV51097,0.0,4.836281906951478,0.0,10.701467609576827,0.0,5.875941455852443,4.276666119016055,1.0154347821892018,5.875941455852443,0.0
PRV51098,0.0,1.6094379124341005,0.0,5.707110264748875,0.0,4.330733340286331,1.6094379124341005,0.6931471805599453,4.330733340286331,0.0
PRV51100,1.791759469228055,0.0,11.264476926102368,0.0,9.65509029374725,0.0,1.791759469228055,0.6931471805599453,9.65509029374725,1.0
PRV51101,1.3862943611198906,0.0,9.717218213494077,0.0,8.618726392239676,0.0,1.3862943611198906,0.6931471805599453,8.618726392239676,1.0
PRV51102,2.5649493574615367,0.0,11.904974309480185,0.0,9.42014198075244,0.0,2.4849066497880004,0.7375989431307791,9.42014198075244,1.0
PRV51103,0.0,1.9459101490553128,0.0,6.089044875446846,0.0,4.308559482792009,1.6094379124341005,0.9162907318741552,4.308559482792009,0.0
PRV51104,0.0,2.5649493574615367,0.0,7.550135342488429,0.0,5.070998443823346,2.302585092994046,0.8472978603872036,5.070998443823346,0.0
PRV51105,0.0,2.5649493574615367,0.0,8.785845337961213,0.0,6.302618975744905,2.5649493574615367,0.6931471805599453,6.302618975744905,0.0
PRV51108,2.995732273553991,0.0,11.95761769646754,0.0,9.013294094520637,0.0,2.995732273553991,0.6931471805599453,9.013294094520637,1.0
PRV51109,1.3862943611198906,0.0,9.798182590890704,0.0,8.699681400989514,0.0,1.3862943611198906,0.6931471805599453,8.699681400989514,1.0
PRV51110,1.791759469228055,0.0,10.203629181337648,0.0,8.594339400592892,0.0,1.791759469228055,0.6931471805599453,8.594339400592892,1.0
PRV51111,0.0,4.890349128221754,0.0,10.912557992542745,0.0,6.032141076503244,4.454347296253507,0.9372460970501432,6.032141076503244,0.0
PRV51112,0.0,5.720311776607412,0.0,11.56410325268714,0.0,5.849950247883589,5.278114659230517,0.939606537187772,5.849950247883589,0.0
PRV51113,0.0,4.890349128221754,0.0,10.744860753883362,0.0,5.864878675383482,4.3694478524670215,0.9903987040278768,5.864878675383482,0.0
PRV51114,0.0,5.572154032177765,0.0,11.247930743883217,0.0,5.682982403513373,5.081404364984463,0.9698314988021848,5.682982403513373,0.0
PRV51115,0.0,2.079441541679836,0.0,6.888572459565364,0.0,4.948759890378168,1.9459101490553128,0.7731898882334818,4.948759890378168,0.0
PRV51117,0.0,2.5649493574615367,0.0,7.576097340623111,0.0,5.096812990337308,2.3978952727983707,0.7884573603642702,5.096812990337308,0.0
PRV51118,2.833213344056216,0.0,11.820417517632333,0.0,9.04793908261736,0.0,2.833213344056216,0.6931471805599453,9.04793908261736,1.0
PRV51119,4.553876891600541,0.6931471805599453,13.800397935382136,11.46772933451726,9.25719756480301,11.46772933451726,4.406719247264253,0.776034840365713,9.339219512268704,0.9894736842105264
PRV51120,2.079441541679836,0.0,10.859018228147889,0.0,8.913223454833028,0.0,2.079441541679836,0.6931471805599453,8.913223454833028,1.0
PRV51121,1.9459101490553128,0.6931471805599453,11.302216779257382,4.394449154672439,9.510519035757246,4.394449154672439,2.079441541679836,0.6931471805599453,9.357367782268476,0.8571428571428571
PRV51122,0.0,2.079441541679836,0.0,7.02197642307216,0.0,5.081404364984463,2.079441541679836,0.6931471805599453,5.081404364984463,0.0
PRV51123,1.0986122886681098,3.4011973816621555,9.105090961257083,9.793170328225258,8.412054873292933,6.427436562712616,3.367295829986474,0.7453329337305156,6.767417364315167,0.064516129032258
PRV51125,2.5649493574615367,3.610917912644224,11.60824473564232,9.966978650317326,9.123438079945664,6.3851007090178005,3.49650756146648,0.9162907318741552,7.9144806883275,0.25
PRV51126,3.044522437723423,0.0,12.08391066125752,0.0,9.088285725968875,0.0,2.70805020110221,0.8873031950009028,9.088285725968875,1.0
PRV51128,1.791759469228055,3.828641396489095,11.407576060361786,9.410911062438,9.798182590890704,5.6078424669222695,3.6635616461296463,0.8397506547518208,7.623348648371913,0.1
PRV51129,0.0,4.574710978503383,0.0,10.039808799894368,0.0,5.479596713763548,4.189654742026425,0.907017095088826,5.479596713763548,0.0
PRV51130,0.0,2.079441541679836,0.0,8.511376306094673,0.0,6.566672429803241,2.079441541679836,0.6931471805599453,6.566672429803241,0.0
PRV51131,0.0,2.19722457733622,0.0,7.057036981697891,0.0,4.983606621708336,2.19722457733622,0.6931471805599453,4.983606621708336,0.0
PRV51132,0.6931471805599453,2.079441541679836,8.294299608857235,7.193685818395112,8.294299608857235,5.25227342804663,1.9459101490553128,0.8472978603872036,6.503164788284634,0.125
PRV51134,0.0,2.772588722239781,0.0,8.937349848267392,0.0,6.231137400373402,2.5649493574615367,0.8109302162163288,6.231137400373402,0.0
PRV51135,0.0,1.791759469228055,0.0,5.707110264748875,0.0,4.110873864173311,1.0986122886681098,1.252762968495368,4.110873864173311,0.0
PRV51136,0.6931471805599453,0.0,9.90353755128617,0.0,9.90353755128617,0.0,0.6931471805599453,0.6931471805599453,9.90353755128617,1.0
PRV51137,0.6931471805599453,4.007333185232471,8.699681400989514,9.21542741102474,8.699681400989514,5.231702617466053,3.951243718581428,0.7316134613877413,5.679551876532829,0.0181818181818181
PRV51138,0.6931471805599453,3.258096538021482,8.699681400989514,8.91341571815747,8.699681400989514,5.697764402330638,3.091042453358316,0.8056251639866355,6.249083844191247,0.0384615384615384
PRV51139,2.079441541679836,3.610917912644224,10.628641991731053,9.33087517360492,8.682877107057168,5.750453993965348,3.7612001156935615,0.704981638206948,7.109708449818328,0.1627906976744186
PRV51140,3.871201010907891,6.089044875446846,12.635908363171778,11.889517735509276,8.785910391939774,5.805750879971032,5.978885764901122,0.8047067166382458,6.836744385564953,0.0965092402464065
PRV51141,0.0,4.276666119016055,0.0,9.87770809954864,0.0,5.618613189985044,3.6375861597263857,1.0712133144799951,5.618613189985044,0.0
PRV51142,2.079441541679836,3.80666248977032,11.48247656671073,8.932080438103307,9.536628270774896,5.1535543030241815,3.6635616461296463,0.8510502100057541,7.6262739425564305,0.1372549019607843
PRV51143,0.0,4.356708826689592,0.0,9.925787060030896,0.0,5.585690949863495,4.23410650459726,0.7572260372444677,5.585690949863495,0.0
PRV51144,1.6094379124341005,3.295836866004329,10.87806606028079,9.014447135152134,9.491828300264636,5.759386975245363,3.4011973816621555,0.7102416139192453,7.621521746744818,0.1333333333333333
PRV51145,5.087596335232384,3.737669618283368,14.2858897416806,8.657129031713755,9.204585334151828,4.950488200521482,5.087596335232384,0.8129984692803878,8.981333128115953,0.7970297029702971
PRV51146,5.093750200806762,5.25227342804663,14.29682559632627,11.046292149829952,9.209328749347405,5.802277370528046,5.814130531825066,0.7197366347491848,8.471424084255185,0.4602272727272727
PRV51147,0.0,3.49650756146648,0.0,9.089414904047302,0.0,5.62717137228436,3.49650756146648,0.6931471805599453,5.62717137228436,0.0
PRV51148,3.555348061489413,5.6937321388027,12.895214314729593,11.410460752424427,9.368936617800513,5.723364268526136,5.575949103146316,0.8130403668199611,7.30100466388963,0.103030303030303
PRV51149,4.762173934797756,3.49650756146648,13.922570528729874,8.946505025998682,9.1690836565417,5.484796933490655,4.919980925828125,0.736319352425154,8.932365982084374,0.7837837837837838
PRV51151,3.1354942159291497,5.356586274672012,11.863589378812122,10.99038144825004,8.7726948008022,5.642058314920152,5.420534999272286,0.7107687819097648,6.76266996510621,0.0944206008583691
PRV51152,0.0,4.430816798843313,0.0,10.15700510770532,0.0,5.741341319564822,3.688879454113936,1.1404593986036102,5.741341319564822,0.0
PRV51153,1.6094379124341005,4.430816798843313,10.839600519357369,9.927741044336832,9.453364978883542,5.512894207677633,4.430816798843313,0.7169578292536638,6.712620953638771,0.0459770114942528
PRV51154,0.0,5.087596335232384,0.0,10.730968928388284,0.0,5.653055653768482,4.997212273764115,0.7396671961948381,5.653055653768482,0.0
PRV51155,0.0,4.7535901911063645,0.0,10.178502231260229,0.0,5.43789025513683,4.709530201312334,0.7156200364120039,5.43789025513683,0.0
PRV51156,0.0,6.297109319933935,0.0,11.8539658232464,0.0,5.562539115721985,6.054439346269371,0.8221093265288776,5.562539115721985,0.0
PRV51159,4.189654742026425,6.22455842927536,13.36242068134928,11.99615992941506,9.18813408898203,5.776681288256705,6.228511003591184,0.7535392712742977,7.246433215829054,0.1142355008787346
PRV51160,4.51085950651685,3.218875824868201,13.671641342278315,8.703008637464448,9.171934437911364,5.528767493044684,4.709530201312334,0.7111656860626236,8.942499912415409,0.7894736842105263
PRV51164,3.737669618283368,5.860786223465865,13.001327306361068,11.643787046819533,9.287845528830472,5.788911128052556,5.814130531825066,0.7750306618779743,7.262278805421689,0.1048593350383631
PRV51165,3.295836866004329,4.290459441148391,12.631343648903034,10.073272520325904,9.373328806623778,5.799597577470496,4.584967478670572,0.698288580060364,8.121268146137293,0.2653061224489796
PRV51166,0.6931471805599453,1.6094379124341005,9.99884318585288,7.962415680121064,9.99884318585288,6.57716570551908,1.791759469228055,0.6931471805599453,8.512180649592693,0.2
PRV51167,0.0,5.25227342804663,0.0,10.858633546178956,0.0,5.615238823855952,5.209486152841421,0.7148871671963513,5.615238823855952,0.0
PRV51168,2.302585092994046,4.3694478524670215,11.050905878263569,9.768297642474444,8.853808274977197,5.415986435596513,4.465908118654584,0.6989442982442712,6.830812168719732,0.1034482758620689
PRV51169,0.0,4.356708826689592,0.0,9.872048483700748,0.0,5.532156759617692,4.31748811353631,0.7132147436107545,5.532156759617692,0.0
PRV51170,2.19722457733622,2.19722457733622,11.884495917930655,6.710523109452428,9.805102650614726,4.639571612705423,2.833213344056216,0.6931471805599453,9.11764925941902,0.5
PRV51171,0.0,4.0943445622221,0.0,9.533944453604027,0.0,5.46059474145012,4.0943445622221,0.6931471805599453,5.46059474145012,0.0
PRV51173,2.079441541679836,2.772588722239781,11.407576060361786,8.74687531957003,9.461732575010332,6.04104804729681,3.091042453358316,0.7166776779701395,8.384305747256546,0.3181818181818182
PRV51175,0.0,3.737669618283368,0.0,9.174816815907135,0.0,5.465380832030243,3.688879454113936,0.7184649885442351,5.465380832030243,0.0
PRV51176,0.0,6.100318952020064,0.0,11.89123175523562,0.0,5.796194348791743,5.991464547107982,0.7491910777060937,5.796194348791743,0.0
PRV51178,3.555348061489413,3.4657359027997265,12.952762962683588,9.1248914101437,9.42648063387688,5.694166496503089,4.174387269895637,0.7009293210020002,8.800044383161957,0.5230769230769231
PRV51179,0.0,3.295836866004329,0.0,8.517393171418904,0.0,5.264283180082056,3.295836866004329,0.6931471805599453,5.264283180082056,0.0
PRV51180,1.0986122886681098,4.852030263919617,10.757924157061597,10.76301743858852,10.064798252418376,5.921493976231407,4.465908118654584,0.9162907318741552,6.595155504009663,0.0155038759689922
PRV51181,0.0,2.3978952727983707,0.0,7.67368812926773,0.0,5.375278407684165,2.3978952727983707,0.6931471805599453,5.375278407684165,0.0
PRV51183,3.737669618283368,4.290459441148391,12.72724753046704,9.851720461714246,9.013794221203767,5.578785984481516,4.663439094112067,0.7305347126315656,8.0550256820845,0.3628318584070796
PRV51185,0.0,2.19722457733622,0.0,7.372118028337787,0.0,5.297066584646384,2.19722457733622,0.6931471805599453,5.297066584646384,0.0
PRV51186,0.0,1.0986122886681098,0.0,4.61512051684126,0.0,3.9318256327243257,1.0986122886681098,0.6931471805599453,3.9318256327243257,0.0
PRV51189,0.0,4.04305126783455,0.0,9.075779878580487,0.0,5.056700660939502,3.951243718581428,0.7410032017375805,5.056700660939502,0.0
PRV51190,1.3862943611198906,4.158883083359672,10.085850775128716,9.636326803305096,8.987321812850125,5.497233276521067,4.174387269895637,0.7086513670959106,6.391257030604412,0.0454545454545454
PRV51191,0.0,3.49650756146648,0.0,9.3048320350689,0.0,5.841912651643455,3.4339872044851463,0.7259370033829363,5.841912651643455,0.0
PRV51194,1.0986122886681098,2.079441541679836,9.798182590890704,6.293419278846481,9.105090961257083,4.358538653366668,2.302585092994046,0.6931471805599453,7.630946580890459,0.2222222222222222
PRV51196,0.0,6.580639137284949,0.0,12.19126860446016,0.0,5.615659368813881,6.07073772800249,0.9808292530117262,5.615659368813881,0.0
PRV51198,0.0,1.9459101490553128,0.0,5.8888779583328805,0.0,4.110873864173311,1.3862943611198906,1.0986122886681098,4.110873864173311,0.0
PRV51200,0.0,2.995732273553991,0.0,8.394121193826242,0.0,5.453745425667595,2.833213344056216,0.7827593392496325,5.453745425667595,0.0
PRV51201,0.0,3.828641396489095,0.0,9.274347501950476,0.0,5.471803711253464,3.737669618283368,0.7407752295491999,5.471803711253464,0.0
PRV51202,0.0,2.5649493574615367,0.0,8.519390774959724,0.0,6.03667688992953,2.5649493574615367,0.6931471805599453,6.03667688992953,0.0
PRV51203,0.0,3.091042453358316,0.0,9.638284261844774,0.0,6.595064671025723,3.044522437723423,0.7178397931503169,6.595064671025723,0.0
PRV51204,0.0,6.214608098422191,0.0,11.952347456556575,0.0,5.742945378215,5.988961416889864,0.8126038567743585,5.742945378215,0.0
PRV51205,0.0,2.3978952727983707,0.0,8.446985296372741,0.0,6.1463292576688975,2.3978952727983707,0.6931471805599453,6.1463292576688975,0.0
PRV51206,0.0,2.3978952727983707,0.0,7.353081920515432,0.0,5.056245805348308,2.3978952727983707,0.6931471805599453,5.056245805348308,0.0
PRV51207,1.3862943611198906,0.0,10.839600519357369,0.0,9.741027444837728,0.0,1.3862943611198906,0.6931471805599453,9.741027444837728,1.0
PRV51209,0.0,3.7612001156935615,0.0,9.201400530406708,0.0,5.467859196695592,3.6635616461296463,0.7444404749474959,5.467859196695592,0.0
PRV51210,0.0,2.302585092994046,0.0,7.969357742016346,0.0,5.774896551585436,2.302585092994046,0.6931471805599453,5.774896551585436,0.0
PRV51211,0.0,1.0986122886681098,0.0,4.61512051684126,0.0,3.9318256327243257,1.0986122886681098,0.6931471805599453,3.9318256327243257,0.0
PRV51212,0.0,2.772588722239781,0.0,8.74209519574531,0.0,6.036278562897775,2.772588722239781,0.6931471805599453,6.036278562897775,0.0
PRV51213,0.0,1.0986122886681098,0.0,3.9318256327243257,0.0,3.258096538021482,1.0986122886681098,0.6931471805599453,3.258096538021482,0.0
PRV51214,0.0,2.19722457733622,0.0,8.071218539969863,0.0,5.993961427306569,2.19722457733622,0.6931471805599453,5.993961427306569,0.0
PRV51215,0.0,2.3978952727983707,0.0,7.384610383176974,0.0,5.087596335232384,2.3978952727983707,0.6931471805599453,5.087596335232384,0.0
PRV51216,0.0,4.276666119016055,0.0,9.65252306301951,0.0,5.394331523854156,4.204692619390966,0.7303261838016993,5.394331523854156,0.0
PRV51217,0.0,1.791759469228055,0.0,7.983098940710892,0.0,6.375024819828097,1.791759469228055,0.6931471805599453,6.375024819828097,0.0
PRV51218,0.0,2.079441541679836,0.0,6.255750041753367,0.0,4.321290399486049,2.079441541679836,0.6931471805599453,4.321290399486049,0.0
PRV51219,0.0,2.19722457733622,0.0,8.581294116822761,0.0,6.503164788284634,2.19722457733622,0.6931471805599453,6.503164788284634,0.0
PRV51221,0.0,0.6931471805599453,0.0,4.262679877041316,0.0,4.262679877041316,0.6931471805599453,0.6931471805599453,4.262679877041316,0.0
PRV51222,0.0,1.791759469228055,0.0,6.7580945044277305,0.0,5.153291594497779,1.3862943611198906,0.9808292530117262,5.153291594497779,0.0
PRV51224,0.0,2.079441541679836,0.0,8.049107721326406,0.0,6.105112059135365,2.079441541679836,0.6931471805599453,6.105112059135365,0.0
PRV51225,0.0,2.19722457733622,0.0,7.0825485693553,0.0,5.008967236995559,2.19722457733622,0.6931471805599453,5.008967236995559,0.0
PRV51226,0.0,3.044522437723423,0.0,8.91341571815747,0.0,5.920237037819614,2.995732273553991,0.7191226669632059,5.920237037819614,0.0
PRV51228,0.0,1.791759469228055,0.0,6.066108090103747,0.0,4.465908118654584,1.791759469228055,0.6931471805599453,4.465908118654584,0.0
PRV51229,0.0,3.871201010907891,0.0,9.42633845512952,0.0,5.5798903911760345,3.80666248977032,0.7266698725985887,5.5798903911760345,0.0
PRV51230,0.0,3.4339872044851463,0.0,9.43276366396591,0.0,6.033885262991934,3.4339872044851463,0.6931471805599453,6.033885262991934,0.0
PRV51231,1.0986122886681098,0.0,9.680406499268877,0.0,8.987321812850125,0.0,1.0986122886681098,0.6931471805599453,8.987321812850125,1.0
PRV51232,0.6931471805599453,0.0,10.165890277802454,0.0,10.165890277802454,0.0,0.6931471805599453,0.6931471805599453,10.165890277802454,1.0
PRV51233,1.3862943611198906,0.0,10.203629181337648,0.0,9.105090961257083,0.0,1.3862943611198906,0.6931471805599453,9.105090961257083,1.0
PRV51234,1.791759469228055,0.0,10.275085591132717,0.0,8.665785595466064,0.0,1.791759469228055,0.6931471805599453,8.665785595466064,1.0
PRV51235,1.0986122886681098,0.0,9.210440366976515,0.0,8.517393171418904,0.0,1.0986122886681098,0.6931471805599453,8.517393171418904,1.0
PRV51236,0.6931471805599453,0.0,9.39274525863144,0.0,9.39274525863144,0.0,0.6931471805599453,0.6931471805599453,9.39274525863144,1.0
PRV51237,0.6931471805599453,0.0,9.852246888342531,0.0,9.852246888342531,0.0,0.6931471805599453,0.6931471805599453,9.852246888342531,1.0
PRV51238,2.19722457733622,0.0,11.790564777297387,0.0,9.711176264112805,0.0,2.19722457733622,0.6931471805599453,9.711176264112805,1.0
PRV51239,0.6931471805599453,0.0,8.517393171418904,0.0,8.517393171418904,0.0,0.6931471805599453,0.6931471805599453,8.517393171418904,1.0
PRV51240,2.4849066497880004,3.912023005428146,11.302216779257382,9.474318717728728,8.90444495410502,5.586177994486409,3.6635616461296463,0.9473813189441862,7.357556200910353,0.1833333333333333
PRV51241,2.3978952727983707,3.9318256327243257,11.264476926102368,9.410092463833022,8.962007209588313,5.5020742040620565,3.871201010907891,0.8226812327518476,7.3162158960701,0.1666666666666666
PRV51242,2.4849066497880004,4.61512051684126,11.38510345703214,10.281958234245314,8.987321812850125,5.680172609017068,4.477336814478207,0.8223589120399515,6.9630536055735694,0.0990990990990991
PRV51243,0.0,3.610917912644224,0.0,8.753213480544126,0.0,5.175207669385928,2.772588722239781,1.2237754316221157,5.175207669385928,0.0
PRV51244,5.303304908059076,7.103322062526113,14.401128762343273,12.787983749748914,9.10292218520889,5.688870748040726,6.492239835020471,1.1465108542869655,7.3286043888198735,0.1413427561837456
PRV51245,1.6094379124341005,5.135798437050262,9.90353755128617,11.060856051960643,8.517393171418904,5.933594080305778,4.07753744390572,1.381974699975374,6.182932490854281,0.0231213872832369
PRV51247,2.3978952727983707,3.218875824868201,11.211833885608511,7.714677473800927,8.909370405197466,4.546834608975128,3.295836866004329,0.8362480242006186,7.715726874427178,0.2941176470588235
PRV51248,0.6931471805599453,0.6931471805599453,10.043292972227004,6.2166061010848646,10.043292972227004,6.2166061010848646,1.0986122886681098,0.6931471805599453,9.37169362233394,0.5
PRV51249,3.951243718581428,4.330733340286331,13.134293924552235,9.637632201310456,9.202567100980088,5.324959297494458,4.624972813284271,0.8098295006401433,8.328098270908134,0.4047619047619047
PRV51250,0.0,4.454347296253507,0.0,10.023978030870753,0.0,5.585043099499998,4.276666119016055,0.7871761302082216,5.585043099499998,0.0
PRV51251,0.0,2.4849066497880004,0.0,8.186185994226083,0.0,5.791071590850505,2.3978952727983707,0.7419373447293773,5.791071590850505,0.0
PRV51252,2.9444389791664403,4.248495242049359,11.863589378812122,9.467382808295852,8.973337331217172,5.23852120581076,4.343805421853684,0.7630168605204312,7.485381948652026,0.2068965517241379
PRV51253,0.0,4.454347296253507,0.0,9.986955157777391,0.0,5.548160124217486,4.343805421853684,0.750671024698132,5.548160124217486,0.0
PRV51255,1.0986122886681098,4.290459441148391,9.305741456739437,10.294549430333548,8.612685172875459,6.020281434500805,4.143134726391533,0.7855205006909605,6.308541409401602,0.027027027027027
PRV51256,0.0,4.564348191467836,0.0,10.559737318992257,0.0,6.008295787940431,4.394449154672439,0.7827593392496325,6.008295787940431,0.0
PRV51258,2.19722457733622,1.9459101490553128,11.49273296168228,7.415175109613295,9.41336284529417,5.626421353498733,2.5649493574615367,0.7731898882334818,8.870602809978001,0.5714285714285714
PRV51259,1.6094379124341005,2.8903717578961645,11.918397239722838,7.581209826196346,10.53212287826962,4.756122479114401,2.995732273553991,0.7444404749474959,8.886988354291839,0.1904761904761904
PRV51260,1.3862943611198906,4.0943445622221,11.264476926102368,9.574358290170174,10.165890277802454,5.500843043087892,4.02535169073515,0.7548407495652851,7.307310484851488,0.0483870967741935
PRV51261,3.295836866004329,4.762173934797756,12.409017571151187,10.13344781717726,9.151023068323774,5.384415970765478,4.820281565605037,0.7675454706138047,7.551505068794381,0.1830985915492957
PRV51262,0.0,4.110873864173311,0.0,9.69713966113932,0.0,5.606414623742411,3.970291913552122,0.7672551527136671,5.606414623742411,0.0
PRV51263,2.9444389791664403,3.295836866004329,12.25486757159303,9.008346579384709,9.364576762415895,5.753304971337308,3.6375861597263857,0.7835312420282143,8.509041877724487,0.4090909090909091
PRV51264,0.0,3.688879454113936,0.0,8.569975376855206,0.0,4.913597126454025,3.58351893845611,0.7487170317147561,4.913597126454025,0.0
PRV51265,0.0,5.081404364984463,0.0,10.731405981781313,0.0,5.6596999620860124,4.442651256490317,1.0663514264498883,5.6596999620860124,0.0
PRV51266,2.3978952727983707,4.418840607796598,11.268315653289422,10.110542371500753,8.965845494750937,5.707110264748875,4.418840607796598,0.752336051950276,7.020618017243357,0.108695652173913
PRV51267,1.0986122886681098,2.5649493574615367,9.105090961257083,8.261268150577648,8.412054873292933,5.779199113940956,2.70805020110221,0.6931471805599453,6.824684180835831,0.1428571428571428
PRV51271,1.0986122886681098,4.804021044733257,9.741027444837728,10.172789235831422,9.04793908261736,5.3815716946599546,4.51085950651685,0.8614824953791601,5.863792840282799,0.016260162601626
PRV51272,1.0986122886681098,4.356708826689592,9.99884318585288,10.266775581745106,9.305741456739437,5.925609141943117,3.4657359027997265,1.26649316130727,6.466971203091386,0.0253164556962025
PRV51273,0.0,6.317164686747284,0.0,11.785552273542688,0.0,5.474388265266821,5.961005339623274,0.8874551822342677,5.474388265266821,0.0
PRV51274,2.3978952727983707,3.8918202981106265,12.013706813470414,9.27995971385624,9.711176264112805,5.413133040976618,3.8918202981106265,0.7922380832041762,8.016534103648802,0.1724137931034483
PRV51276,2.70805020110221,3.9889840465642745,11.661354090741,9.797070923831638,9.022408822846003,5.82966677815515,4.110873864173311,0.7498425242364906,7.601253144313646,0.208955223880597
PRV51277,2.3978952727983707,3.912023005428146,11.703554089007538,9.912992239550372,9.401043372798052,6.023546416955579,4.007333185232471,0.7384037721480662,7.78074212543189,0.1694915254237288
PRV51279,0.0,5.41610040220442,0.0,10.999446323738674,0.0,5.591519887531196,5.231108616854587,0.7904104859851523,5.591519887531196,0.0
PRV51280,0.0,3.688879454113936,0.0,9.915959454031448,0.0,6.254272500113403,3.555348061489413,0.7640989165322297,6.254272500113403,0.0
PRV51281,0.0,5.560681631015528,0.0,11.401669829409997,0.0,5.84772123398572,5.303304908059076,0.8307328435125084,5.84772123398572,0.0
PRV51282,2.19722457733622,3.951243718581428,11.097425172408933,9.335297611380566,9.018089684104345,5.407874944557564,3.951243718581428,0.7686547330680904,7.179062486709207,0.135593220338983
PRV51284,2.8903717578961645,5.8888779583328805,12.111767460549332,11.491303383470653,9.278642024234,5.60886110814308,5.41164605185504,0.9897578837560276,6.611145765256151,0.0450928381962864
PRV51285,2.772588722239781,5.0369526024136295,11.989165855127435,10.46655452114778,9.281202606226412,5.440435156343476,4.700480365792417,0.9326696239581947,7.063374268070665,0.0892857142857142
PRV51286,2.772588722239781,4.02535169073515,11.820417517632333,9.123801610558944,9.112470251651676,5.122339283676257,4.143134726391533,0.7556675375412794,7.637647583478913,0.2142857142857142
PRV51287,0.0,4.3694478524670215,0.0,10.154285180632154,0.0,5.8005678672751335,3.8501476017100575,0.991640169115942,5.8005678672751335,0.0
PRV51288,1.3862943611198906,1.791759469228055,10.518700218288163,5.8888779583328805,9.42014198075244,4.290459441148391,2.19722457733622,0.6931471805599453,8.449128460502108,0.375
PRV51289,0.0,4.532599493153256,0.0,10.742918838113225,0.0,6.223093732507236,3.6635616461296463,1.2299482907291968,6.223093732507236,0.0
PRV51290,0.0,4.736198448394496,0.0,9.615205300012317,0.0,4.895260859854001,4.406719247264253,0.8734090043908893,4.895260859854001,0.0
PRV51292,0.0,3.1354942159291497,0.0,8.286773231131251,0.0,5.201005184073039,2.833213344056216,0.8649974374866045,5.201005184073039,0.0
PRV51293,0.0,4.48863636973214,0.0,9.961803629358965,0.0,5.488561998179319,4.174387269895637,0.8649974374866045,5.488561998179319,0.0
PRV51295,0.0,2.079441541679836,0.0,7.576097340623111,0.0,5.633257818340763,1.9459101490553128,0.7731898882334818,5.633257818340763,0.0
PRV51296,1.3862943611198906,3.332204510175204,10.404293143019792,8.636042325254618,9.305741456739437,5.344812129338827,3.332204510175204,0.7472144018302211,7.161363371100166,0.1
PRV51297,1.791759469228055,4.189654742026425,10.839600519357369,10.169345706257875,9.23024103368252,5.9974083859090745,3.8501476017100575,0.9249487946172696,7.005141224970306,0.0714285714285714
PRV51298,0.0,4.61512051684126,0.0,10.345638111452145,0.0,5.743644008081332,3.9889840465642745,1.0601460078403135,5.743644008081332,0.0
PRV51299,0.0,3.6375861597263857,0.0,8.737292112544221,0.0,5.132135137580451,3.332204510175204,0.8630462173553428,5.132135137580451,0.0
PRV51300,2.079441541679836,3.828641396489095,11.440365524765756,9.584727524513486,9.494519889064728,5.781086392531502,3.49650756146648,0.965080896043587,7.634857855921957,0.1346153846153846
PRV51301,1.9459101490553128,4.672828834461906,11.58989576532275,10.271977424519395,9.798182590890704,5.612163586850671,4.158883083359672,1.0216512475319812,7.109397904564553,0.0535714285714285
PRV51302,2.3978952727983707,3.5263605246161616,11.23850177707664,8.45765547870004,8.936035096566041,4.967917564411102,3.555348061489413,0.8174448972375224,7.537950276404019,0.2325581395348837
PRV51303,0.0,4.543294782270004,0.0,10.494352807047845,0.0,5.964297774155011,3.912023005428146,1.0640067594906342,5.964297774155011,0.0
PRV51304,1.0986122886681098,3.912023005428146,10.239995502805316,9.33706112475534,9.546884034617923,5.449460613126152,3.688879454113936,0.8362480242006186,6.649720842950274,0.0392156862745098
PRV51305,2.4849066497880004,3.6635616461296463,11.49273296168228,9.642187721358466,9.09493972345331,6.007001121783413,3.4011973816621555,0.9894129967031178,7.747288377602806,0.2244897959183673
PRV51306,0.0,2.8903717578961645,0.0,8.216358332386156,0.0,5.387458826241036,2.6390573296152584,0.8362480242006186,5.387458826241036,0.0
PRV51307,0.0,3.6375861597263857,0.0,8.845201135339584,0.0,5.239456391295012,3.091042453358316,1.0159205728229963,5.239456391295012,0.0
PRV51308,0.0,3.58351893845611,0.0,9.531771484474335,0.0,5.978885764901122,3.4657359027997265,0.7556675375412794,5.978885764901122,0.0
PRV51309,0.0,2.9444389791664403,0.0,8.240385115516334,0.0,5.354487638015091,2.8903717578961645,0.7221347174331976,5.354487638015091,0.0
PRV51311,1.3862943611198906,2.9444389791664403,9.472781556562168,8.010027528481734,8.37432309038321,5.125285856661175,2.9444389791664403,0.7731898882334818,6.63775718896625,0.1428571428571428
PRV51312,1.6094379124341005,3.7612001156935615,9.852246888342531,9.189218875354072,8.46611040118692,5.455728032962503,3.4011973816621555,0.9501922835498364,6.440738489035375,0.0869565217391304
PRV51313,0.0,2.995732273553991,0.0,8.511376306094673,0.0,5.570551788694597,2.833213344056216,0.7827593392496325,5.570551788694597,0.0
PRV51314,0.0,3.4339872044851463,0.0,8.773539383558166,0.0,5.37682042803598,3.044522437723423,0.9162907318741552,5.37682042803598,0.0
PRV51315,0.0,3.871201010907891,0.0,8.88336291691676,0.0,5.039574197568078,3.1354942159291497,1.1430640512389434,5.039574197568078,0.0
PRV51316,1.3862943611198906,0.0,9.952325334619427,0.0,8.853808274977197,0.0,1.3862943611198906,0.6931471805599453,8.853808274977197,1.0
PRV51318,1.3862943611198906,0.0,9.472781556562168,0.0,8.37432309038321,0.0,1.3862943611198906,0.6931471805599453,8.37432309038321,1.0
PRV51322,0.0,2.5649493574615367,0.0,6.746412128573375,0.0,4.274348620875693,2.4849066497880004,0.7375989431307791,4.274348620875693,0.0
PRV51323,0.0,4.343805421853684,0.0,9.945636666044289,0.0,5.618492103923651,3.49650756146648,1.2163953243244932,5.618492103923651,0.0
PRV51324,0.0,3.367295829986474,0.0,9.141097469234024,0.0,5.811782361250958,3.258096538021482,0.7514160886839212,5.811782361250958,0.0
PRV51325,0.0,2.772588722239781,0.0,9.625161575008372,0.0,6.918035588389693,1.791759469228055,1.3862943611198906,6.918035588389693,0.0
PRV51326,0.0,3.80666248977032,0.0,9.546884034617923,0.0,5.765760903370062,3.1354942159291497,1.0986122886681098,5.765760903370062,0.0
PRV51327,0.0,3.737669618283368,0.0,9.103979355984771,0.0,5.394846315546491,3.332204510175204,0.9236708391717776,5.394846315546491,0.0
PRV51328,0.0,2.079441541679836,0.0,6.311734809152915,0.0,4.376655090871971,1.791759469228055,0.8754687373538999,4.376655090871971,0.0
PRV51329,0.0,4.31748811353631,0.0,9.871016012389166,0.0,5.570714295195215,3.367295829986474,1.292768303109067,5.570714295195215,0.0
PRV51330,0.0,2.995732273553991,0.0,8.24564690087386,0.0,5.305919972310854,2.302585092994046,1.1349799328389845,5.305919972310854,0.0
PRV51331,0.0,1.791759469228055,0.0,5.771441123130016,0.0,4.174387269895637,1.6094379124341005,0.8109302162163288,4.174387269895637,0.0
PRV51334,1.0986122886681098,0.0,9.61587214452889,0.0,8.922791623969637,0.0,1.0986122886681098,0.6931471805599453,8.922791623969637,1.0
PRV51335,0.0,4.962844630259907,0.0,10.73815599652319,0.0,5.785384096602056,4.532599493153256,0.9335325383086612,5.785384096602056,0.0
PRV51336,2.3978952727983707,4.0943445622221,11.661354090741,9.50680873170858,9.358846580275406,5.433573965063962,4.248495242049359,0.6931471805599453,7.537476362909134,0.144927536231884
PRV51337,3.713572066704308,4.859812404361672,12.765691290604371,10.278527816830314,9.076923258535832,5.430852168991492,5.049856007249537,0.73422720630341,7.722034378777473,0.238095238095238
PRV51338,2.079441541679836,4.804021044733257,11.19822841866684,10.617931341885154,9.25240045688898,5.825073278045811,4.8283137373023015,0.7091475219063864,6.791818194758566,0.0546875
PRV51340,0.0,5.0238805208462765,0.0,10.673850371449207,0.0,5.66003586176329,4.955827057601261,0.7279939118901135,5.66003586176329,0.0
PRV51341,0.0,4.276666119016055,0.0,9.584039577320697,0.0,5.3261654214602485,4.262679877041316,0.7002646483288093,5.3261654214602485,0.0
PRV51342,3.367295829986474,5.19295685089021,12.672949516558306,10.539561609736436,9.34082964203451,5.356876103016618,5.19295685089021,0.7684515636240759,7.452735852267554,0.1352657004830917
PRV51344,1.0986122886681098,3.4657359027997265,9.852246888342531,8.888894669371593,9.15915233520675,5.459036289909565,3.5263605246161616,0.6931471805599453,6.680170059867994,0.0606060606060606
PRV51345,0.0,3.912023005428146,0.0,9.623839785112668,0.0,5.735188852481046,3.871201010907891,0.7142005897577777,5.735188852481046,0.0
PRV51346,1.791759469228055,5.568344503761097,10.62135173563291,11.05865344255235,9.012011377036412,5.498219741849461,5.5093883366279774,0.732993089107145,5.975892806598569,0.018796992481203
PRV51347,0.0,7.63433723562832,0.0,13.299506549477837,0.0,5.669108224078509,6.854354502255021,1.1577242860003625,5.669108224078509,0.0
PRV51348,2.995732273553991,3.610917912644224,11.891368749982083,8.753213480544126,8.947053050043252,5.175207669385928,4.007333185232471,0.7023638356648694,7.926832306961284,0.3454545454545454
PRV51349,1.791759469228055,3.258096538021482,10.518700218288163,8.15507488781144,8.909370405197466,4.94306997460049,3.367295829986474,0.7282385003712154,7.20810675453458,0.1666666666666666
PRV51350,3.091042453358316,5.389071729816501,11.863589378812122,11.175787006472495,8.819207775249666,5.794327356808622,5.4510384535657,0.7081207223501078,6.795485781491594,0.0878661087866108
PRV51351,0.0,3.49650756146648,0.0,9.291090521661292,0.0,5.8282100530312535,3.49650756146648,0.6931471805599453,5.8282100530312535,0.0
PRV51352,0.0,1.6094379124341005,0.0,8.682877107057168,0.0,7.297091005160418,1.6094379124341005,0.6931471805599453,7.297091005160418,0.0
PRV51353,1.791759469228055,2.6390573296152584,10.819798284210286,7.099201743553092,9.210440366976515,4.544112778225636,2.8903717578961645,0.7221347174331976,7.953669778649798,0.2777777777777778
PRV51354,0.6931471805599453,1.3862943611198906,9.210440366976515,6.089044875446846,9.210440366976515,4.994957481377026,1.6094379124341005,0.6931471805599453,7.867488568699128,0.25
PRV51355,2.772588722239781,4.0943445622221,11.806348526363516,9.302098797215724,9.098402718735318,5.229838890582058,4.248495242049359,0.7287381256626478,7.581347639377017,0.2027027027027027
PRV51356,2.8903717578961645,4.3694478524670215,12.025755079404917,9.942756341456828,9.19263753856896,5.589742425278652,4.5217885770490405,0.7148871671963513,7.589761683548084,0.1789473684210526
PRV51357,2.6390573296152584,5.003946305945459,12.04355959836804,10.466839210553566,9.47868082623537,5.473802545407308,5.010635294096256,0.7326259915337329,7.1507793987762005,0.0807453416149068
PRV51358,2.079441541679836,2.3978952727983707,11.002116507732016,7.099201743553092,9.056306352010564,4.804021044733257,2.8903717578961645,0.6931471805599453,8.189130203625064,0.4117647058823529
PRV51360,2.302585092994046,3.044522437723423,11.362114203075018,9.015662792972645,9.164982643586663,6.022236205774735,3.4011973816621555,0.6931471805599453,8.086505761481016,0.3103448275862069
PRV51361,0.0,3.49650756146648,0.0,8.97094039814245,0.0,5.50913526817161,3.49650756146648,0.6931471805599453,5.50913526817161,0.0
PRV51362,1.9459101490553128,3.6635616461296463,11.856522261533735,9.241935933565934,10.064798252418376,5.607928287257451,3.80666248977032,0.6931471805599453,8.143253177079567,0.1363636363636363
PRV51363,0.0,1.3862943611198906,0.0,5.017279836814924,0.0,3.9318256327243257,1.3862943611198906,0.6931471805599453,3.9318256327243257,0.0
PRV51364,1.9459101490553128,2.8903717578961645,10.859018228147889,8.25088114470065,9.067354906294602,5.421835558696079,3.1780538303479458,0.6931471805599453,7.794984302434445,0.2608695652173913
PRV51366,0.0,4.060443010546419,0.0,9.816894269951032,0.0,5.776891618991233,3.9889840465642745,0.7301884522402944,5.776891618991233,0.0
PRV51368,0.0,1.6094379124341005,0.0,6.3473892096560105,0.0,4.966335035199676,1.6094379124341005,0.6931471805599453,4.966335035199676,0.0
PRV51369,0.0,7.642044402873258,0.0,13.307864872829908,0.0,5.669753446184849,6.871091294610546,1.1515311216569817,5.669753446184849,0.0
PRV51371,2.4849066497880004,3.58351893845611,11.331415578682629,9.18307194482199,8.933640201335567,5.631211781821365,3.828641396489095,0.7041970167465301,7.613604060293393,0.2391304347826087
PRV51376,0.0,3.951243718581428,0.0,9.874110233825451,0.0,5.944855825391295,3.8918202981106265,0.723918839226699,5.944855825391295,0.0
PRV51377,1.3862943611198906,4.532599493153256,11.53273789613992,9.99656797555214,10.434145214930489,5.478916426202448,4.553876891600541,0.6984522327896385,7.174522790378991,0.031578947368421
PRV51378,4.691347882229144,3.9889840465642745,13.999498226023698,9.500843461614666,9.317456013166362,5.534433018935514,4.897839799950911,0.7932306391169278,8.92928721133649,0.6708074534161491
PRV51379,1.0986122886681098,3.044522437723423,9.472781556562168,8.754791763700032,8.77971129020447,5.762051382780177,3.1354942159291497,0.6931471805599453,6.780025207921701,0.0909090909090909
PRV51380,1.6094379124341005,1.6094379124341005,10.839600519357369,6.329720905522696,9.453364978883542,4.948759890378168,2.19722457733622,0.6931471805599453,8.771215062375383,0.5
PRV51382,0.0,2.833213344056216,0.0,8.830689198760998,0.0,6.060290738037835,2.833213344056216,0.6931471805599453,6.060290738037835,0.0
PRV51383,2.302585092994046,4.23410650459726,11.39640288460621,9.87770809954864,9.199268189860916,5.661631983696114,4.356708826689592,0.6931471805599453,7.251317351047919,0.1168831168831168
PRV51386,0.0,5.948034989180646,0.0,11.506112308036982,0.0,5.564520407322694,5.616771097666572,0.8730326825560188,5.564520407322694,0.0
PRV51387,2.6390573296152584,3.8501476017100575,11.472113887062386,9.821246597152218,8.907289520487094,5.995045085843478,3.951243718581428,0.7686547330680904,7.570609235136216,0.2203389830508474
PRV51388,2.70805020110221,4.290459441148391,11.976665770490769,10.373834872713369,9.337690198025374,6.099384285160731,4.406719247264253,0.7235446577443163,7.706183902306288,0.1627906976744186
PRV51389,2.9444389791664403,4.127134385045092,11.820417517632333,9.768297642474444,8.930170751005322,5.660852157180563,4.356708826689592,0.7060505853958532,7.572327160844107,0.2278481012658227
PRV51390,5.10594547390058,4.718498871295094,14.271415896704546,10.297588330565242,9.171652784978578,5.591759842996613,5.537334267018537,0.7357067949787413,8.67344141012966,0.5963636363636363
PRV51391,2.6390573296152584,5.10594547390058,11.283524879179666,11.080618310893968,8.718726451825198,5.983260252022413,5.117993812416755,0.7257426588093967,6.705417784007261,0.0734463276836158
PRV51392,0.0,2.8903717578961645,0.0,7.415175109613295,0.0,4.591548417766993,2.772588722239781,0.7576857016975165,4.591548417766993,0.0
PRV51393,4.23410650459726,6.736966958001855,13.480039220276565,12.161969231369897,9.26062521687296,5.4305741942906005,5.799092654460526,1.3260021308637706,6.904761791978316,0.0747252747252747
PRV51394,0.0,1.6094379124341005,0.0,6.133398042996649,0.0,4.7535901911063645,1.6094379124341005,0.6931471805599453,4.7535901911063645,0.0
PRV51395,0.0,3.044522437723423,0.0,9.249657234353132,0.0,6.255750041753367,3.044522437723423,0.6931471805599453,6.255750041753367,0.0
PRV51396,1.3862943611198906,3.737669618283368,9.305741456739437,8.782783017393202,8.207310953201803,5.075326242640569,3.784189633918261,0.7047080029610213,5.989416997763347,0.0681818181818181
PRV51397,0.0,3.713572066704308,0.0,9.790934566296798,0.0,6.1042350409408215,3.713572066704308,0.6931471805599453,6.1042350409408215,0.0
PRV51398,0.6931471805599453,4.454347296253507,8.294299608857235,10.205109511721597,8.294299608857235,5.765559834352445,4.0943445622221,0.8991962985148549,5.891451465511448,0.0116279069767441
PRV51399,4.189654742026425,4.990432586778736,13.474991544174449,11.803136836047733,9.30069423355824,6.8206143792835086,5.298317366548036,0.7228523349738611,8.295566261961316,0.3080568720379147
PRV51401,2.19722457733622,3.555348061489413,11.264476926102368,9.51199931135876,9.18512512283512,5.988076461079896,3.7612001156935615,0.6931471805599453,7.687101999144392,0.1904761904761904
PRV51403,2.3978952727983707,4.653960350157523,12.445093483000798,10.043727641450571,10.142543822310389,5.403802874394014,4.624972813284271,0.7555175112864033,7.796021890037679,0.087719298245614
PRV51404,0.6931471805599453,4.07753744390572,9.39274525863144,9.761405420601672,9.39274525863144,5.70424213910925,4.0943445622221,0.6931471805599453,6.211518585024116,0.0169491525423728
PRV51405,1.0986122886681098,3.871201010907891,9.105090961257083,9.596350792250211,8.412054873292933,5.749325223753391,3.871201010907891,0.7142005897577777,6.183896386938161,0.0408163265306122
PRV51406,2.19722457733622,3.091042453358316,11.461642696843066,9.13356731317027,9.382274835883653,6.09120214087197,3.4011973816621555,0.6931471805599453,8.18762534043577,0.2758620689655172
PRV51408,0.0,2.772588722239781,0.0,7.237778191923443,0.0,4.539742380665636,2.772588722239781,0.6931471805599453,4.539742380665636,0.0
PRV51409,0.0,1.6094379124341005,0.0,5.707110264748875,0.0,4.330733340286331,1.6094379124341005,0.6931471805599453,4.330733340286331,0.0
PRV51410,0.0,6.444131256700441,0.0,12.08701317057165,0.0,5.647998163139107,5.231108616854587,1.476213692289339,5.647998163139107,0.0
PRV51412,0.0,1.791759469228055,0.0,6.089044875446846,0.0,4.48863636973214,1.791759469228055,0.6931471805599453,4.48863636973214,0.0
PRV51414,1.3862943611198906,3.258096538021482,10.239995502805316,7.710205194432532,9.141454637606987,4.502029427068578,3.367295829986474,0.6931471805599453,6.985311381129576,0.1071428571428571
PRV51415,2.079441541679836,3.80666248977032,10.778977123006351,9.660842578559068,8.833191963535402,5.879389620970927,3.9318256327243257,0.7030975114131134,7.130757643859423,0.1372549019607843
PRV51416,0.0,4.406719247264253,0.0,10.151947911834128,0.0,5.760613903172133,4.382026634673881,0.7057259627668054,5.760613903172133,0.0
PRV51418,2.8903717578961645,3.80666248977032,12.07824495582233,9.498597279178806,9.245122516208562,5.717625608748398,4.127134385045092,0.6931471805599453,8.04074787537791,0.2786885245901639
PRV51419,1.0986122886681098,4.158883083359672,9.741027444837728,9.564582358673212,9.04793908261736,5.425788767792684,4.174387269895637,0.7009293210020002,6.177465225063876,0.0307692307692307
PRV51421,4.442651256490317,4.02535169073515,13.66932920519293,9.941794386690717,9.238608466439327,5.9370563586240825,4.912654885736052,0.7078533279496408,8.75877746124694,0.60431654676259
PRV51422,1.6094379124341005,3.091042453358316,10.5713425658087,9.20341645690336,9.18512512283512,6.160905889891739,3.258096538021482,0.6931471805599453,7.579780962919971,0.16
PRV51423,0.0,0.6931471805599453,0.0,3.9318256327243257,0.0,3.9318256327243257,0.6931471805599453,0.6931471805599453,3.9318256327243257,0.0
PRV51424,0.6931471805599453,4.454347296253507,8.699681400989514,10.07200594918639,8.699681400989514,5.632897057130705,4.418840607796598,0.7172447321390059,5.846438775057725,0.0116279069767441
PRV51425,1.3862943611198906,3.4339872044851463,9.305741456739437,9.615205300012317,8.207310953201803,6.215940543655971,3.5263605246161616,0.6931471805599453,6.670228479880162,0.0909090909090909
PRV51426,1.9459101490553128,5.303304908059076,11.571203807011967,10.57390332109398,9.7794915060378,5.280662431309316,4.5217885770490405,1.1828726322858496,6.558720973790966,0.029126213592233
PRV51427,1.791759469228055,3.9889840465642745,10.545367754151744,9.941313062076109,8.936035096566041,5.973521510455572,4.04305126783455,0.7108467576593462,6.921930200473785,0.0862068965517241
PRV51428,1.6094379124341005,4.143134726391533,10.34177474101152,9.743377484107391,8.955577146281511,5.619816309670809,4.204692619390966,0.6931471805599453,6.5915074464127645,0.0606060606060606
PRV51429,0.0,2.3978952727983707,0.0,7.00397413672268,0.0,4.709530201312334,2.3978952727983707,0.6931471805599453,4.709530201312334,0.0
PRV51430,2.8903717578961645,4.564348191467836,12.133507329024972,10.229223792606836,9.300380002312057,5.678734535787029,4.624972813284271,0.7461716488681657,7.554353531924616,0.1517857142857142
PRV51431,3.258096538021482,3.218875824868201,12.301387370778713,9.724420693462667,9.082620630373812,6.54774143377789,3.7612001156935615,0.7731898882334818,8.483019963149454,0.5102040816326531
PRV51432,2.079441541679836,2.833213344056216,10.933124826700707,8.092851027538384,8.987321812850125,5.3248375763574325,3.1780538303479458,0.6931471805599453,7.854752318244087,0.3043478260869565
PRV51433,0.0,7.384610383176974,0.0,13.027241379892606,0.0,5.646784807851912,6.760414691083428,1.0535275479138884,5.646784807851912,0.0
PRV51434,3.218875824868201,4.3694478524670215,12.464587201678082,9.975389521825209,9.286622170133342,5.622257187022441,4.584967478670572,0.7185938462211096,7.919684122624803,0.2352941176470588
PRV51435,1.9459101490553128,2.8903717578961645,10.247112717290388,8.598035579260339,8.45553053102413,5.767769373089704,3.1780538303479458,0.6931471805599453,7.288066073729632,0.2608695652173913
PRV51436,3.258096538021482,4.564348191467836,12.049424683420916,10.017307188735588,8.830689198760998,5.467615894126492,4.762173934797756,0.7102416139192453,7.385696075412351,0.2083333333333333
PRV51437,0.0,1.0986122886681098,0.0,6.78105762593618,0.0,6.089044875446846,1.0986122886681098,0.6931471805599453,6.089044875446846,0.0
PRV51438,1.0986122886681098,2.079441541679836,9.61587214452889,8.414274137408396,8.922791623969637,6.469693186599291,2.302585092994046,0.6931471805599453,7.681919051810391,0.2222222222222222
PRV51439,0.0,3.7612001156935615,0.0,9.618535084655214,0.0,5.883587640479224,3.737669618283368,0.7052685410922901,5.883587640479224,0.0
PRV51440,2.079441541679836,4.174387269895637,11.289794413577894,10.18039933305852,9.343959260772804,6.023901485093797,4.276666119016055,0.6931471805599453,7.312760187317915,0.0985915492957746
PRV51441,0.0,4.454347296253507,0.0,10.279558178234838,0.0,5.839786298498221,4.382026634673881,0.7304185753571769,5.839786298498221,0.0
PRV51442,1.0986122886681098,1.6094379124341005,10.12667110305036,6.878326468291325,9.433563920090563,5.495116942522644,1.9459101490553128,0.6931471805599453,8.373168844554627,0.3333333333333333
PRV51443,1.0986122886681098,4.276666119016055,9.39274525863144,9.994287576862568,8.699681400989514,5.734798803915055,4.290459441148391,0.7000676234045191,6.1428619293244,0.0273972602739726
PRV51444,1.6094379124341005,3.6635616461296463,11.06665398721974,9.202409001649904,9.680406499268877,5.568545367475743,3.713572066704308,0.7178397931503169,7.473637108496206,0.0952380952380952
PRV51446,2.5649493574615367,2.5649493574615367,11.451060699493429,8.128880142125638,8.966271062890819,5.647212123167807,3.218875824868201,0.6931471805599453,8.308671386119808,0.5
PRV51447,2.833213344056216,4.30406509320417,12.413090879946887,10.06010661197771,9.640563131210074,5.77272055012133,4.394449154672439,0.7478720802491919,8.015609374485043,0.1797752808988764
PRV51448,2.4849066497880004,3.713572066704308,11.53273789613992,9.514215624322716,9.13494065679064,5.8282100530312535,3.871201010907891,0.7348198769605133,7.726074252977704,0.2156862745098039
PRV51449,2.302585092994046,2.19722457733622,11.141876276228,6.660575149839686,8.944767632519909,4.590056548178043,2.8903717578961645,0.6931471805599453,8.32013296382789,0.5294117647058824
PRV51451,0.0,1.9459101490553128,0.0,7.065613363597717,0.0,5.278114659230517,1.9459101490553128,0.6931471805599453,5.278114659230517,0.0
PRV51453,0.0,2.5649493574615367,0.0,8.865170419651774,0.0,6.3818160174060985,2.5649493574615367,0.6931471805599453,6.3818160174060985,0.0
PRV51454,0.0,3.555348061489413,0.0,9.271529540288606,0.0,5.748268337242383,3.49650756146648,0.723918839226699,5.748268337242383,0.0
PRV51455,2.302585092994046,3.258096538021482,11.578722568760275,8.832149906002899,9.381572894284444,5.616771097666572,3.555348061489413,0.6931471805599453,8.11481742402418,0.2647058823529412
PRV51456,4.727387818712341,3.1780538303479458,13.851544467880638,7.741099090035366,9.133152662295538,4.61512051684126,4.8283137373023015,0.7365464960945008,8.94861479239496,0.8296296296296296
PRV51458,0.0,4.04305126783455,0.0,9.42875274891449,0.0,5.407812181344318,4.02535169073515,0.7021970160798632,5.407812181344318,0.0
PRV51459,0.0,9.016876974763385,0.0,14.65789249784702,0.0,5.644678995073355,7.957877358489813,1.3569026782697906,5.644678995073355,0.0
PRV51460,2.8903717578961645,6.077642243349034,12.264346270624156,11.715711194896535,9.43120839506224,5.64390230746541,6.025865973825314,0.7392819139708466,6.608000625296087,0.0376106194690265
PRV51462,0.0,3.4339872044851463,0.0,9.151757414543884,0.0,5.753630280383769,3.4011973816621555,0.7102416139192453,5.753630280383769,0.0
PRV51464,0.0,4.983606621708336,0.0,10.559218391085642,0.0,5.586214933020693,4.969813299576001,0.7001158498760386,5.586214933020693,0.0
PRV51465,0.6931471805599453,1.9459101490553128,8.006700845440367,6.803505257608338,8.006700845440367,5.017279836814924,2.079441541679836,0.6931471805599453,6.324614945999757,0.1428571428571428
PRV51466,1.791759469228055,4.248495242049359,10.645448706505872,9.67161854490356,9.036106025364846,5.4417901216973785,4.276666119016055,0.714053865379259,6.6629946173548005,0.0675675675675675
PRV51467,2.079441541679836,2.9444389791664403,11.167628403875849,8.149312843635345,9.221802995795674,5.263840937018064,3.258096538021482,0.6931471805599453,7.996788501203253,0.28
PRV51468,2.772588722239781,4.976733742420574,11.542493975902508,10.482093312723077,8.834579686574349,5.516280857820704,5.0238805208462765,0.7192924606642677,6.772094036728579,0.0943396226415094
PRV51469,0.0,3.367295829986474,0.0,9.143238568435446,0.0,5.813917289474328,3.367295829986474,0.6931471805599453,5.813917289474328,0.0
PRV51470,1.3862943611198906,3.218875824868201,10.085850775128716,9.357984213888743,8.987321812850125,6.181912715584049,3.332204510175204,0.6931471805599453,7.184741464945426,0.1111111111111111
PRV51471,5.087596335232384,2.995732273553991,14.281945953629783,8.976009475021396,9.200641941070575,6.033843224105959,5.159055299214529,0.7131764624355179,9.09404997178502,0.8944444444444445
PRV51472,0.0,2.833213344056216,0.0,7.682943169878292,0.0,4.917239946496703,2.833213344056216,0.6931471805599453,4.917239946496703,0.0
PRV51474,3.737669618283368,3.4339872044851463,12.900221823922582,9.292933670280036,9.186749652079016,5.8944028342648505,4.189654742026425,0.7382676158404149,8.664473645112556,0.5774647887323944
PRV51475,2.4849066497880004,3.49650756146648,11.05407540279458,9.20341645690336,8.656338342824435,5.740797230833502,3.7612001156935615,0.704981638206948,7.439381663754023,0.2558139534883721
PRV51476,1.3862943611198906,2.772588722239781,9.305741456739437,9.1248914101437,8.207310953201803,6.418364935936212,2.9444389791664403,0.6931471805599453,7.022967110690337,0.1666666666666666
PRV51477,0.0,3.1354942159291497,0.0,9.204422898212146,0.0,6.115490680274913,3.1354942159291497,0.6931471805599453,6.115490680274913,0.0
PRV51478,0.0,2.8903717578961645,0.0,8.27664912542186,0.0,5.447497731606631,2.833213344056216,0.723918839226699,5.447497731606631,0.0
PRV51479,2.6390573296152584,5.375278407684165,11.302216779257382,10.889882538083198,8.737415557142443,5.523226799635318,5.384495062789089,0.7181769286257806,6.382632023029888,0.0570175438596491
PRV51480,0.0,7.562681246721884,0.0,13.231900956971204,0.0,5.6731803702213845,6.633318433280377,1.2626890730299942,5.6731803702213845,0.0
PRV51482,2.4849066497880004,4.394449154672439,12.144202560946876,10.324530690607611,9.746360477940334,5.94509332992586,4.51085950651685,0.6986873609355606,7.783960924239881,0.1208791208791208
PRV51483,1.9459101490553128,4.276666119016055,10.645448706505872,9.820160289946374,8.853808274977197,5.561277336538004,4.330733340286331,0.7063924073099659,6.666212984594849,0.0779220779220779
PRV51484,1.0986122886681098,4.442651256490317,9.210440366976515,9.51569044208137,8.517393171418904,5.090970999134912,4.330733340286331,0.7639162514481526,5.6170247652788055,0.0232558139534883
PRV51486,0.0,5.3706380281276624,0.0,10.890441759661355,0.0,5.528427250727012,4.890349128221754,0.9636368524713532,5.528427250727012,0.0
PRV51487,0.0,2.6390573296152584,0.0,9.13140538388804,0.0,6.567753744787494,2.5649493574615367,0.7339691750802004,6.567753744787494,0.0
PRV51488,1.3862943611198906,5.598421958998375,9.61587214452889,11.450315749157804,8.517393171418904,5.858453465195016,5.564520407322694,0.7159618583261167,5.995152590847542,0.0110294117647058
PRV51490,3.8918202981106265,2.833213344056216,12.978495316450784,9.112837790614943,9.107402844436294,6.341901324079568,4.04305126783455,0.7621400520468967,8.84048519917502,0.75
PRV51491,2.19722457733622,4.158883083359672,10.757924157061597,9.92725290608639,8.678631537293768,5.7871408029009785,4.158883083359672,0.7547050735593787,6.857958270086455,0.1126760563380281
PRV51492,2.70805020110221,4.219507705176107,11.798111925972618,9.77286620732769,9.15915233520675,5.571927004536174,4.394449154672439,0.6993777303105814,7.52813926178616,0.1728395061728395
PRV51494,0.0,3.6635616461296463,0.0,9.767152232578873,0.0,6.131684050689934,3.6375861597263857,0.706570200892086,6.131684050689934,0.0
PRV51495,4.51085950651685,3.951243718581428,13.635188201437066,9.2771575450135,9.13548511212554,5.349997840873721,4.852030263919617,0.7467998940522654,8.699314964661408,0.6382978723404256
PRV51496,0.0,4.820281565605037,0.0,10.283669040109793,0.0,5.475646808649763,4.663439094112067,0.7753852787969175,5.475646808649763,0.0
PRV51497,1.6094379124341005,2.4849066497880004,11.53273789613992,7.692113339595466,10.146472946063875,5.298771808728091,2.772588722239781,0.6931471805599453,8.846065190692881,0.2666666666666666
PRV51499,1.0986122886681098,6.159095388491933,9.61587214452889,11.718646115192415,8.922791623969637,5.565494022432219,5.834810737062605,0.871305635957346,5.676074420046301,0.0042194092827004
PRV51500,0.0,2.19722457733622,0.0,7.00397413672268,0.0,4.930870325627393,2.19722457733622,0.6931471805599453,4.930870325627393,0.0
PRV51501,5.41164605185504,2.3978952727983707,14.543291505398246,6.7226297948554485,9.136226949652382,4.430816798843313,5.384495062789089,0.7293502292239058,9.09276584462335,0.9570815450643776
PRV51502,0.0,3.4657359027997265,0.0,9.03491498187007,0.0,5.604496660544846,3.4657359027997265,0.6931471805599453,5.604496660544846,0.0
PRV51503,0.0,4.060443010546419,0.0,10.088763075406442,0.0,6.0480355564908965,3.970291913552122,0.7401041636477165,6.0480355564908965,0.0
PRV51504,0.0,4.859812404361672,0.0,10.471383252907115,0.0,5.622945180549127,4.820281565605037,0.7132685837593664,5.622945180549127,0.0
PRV51505,0.0,2.772588722239781,0.0,7.796057974316123,0.0,5.093750200806762,2.772588722239781,0.6931471805599453,5.093750200806762,0.0
PRV51507,1.9459101490553128,6.915723448631314,10.66897865021924,12.592494238143876,8.877335450597279,5.681175322524907,6.588926477533519,0.8735154995294869,5.811173503930678,0.0059230009871668
PRV51508,2.5649493574615367,5.25227342804663,12.095705171506136,11.00128284088368,9.610859937691332,5.757406384382034,5.2574953720277815,0.7215361838226313,7.077004971335692,0.0594059405940594
PRV51509,0.0,6.93828448401696,0.0,12.682713574090862,0.0,5.748588754369964,6.202535517187923,1.1279281788524718,5.748588754369964,0.0
PRV51510,0.0,4.060443010546419,0.0,9.9045370016717,0.0,5.864278892419028,3.970291913552122,0.7401041636477165,5.864278892419028,0.0
PRV51511,0.0,2.833213344056216,0.0,9.078065332666364,0.0,6.307187279715285,2.833213344056216,0.6931471805599453,6.307187279715285,0.0
PRV51514,3.091042453358316,4.290459441148391,12.302296044586472,9.85329891095284,9.257864428847482,5.580358559109732,4.48863636973214,0.7211602167876194,7.852928104382571,0.2258064516129032
PRV51515,1.791759469228055,3.784189633918261,10.59665973278358,9.45727857185611,8.987321812850125,5.699354079119494,3.8918202981106265,0.6931471805599453,7.00397413672268,0.1041666666666666
PRV51516,1.3862943611198906,3.6375861597263857,10.12667110305036,9.019300924562506,9.028138807982804,5.412731370020061,3.688879454113936,0.705886206337375,6.724433221854599,0.075
PRV51517,0.0,2.4849066497880004,0.0,8.698013622083925,0.0,6.301786128191142,2.4849066497880004,0.6931471805599453,6.301786128191142,0.0
PRV51518,1.791759469228055,3.8918202981106265,10.404293143019792,9.298442820197728,8.79497643168877,5.43153621033426,3.8918202981106265,0.7439195059333685,6.721039174632789,0.0943396226415094
PRV51521,0.0,3.8501476017100575,0.0,8.996032669324372,0.0,5.17295130445661,3.688879454113936,0.77908961036067,5.17295130445661,0.0
PRV51522,2.5649493574615367,5.187385805840755,11.842236406331557,11.124037198666844,9.35740888953378,5.944861595984812,5.135798437050262,0.7534236735652053,6.993305062047778,0.0631578947368421
PRV51523,4.110873864173311,1.791759469228055,13.504902345124338,6.698268054115413,9.410638270685531,5.093750200806762,4.189654742026425,0.6931471805599453,9.33170672347085,0.9230769230769232
PRV51525,1.791759469228055,4.04305126783455,10.933124826700707,9.89197149657488,9.32375833901174,5.869397795857694,4.127134385045092,0.6931471805599453,7.1253885948275695,0.081967213114754
PRV51526,2.079441541679836,2.6390573296152584,10.474495347310452,8.955577146281511,8.528754670631548,6.392174778944144,3.044522437723423,0.6931471805599453,7.677168814995532,0.35
PRV51527,0.0,3.737669618283368,0.0,9.42633845512952,0.0,5.715984153248105,3.713572066704308,0.7055697005585024,5.715984153248105,0.0
PRV51528,0.0,2.8903717578961645,0.0,8.805525052709516,0.0,5.974707277997762,2.8903717578961645,0.6931471805599453,5.974707277997762,0.0
PRV51529,0.0,3.1780538303479458,0.0,8.665785595466064,0.0,5.53407665590797,3.1780538303479458,0.6931471805599453,5.53407665590797,0.0
PRV51531,0.0,3.555348061489413,0.0,9.197356444417888,0.0,5.674333470308216,3.1780538303479458,0.9075570519054004,5.674333470308216,0.0
PRV51532,1.9459101490553128,3.295836866004329,11.002116507732016,9.299358068293836,9.210440366976515,6.043545992361486,3.4339872044851463,0.7259370033829363,7.704163898679445,0.1875
PRV51533,2.6390573296152584,3.1780538303479458,11.429554725537322,8.37816098272068,8.864735792934948,5.247710335483771,3.610917912644224,0.6931471805599453,7.89259730338012,0.3611111111111111
PRV51534,0.0,0.6931471805599453,0.0,3.9318256327243257,0.0,3.9318256327243257,0.6931471805599453,0.6931471805599453,3.9318256327243257,0.0
PRV51535,1.0986122886681098,5.958424693029782,10.239995502805316,11.444121861285282,9.546884034617923,5.4924002298831605,5.726847747587197,0.8188868585544238,5.748621133835611,0.0051546391752577
PRV51536,1.6094379124341005,2.5649493574615367,10.518700218288163,8.423102268016642,9.132486932771318,5.940609753056333,2.833213344056216,0.6931471805599453,7.862449082139237,0.25
PRV51539,4.248495242049359,6.152732694704104,13.504929629844488,11.705370604935034,9.2709158877276,5.558621120248698,6.192362489474872,0.7431076198775678,7.370738504919636,0.1282527881040892
PRV51540,2.079441541679836,3.8918202981106265,10.950824090522444,9.204422898212146,9.005019197238754,5.337938640491773,4.007333185232471,0.7023638356648694,7.105040083490238,0.1272727272727272
PRV51541,0.0,3.951243718581428,0.0,9.404343433543977,0.0,5.47662762084082,3.951243718581428,0.6931471805599453,5.47662762084082,0.0
PRV51542,4.543294782270004,3.044522437723423,13.76474449298792,9.55824698622306,9.232241786211429,6.563855526532128,4.584967478670572,0.7723965522140859,9.0522603007765,0.8230088495575221
PRV51544,3.828641396489095,5.241747015059643,12.969214528909768,10.8425373215308,9.162654597743623,5.609744534856636,5.429345628954441,0.706276472001738,7.631300527818771,0.1931330472103004
PRV51546,2.302585092994046,3.332204510175204,11.552155793461898,8.843759381917984,9.355008135504592,5.551666759919312,3.58351893845611,0.7073318155519017,8.033460188610697,0.25
PRV51547,0.0,2.6390573296152584,0.0,7.878912912297133,0.0,5.318496996676203,2.6390573296152584,0.6931471805599453,5.318496996676203,0.0
PRV51549,2.19722457733622,2.6390573296152584,11.225256725762891,8.869398159883518,9.145908511816794,6.306134906516817,3.091042453358316,0.6931471805599453,8.271548374755515,0.3809523809523809
PRV51550,2.833213344056216,3.828641396489095,11.571203807011967,9.800402224452805,8.798756582859841,5.996175654615879,3.9889840465642745,0.7659065348423736,7.61797716500465,0.2622950819672131
PRV51551,1.791759469228055,3.1780538303479458,11.571203807011967,8.824824939175638,9.961803629358965,5.692560320886274,3.332204510175204,0.7114963192281418,8.301415304018034,0.1785714285714285
PRV51552,2.3978952727983707,3.970291913552122,11.326607934898927,9.309370895439136,9.024131268455037,5.362735688154241,4.143134726391533,0.6931471805599453,7.325000194287639,0.1612903225806451
PRV51553,1.9459101490553128,2.772588722239781,10.491301994830229,8.515391569469609,8.699681400989514,5.810142490647111,3.091042453358316,0.6931471805599453,7.577073164661903,0.2857142857142857
PRV51554,0.6931471805599453,1.791759469228055,9.105090961257083,6.46302945692067,9.105090961257083,4.859812404361672,1.9459101490553128,0.6931471805599453,7.382539131400862,0.1666666666666666
PRV51555,0.0,2.772588722239781,0.0,7.976251943745623,0.0,5.272999558563747,2.772588722239781,0.6931471805599453,5.272999558563747,0.0
PRV51556,2.3978952727983707,3.8501476017100575,11.678448377988165,9.915959454031448,9.375939552625749,6.089537704790023,4.04305126783455,0.6931471805599453,7.811872209924584,0.1785714285714285
PRV51557,0.6931471805599453,2.302585092994046,9.305741456739437,8.655388690167637,9.305741456739437,6.459556628287071,2.3978952727983707,0.6931471805599453,7.423568444259167,0.1
PRV51558,1.791759469228055,3.091042453358316,9.99884318585288,8.261268150577648,8.38958706681109,5.2218990352611305,3.258096538021482,0.712949807856125,6.903747257584598,0.1923076923076923
PRV51560,5.303304908059076,3.6635616461296463,14.480567372602136,9.357984213888743,9.182352335436017,5.723585101952381,5.3230099791384085,0.7731898882334818,9.014360245875084,0.8403361344537815
PRV51562,0.0,3.218875824868201,0.0,8.669227347271736,0.0,5.495116942522644,3.218875824868201,0.6931471805599453,5.495116942522644,0.0
PRV51563,0.0,2.995732273553991,0.0,8.361941906144946,0.0,5.421698737329841,2.995732273553991,0.6931471805599453,5.421698737329841,0.0
PRV51564,0.0,3.218875824868201,0.0,9.116139576577355,0.0,5.940609753056333,3.218875824868201,0.6931471805599453,5.940609753056333,0.0
PRV51566,2.772588722239781,2.4849066497880004,11.373674891823535,8.016647877057803,8.665785595466064,5.622046414878994,3.258096538021482,0.712949807856125,8.150090440013159,0.5769230769230769
PRV51567,0.0,7.398174092970465,0.0,13.05065467853732,0.0,5.656591521263364,6.71901315438526,1.0897053471925011,5.656591521263364,0.0
PRV51568,2.302585092994046,3.912023005428146,11.38510345703214,9.741615472609585,9.187969783621895,5.852612904569893,4.060443010546419,0.7018808605286999,7.501920028026141,0.1551724137931034
PRV51569,0.0,1.791759469228055,0.0,7.313886831633462,0.0,5.707110264748875,1.791759469228055,0.6931471805599453,5.707110264748875,0.0
PRV51570,0.0,0.6931471805599453,0.0,0.0,0.0,0.0,0.6931471805599453,0.6931471805599453,0.0,0.0
PRV51571,0.0,3.1354942159291497,0.0,8.442685139241176,0.0,5.356157366237387,3.1354942159291497,0.6931471805599453,5.356157366237387,0.0
PRV51572,0.6931471805599453,1.3862943611198906,8.517393171418904,6.566672429803241,8.517393171418904,5.470869131746186,1.6094379124341005,0.6931471805599453,7.2643802216708275,0.25
PRV51573,1.791759469228055,4.477336814478207,10.62135173563291,10.155451769658532,9.012011377036412,5.692880349994811,4.343805421853684,0.7932306391169278,6.587999069572115,0.0543478260869565
PRV51574,0.0,8.399535147948004,0.0,14.063784479697452,0.0,5.667934525181395,7.447751280047908,1.278501346087003,5.667934525181395,0.0
PRV51576,1.791759469228055,4.110873864173311,11.050905878263569,10.45682653965135,9.441531454869692,6.364176868744338,4.189654742026425,0.6931471805599453,7.316752603002669,0.0769230769230769
PRV51577,0.0,0.6931471805599453,0.0,7.650168700845001,0.0,7.650168700845001,0.6931471805599453,0.6931471805599453,7.650168700845001,0.0
PRV51578,4.812184355372417,7.229113877793302,14.053740534718278,12.88390566056152,9.249814836034124,5.659006738249854,7.155396301896734,0.7755908497710199,7.011766885270651,0.0813333333333333
PRV51579,2.9444389791664403,4.007333185232471,12.371591321286903,9.365718869155696,9.481291594389525,5.381261842921531,4.204692619390966,0.7375989431307791,8.14351740579748,0.25
PRV51580,0.0,1.3862943611198906,0.0,7.444833273892193,0.0,6.3473892096560105,1.3862943611198906,0.6931471805599453,6.3473892096560105,0.0
PRV51582,0.6931471805599453,1.3862943611198906,9.39274525863144,7.771067086065406,9.39274525863144,6.673297967767654,1.6094379124341005,0.6931471805599453,8.186881936908497,0.25
PRV51583,1.0986122886681098,3.828641396489095,9.61587214452889,9.766005509214866,8.922791623969637,5.961864077331692,3.8501476017100575,0.703958096664161,6.53813982376767,0.0425531914893617
PRV51584,2.6390573296152584,4.248495242049359,11.976665770490769,9.467382808295852,9.411791881404872,5.23852120581076,4.3694478524670215,0.7184649885442351,7.648600273539563,0.1585365853658536
PRV51585,1.6094379124341005,1.0986122886681098,11.251573687764475,4.394449154672439,9.865318286418624,3.713572066704308,1.9459101490553128,0.6931471805599453,9.460917491474722,0.6666666666666666
PRV51586,1.9459101490553128,1.0986122886681098,11.184435286790633,6.236369590203704,9.39274525863144,5.545177444479562,2.19722457733622,0.6931471805599453,9.112148544209647,0.75
PRV51587,0.0,1.791759469228055,0.0,7.313886831633462,0.0,5.707110264748875,1.791759469228055,0.6931471805599453,5.707110264748875,0.0
PRV51588,1.3862943611198906,2.079441541679836,10.968215530759236,6.066108090103747,9.86963772366073,4.1340230460402765,2.302585092994046,0.7472144018302211,8.67317077287059,0.3
PRV51590,4.406719247264253,1.3862943611198906,13.568331709230735,5.942799375126701,9.173984981959764,4.8494227005125365,4.418840607796598,0.7052685410922901,9.1381075636802,0.9642857142857144
PRV51592,0.0,1.3862943611198906,0.0,3.4339872044851463,0.0,2.3978952727983707,1.3862943611198906,0.6931471805599453,2.3978952727983707,0.0
PRV51593,2.5649493574615367,3.7612001156935615,11.842236406331557,9.305741456739437,9.35740888953378,5.571791844560622,4.007333185232471,0.6931471805599453,7.929766461729666,0.2222222222222222
PRV51595,0.6931471805599453,3.1780538303479458,8.517393171418904,9.17585244151751,8.517393171418904,6.042632833682381,3.1354942159291497,0.7375989431307791,6.41645991426878,0.0416666666666666
PRV51596,1.3862943611198906,3.871201010907891,10.373522431293592,9.193295937366925,9.274972638719497,5.347816499198069,3.9318256327243257,0.6931471805599453,6.730540659556327,0.06
PRV51598,4.127134385045092,5.891644211825772,13.4269040418477,11.528119449552388,9.316118669203592,5.642780935093128,5.991464547107982,0.7215616925625647,7.521982344274655,0.1445497630331753
PRV51599,1.3862943611198906,1.0986122886681098,9.680406499268877,5.351858133476067,8.58191919497788,4.663439094112067,1.791759469228055,0.6931471805599453,8.084254106307318,0.6
PRV51600,1.3862943611198906,4.672828834461906,9.105090961257083,10.205479252168017,8.006700845440367,5.54591420130947,4.6443908991413725,0.7218572864423767,5.804333277027309,0.0275229357798165
PRV51601,0.0,2.70805020110221,0.0,8.213652703029998,0.0,5.578111266150811,2.70805020110221,0.6931471805599453,5.578111266150811,0.0
PRV51602,2.5649493574615367,3.332204510175204,11.184435286790633,8.609042845046117,8.699681400989514,5.317938423258153,3.6635616461296463,0.7062192621272981,7.594716700454996,0.3076923076923077
PRV51604,3.9318256327243257,5.634789603169249,13.332625923631754,11.296149100034178,9.420682331453184,5.668384314806257,5.552959584921617,0.8242437046817928,7.659685945347465,0.1519756838905775
PRV51605,1.791759469228055,4.219507705176107,10.203629181337648,9.903037451255743,8.594339400592892,5.701640879595081,4.262679877041316,0.7073318155519017,6.48255504129977,0.0694444444444444
PRV51606,2.3978952727983707,3.610917912644224,10.950824090522444,9.116139576577355,8.648396877031582,5.536458993439681,3.828641396489095,0.7041970167465301,7.270978302593808,0.217391304347826
PRV51607,0.6931471805599453,2.70805020110221,9.546884034617923,7.252053951852814,9.546884034617923,4.622167762356662,2.772588722239781,0.6931471805599453,6.9356946476713786,0.0666666666666666
PRV51608,2.302585092994046,3.367295829986474,11.170449240431308,8.87360810154911,8.973337331217172,5.545177444479562,3.6375861597263857,0.6931471805599453,7.655812852981041,0.2432432432432432
PRV51609,2.5649493574615367,4.158883083359672,11.53273789613992,9.08148374985118,9.04793908261736,4.945376937219517,4.262679877041316,0.7282385003712154,7.298580410350786,0.16
PRV51610,1.3862943611198906,1.3862943611198906,10.66897865021924,5.017279836814924,9.570412871015815,3.9318256327243257,1.9459101490553128,0.6931471805599453,8.880817267443176,0.5
PRV51611,0.0,2.19722457733622,0.0,7.930565854233965,0.0,5.853638230200579,2.19722457733622,0.6931471805599453,5.853638230200579,0.0
PRV51612,1.9459101490553128,2.079441541679836,11.097425172408933,6.647688373563329,9.305741456739437,4.709530201312334,2.6390573296152584,0.6931471805599453,8.544254478656901,0.4615384615384615
PRV51613,1.6094379124341005,2.8903717578961645,9.798182590890704,7.804251383528112,8.412054873292933,4.9775447724731405,3.091042453358316,0.6931471805599453,6.882242091717198,0.1904761904761904
PRV51614,5.003946305945459,4.795790545596741,14.18431237326354,10.171642709679686,9.187201754013165,5.38869113989754,5.497168225293202,0.743308146863156,8.611429524840299,0.5522388059701493
PRV51616,0.0,3.295836866004329,0.0,8.71948076085107,0.0,5.465460204668948,3.295836866004329,0.6931471805599453,5.465460204668948,0.0
PRV51617,2.4849066497880004,2.4849066497880004,11.599112335481124,7.7279755421055585,9.20130880075228,5.334473949486018,3.1354942159291497,0.6931471805599453,8.528870203514261,0.5
PRV51618,0.6931471805599453,0.0,7.601402334583733,0.0,7.601402334583733,0.0,0.6931471805599453,0.6931471805599453,7.601402334583733,1.0
PRV51619,2.19722457733622,2.4849066497880004,11.225256725762891,8.055475141757274,9.145908511816794,5.660748439417247,2.9444389791664403,0.7205461547480597,8.322189449334665,0.4210526315789473
PRV51620,1.3862943611198906,1.791759469228055,9.90353755128617,7.0825485693553,8.805025252619144,5.476463551931511,2.19722457733622,0.6931471805599453,7.882220574907365,0.375
PRV51621,0.0,2.302585092994046,0.0,6.274762021241939,0.0,4.092490993572778,2.302585092994046,0.6931471805599453,4.092490993572778,0.0
PRV51622,2.302585092994046,4.553876891600541,10.87806606028079,10.793249487064015,8.680992412102484,6.251862886958032,4.553876891600541,0.7399089464679846,6.895967630225711,0.087378640776699
PRV51623,2.079441541679836,2.70805020110221,10.87806606028079,8.11701408773731,8.932269110229447,5.48182869147758,3.091042453358316,0.6931471805599453,7.8951876831274355,0.3333333333333333
PRV51624,0.0,1.791759469228055,0.0,5.771441123130016,0.0,4.174387269895637,1.791759469228055,0.6931471805599453,4.174387269895637,0.0
PRV51625,1.6094379124341005,1.3862943611198906,9.852246888342531,6.042632833682381,8.46611040118692,4.948759890378168,2.079441541679836,0.6931471805599453,7.928508980983468,0.5714285714285714
PRV51626,0.6931471805599453,2.19722457733622,10.463131911491969,7.560601162768557,10.463131911491969,5.484796933490655,2.302585092994046,0.6931471805599453,8.319527851887607,0.1111111111111111
PRV51627,1.3862943611198906,3.1780538303479458,10.5713425658087,8.676075516476429,9.472781556562168,5.544327898935307,3.295836866004329,0.6931471805599453,7.453784683078978,0.1153846153846153
PRV51628,1.0986122886681098,1.6094379124341005,9.472781556562168,5.771441123130016,8.77971129020447,4.394449154672439,1.9459101490553128,0.6931471805599453,7.7057128238944275,0.3333333333333333
PRV51629,3.1354942159291497,0.0,12.269052139516225,0.0,9.178108272384552,0.0,3.044522437723423,0.7419373447293773,9.178108272384552,1.0
PRV51630,0.6931471805599453,1.6094379124341005,0.0,7.528869256642251,0.0,6.144185634125646,1.791759469228055,0.6931471805599453,5.921578419643816,0.2
PRV51631,0.0,1.9459101490553128,0.0,7.313886831633462,0.0,5.525452939131784,1.9459101490553128,0.6931471805599453,5.525452939131784,0.0
PRV51632,1.6094379124341005,3.1354942159291497,9.852246888342531,8.968396191198256,8.46611040118692,5.880024985373773,3.258096538021482,0.712949807856125,6.940892436018559,0.1538461538461538
PRV51634,1.791759469228055,4.74493212836325,9.952325334619427,10.821596630217067,8.343077871169383,6.087651535385842,4.762173934797756,0.7059953230377942,6.394251000794545,0.042016806722689
PRV51635,0.6931471805599453,3.367295829986474,10.085850775128716,8.323851131338817,10.085850775128716,4.998177059174214,3.4011973816621555,0.6931471805599453,6.877971278971685,0.0344827586206896
PRV51636,1.3862943611198906,5.749392985908253,11.19822841866684,11.580780355869482,10.099643526508416,5.837488239723398,5.236441962829949,0.9894815532451526,6.346834842894948,0.0094936708860759
PRV51637,2.079441541679836,3.332204510175204,10.545367754151744,8.601718146485926,8.59961548321485,5.310648432890671,3.555348061489413,0.6931471805599453,7.15355781261665,0.2058823529411764
PRV51638,1.0986122886681098,1.0986122886681098,9.798182590890704,7.820439515262181,9.105090961257083,7.127693699347399,1.6094379124341005,0.6931471805599453,8.541593078239773,0.5
PRV51639,2.5649493574615367,2.8903717578961645,11.58989576532275,8.416488487294606,9.105090961257083,5.586807935607748,3.4011973816621555,0.6931471805599453,8.263848131368906,0.4137931034482758
PRV51640,1.3862943611198906,1.6094379124341005,9.680406499268877,7.307202314764738,8.58191919497788,5.922918004572872,2.079441541679836,0.6931471805599453,7.823874567589306,0.4285714285714285
PRV51641,0.0,2.70805020110221,0.0,7.438971592395862,0.0,4.8075277695424665,2.6390573296152584,0.7308875085427923,4.8075277695424665,0.0
PRV51642,0.6931471805599453,3.367295829986474,8.517393171418904,8.605387202152153,8.517393171418904,5.278114659230517,3.258096538021482,0.7701082216960736,5.89078653797513,0.0344827586206896
PRV51644,0.6931471805599453,3.1780538303479458,8.853808274977197,9.158099260130491,8.853808274977197,6.024920347277307,3.218875824868201,0.6931471805599453,6.533909954629428,0.0416666666666666
PRV51645,0.0,1.791759469228055,0.0,5.638354669333745,0.0,4.04305126783455,1.791759469228055,0.6931471805599453,4.04305126783455,0.0
PRV51647,1.9459101490553128,1.9459101490553128,10.685126264117056,7.123672785204607,8.893481202202043,5.335934230119343,2.5649493574615367,0.6931471805599453,8.228443883004033,0.5
PRV51650,0.0,3.218875824868201,0.0,9.494842393421331,0.0,6.318517561812703,3.1780538303479458,0.7146533857809089,6.318517561812703,0.0
PRV51652,0.0,4.174387269895637,0.0,9.77571099759397,0.0,5.62040086571715,3.912023005428146,0.8355675206017138,5.62040086571715,0.0
PRV51653,0.0,3.218875824868201,0.0,9.051461866908694,0.0,5.876100458438908,3.218875824868201,0.6931471805599453,5.876100458438908,0.0
PRV51654,0.0,1.0986122886681098,0.0,5.3981627015177525,0.0,4.709530201312334,1.0986122886681098,0.6931471805599453,4.709530201312334,0.0
PRV51655,0.0,1.3862943611198906,0.0,4.262679877041316,0.0,3.1918471524802814,1.3862943611198906,0.6931471805599453,3.1918471524802814,0.0
PRV51656,0.0,3.1780538303479458,0.0,8.488999457045455,0.0,5.358020848132511,3.1780538303479458,0.6931471805599453,5.358020848132511,0.0
PRV51657,0.0,1.6094379124341005,0.0,8.232440158470336,0.0,6.846943139585379,1.6094379124341005,0.6931471805599453,6.846943139585379,0.0
PRV51658,0.0,1.791759469228055,0.0,7.479299637782834,0.0,5.872117789475416,1.791759469228055,0.6931471805599453,5.872117789475416,0.0
PRV51660,0.0,1.3862943611198906,0.0,5.198497031265826,0.0,4.110873864173311,1.3862943611198906,0.6931471805599453,4.110873864173311,0.0
PRV51661,0.0,4.90527477843843,0.0,10.769978610857676,0.0,5.87493073085203,4.499809670330265,0.9185354017279788,5.87493073085203,0.0
PRV51664,0.0,2.3978952727983707,0.0,6.673297967767654,0.0,4.382026634673881,2.3978952727983707,0.6931471805599453,4.382026634673881,0.0
PRV51665,0.0,2.772588722239781,0.0,8.24564690087386,0.0,5.541263545158426,2.772588722239781,0.6931471805599453,5.541263545158426,0.0
PRV51666,0.0,0.6931471805599453,0.0,3.9318256327243257,0.0,3.9318256327243257,0.6931471805599453,0.6931471805599453,3.9318256327243257,0.0
PRV51668,0.0,3.6635616461296463,0.0,9.10731047165664,0.0,5.473817464389773,3.332204510175204,0.878550403891308,5.473817464389773,0.0
PRV51669,0.0,4.343805421853684,0.0,9.955178267941482,0.0,5.627999686475776,4.31748811353631,0.706570200892086,5.627999686475776,0.0
PRV51670,0.6931471805599453,6.077642243349034,8.699681400989514,11.6686548979107,8.699681400989514,5.59701611813804,5.659482215759621,0.9260333280729736,5.6446198951556354,0.0022935779816513
PRV51671,0.0,3.688879454113936,0.0,9.046762057999365,0.0,5.387665754189463,3.688879454113936,0.6931471805599453,5.387665754189463,0.0
PRV51672,0.0,1.9459101490553128,0.0,7.7279755421055585,0.0,5.938415326018166,1.9459101490553128,0.6931471805599453,5.938415326018166,0.0
PRV51673,0.0,5.214935757608986,0.0,10.843123648405276,0.0,5.637187195031506,4.356708826689592,1.216876209161844,5.637187195031506,0.0
PRV51674,0.0,1.6094379124341005,0.0,7.244941546337007,0.0,5.860786223465865,1.6094379124341005,0.6931471805599453,5.860786223465865,0.0
PRV51675,0.0,3.367295829986474,0.0,8.947806093057054,0.0,5.61910603192236,3.367295829986474,0.6931471805599453,5.61910603192236,0.0
PRV51676,1.3862943611198906,4.912654885736052,10.819798284210286,10.64354217367223,9.721225993942246,5.741458785958108,4.844187086458591,0.7396671961948381,6.502920407016056,0.0217391304347826
PRV51678,0.0,4.204692619390966,0.0,10.148040283087838,0.0,5.960927235979699,4.174387269895637,0.7086513670959106,5.960927235979699,0.0
PRV51679,1.0986122886681098,3.610917912644224,10.308985993422082,9.150696519048669,9.61587214452889,5.570885801189769,2.833213344056216,1.2163953243244932,6.945405934328529,0.0526315789473684
PRV51681,0.6931471805599453,3.258096538021482,10.839600519357369,9.805378459425809,10.839600519357369,6.587825458980236,3.295836866004329,0.6931471805599453,7.886023563203184,0.0384615384615384
PRV51682,0.0,2.833213344056216,0.0,9.11723775371386,0.0,6.346294039247566,2.833213344056216,0.6931471805599453,6.346294039247566,0.0
PRV51685,0.0,4.02535169073515,0.0,9.378478484253662,0.0,5.375699194561824,3.713572066704308,0.8649974374866045,5.375699194561824,0.0
PRV51687,0.0,2.3978952727983707,0.0,7.836369760545124,0.0,5.537334267018537,1.9459101490553128,0.9808292530117262,5.537334267018537,0.0
PRV51688,1.0986122886681098,2.079441541679836,9.99884318585288,6.493753839851686,9.305741456739437,4.55687989686031,2.302585092994046,0.6931471805599453,7.831529054032306,0.2222222222222222
PRV51689,0.0,0.6931471805599453,0.0,7.438971592395862,0.0,7.438971592395862,0.6931471805599453,0.6931471805599453,7.438971592395862,0.0
PRV51690,2.079441541679836,5.517452896464707,10.859018228147889,11.202056645543111,8.913223454833028,5.691992818872963,5.402677381872279,0.7672551527136671,6.199076337976658,0.0274509803921568
PRV51691,0.0,4.48863636973214,0.0,10.19582128920296,0.0,5.721726572628803,3.912023005428146,1.0281606277174984,5.721726572628803,0.0
PRV51692,0.0,2.4849066497880004,0.0,6.878326468291325,0.0,4.490677186766993,2.4849066497880004,0.6931471805599453,4.490677186766993,0.0
PRV51693,0.0,4.736198448394496,0.0,9.957075711706056,0.0,5.23498166156001,3.951243718581428,1.1680407950998728,5.23498166156001,0.0
PRV51694,0.0,3.295836866004329,0.0,8.689632748355741,0.0,5.435735427053212,3.091042453358316,0.8056251639866355,5.435735427053212,0.0
PRV51695,0.0,6.063785208687608,0.0,11.636743586140785,0.0,5.579061088555121,5.181783550292085,1.2307302534954854,5.579061088555121,0.0
PRV51696,0.0,2.302585092994046,0.0,6.594413459749778,0.0,4.408073343611982,2.302585092994046,0.6931471805599453,4.408073343611982,0.0
PRV51697,0.0,4.158883083359672,0.0,9.980494888896912,0.0,5.840226288727759,4.007333185232471,0.7731898882334818,5.840226288727759,0.0
PRV51698,0.0,2.6390573296152584,0.0,7.555381944240273,0.0,4.996692388127243,2.6390573296152584,0.6931471805599453,4.996692388127243,0.0
PRV51699,0.0,5.3471075307174685,0.0,10.892303576214507,0.0,5.553830834663914,4.882801922586371,0.9537482944090556,5.553830834663914,0.0
PRV51702,0.0,2.3978952727983707,0.0,8.080546965824498,0.0,5.780743515792329,2.3978952727983707,0.6931471805599453,5.780743515792329,0.0
PRV51703,0.0,1.0986122886681098,0.0,4.394449154672439,0.0,3.713572066704308,1.0986122886681098,0.6931471805599453,3.713572066704308,0.0
PRV51704,0.0,0.6931471805599453,0.0,6.398594934535208,0.0,6.398594934535208,0.6931471805599453,0.6931471805599453,6.398594934535208,0.0
PRV51705,0.0,0.6931471805599453,0.0,5.993961427306569,0.0,5.993961427306569,0.6931471805599453,0.6931471805599453,5.993961427306569,0.0
PRV51706,0.0,1.0986122886681098,0.0,5.802118375377063,0.0,5.111987788356544,1.0986122886681098,0.6931471805599453,5.111987788356544,0.0
PRV51707,0.0,2.5649493574615367,0.0,5.602118820879701,0.0,3.157000421150113,2.5649493574615367,0.6931471805599453,3.157000421150113,0.0
PRV51708,0.0,1.6094379124341005,0.0,6.018593214496234,0.0,4.639571612705423,1.6094379124341005,0.6931471805599453,4.639571612705423,0.0
PRV51709,0.0,2.3978952727983707,0.0,7.384610383176974,0.0,5.087596335232384,2.3978952727983707,0.6931471805599453,5.087596335232384,0.0
PRV51710,2.70805020110221,1.3862943611198906,11.703554089007538,4.394449154672439,9.064604190749945,3.3202283191284883,2.8903717578961645,0.6931471805599453,8.871133812263167,0.8235294117647058
PRV51711,0.6931471805599453,0.0,8.294299608857235,0.0,8.294299608857235,0.0,0.6931471805599453,0.6931471805599453,8.294299608857235,1.0
PRV51712,0.0,1.3862943611198906,0.0,6.7580945044277305,0.0,5.661802402415319,1.3862943611198906,0.6931471805599453,5.661802402415319,0.0
PRV51713,0.0,2.6390573296152584,0.0,7.2305631534092925,0.0,4.674265616318269,2.6390573296152584,0.6931471805599453,4.674265616318269,0.0
PRV51715,1.3862943611198906,2.302585092994046,11.097425172408933,7.201170883281678,9.99884318585288,5.009894278871537,2.5649493574615367,0.6931471805599453,8.632781227229499,0.25
PRV51716,0.0,4.418840607796598,0.0,10.044596413496008,0.0,5.641387994881818,4.174387269895637,0.8247235383486646,5.641387994881818,0.0
PRV51718,0.0,2.19722457733622,0.0,7.682943169878292,0.0,5.60672076181307,2.19722457733622,0.6931471805599453,5.60672076181307,0.0
PRV51719,0.0,1.6094379124341005,0.0,8.464003362902119,0.0,7.078341579557671,1.6094379124341005,0.6931471805599453,7.078341579557671,0.0
PRV51720,0.0,1.6094379124341005,0.0,6.580639137284949,0.0,5.198497031265826,1.6094379124341005,0.6931471805599453,5.198497031265826,0.0
PRV51721,0.0,1.791759469228055,0.0,6.523562306149512,0.0,4.919980925828125,1.791759469228055,0.6931471805599453,4.919980925828125,0.0
PRV51722,0.0,0.6931471805599453,0.0,3.4339872044851463,0.0,3.4339872044851463,0.6931471805599453,0.6931471805599453,3.4339872044851463,0.0
PRV51723,0.0,2.833213344056216,0.0,8.58316818033977,0.0,5.813383984571282,2.833213344056216,0.6931471805599453,5.813383984571282,0.0
PRV51724,0.0,1.9459101490553128,0.0,7.816416983691801,0.0,6.0266708028426015,1.9459101490553128,0.6931471805599453,6.0266708028426015,0.0
PRV51725,0.0,1.6094379124341005,0.0,5.25227342804663,0.0,3.881563797943437,1.6094379124341005,0.6931471805599453,3.881563797943437,0.0
PRV51726,0.0,3.091042453358316,0.0,8.823353485113792,0.0,5.781771793517895,3.091042453358316,0.6931471805599453,5.781771793517895,0.0
PRV51727,0.0,1.3862943611198906,0.0,7.576097340623111,0.0,6.478509642208569,1.3862943611198906,0.6931471805599453,6.478509642208569,0.0
PRV51729,0.0,2.995732273553991,0.0,8.227108234348146,0.0,5.287469264397737,2.995732273553991,0.6931471805599453,5.287469264397737,0.0
PRV51731,0.0,3.6635616461296463,0.0,9.073489189226986,0.0,5.440136687634958,3.6635616461296463,0.6931471805599453,5.440136687634958,0.0
PRV51732,0.0,2.5649493574615367,0.0,8.848078421168667,0.0,6.364750756851911,2.5649493574615367,0.6931471805599453,6.364750756851911,0.0
PRV51733,0.0,1.0986122886681098,0.0,4.262679877041316,0.0,3.58351893845611,1.0986122886681098,0.6931471805599453,3.58351893845611,0.0
PRV51734,0.0,3.044522437723423,0.0,8.974744612722734,0.0,5.981414211254481,3.044522437723423,0.6931471805599453,5.981414211254481,0.0
PRV51735,0.0,1.6094379124341005,0.0,5.860786223465865,0.0,4.483002552013883,1.6094379124341005,0.6931471805599453,4.483002552013883,0.0
PRV51736,0.0,3.091042453358316,0.0,8.634264863002075,0.0,5.593294196016553,3.091042453358316,0.6931471805599453,5.593294196016553,0.0
PRV51737,0.0,5.030437921392435,0.0,10.825780236605915,0.0,5.804897147360808,4.672828834461906,0.8895204908095503,5.804897147360808,0.0
PRV51738,0.0,2.833213344056216,0.0,6.746412128573375,0.0,3.991296186322654,2.70805020110221,0.7621400520468967,3.991296186322654,0.0
PRV51739,0.0,4.31748811353631,0.0,9.525224101853109,0.0,5.2264729429004735,4.290459441148391,0.706940502692281,5.2264729429004735,0.0
PRV51740,0.0,4.060443010546419,0.0,9.547598014371232,0.0,5.508535639923146,3.951243718581428,0.750305594399894,5.508535639923146,0.0
PRV51741,0.0,3.58351893845611,0.0,8.55468163582723,0.0,5.005862015343598,3.555348061489413,0.7077459799810979,5.005862015343598,0.0
PRV51742,0.0,2.6390573296152584,0.0,7.9483852851118995,0.0,5.387665754189463,2.6390573296152584,0.6931471805599453,5.387665754189463,0.0
PRV51743,0.0,4.77912349311153,0.0,10.288103485908332,0.0,5.521393118953783,4.7535901911063645,0.7061063252024505,5.521393118953783,0.0
PRV51744,0.0,1.791759469228055,0.0,6.493753839851686,0.0,4.890349128221754,1.791759469228055,0.6931471805599453,4.890349128221754,0.0
PRV51745,0.0,2.6390573296152584,0.0,7.736743682453495,0.0,5.177018542359148,2.5649493574615367,0.7339691750802004,5.177018542359148,0.0
PRV51746,0.0,3.295836866004329,0.0,9.258273025731484,0.0,6.00255664782829,3.258096538021482,0.712949807856125,6.00255664782829,0.0
PRV51747,0.0,1.6094379124341005,0.0,7.313886831633462,0.0,5.929589143389895,1.6094379124341005,0.6931471805599453,5.929589143389895,0.0
PRV51748,0.0,2.9444389791664403,0.0,8.9947928972836,0.0,6.106527838227193,2.9444389791664403,0.6931471805599453,6.106527838227193,0.0
PRV51749,0.0,1.9459101490553128,0.0,7.930565854233965,0.0,6.140602685111696,1.9459101490553128,0.6931471805599453,6.140602685111696,0.0
PRV51750,0.0,1.3862943611198906,0.0,7.378383712996714,0.0,6.281019863941443,1.3862943611198906,0.6931471805599453,6.281019863941443,0.0
PRV51751,0.0,1.0986122886681098,0.0,6.803505257608338,0.0,6.111467339502679,1.0986122886681098,0.6931471805599453,6.111467339502679,0.0
PRV51752,0.0,4.477336814478207,0.0,10.396383394136135,0.0,5.933098507830147,4.248495242049359,0.8157495026522776,5.933098507830147,0.0
PRV51753,0.0,1.6094379124341005,0.0,7.099201743553092,0.0,5.715381610499553,1.6094379124341005,0.6931471805599453,5.715381610499553,0.0
PRV51754,0.0,2.302585092994046,0.0,7.659642954564682,0.0,5.46618308755726,2.302585092994046,0.6931471805599453,5.46618308755726,0.0
PRV51755,0.0,1.9459101490553128,0.0,6.3818160174060985,0.0,4.598481197837295,1.9459101490553128,0.6931471805599453,4.598481197837295,0.0
PRV51758,0.0,2.079441541679836,0.0,6.814542897259958,0.0,4.875197323201151,2.079441541679836,0.6931471805599453,4.875197323201151,0.0
PRV51759,0.0,2.6390573296152584,0.0,6.994849985833071,0.0,4.440839661791966,2.6390573296152584,0.6931471805599453,4.440839661791966,0.0
PRV51761,0.0,2.4849066497880004,0.0,7.534228326274089,0.0,5.14166355650266,2.4849066497880004,0.6931471805599453,5.14166355650266,0.0
PRV51762,0.0,2.70805020110221,0.0,8.03947991910045,0.0,5.404606022778685,2.70805020110221,0.6931471805599453,5.404606022778685,0.0
PRV51763,0.0,2.4849066497880004,0.0,8.284251797621916,0.0,5.8888779583328805,2.4849066497880004,0.6931471805599453,5.8888779583328805,0.0
PRV51764,0.0,3.5263605246161616,0.0,8.709630081951286,0.0,5.218388288782014,3.5263605246161616,0.6931471805599453,5.218388288782014,0.0
PRV51765,0.0,2.70805020110221,0.0,7.962415680121064,0.0,5.327876168789581,2.70805020110221,0.6931471805599453,5.327876168789581,0.0
PRV51766,0.0,3.1780538303479458,0.0,7.736743682453495,0.0,4.6108064463022895,3.1780538303479458,0.6931471805599453,4.6108064463022895,0.0
PRV51767,0.0,2.5649493574615367,0.0,8.309184527686298,0.0,5.826982908442358,2.5649493574615367,0.6931471805599453,5.826982908442358,0.0
PRV51769,0.0,2.772588722239781,0.0,8.476579508530941,0.0,5.771441123130016,2.772588722239781,0.6931471805599453,5.771441123130016,0.0
PRV51770,0.0,2.772588722239781,0.0,8.82776136765472,0.0,6.12176154805584,2.772588722239781,0.6931471805599453,6.12176154805584,0.0
PRV51771,0.0,3.713572066704308,0.0,9.051461866908694,0.0,5.367143557477889,3.555348061489413,0.7777045685880084,5.367143557477889,0.0
PRV51773,0.0,1.791759469228055,0.0,6.634633357861686,0.0,5.030437921392435,1.791759469228055,0.6931471805599453,5.030437921392435,0.0
PRV51774,0.0,1.3862943611198906,0.0,8.003363058629947,0.0,6.905419219184589,1.3862943611198906,0.6931471805599453,6.905419219184589,0.0
PRV51775,0.0,3.688879454113936,0.0,9.170663554823284,0.0,5.511047915890737,3.610917912644224,0.7339691750802004,5.511047915890737,0.0
PRV51776,0.0,4.007333185232471,0.0,9.444700778495555,0.0,5.459900673302141,3.4657359027997265,1.0086640520051702,5.459900673302141,0.0
PRV51778,0.0,1.3862943611198906,0.0,5.525452939131784,0.0,4.43477720005941,1.3862943611198906,0.6931471805599453,4.43477720005941,0.0
PRV51779,0.0,3.218875824868201,0.0,8.947806093057054,0.0,5.772738308420228,3.1354942159291497,0.7375989431307791,5.772738308420228,0.0
PRV51780,0.0,3.555348061489413,0.0,8.54110501146255,0.0,5.021167866596149,2.833213344056216,1.1394342831883648,5.021167866596149,0.0
PRV51781,0.0,3.218875824868201,0.0,8.006700845440367,0.0,4.836281906951478,3.044522437723423,0.7884573603642702,4.836281906951478,0.0
PRV51784,0.0,2.19722457733622,0.0,8.2482674474469,0.0,6.170656210893009,2.079441541679836,0.7621400520468967,6.170656210893009,0.0
PRV51786,0.0,1.791759469228055,0.0,5.638354669333745,0.0,4.04305126783455,1.6094379124341005,0.8109302162163288,4.04305126783455,0.0
PRV51787,0.0,1.3862943611198906,0.0,5.017279836814924,0.0,3.9318256327243257,1.3862943611198906,0.6931471805599453,3.9318256327243257,0.0
PRV51788,0.0,4.941642422609304,0.0,10.565943539941884,0.0,5.635020820013143,4.454347296253507,0.9689947953647234,5.635020820013143,0.0
PRV51789,0.0,3.49650756146648,0.0,8.845201135339584,0.0,5.383921503840185,3.367295829986474,0.7621400520468967,5.383921503840185,0.0
PRV51790,0.0,4.343805421853684,0.0,9.829894832232757,0.0,5.503189748863888,4.31748811353631,0.706570200892086,5.503189748863888,0.0
PRV51792,0.0,3.8501476017100575,0.0,9.970725551801806,0.0,6.144185634125646,3.295836866004329,1.0185695809945732,6.144185634125646,0.0
PRV51793,0.0,3.258096538021482,0.0,8.517393171418904,0.0,5.303304908059076,2.5649493574615367,1.126011262856224,5.303304908059076,0.0
PRV51794,0.0,2.4849066497880004,0.0,7.611347717403621,0.0,5.218388288782014,2.4849066497880004,0.6931471805599453,5.218388288782014,0.0
PRV51795,0.0,3.610917912644224,0.0,8.924123891686012,0.0,5.345253962068146,3.295836866004329,0.8690378470236095,5.345253962068146,0.0
PRV51796,0.0,1.6094379124341005,0.0,4.948759890378168,0.0,3.58351893845611,1.6094379124341005,0.6931471805599453,3.58351893845611,0.0
PRV51797,0.0,1.791759469228055,0.0,6.111467339502679,0.0,4.51085950651685,1.6094379124341005,0.8109302162163288,4.51085950651685,0.0
PRV51798,0.0,2.3978952727983707,0.0,7.259116128097101,0.0,4.962844630259907,2.19722457733622,0.8109302162163288,4.962844630259907,0.0
PRV51799,0.0,1.3862943611198906,0.0,6.594413459749778,0.0,5.498533413218542,1.3862943611198906,0.6931471805599453,5.498533413218542,0.0
PRV51801,0.0,3.044522437723423,0.0,8.523374050491318,0.0,5.531411248715415,3.044522437723423,0.6931471805599453,5.531411248715415,0.0
PRV51802,0.0,3.218875824868201,0.0,8.503297086224126,0.0,5.329896779701359,3.1354942159291497,0.7375989431307791,5.329896779701359,0.0
PRV51803,1.0986122886681098,1.3862943611198906,10.404293143019792,6.3473892096560105,9.711176264112805,5.25227342804663,1.791759469228055,0.6931471805599453,8.812099108957337,0.4
PRV51805,1.3862943611198906,0.0,11.112462823634855,0.0,10.013880384821976,0.0,1.3862943611198906,0.6931471805599453,10.013880384821976,1.0
PRV51806,0.6931471805599453,0.0,9.472781556562168,0.0,9.472781556562168,0.0,0.6931471805599453,0.6931471805599453,9.472781556562168,1.0
PRV51807,2.079441541679836,0.0,11.49273296168228,0.0,9.546884034617923,0.0,2.079441541679836,0.6931471805599453,9.546884034617923,1.0
PRV51809,3.332204510175204,0.0,12.396779778233434,0.0,9.10105033515326,0.0,3.295836866004329,0.7121953755306397,9.10105033515326,1.0
PRV51810,1.3862943611198906,0.0,10.275085591132717,0.0,9.17654226322596,0.0,1.3862943611198906,0.6931471805599453,9.17654226322596,1.0
PRV51811,2.772588722239781,0.0,12.201065128819632,0.0,9.493085276648149,0.0,2.772588722239781,0.6931471805599453,9.493085276648149,1.0
PRV51812,0.6931471805599453,0.0,8.699681400989514,0.0,8.699681400989514,0.0,0.6931471805599453,0.6931471805599453,8.699681400989514,1.0
PRV51813,2.3978952727983707,0.0,11.60824473564232,0.0,9.305741456739437,0.0,2.3978952727983707,0.6931471805599453,9.305741456739437,1.0
PRV51815,0.0,1.791759469228055,0.0,6.698268054115413,0.0,5.093750200806762,1.791759469228055,0.6931471805599453,5.093750200806762,0.0
PRV51816,2.079441541679836,0.0,11.127277689932466,0.0,9.18145577098132,0.0,2.079441541679836,0.6931471805599453,9.18145577098132,1.0
PRV51818,3.4011973816621555,0.0,12.495007682693725,0.0,9.127816715730024,0.0,3.332204510175204,0.7295148247308202,9.127816715730024,1.0
PRV51819,1.0986122886681098,0.6931471805599453,8.853808274977197,3.9318256327243257,8.160803920954665,3.9318256327243257,1.3862943611198906,0.6931471805599453,7.762596048540069,0.6666666666666666
PRV51820,1.791759469228055,0.0,10.12667110305036,0.0,8.517393171418904,0.0,1.791759469228055,0.6931471805599453,8.517393171418904,1.0
PRV51821,2.3978952727983707,0.0,11.8350162104899,0.0,9.53249633228804,0.0,2.3978952727983707,0.6931471805599453,9.53249633228804,1.0
PRV51822,0.6931471805599453,0.0,6.398594934535208,0.0,6.398594934535208,0.0,0.6931471805599453,0.6931471805599453,6.398594934535208,1.0
PRV51823,2.19722457733622,1.3862943611198906,10.691967639914864,6.274762021241939,8.612685172875459,5.179909135497735,2.4849066497880004,0.6931471805599453,8.306270119489735,0.7272727272727273
PRV51824,2.3978952727983707,0.0,11.000448478455008,0.0,8.698013622083925,0.0,2.302585092994046,0.7472144018302211,8.698013622083925,1.0
PRV51826,3.091042453358316,0.0,12.487488878546143,0.0,9.443041909388214,0.0,3.044522437723423,0.7178397931503169,9.443041909388214,1.0
PRV51827,2.9444389791664403,0.0,11.775297421715829,0.0,8.885056423495103,0.0,2.8903717578961645,0.7221347174331976,8.885056423495103,1.0
PRV51828,2.4849066497880004,0.0,11.6172944892629,0.0,9.219489301685208,0.0,2.4849066497880004,0.6931471805599453,9.219489301685208,1.0
PRV51829,1.791759469228055,0.0,10.491301994830229,0.0,8.881975184248867,0.0,1.791759469228055,0.6931471805599453,8.881975184248867,1.0
PRV51830,1.9459101490553128,0.0,9.90353755128617,0.0,8.11202803831707,0.0,1.9459101490553128,0.6931471805599453,8.11202803831707,1.0
PRV51831,1.0986122886681098,0.0,10.239995502805316,0.0,9.546884034617923,0.0,1.0986122886681098,0.6931471805599453,9.546884034617923,1.0
PRV51833,1.3862943611198906,0.0,9.61587214452889,0.0,8.517393171418904,0.0,1.3862943611198906,0.6931471805599453,8.517393171418904,1.0
PRV51836,0.0,7.492760300922379,0.0,13.132315688453556,0.0,5.643656845750559,6.4692503167957724,1.3312345839368631,5.643656845750559,0.0
PRV51837,2.772588722239781,4.499809670330265,12.06105265381003,10.215044830421323,9.35308337382134,5.729625425627649,4.605170185988092,0.7180861289071975,7.563749606890799,0.1442307692307692
PRV51838,0.0,5.303304908059076,0.0,10.896757843893464,0.0,5.602118820879701,5.135798437050262,0.7808979291174537,5.602118820879701,0.0
PRV51840,3.688879454113936,4.382026634673881,12.801334082366724,9.792611856190192,9.137877200242468,5.427511836659273,4.718498871295094,0.7241918022419055,8.079129598111074,0.3305084745762712
PRV51841,2.19722457733622,3.8918202981106265,11.686887175419702,9.49634604004702,9.60750445504496,5.628669724377691,3.970291913552122,0.7308875085427923,7.767974401188669,0.1428571428571428
PRV51842,4.770684624465665,5.181783550292085,13.968833180761203,10.91328684226798,9.206758751950618,5.740337752554487,5.41164605185504,0.8408711030483104,8.331514167898785,0.3979591836734694
PRV51843,0.0,3.9318256327243257,0.0,9.84219708409302,0.0,5.932775550759303,3.610917912644224,0.8708283577973978,5.932775550759303,0.0
PRV51845,2.4849066497880004,3.555348061489413,11.53273789613992,9.0217190130337,9.13494065679064,5.499335595196421,3.713572066704308,0.7537718023763802,7.804523344367428,0.2444444444444444
PRV51846,1.0986122886681098,3.332204510175204,9.305741456739437,8.996032669324372,8.612685172875459,5.703412035681786,3.258096538021482,0.7701082216960736,6.490095426656681,0.0689655172413793
PRV51847,0.0,3.7612001156935615,0.0,9.150696519048669,0.0,5.417369437907725,3.6635616461296463,0.7444404749474959,5.417369437907725,0.0
PRV51848,0.0,4.060443010546419,0.0,9.660205067381032,0.0,5.620718638766314,4.02535169073515,0.7111656860626236,5.620718638766314,0.0
PRV51849,1.3862943611198906,4.969813299576001,9.798182590890704,10.392711531744355,8.699681400989514,5.434210478605931,4.718498871295094,0.8395458835828857,5.851375496444219,0.0205479452054794
PRV51851,3.9889840465642745,6.040254711277414,13.214032390746006,11.707595464945046,9.243835363029872,5.673159223830874,5.820082930352362,0.8774508985578912,7.257997287755246,0.1122881355932203
PRV51852,0.0,2.995732273553991,0.0,8.954286157204713,0.0,6.0121697597275086,2.9444389791664403,0.7205461547480597,6.0121697597275086,0.0
PRV51855,2.833213344056216,4.653960350157523,11.744045122410055,9.861153999520049,8.971575439759016,5.22212141726986,4.532599493153256,0.8347976976229721,7.098995281283338,0.1333333333333333
PRV51856,0.0,4.770684624465665,0.0,10.357774570341576,0.0,5.59927629480429,4.68213122712422,0.7388172173931337,5.59927629480429,0.0
PRV51857,3.295836866004329,3.4657359027997265,12.84529412258351,8.409830673087738,9.587263545273212,4.982501282809459,3.871201010907891,0.7942432974313142,8.814166179856288,0.4561403508771929
PRV51858,0.0,4.127134385045092,0.0,9.57366316988638,0.0,5.466952797953254,4.0943445622221,0.7099542988763266,5.466952797953254,0.0
PRV51859,0.0,4.189654742026425,0.0,9.648659816955297,0.0,5.478392812980071,4.110873864173311,0.7339691750802004,5.478392812980071,0.0
PRV51860,1.6094379124341005,6.650279048587422,9.820160289946374,12.329223471013169,8.434028950155469,5.683641448140552,5.863631175598097,1.1665282905739105,5.756435239733581,0.0051546391752577
PRV51861,0.0,3.091042453358316,0.0,7.923348211930154,0.0,4.8860434165105415,3.044522437723423,0.7178397931503169,4.8860434165105415,0.0
PRV51862,2.19722457733622,2.5649493574615367,11.39640288460621,8.261268150577648,9.31703999063524,5.779199113940956,3.044522437723423,0.6931471805599453,8.443439002827576,0.4
PRV51863,2.995732273553991,4.007333185232471,12.498745990829317,9.83633227734872,9.554374173335972,5.850178295415296,4.204692619390966,0.7448191911042662,8.275986799868136,0.2602739726027397
PRV51864,1.9459101490553128,4.852030263919617,11.002116507732016,10.344673667218704,9.210440366976515,5.504531010745117,4.330733340286331,1.0200499661650075,6.53071320902782,0.0451127819548872
PRV51865,0.0,3.367295829986474,0.0,9.364862411412354,0.0,6.034968655827767,3.332204510175204,0.7114963192281418,6.034968655827767,0.0
PRV51867,0.0,4.634728988229636,0.0,10.377576575186112,0.0,5.755742213586912,4.584967478670572,0.7185938462211096,5.755742213586912,0.0
PRV51868,4.61512051684126,3.80666248977032,13.90449257529945,8.802522498284421,9.299412956550508,5.02477724785301,4.820281565605037,0.775064303027832,8.940874702110827,0.6944444444444444
PRV51869,1.0986122886681098,2.995732273553991,9.952325334619427,8.609042845046117,9.259225769705994,5.667882557341375,3.091042453358316,0.6931471805599453,7.140415309387968,0.0952380952380952
PRV51870,0.0,4.02535169073515,0.0,9.867393944887889,0.0,5.862856081902143,4.007333185232471,0.7023638356648694,5.862856081902143,0.0
PRV51871,0.0,3.4339872044851463,0.0,8.686260632531775,0.0,5.28994911687752,3.4011973816621555,0.7102416139192453,5.28994911687752,0.0
PRV51872,0.0,3.218875824868201,0.0,9.087155271405804,0.0,5.911699578639119,3.1780538303479458,0.7146533857809089,5.911699578639119,0.0
PRV51873,3.295836866004329,4.77912349311153,12.614868865984633,10.608588007213532,9.356855380716643,5.840789458827048,4.875197323201151,0.7455936559324878,7.771652696463842,0.1805555555555555
PRV51874,0.0,3.80666248977032,0.0,9.331761227180522,0.0,5.551372702811303,3.7612001156935615,0.7166776779701395,5.551372702811303,0.0
PRV51875,0.0,0.6931471805599453,0.0,3.9318256327243257,0.0,3.9318256327243257,0.6931471805599453,0.6931471805599453,3.9318256327243257,0.0
PRV51876,2.9444389791664403,3.784189633918261,12.354496960983983,9.241935933565934,9.464198475949525,5.484796933490655,4.060443010546419,0.7276333566311146,8.287392283093606,0.2950819672131147
PRV51877,0.0,1.6094379124341005,0.0,5.673323267171493,0.0,4.297285406218791,1.6094379124341005,0.6931471805599453,4.297285406218791,0.0
PRV51878,0.0,2.5649493574615367,0.0,8.042699496897637,0.0,5.561322451287377,2.5649493574615367,0.6931471805599453,5.561322451287377,0.0
PRV51879,0.0,4.663439094112067,0.0,10.614253605184526,0.0,5.962844589727933,3.610917912644224,1.3652409519220583,5.962844589727933,0.0
PRV51884,1.791759469228055,3.688879454113936,11.19822841866684,9.352794339771116,9.588845298501564,5.692522739899243,3.80666248977032,0.6931471805599453,7.561192535835739,0.1136363636363636
PRV51885,0.0,4.454347296253507,0.0,10.153117229086163,0.0,5.713732805509369,3.912023005428146,1.0060195018402849,5.713732805509369,0.0
PRV51886,0.0,2.9444389791664403,0.0,7.678326356506885,0.0,4.795790545596741,1.791759469228055,1.5260563034950492,4.795790545596741,0.0
PRV51887,0.0,1.0986122886681098,0.0,4.795790545596741,0.0,4.110873864173311,1.0986122886681098,0.6931471805599453,4.110873864173311,0.0
PRV51888,0.0,1.791759469228055,0.0,6.46302945692067,0.0,4.859812404361672,1.791759469228055,0.6931471805599453,4.859812404361672,0.0
PRV51889,0.0,1.6094379124341005,0.0,5.14166355650266,0.0,3.7727609380946383,0.6931471805599453,1.6094379124341005,3.7727609380946383,0.0
PRV51890,0.6931471805599453,3.044522437723423,9.305741456739437,8.163656176168432,9.305741456739437,5.173320876373351,2.9444389791664403,0.7731898882334818,6.539517139597273,0.0476190476190476
PRV51891,0.0,1.3862943611198906,0.0,6.175867270105761,0.0,5.081404364984463,1.3862943611198906,0.6931471805599453,5.081404364984463,0.0
PRV51892,0.0,1.791759469228055,0.0,6.621405651764134,0.0,5.017279836814924,1.791759469228055,0.6931471805599453,5.017279836814924,0.0
PRV51894,0.0,3.044522437723423,0.0,9.128153700988236,0.0,6.134482053942907,3.044522437723423,0.6931471805599453,6.134482053942907,0.0
PRV51895,0.0,2.9444389791664403,0.0,8.224431573221159,0.0,5.338605885462148,2.19722457733622,1.1786549963416462,5.338605885462148,0.0
PRV51896,0.0,1.791759469228055,0.0,6.274762021241939,0.0,4.672828834461906,1.6094379124341005,0.8109302162163288,4.672828834461906,0.0
PRV51897,0.0,4.189654742026425,0.0,9.299358068293836,0.0,5.130808633093224,3.6635616461296463,0.99714282850325,5.130808633093224,0.0
PRV51898,0.6931471805599453,4.07753744390572,8.699681400989514,8.782783017393202,8.699681400989514,4.731043016202583,3.912023005428146,0.7903109290135931,5.362246591933153,0.0169491525423728
PRV51899,0.0,3.1780538303479458,0.0,8.612685172875459,0.0,5.481182253972038,2.833213344056216,0.8909729238898652,5.481182253972038,0.0
PRV51901,0.0,2.079441541679836,0.0,8.188966863648876,0.0,6.244721531848226,2.079441541679836,0.6931471805599453,6.244721531848226,0.0
PRV51902,0.0,1.6094379124341005,0.0,7.170888478512505,0.0,5.786897381366708,0.6931471805599453,1.6094379124341005,5.786897381366708,0.0
PRV51905,0.0,5.552959584921617,0.0,11.3210504185712,0.0,5.7750710229376825,4.454347296253507,1.3921594805722888,5.7750710229376825,0.0
PRV51906,0.0,3.1354942159291497,0.0,7.912423121473705,0.0,4.829040745694918,2.19722457733622,1.3217558399823195,4.829040745694918,0.0
PRV51908,0.0,3.1354942159291497,0.0,9.56598478510039,0.0,6.476412765784985,3.1354942159291497,0.6931471805599453,6.476412765784985,0.0
PRV51909,0.0,2.833213344056216,0.0,8.149312843635345,0.0,5.381048764145501,2.833213344056216,0.6931471805599453,5.381048764145501,0.0
PRV51910,0.0,4.418840607796598,0.0,10.238208256118536,0.0,5.8343827464718645,3.912023005428146,0.9833770250905248,5.8343827464718645,0.0
PRV51911,0.0,4.543294782270004,0.0,10.148040283087838,0.0,5.619036369686648,4.04305126783455,0.97859461521031,5.619036369686648,0.0
PRV51913,0.0,0.6931471805599453,0.0,4.262679877041316,0.0,4.262679877041316,0.6931471805599453,0.6931471805599453,4.262679877041316,0.0
PRV51914,0.0,2.4849066497880004,0.0,7.427144133408616,0.0,5.03518007610021,2.4849066497880004,0.6931471805599453,5.03518007610021,0.0
PRV51915,0.0,3.044522437723423,0.0,8.727616178321068,0.0,5.734958092124651,2.833213344056216,0.8109302162163288,5.734958092124651,0.0
PRV51916,0.0,3.784189633918261,0.0,8.89439598980643,0.0,5.138939872400237,2.6390573296152584,1.4604023332736125,5.138939872400237,0.0
PRV51917,0.0,2.4849066497880004,0.0,6.878326468291325,0.0,4.490677186766993,2.302585092994046,0.7985076962177716,4.490677186766993,0.0
PRV51918,0.0,0.6931471805599453,0.0,3.9318256327243257,0.0,3.9318256327243257,0.6931471805599453,0.6931471805599453,3.9318256327243257,0.0
PRV51919,1.9459101490553128,0.0,11.52288569676448,0.0,9.731175730771472,0.0,1.9459101490553128,0.6931471805599453,9.731175730771472,1.0
PRV51920,2.302585092994046,2.302585092994046,11.51293546492023,6.55250788703459,9.315790883584253,4.366630949195908,2.9444389791664403,0.6931471805599453,8.629708053595522,0.5
PRV51921,0.0,4.262679877041316,0.0,9.867393944887889,0.0,5.622469118781209,3.218875824868201,1.3652409519220583,5.622469118781209,0.0
PRV51922,0.0,3.218875824868201,0.0,8.535229553902337,0.0,5.361683325503186,2.4849066497880004,1.157452788691043,5.361683325503186,0.0
PRV51923,0.0,2.302585092994046,0.0,6.947937068614969,0.0,4.758368031060078,2.079441541679836,0.826678573184468,4.758368031060078,0.0
PRV51924,0.0,3.9318256327243257,0.0,9.662116382947598,0.0,5.753207357983724,3.258096538021482,1.0986122886681098,5.753207357983724,0.0
PRV51925,0.0,1.6094379124341005,0.0,7.581209826196346,0.0,6.19644412779452,1.3862943611198906,0.8472978603872036,6.19644412779452,0.0
PRV51926,0.0,3.49650756146648,0.0,9.53755560876329,0.0,6.074052090860705,3.4339872044851463,0.7259370033829363,6.074052090860705,0.0
PRV51927,1.791759469228055,0.6931471805599453,11.06665398721974,3.9318256327243257,9.45727857185611,3.9318256327243257,1.9459101490553128,0.6931471805599453,9.275753510524416,0.8333333333333334
PRV51928,0.0,3.4339872044851463,0.0,8.87360810154911,0.0,5.476463551931511,3.4339872044851463,0.6931471805599453,5.476463551931511,0.0
PRV51929,2.19722457733622,4.6443908991413725,11.170449240431308,10.48097132444235,9.091106284052485,5.849100922319375,4.700480365792417,0.7022796641232177,6.8686304170908326,0.072072072072072
PRV51930,0.0,1.9459101490553128,0.0,6.918695219020472,0.0,5.131869158910372,1.9459101490553128,0.6931471805599453,5.131869158910372,0.0
PRV51931,0.6931471805599453,3.828641396489095,8.517393171418904,9.505320746909074,8.517393171418904,5.701928906006878,3.828641396489095,0.7041970167465301,5.995586475061401,0.0217391304347826
PRV51932,1.0986122886681098,2.995732273553991,10.203629181337648,8.511376306094673,9.510519035757246,5.570551788694597,3.091042453358316,0.6931471805599453,7.328687454500242,0.0952380952380952
PRV51933,0.0,4.060443010546419,0.0,9.572967566074247,0.0,5.533805462111222,4.04305126783455,0.7020361279771913,5.533805462111222,0.0
PRV51934,0.0,4.718498871295094,0.0,10.213579145500994,0.0,5.508074419872653,4.718498871295094,0.6931471805599453,5.508074419872653,0.0
PRV51935,1.3862943611198906,4.007333185232471,9.99884318585288,9.697754062731514,8.900321798012031,5.712020057353946,4.02535169073515,0.7111656860626236,6.511119498442263,0.0526315789473684
PRV51936,0.0,3.044522437723423,0.0,8.470311205516108,0.0,5.4785534168509695,3.044522437723423,0.6931471805599453,5.4785534168509695,0.0
PRV51937,0.0,4.51085950651685,0.0,9.813070382411665,0.0,5.318119993844216,4.477336814478207,0.7102416139192453,5.318119993844216,0.0
PRV51938,1.0986122886681098,4.653960350157523,9.305741456739437,10.3424196734772,8.612685172875459,5.701343605595448,4.564348191467836,0.7494280164585349,5.984981312133237,0.0188679245283018
PRV51940,5.267858159063328,4.07753744390572,14.490494277061387,10.249591823249144,9.2279018430027,6.19116298324532,5.429345628954441,0.7446607150100533,8.979458289982395,0.7689243027888446
PRV51941,1.0986122886681098,3.258096538021482,9.32375833901174,8.823353485113792,8.630700432209832,5.6080055192624325,3.332204510175204,0.6931471805599453,6.503234169611371,0.074074074074074
PRV51942,0.0,3.9889840465642745,0.0,9.382695764458289,0.0,5.416771036817534,3.970291913552122,0.702716631576096,5.416771036817534,0.0
PRV51943,0.6931471805599453,4.48863636973214,9.105090961257083,9.902036500268814,9.105090961257083,5.429046541169948,4.454347296253507,0.7164040427242127,5.788447155237757,0.0112359550561797
PRV51944,1.791759469228055,4.787491742782046,10.799595985047786,10.76004951120163,9.19023970026918,5.983428139836554,4.718498871295094,0.7500553128318248,6.654152520183219,0.0403225806451612
PRV51946,3.1780538303479458,4.23410650459726,12.111767460549332,9.871532381294577,8.976394115771683,5.655477486887309,4.499809670330265,0.7043204811580706,7.702491586732021,0.2527472527472527
PRV51947,0.6931471805599453,3.332204510175204,9.99884318585288,7.645397699428633,9.99884318585288,4.361918405130536,3.332204510175204,0.7114963192281418,6.758509218488334,0.0357142857142857
PRV51948,4.969813299576001,5.921578419643816,14.159668186161475,11.6004875236402,9.196924202877424,5.684986867027193,5.872117789475416,0.8980462121316176,7.990359866427051,0.2776699029126213
PRV51949,2.995732273553991,3.970291913552122,12.413090879946887,9.556833658307776,9.46872506853789,5.609189985967934,4.23410650459726,0.7149662279545851,8.2065682422986,0.2676056338028169
PRV51950,1.3862943611198906,4.204692619390966,10.043292972227004,10.033243075528665,8.944767632519909,5.846438775057725,4.23410650459726,0.7004732206520182,6.498784031544685,0.0434782608695652
PRV51951,3.8918202981106265,4.007333185232471,13.034626646500053,9.616538544660177,9.163528250190378,5.631079023772714,4.477336814478207,0.7758388964050587,8.442114612629652,0.4705882352941176
PRV51952,0.0,2.995732273553991,0.0,7.81237820598861,0.0,4.875197323201151,2.995732273553991,0.6931471805599453,4.875197323201151,0.0
PRV51954,3.1780538303479458,6.431331081933479,12.513561021741964,12.094755535648025,9.378147684597618,5.668489521615092,6.359573868672378,0.7487638712192026,6.554347597810188,0.0357698289269051
PRV51956,1.0986122886681098,2.5649493574615367,9.798182590890704,8.717845704894916,9.105090961257083,6.234737469717357,2.70805020110221,0.6931471805599453,7.451905144955619,0.1428571428571428
PRV51957,3.218875824868201,4.02535169073515,12.201065128819632,9.322865162818028,9.0231268691018,5.320345679160945,4.356708826689592,0.7060505853958532,7.886695089893975,0.3037974683544304
PRV51958,0.6931471805599453,3.367295829986474,8.006700845440367,8.987321812850125,8.006700845440367,5.6584861997410245,3.4011973816621555,0.6931471805599453,5.940987616319673,0.0344827586206896
PRV51959,0.0,6.62273632394984,0.0,12.27069397573898,0.0,5.652797493517351,5.988961416889864,1.060195272564318,5.652797493517351,0.0
PRV51960,3.091042453358316,3.332204510175204,12.479913113434042,8.200013648175434,9.43546671815755,4.911292302066997,3.828641396489095,0.7259370033829363,8.622633703874234,0.4375
PRV51961,0.0,5.075173815233827,0.0,10.749591843760111,0.0,5.6840716670438365,4.927253685157205,0.7703785284959355,5.6840716670438365,0.0
PRV51963,0.0,4.007333185232471,0.0,9.520101889570842,0.0,5.534998499533221,3.8918202981106265,0.7537718023763802,5.534998499533221,0.0
PRV51964,0.0,2.8903717578961645,0.0,7.80016307039296,0.0,4.973483028464963,2.8903717578961645,0.6931471805599453,4.973483028464963,0.0
PRV51965,0.0,2.995732273553991,0.0,7.893945138235959,0.0,4.9561976338515645,2.9444389791664403,0.7205461547480597,4.9561976338515645,0.0
PRV51966,0.0,1.3862943611198906,0.0,7.804251383528112,0.0,6.70645475559038,1.3862943611198906,0.6931471805599453,6.70645475559038,0.0
PRV51967,0.0,4.060443010546419,0.0,9.730977703126166,0.0,5.691248106297586,3.9889840465642745,0.7301884522402944,5.691248106297586,0.0
PRV51968,0.0,0.6931471805599453,0.0,4.51085950651685,0.0,4.51085950651685,0.6931471805599453,0.6931471805599453,4.51085950651685,0.0
PRV51969,0.0,3.7612001156935615,0.0,9.64542900515042,0.0,5.910409422351274,3.688879454113936,0.7308875085427923,5.910409422351274,0.0
PRV51970,0.0,3.58351893845611,0.0,10.142937430124649,0.0,6.588926477533519,3.49650756146648,0.7389567165912395,6.588926477533519,0.0
PRV51972,0.0,3.58351893845611,0.0,9.154933364704444,0.0,5.603172561756972,3.555348061489413,0.7077459799810979,5.603172561756972,0.0
PRV51973,0.0,4.31748811353631,0.0,9.855399641729074,0.0,5.555157043033943,4.158883083359672,0.7768461994365923,5.555157043033943,0.0
PRV51974,0.0,1.6094379124341005,0.0,6.566672429803241,0.0,5.184588601219693,1.6094379124341005,0.6931471805599453,5.184588601219693,0.0
PRV51976,2.079441541679836,0.0,11.0186455364637,0.0,9.072833741614748,0.0,2.079441541679836,0.6931471805599453,9.072833741614748,1.0
PRV51977,0.6931471805599453,0.0,8.987321812850125,0.0,8.987321812850125,0.0,0.6931471805599453,0.6931471805599453,8.987321812850125,1.0
PRV51978,1.6094379124341005,0.0,10.34177474101152,0.0,8.955577146281511,0.0,1.6094379124341005,0.6931471805599453,8.955577146281511,1.0
PRV51979,2.6390573296152584,0.0,11.820417517632333,0.0,9.25555639092368,0.0,2.5649493574615367,0.7339691750802004,9.25555639092368,1.0
PRV51981,1.791759469228055,0.0,9.798182590890704,0.0,8.188966863648876,0.0,1.791759469228055,0.6931471805599453,8.188966863648876,1.0
PRV51983,0.0,3.713572066704308,0.0,8.860924729719041,0.0,5.177561165412237,3.688879454113936,0.705886206337375,5.177561165412237,0.0
PRV51984,0.0,6.26530121273771,0.0,11.987798469541676,0.0,5.727653999181356,5.823045895483019,0.9391723403113316,5.727653999181356,0.0
PRV51987,0.0,1.0986122886681098,0.0,3.4339872044851463,0.0,2.772588722239781,1.0986122886681098,0.6931471805599453,2.772588722239781,0.0
PRV51988,0.0,3.6375861597263857,0.0,9.411728991487363,0.0,5.803750096388527,3.49650756146648,0.7683706017975328,5.803750096388527,0.0
PRV51989,0.0,2.9444389791664403,0.0,8.309184527686298,0.0,5.422990193238236,2.9444389791664403,0.6931471805599453,5.422990193238236,0.0
PRV51990,0.0,4.499809670330265,0.0,9.835797403566175,0.0,5.351858133476067,3.912023005428146,1.0354333870465782,5.351858133476067,0.0
PRV51991,0.0,3.4657359027997265,0.0,9.166492972195906,0.0,5.7356353342124775,3.4339872044851463,0.7096764825111559,5.7356353342124775,0.0
PRV51992,0.0,4.127134385045092,0.0,9.286467732363734,0.0,5.181138656446897,4.007333185232471,0.7559480817989757,5.181138656446897,0.0
PRV51993,0.0,1.0986122886681098,0.0,5.442417710521793,0.0,4.7535901911063645,1.0986122886681098,0.6931471805599453,4.7535901911063645,0.0
PRV51994,0.0,3.5263605246161616,0.0,9.37424334324612,0.0,5.88044833748204,3.4657359027997265,0.7248958788745256,5.88044833748204,0.0
PRV51995,0.0,3.044522437723423,0.0,9.179984251961285,0.0,6.186208623900494,3.044522437723423,0.6931471805599453,6.186208623900494,0.0
PRV51996,0.0,3.737669618283368,0.0,9.217415285648144,0.0,5.507807152387091,3.6635616461296463,0.7318616927406358,5.507807152387091,0.0
PRV51998,0.0,3.367295829986474,0.0,8.586905803827538,0.0,5.259725027355051,3.367295829986474,0.6931471805599453,5.259725027355051,0.0
PRV51999,0.0,2.8903717578961645,0.0,7.886457270977689,0.0,5.059238699464136,2.8903717578961645,0.6931471805599453,5.059238699464136,0.0
PRV52001,0.0,7.071573364211532,0.0,12.678015019195822,0.0,5.610952083676091,6.61338421837956,0.9485601279354648,5.610952083676091,0.0
PRV52002,3.218875824868201,5.10594547390058,12.608202196848836,10.697859207113927,9.430225286362138,5.601668715097245,5.198497031265826,0.7151260872787206,7.510349033531184,0.1276595744680851
PRV52003,4.356708826689592,4.356708826689592,13.564483088506746,10.273360024718905,9.220775348131832,5.932176288453909,4.976733742420574,0.7272801869294038,8.564255208901917,0.5
PRV52004,0.0,3.871201010907891,0.0,9.660205067381032,0.0,5.812986657780667,3.737669618283368,0.7637647477738986,5.812986657780667,0.0
PRV52007,0.0,2.9444389791664403,0.0,7.555381944240273,0.0,4.673866717274327,2.9444389791664403,0.6931471805599453,4.673866717274327,0.0
PRV52008,0.0,3.258096538021482,0.0,8.482808764554406,0.0,5.268888555857225,3.218875824868201,0.713766467762681,5.268888555857225,0.0
PRV52009,0.0,3.58351893845611,0.0,8.660600654710967,0.0,5.1111268326425785,3.5263605246161616,0.7230001437096264,5.1111268326425785,0.0
PRV52010,0.0,2.079441541679836,0.0,7.244941546337007,0.0,5.303304908059076,2.079441541679836,0.6931471805599453,5.303304908059076,0.0
PRV52011,0.0,3.295836866004329,0.0,8.863757191604241,0.0,5.609189985967934,3.1780538303479458,0.7563260821814769,5.609189985967934,0.0
PRV52012,0.6931471805599453,0.0,8.987321812850125,0.0,8.987321812850125,0.0,0.6931471805599453,0.6931471805599453,8.987321812850125,1.0
PRV52013,0.0,4.143134726391533,0.0,9.561771591591862,0.0,5.4389204697747,4.04305126783455,0.7453329337305156,5.4389204697747,0.0
PRV52014,0.0,5.863631175598097,0.0,11.449889813957403,0.0,5.592824386568682,5.703782474656201,0.7765287894989964,5.592824386568682,0.0
PRV52017,3.1780538303479458,5.552959584921617,12.367345048436391,11.152973729638363,9.231944444748386,5.607560076053358,5.572154032177765,0.7269214976785494,6.993441373410749,0.0821428571428571
PRV52019,6.248042874508429,7.27655640271871,15.534855415366184,12.936469848707748,9.288840925129737,5.664077215063508,7.45876269238096,0.756549676041815,8.025728646037711,0.2631310555838858
PRV52020,4.532599493153256,6.244166900663736,13.842445532629366,11.831531911699868,9.320745533290046,5.593032045149989,6.359573868672378,0.7179665974702872,7.561717257309436,0.1518151815181518
PRV52021,5.204006687076795,6.07073772800249,14.409666341345822,11.851901706809176,9.211268670255746,5.786542285380532,6.3473892096560105,0.730172503149791,8.066237274516192,0.2952691680261011
PRV52022,0.0,4.204692619390966,0.0,9.785323194185484,0.0,5.599319423720941,4.204692619390966,0.6931471805599453,5.599319423720941,0.0
PRV52024,0.0,1.0986122886681098,0.0,7.650168700845001,0.0,6.957497370876951,1.0986122886681098,0.6931471805599453,6.957497370876951,0.0
PRV52025,0.0,4.787491742782046,0.0,10.468545647075835,0.0,5.692769674820799,4.770684624465665,0.701657870227854,5.692769674820799,0.0
PRV52026,0.0,3.218875824868201,0.0,8.848078421168667,0.0,5.673323267171493,3.1780538303479458,0.7146533857809089,5.673323267171493,0.0
PRV52027,3.8501476017100575,4.912654885736052,12.83468397161566,10.226331631955956,9.006162567607179,5.325896504685832,5.19295685089021,0.6987182256094008,7.707700891179285,0.2541436464088398
PRV52028,1.6094379124341005,2.70805020110221,11.097425172408933,8.169336395928386,9.711176264112805,5.533953982109713,2.9444389791664403,0.6931471805599453,8.259400682751515,0.2222222222222222
PRV52029,2.4849066497880004,5.062595033026967,11.736077016252436,10.636119834372655,9.338261739614294,5.583616027681865,5.075173815233827,0.7210559686770218,6.9004548863202695,0.0654761904761904
PRV52030,1.6094379124341005,7.7284157798410416,10.896757843893464,13.349277411506016,9.510519035757246,5.624913670378822,7.07326971745971,1.074866358169253,5.705444097059761,0.0017582417582417
PRV52031,0.6931471805599453,4.8283137373023015,9.305741456739437,10.19507449106512,9.305741456739437,5.379376926778779,4.727387818712341,0.7495612698400367,5.714260718943828,0.008
PRV52032,4.04305126783455,6.349138991379798,13.19095803628183,12.002370136540334,9.165709047830587,5.6584687475360695,6.343880434126331,0.7437800456444597,7.016841381898362,0.0893141945773524
PRV52037,0.0,5.147494476813453,0.0,10.871630422615535,0.0,5.733189862115588,5.075173815233827,0.7301884522402944,5.733189862115588,0.0
PRV52038,3.1354942159291497,5.472270673671475,12.06105265381003,11.121821736797092,8.97013157966654,5.657245045434558,5.384495062789089,0.7855205006909605,6.835263463760423,0.0849420849420849
PRV52039,0.0,3.9318256327243257,0.0,9.227295812625597,0.0,5.320078858329549,3.8501476017100575,0.7357067949787413,5.320078858329549,0.0
PRV52041,0.0,7.542213463193403,0.0,13.312952331561156,0.0,5.774378540151975,6.823286122355687,1.1162481605442978,5.774378540151975,0.0
PRV52042,0.6931471805599453,3.951243718581428,9.105090961257083,9.837401167408268,9.105090961257083,5.908242771942147,3.9318256327243257,0.712949807856125,6.280539879291736,0.0192307692307692
PRV52044,3.784189633918261,3.610917912644224,12.901719200051184,8.965845494750937,9.140623816766412,5.3867860145356445,4.330733340286331,0.7194644888773186,8.55180006391495,0.5443037974683544
PRV52045,3.8501476017100575,5.288267030694535,13.166764877842478,10.90285024541336,9.338209568931283,5.623247542080956,5.44673737166631,0.718789611173283,7.773009127170789,0.1893004115226337
PRV52046,0.0,4.624972813284271,0.0,10.246758057051174,0.0,5.63517849500919,4.59511985013459,0.7083373460539204,5.63517849500919,0.0
PRV52047,2.772588722239781,2.302585092994046,11.87757552297847,8.423102268016642,9.169622538697624,6.227634002877222,3.091042453358316,0.7621400520468967,8.730784599256827,0.625
PRV52048,0.0,4.691347882229144,0.0,10.566716616308788,0.0,5.887337837899084,4.59511985013459,0.7429086901190091,5.887337837899084,0.0
PRV52049,0.0,5.262690188904886,0.0,10.930442709440008,0.0,5.676361316580051,5.247024072160486,0.7010523600670585,5.676361316580051,0.0
PRV52051,0.0,4.499809670330265,0.0,10.471383252907115,0.0,5.98523733302594,4.48863636973214,0.6988129180956227,5.98523733302594,0.0
PRV52052,1.791759469228055,3.9889840465642745,10.491301994830229,9.439943018351132,8.881975184248867,5.473775803277915,4.04305126783455,0.7108467576593462,6.731717386827191,0.0862068965517241
PRV52054,0.0,5.484796933490655,0.0,11.270739247516191,0.0,5.793140632836522,5.4510384535657,0.7102416139192453,5.793140632836522,0.0
PRV52055,0.0,5.318119993844216,0.0,10.839796574724032,0.0,5.530542706007076,5.003946305945459,0.8635739497017507,5.530542706007076,0.0
PRV52056,0.0,4.110873864173311,0.0,9.757362911053992,0.0,5.666426688112432,3.970291913552122,0.7672551527136671,5.666426688112432,0.0
PRV52057,2.3978952727983707,5.170483995038151,11.904974309480185,10.15700510770532,9.60245002503719,4.998948217878326,5.10594547390058,0.7552054943782287,6.846196098980588,0.054054054054054
PRV52058,0.0,5.3230099791384085,0.0,10.923255026881002,0.0,5.608789238084116,5.298317366548036,0.7056317372221906,5.608789238084116,0.0
PRV52059,2.6390573296152584,7.150701457592526,11.95761769646754,12.860507583643695,9.39274525863144,5.713893405220117,6.066108090103747,1.3845486522098671,6.043131023602679,0.0101010101010101
PRV52061,0.0,4.882801922586371,0.0,10.366938509842946,0.0,5.495822056192674,4.804021044733257,0.7336385419146821,5.495822056192674,0.0
PRV52062,0.0,5.220355825078324,0.0,10.948364972106267,0.0,5.736642421247672,5.204006687076795,0.7014003223166658,5.736642421247672,0.0
PRV52063,4.48863636973214,6.558197802812269,13.731042489476511,12.192029500528037,9.25380033853208,5.638809515729855,6.591673732008658,0.7361645656436361,7.251597476745604,0.1111111111111111
PRV52064,3.6635616461296463,7.939871576361883,12.765691290604371,13.553731422275543,9.128210839274333,5.617853903950063,7.337587743538596,1.0478670896628743,5.978123488293173,0.0133614627285513
PRV52065,4.762173934797756,5.3471075307174685,13.992820410455272,10.938112279371822,9.23932652953814,5.599466955949625,5.75890177387728,0.7072872433337579,8.255312809858525,0.3569230769230769
PRV52066,0.0,7.283448228756631,0.0,12.864967350778976,0.0,5.585960778458694,6.447305862541213,1.1968043148473233,5.585960778458694,0.0
PRV52068,0.0,3.8918202981106265,0.0,9.478916074688229,0.0,5.611301621862036,3.8918202981106265,0.6931471805599453,5.611301621862036,0.0
PRV52069,0.0,4.48863636973214,0.0,10.011489576337404,0.0,5.53804983055533,4.442651256490317,0.7166776779701395,5.53804983055533,0.0
PRV52071,0.0,6.620073206530356,0.0,12.467863668803243,0.0,5.851999122849758,5.796057750765372,1.188921068772245,5.851999122849758,0.0
PRV52072,3.737669618283368,4.5217885770490405,12.894209796826232,10.044596413496008,9.180738227331956,5.537637067929253,4.8283137373023015,0.7248958788745256,8.067970914162109,0.3106060606060606
PRV52073,3.367295829986474,3.610917912644224,12.75130259456002,9.564582358673212,9.419176341965334,5.983516377258808,4.158883083359672,0.7010523600670585,8.63306885363633,0.4375
PRV52074,2.4849066497880004,4.875197323201151,11.820417517632333,10.150386692204734,9.42259577100196,5.287878454820207,4.90527477843843,0.7189312977156599,7.04499167901499,0.0780141843971631
PRV52075,0.0,1.791759469228055,0.0,7.107425474110705,0.0,5.501258210544727,1.791759469228055,0.6931471805599453,5.501258210544727,0.0
PRV52076,4.04305126783455,5.111987788356544,13.146081857144738,10.646876224532782,9.120837582305487,5.54482226777542,5.298317366548036,0.7469498865529216,7.827264355835582,0.253393665158371
PRV52077,4.653960350157523,6.959398512133975,13.8924725250259,12.557261065987069,9.248176991619136,5.602504586822755,6.54534966033442,0.9795694670087054,7.0741680880694044,0.0899653979238754
PRV52079,2.079441541679836,3.295836866004329,10.55843949396453,8.79497643168877,8.612685172875459,5.540660044838359,3.4657359027997265,0.7248958788745256,7.220861403774077,0.2121212121212121
PRV52081,1.3862943611198906,3.091042453358316,9.798182590890704,9.237079669165803,8.699681400989514,6.194502568112669,3.218875824868201,0.6931471805599453,7.072351216670934,0.125
PRV52082,0.0,2.19722457733622,0.0,6.78105762593618,0.0,4.709530201312334,2.19722457733622,0.6931471805599453,4.709530201312334,0.0
PRV52084,2.3978952727983707,3.218875824868201,11.53273789613992,8.657129031713755,9.23024103368252,5.483066529874935,3.49650756146648,0.723918839226699,8.061523978819523,0.2941176470588235
PRV52085,0.0,6.715383386334681,0.0,12.390978360509392,0.0,5.680222311218056,6.617402977974478,0.7434024531228038,5.680222311218056,0.0
PRV52087,1.0986122886681098,4.007333185232471,8.006700845440367,9.761405420601672,7.313886831633462,5.7754712972762965,3.80666248977032,0.8209805520698302,5.898232563500102,0.0357142857142857
PRV52088,0.6931471805599453,3.784189633918261,9.798182590890704,8.852378886511985,9.798182590890704,5.097168520614456,3.80666248977032,0.6931471805599453,6.343800545969708,0.0227272727272727
PRV52089,2.772588722239781,4.875197323201151,12.07254696717504,10.74894801164928,9.364576762415895,5.884179103040571,4.634728988229636,0.8844155233437061,7.332459411824079,0.1034482758620689
PRV52090,0.0,5.717027701406222,0.0,11.49528070779676,0.0,5.784616948008472,5.634789603169249,0.7352586659100722,5.784616948008472,0.0
PRV52092,2.5649493574615367,4.997212273764115,11.552155793461898,10.531322579448696,9.067354906294602,5.544778768079911,4.976733742420574,0.7439195059333685,6.792062039312292,0.0754716981132075
PRV52094,2.19722457733622,3.828641396489095,11.918397239722838,9.31659049181884,9.83900236330972,5.513876674503939,3.9318256327243257,0.7227059828014898,8.019941687677365,0.1509433962264151
PRV52095,0.6931471805599453,3.6375861597263857,8.517393171418904,9.264923249746474,8.517393171418904,5.657408308530612,3.6375861597263857,0.706570200892086,6.017311820164058,0.0263157894736842
PRV52097,0.6931471805599453,4.007333185232471,8.294299608857235,9.657650950674242,8.294299608857235,5.672049706123144,3.951243718581428,0.7316134613877413,5.880786890172535,0.0181818181818181
PRV52098,0.0,6.152732694704104,0.0,11.717179731763732,0.0,5.570385096810054,6.077642243349034,0.7314833293034925,5.570385096810054,0.0
PRV52099,1.0986122886681098,4.48863636973214,9.546884034617923,9.762557428101925,8.853808274977197,5.2902164608170885,4.276666119016055,0.8187244879431476,5.856662506282004,0.0222222222222222
PRV52100,5.10594547390058,3.6375861597263857,14.236324599531628,9.205428327615165,9.136565177466476,5.59812161359891,5.181783550292085,0.7587444630457586,8.939661186404894,0.8159203980099502
PRV52101,0.6931471805599453,2.70805020110221,9.210440366976515,7.824445930877619,9.210440366976515,5.190573059534934,2.772588722239781,0.6931471805599453,6.7266330027636645,0.0666666666666666
PRV52102,0.0,2.772588722239781,0.0,7.555381944240273,0.0,4.854631045619675,2.772588722239781,0.6931471805599453,4.854631045619675,0.0
PRV52104,0.0,7.081708586105575,0.0,12.75728464895004,0.0,5.679833838120564,6.498282149476434,1.0272464250202622,5.679833838120564,0.0
PRV52105,0.0,3.295836866004329,0.0,9.455714972131714,0.0,6.1995725520572655,3.258096538021482,0.712949807856125,6.1995725520572655,0.0
PRV52107,2.3978952727983707,4.700480365792417,11.440365524765756,10.36599440101149,9.137877200242468,5.67804114721898,4.74493212836325,0.714840005171205,6.955977054358343,0.0840336134453781
PRV52109,0.0,5.517452896464707,0.0,11.232960207829446,0.0,5.722794150396473,5.407171771460119,0.7500553128318248,5.722794150396473,0.0
PRV52111,2.302585092994046,4.343805421853684,11.082157933374816,10.125069885783384,8.885056423495103,5.797336727758261,4.418840607796598,0.711274565152502,6.965413567863736,0.1058823529411764
PRV52112,3.218875824868201,4.127134385045092,12.409017571151187,9.60177416667137,9.231057613564904,5.494948617857634,4.454347296253507,0.6931471805599453,8.025304768669997,0.2823529411764706
PRV52113,0.0,4.795790545596741,0.0,10.00654040759221,0.0,5.224401683597868,3.9889840465642745,1.182999680945657,5.224401683597868,0.0
PRV52114,4.663439094112067,7.060476365999801,13.919871474189012,12.638572337119898,9.2660048132518,5.582720874499668,6.452048954437226,1.1001908209611595,7.019823037943283,0.0827423167848699
PRV52115,3.044522437723423,4.262679877041316,12.345838935721968,9.35018926709258,9.35018926709258,5.107675578138363,4.31748811353631,0.7958013346200287,7.8951876831274355,0.2222222222222222
PRV52118,1.6094379124341005,3.8918202981106265,11.472113887062386,9.779114097696372,10.085850775128716,5.9105707829441405,3.912023005428146,0.7233002187306329,7.690180496485249,0.0769230769230769
PRV52119,2.833213344056216,3.610917912644224,12.165255859329688,9.247732491193243,9.39274525863144,5.6675794259922405,3.951243718581428,0.7029033555053099,8.266915588083894,0.3076923076923077
PRV52120,5.111987788356544,6.9726062513017535,14.301142058404404,12.693182254678716,9.195297490007752,5.724779987982945,7.002155954403621,0.7519486478148651,7.368757816996633,0.1340373679935012
PRV52121,1.6094379124341005,3.912023005428146,10.491301994830229,9.518633568332074,9.105090961257083,5.630333625892265,3.9318256327243257,0.7227059828014898,6.842723554478773,0.0754716981132075
PRV52122,0.0,3.737669618283368,0.0,9.83846891616168,0.0,6.127028932776629,3.737669618283368,0.6931471805599453,6.127028932776629,0.0
PRV52123,5.093750200806762,4.553876891600541,14.168700135062435,10.066498860795583,9.08121688692163,5.527146849928957,5.393627546352362,0.7742430742181403,8.640099193354716,0.6328125
PRV52124,2.079441541679836,4.691347882229144,11.904974309480185,10.627430633893226,9.959104699869757,5.947889924989487,4.736198448394496,0.7019578102421002,7.406499520207745,0.0608695652173913
PRV52126,3.688879454113936,4.276666119016055,12.818554633046093,9.89500164888583,9.155095962365024,5.635845383664997,4.672828834461906,0.7118393135720978,8.170700003266457,0.3545454545454545
PRV52127,1.791759469228055,2.3978952727983707,11.184435286790633,6.957497370876951,9.575052927597383,4.663439094112067,2.772588722239781,0.6931471805599453,8.491054533806542,0.3333333333333333
PRV52128,3.9889840465642745,4.110873864173311,13.04343055358178,10.32551474894327,9.07325117538644,6.233102681058356,4.672828834461906,0.7256326357044337,8.380192830592287,0.4690265486725664
PRV52129,0.0,5.41164605185504,0.0,10.925776596632632,0.0,5.522590324685238,4.330733340286331,1.379605372969094,5.522590324685238,0.0
PRV52130,2.3978952727983707,4.430816798843313,11.661354090741,10.130662964963708,9.358846580275406,5.715083834881205,4.51085950651685,0.7096764825111559,7.3252835345883165,0.1075268817204301
PRV52131,3.4657359027997265,3.9889840465642745,12.70654788843366,9.896513288798792,9.272651616185874,5.928836150206553,4.330733340286331,0.7514160886839212,8.334425820976431,0.369047619047619
PRV52133,1.0986122886681098,5.717027701406222,8.853808274977197,11.493548946876626,8.160803920954665,5.782890498377875,5.602118820879701,0.7559480817989757,5.845063813363736,0.0065573770491803
PRV52135,5.351858133476067,3.9889840465642745,14.412312573307222,9.132486932771318,9.065320105002982,5.167800294216437,5.480638923341991,0.7421365677602185,8.845381893076507,0.7984790874524715
PRV52136,3.713572066704308,4.174387269895637,12.796636007394284,9.862196698118249,9.107864580386948,5.70659102697824,4.61512051684126,0.712949807856125,8.204309017632376,0.3846153846153846
PRV52138,0.0,5.241747015059643,0.0,10.983273736954189,0.0,5.750002638763715,5.19295685089021,0.7179760422138152,5.750002638763715,0.0
PRV52140,0.0,2.995732273553991,0.0,8.543055850941965,0.0,5.602118820879701,2.9444389791664403,0.7205461547480597,5.602118820879701,0.0
PRV52141,1.3862943611198906,6.505784060128229,9.741027444837728,12.222393729084128,8.642532789389376,5.7213811957400855,5.834810737062605,1.087801372563894,5.796972357367206,0.0044709388971684
PRV52142,3.367295829986474,3.4657359027997265,12.400409231902334,8.634264863002075,9.068315871946766,5.205600595144697,4.0943445622221,0.6931471805599453,8.345978537535904,0.4745762711864407
PRV52143,0.0,2.8903717578961645,0.0,9.022925868116218,0.0,6.191640467782856,2.8903717578961645,0.6931471805599453,6.191640467782856,0.0
PRV52144,2.5649493574615367,4.812184355372417,11.39640288460621,10.437961341207826,8.911619821298006,5.637479191412826,4.897839799950911,0.6968995301784958,6.824243875766832,0.0895522388059701
PRV52145,0.0,5.5053315359323625,0.0,11.01716906136117,0.0,5.5199086933767365,5.468060141135132,0.712035465080151,5.5199086933767365,0.0
PRV52146,3.218875824868201,2.833213344056216,12.37581963951765,8.219056661060598,9.19786285046507,5.450501828921753,3.688879454113936,0.705886206337375,8.702634875546435,0.6
PRV52147,2.9444389791664403,5.267858159063328,12.371591321286903,10.92415631759022,9.481291594389525,5.664919555863394,5.356586274672012,0.6931471805599453,7.231660731644745,0.0853080568720379
PRV52148,3.7612001156935615,3.610917912644224,12.739640688812674,8.33110454805304,9.00209129755326,4.755981964549835,4.343805421853684,0.7062192621272981,8.395251520610994,0.5384615384615384
PRV52149,2.833213344056216,5.10594547390058,11.944714374881176,10.533455287996134,9.172223049863057,5.437920229462669,5.1647859739235145,0.7102416139192453,6.970886560422227,0.0888888888888888
PRV52150,3.4657359027997265,5.634789603169249,12.81584093453868,11.254685683118405,9.38193524824844,5.627066564763277,5.666426688112432,0.7306302738146858,7.270492455561674,0.1
PRV52151,3.871201010907891,4.31748811353631,13.029811589736028,9.815257251141714,9.179764904169126,5.515170906884367,4.74493212836325,0.7233870657496635,8.27365927814019,0.3884297520661157
PRV52152,3.871201010907891,3.737669618283368,13.012506099783478,8.761080103868347,9.162461175728172,5.05375708108974,4.442651256490317,0.7166776779701395,8.549501960134831,0.5340909090909091
PRV52154,0.0,6.610696044717759,0.0,12.177421081623448,0.0,5.571877277990091,6.559615237493242,0.7190499238192152,5.571877277990091,0.0
PRV52155,2.5649493574615367,3.9318256327243257,11.338583982516496,9.581283046045924,8.853808274977197,5.672635745659364,4.04305126783455,0.7453329337305156,7.3712052215967185,0.1935483870967742
PRV52156,2.6390573296152584,4.718498871295094,12.380030154325455,10.43149472451088,9.815131215549096,5.725203058679348,4.820281565605037,0.6972039812555597,7.693400771861248,0.1048387096774193
PRV52157,3.784189633918261,5.220355825078324,13.003582093664075,10.82875784719086,9.242476567878294,5.617442808777036,5.187385805840755,0.8221035168144539,7.686710285829639,0.1894273127753304
PRV52159,3.218875824868201,5.513428746164983,12.323860125621126,11.055656405795794,9.145908511816794,5.550146731951659,5.575949103146316,0.7082418067824303,6.970577614292756,0.088560885608856
PRV52160,1.3862943611198906,3.9318256327243257,10.308985993422082,9.3467052464967,9.210440366976515,5.438948496287782,3.9889840465642745,0.6931471805599453,6.663469996625235,0.0566037735849056
PRV52161,0.0,2.3978952727983707,0.0,7.415175109613295,0.0,5.117993812416755,2.3978952727983707,0.6931471805599453,5.117993812416755,0.0
PRV52162,0.6931471805599453,3.6635616461296463,9.546884034617923,9.546884034617923,9.546884034617923,5.911937057563981,3.610917912644224,0.7339691750802004,6.57779003104484,0.0256410256410256
PRV52163,1.0986122886681098,4.110873864173311,9.39274525863144,10.145295829079494,8.699681400989514,6.053264948013429,4.143134726391533,0.6931471805599453,6.405814796364849,0.032258064516129
PRV52165,2.3978952727983707,4.143134726391533,11.418625774449598,10.04589815801724,9.116139576577355,5.921405439190175,4.143134726391533,0.7707054149058199,7.368444833254331,0.1388888888888889
PRV52166,2.079441541679836,4.543294782270004,10.691967639914864,10.138599199626192,8.74619384210056,5.609629331320137,4.454347296253507,0.7777045685880084,6.542471960506805,0.07
PRV52167,2.302585092994046,4.276666119016055,11.502885230075814,9.763708110007842,9.305741456739437,5.505045224480813,4.31748811353631,0.7328875092094594,7.283362373422816,0.1125
PRV52168,0.0,4.3694478524670215,0.0,9.779114097696372,0.0,5.426755683246806,4.356708826689592,0.6996196950655628,5.426755683246806,0.0
PRV52169,0.0,3.688879454113936,0.0,9.210440366976515,0.0,5.55067114056188,3.6635616461296463,0.7062192621272981,5.55067114056188,0.0
PRV52170,1.3862943611198906,3.713572066704308,10.87806606028079,9.115040192121858,9.7794915060378,5.430441519475078,3.784189633918261,0.6931471805599453,7.275832412050698,0.0697674418604651
PRV52171,1.3862943611198906,2.302585092994046,9.680406499268877,7.507141079727608,8.58191919497788,5.314300071054646,2.5649493574615367,0.6931471805599453,7.303843225277705,0.25
PRV52173,4.787491742782046,0.0,14.138608759540034,0.0,9.359570683306352,0.0,4.691347882229144,0.7428187903571831,9.359570683306352,1.0
PRV52174,0.0,1.6094379124341005,0.0,6.7226297948554485,0.0,5.339939041238856,1.6094379124341005,0.6931471805599453,5.339939041238856,0.0
PRV52175,0.0,5.402677381872279,0.0,10.97371751331194,0.0,5.579319940919087,5.375278407684165,0.7070042152213715,5.579319940919087,0.0
PRV52176,3.091042453358316,0.0,12.650761671914688,0.0,9.606303334495443,0.0,3.091042453358316,0.6931471805599453,9.606303334495443,1.0
PRV52177,1.791759469228055,3.555348061489413,10.203629181337648,8.832149906002899,8.594339400592892,5.310594632715269,3.688879454113936,0.6931471805599453,6.767284110806832,0.1282051282051282
PRV52178,4.897839799950911,1.3862943611198906,14.137159904931943,5.25227342804663,9.24690646584237,4.164077900236776,4.804021044733257,0.7532855392984787,9.224740600958894,0.9779411764705882
PRV52179,1.0986122886681098,3.7612001156935615,10.085850775128716,9.674765972907856,9.39274525863144,5.939669873918251,2.995732273553991,1.1986957472250923,6.811294437420416,0.0454545454545454
PRV52180,1.791759469228055,4.060443010546419,11.072884439922198,9.569482270478703,9.463508636396089,5.530333718588042,4.07753744390572,0.7270487322356266,7.147305438311657,0.0806451612903225
PRV52181,2.3978952727983707,2.8903717578961645,11.561725152903833,8.200013648175434,9.259225769705994,5.371185074093165,3.258096538021482,0.7323678937132266,8.300206573156364,0.3703703703703703
PRV52182,1.791759469228055,4.653960350157523,10.275085591132717,10.452215713350586,8.665785595466064,5.8107954703703255,4.007333185232471,1.104766154242488,6.371047114758849,0.0458715596330275
PRV52184,0.0,3.091042453358316,0.0,7.993282328101591,0.0,4.955491655954648,3.044522437723423,0.7178397931503169,4.955491655954648,0.0
PRV52185,0.0,4.23410650459726,0.0,9.64930472862475,0.0,5.434107236303787,4.007333185232471,0.8150369981689822,5.434107236303787,0.0
PRV52186,0.0,3.737669618283368,0.0,8.87640491500694,0.0,5.168403117544559,3.6635616461296463,0.7318616927406358,5.168403117544559,0.0
PRV52187,0.0,3.332204510175204,0.0,8.914760527397261,0.0,5.622411725031372,3.258096538021482,0.7323678937132266,5.622411725031372,0.0
PRV52188,2.70805020110221,2.995732273553991,12.013706813470414,8.71292443512011,9.37472826815288,5.771441123130016,3.49650756146648,0.7086513670959106,8.553571874487222,0.4242424242424242
PRV52189,0.0,3.1780538303479458,0.0,8.681181041521688,0.0,5.54941437989168,3.044522437723423,0.7654678421395714,5.54941437989168,0.0
PRV52191,0.0,3.367295829986474,0.0,9.0642735958414,0.0,5.735188852481046,3.258096538021482,0.7514160886839212,5.735188852481046,0.0
PRV52192,1.9459101490553128,3.295836866004329,10.799595985047786,8.026496938945412,9.007938549348037,4.776534494901624,3.4011973816621555,0.7435780341868372,7.395030762287868,0.1875
PRV52193,0.0,5.0369526024136295,0.0,10.261895993101012,0.0,5.236754805003625,4.836281906951478,0.7993073763883359,5.236754805003625,0.0
PRV52195,2.3978952727983707,0.0,11.695255355062796,0.0,9.39274525863144,0.0,2.3978952727983707,0.6931471805599453,9.39274525863144,1.0
PRV52196,0.0,1.9459101490553128,0.0,7.905072849498666,0.0,6.115156019450532,1.9459101490553128,0.6931471805599453,6.115156019450532,0.0
PRV52197,2.3978952727983707,0.0,11.643962499267984,0.0,9.34145634983372,0.0,2.3978952727983707,0.6931471805599453,9.34145634983372,1.0
PRV52199,0.0,2.3978952727983707,0.0,6.985641817639208,0.0,4.691347882229144,2.3978952727983707,0.6931471805599453,4.691347882229144,0.0
PRV52200,0.0,0.6931471805599453,0.0,3.713572066704308,0.0,3.713572066704308,0.6931471805599453,0.6931471805599453,3.713572066704308,0.0
PRV52201,0.0,2.302585092994046,0.0,6.111467339502679,0.0,3.9318256327243257,2.302585092994046,0.6931471805599453,3.9318256327243257,0.0
PRV52202,0.0,3.9318256327243257,0.0,9.012011377036412,0.0,5.10594547390058,3.912023005428146,0.7032995520239632,5.10594547390058,0.0
PRV52204,0.0,2.302585092994046,0.0,7.85979918056211,0.0,5.665657457305271,2.19722457733622,0.7537718023763802,5.665657457305271,0.0
PRV52205,0.0,1.0986122886681098,0.0,7.02197642307216,0.0,6.329720905522696,1.0986122886681098,0.6931471805599453,6.329720905522696,0.0
PRV52206,0.0,1.791759469228055,0.0,7.501634457883413,0.0,5.8944028342648505,1.791759469228055,0.6931471805599453,5.8944028342648505,0.0
PRV52208,0.0,2.6390573296152584,0.0,8.4252971767117,0.0,5.862975366196518,2.5649493574615367,0.7339691750802004,5.862975366196518,0.0
PRV52209,0.0,2.19722457733622,0.0,8.509362612301048,0.0,6.431331081933479,2.19722457733622,0.6931471805599453,6.431331081933479,0.0
PRV52211,0.0,4.875197323201151,0.0,10.198430699466112,0.0,5.335687255556468,4.8283137373023015,0.7170527014134997,5.335687255556468,0.0
PRV52212,0.0,4.174387269895637,0.0,9.489561753510095,0.0,5.3354324991369655,4.143134726391533,0.7091475219063864,5.3354324991369655,0.0
PRV52213,0.0,2.079441541679836,0.0,6.3818160174060985,0.0,4.446006964337289,2.079441541679836,0.6931471805599453,4.446006964337289,0.0
PRV52214,0.0,3.871201010907891,0.0,9.4478600892349,0.0,5.601333398281989,3.784189633918261,0.7386095546367026,5.601333398281989,0.0
PRV52216,0.0,2.772588722239781,0.0,8.50532301884575,0.0,5.800102245661878,2.70805020110221,0.7282385003712154,5.800102245661878,0.0
PRV52217,0.0,1.791759469228055,0.0,6.255750041753367,0.0,4.653960350157523,1.6094379124341005,0.8109302162163288,4.653960350157523,0.0
PRV52218,0.0,2.19722457733622,0.0,7.415175109613295,0.0,5.339939041238856,2.19722457733622,0.6931471805599453,5.339939041238856,0.0
PRV52219,0.0,1.6094379124341005,0.0,7.930565854233965,0.0,6.54534966033442,1.6094379124341005,0.6931471805599453,6.54534966033442,0.0
PRV52220,0.0,2.5649493574615367,0.0,7.696667081526462,0.0,5.216745712854225,2.5649493574615367,0.6931471805599453,5.216745712854225,0.0
PRV52221,0.0,0.6931471805599453,0.0,2.3978952727983707,0.0,2.3978952727983707,0.6931471805599453,0.6931471805599453,2.3978952727983707,0.0
PRV52222,0.0,4.007333185232471,0.0,9.736310733068626,0.0,5.750453993965348,3.970291913552122,0.7121953755306397,5.750453993965348,0.0
PRV52224,0.0,3.737669618283368,0.0,9.220389707829185,0.0,5.510769824907689,3.58351893845611,0.7753852787969175,5.510769824907689,0.0
PRV52225,0.0,1.9459101490553128,0.0,6.734591659972948,0.0,4.948759890378168,1.9459101490553128,0.6931471805599453,4.948759890378168,0.0
PRV52226,0.0,1.0986122886681098,0.0,4.61512051684126,0.0,3.9318256327243257,1.0986122886681098,0.6931471805599453,3.9318256327243257,0.0
PRV52227,0.0,2.079441541679836,0.0,8.623533227187563,0.0,6.6787014391281945,1.9459101490553128,0.7731898882334818,6.6787014391281945,0.0
PRV52228,0.0,2.19722457733622,0.0,7.783640596221253,0.0,5.707110264748875,2.19722457733622,0.6931471805599453,5.707110264748875,0.0
PRV52229,0.0,2.4849066497880004,0.0,5.916202062607435,0.0,3.5449041023283305,2.4849066497880004,0.6931471805599453,3.5449041023283305,0.0
PRV52230,0.0,3.784189633918261,0.0,9.62251624577579,0.0,5.8640935422630935,2.772588722239781,1.3523928094442093,5.8640935422630935,0.0
PRV52231,0.0,1.9459101490553128,0.0,8.289288323000317,0.0,6.498784031544685,1.9459101490553128,0.6931471805599453,6.498784031544685,0.0
PRV52232,0.0,1.6094379124341005,0.0,6.46302945692067,0.0,5.081404364984463,1.6094379124341005,0.6931471805599453,5.081404364984463,0.0
PRV52233,0.0,5.37989735354046,0.0,11.059440645817386,0.0,5.687540168554778,5.056245805348308,0.8690378470236095,5.687540168554778,0.0
PRV52235,0.0,1.0986122886681098,0.0,6.878326468291325,0.0,6.186208623900494,1.0986122886681098,0.6931471805599453,6.186208623900494,0.0
PRV52236,0.0,2.70805020110221,0.0,8.662331957082475,0.0,6.025520848714037,2.6390573296152584,0.7308875085427923,6.025520848714037,0.0
PRV52237,0.0,3.6635616461296463,0.0,8.909370405197466,0.0,5.276771114758629,3.6635616461296463,0.6931471805599453,5.276771114758629,0.0
PRV52238,0.0,2.4849066497880004,0.0,7.333676395657684,0.0,4.942291562521746,2.3978952727983707,0.7419373447293773,4.942291562521746,0.0
PRV52240,0.0,4.143134726391533,0.0,10.135432259803409,0.0,6.010713574010412,4.127134385045092,0.7013104911991063,6.010713574010412,0.0
PRV52241,0.0,3.1780538303479458,0.0,8.646641258603124,0.0,5.5150053427953125,3.1354942159291497,0.7156200364120039,5.5150053427953125,0.0
PRV52242,0.0,3.4657359027997265,0.0,9.517898598432753,0.0,6.086114685085697,3.4339872044851463,0.7096764825111559,6.086114685085697,0.0
PRV52246,0.0,4.219507705176107,0.0,10.185315020186112,0.0,5.9831088396891765,3.871201010907891,0.8860508466844368,5.9831088396891765,0.0
PRV52247,0.0,3.912023005428146,0.0,9.295692039075686,0.0,5.408269366009164,3.8918202981106265,0.7035099675954919,5.408269366009164,0.0
PRV52248,0.0,3.218875824868201,0.0,9.453364978883542,0.0,6.2771133037735884,3.091042453358316,0.7621400520468967,6.2771133037735884,0.0
PRV52249,0.0,3.871201010907891,0.0,10.145688355383797,0.0,6.2973443928076085,3.737669618283368,0.7637647477738986,6.2973443928076085,0.0
PRV52251,0.0,1.6094379124341005,0.0,5.602118820879701,0.0,4.22683374526818,1.6094379124341005,0.6931471805599453,4.22683374526818,0.0
PRV52252,0.0,3.295836866004329,0.0,7.664346632098617,0.0,4.417913394007406,3.295836866004329,0.6931471805599453,4.417913394007406,0.0
PRV52253,0.0,0.6931471805599453,0.0,4.394449154672439,0.0,4.394449154672439,0.6931471805599453,0.6931471805599453,4.394449154672439,0.0
PRV52254,0.0,3.4657359027997265,0.0,8.284251797621916,0.0,4.857809900563588,3.4339872044851463,0.7096764825111559,4.857809900563588,0.0
PRV52255,0.0,2.3978952727983707,0.0,6.580639137284949,0.0,4.290459441148391,2.079441541679836,0.8873031950009028,4.290459441148391,0.0
PRV52256,0.0,0.6931471805599453,0.0,3.9318256327243257,0.0,3.9318256327243257,0.6931471805599453,0.6931471805599453,3.9318256327243257,0.0
PRV52257,0.0,2.772588722239781,0.0,8.398634855292102,0.0,5.6937321388027,2.70805020110221,0.7282385003712154,5.6937321388027,0.0
PRV52260,0.0,4.158883083359672,0.0,9.463508636396089,0.0,5.325175654050906,4.143134726391533,0.7011793522572095,5.325175654050906,0.0
PRV52261,0.0,0.6931471805599453,0.0,5.303304908059076,0.0,5.303304908059076,0.6931471805599453,0.6931471805599453,5.303304908059076,0.0
PRV52262,0.0,4.727387818712341,0.0,10.234265033343494,0.0,5.519745161078744,4.532599493153256,0.7963314167951762,5.519745161078744,0.0
PRV52263,0.0,1.3862943611198906,0.0,6.447305862541213,0.0,5.351858133476067,1.3862943611198906,0.6931471805599453,5.351858133476067,0.0
PRV52264,0.0,3.258096538021482,0.0,8.394121193826242,0.0,5.180659323079804,3.091042453358316,0.784118958765672,5.180659323079804,0.0
PRV52265,3.4339872044851463,0.0,12.468440756144114,0.0,9.067354906294602,0.0,3.332204510175204,0.7472144018302211,9.067354906294602,1.0
PRV52266,3.6375861597263857,0.0,13.039853127851831,0.0,9.429013404856642,0.0,3.4339872044851463,0.8034952377288107,9.429013404856642,1.0
PRV52267,2.3978952727983707,0.0,11.275949181024878,0.0,8.973478148521036,0.0,2.3978952727983707,0.6931471805599453,8.973478148521036,1.0
PRV52271,0.0,2.995732273553991,0.0,8.232440158470336,0.0,5.292775724183048,2.995732273553991,0.6931471805599453,5.292775724183048,0.0
PRV52272,0.0,2.19722457733622,0.0,8.345455428161928,0.0,6.267674819358884,2.19722457733622,0.6931471805599453,6.267674819358884,0.0
PRV52273,0.0,2.4849066497880004,0.0,8.385032287813898,0.0,5.989416997763347,2.4849066497880004,0.6931471805599453,5.989416997763347,0.0
PRV52274,0.0,3.6635616461296463,0.0,8.962007209588313,0.0,5.329152819033191,2.8903717578961645,1.1741198411762548,5.329152819033191,0.0
PRV52275,0.0,4.624972813284271,0.0,10.211744013223518,0.0,5.600290399394669,4.060443010546419,1.0195437651924166,5.600290399394669,0.0
PRV52276,0.0,4.23410650459726,0.0,9.784197131344804,0.0,5.568456756104482,4.143134726391533,0.7404000654104909,5.568456756104482,0.0
PRV52278,2.833213344056216,0.0,12.367345048436391,0.0,9.594820153675212,0.0,2.833213344056216,0.6931471805599453,9.594820153675212,1.0
PRV52279,4.418840607796598,0.6931471805599453,13.570889252111332,5.707110264748875,9.164273447640433,5.707110264748875,4.356708826689592,0.731368393380143,9.152536391900988,0.9879518072289156
PRV52280,3.737669618283368,0.0,12.886643575525625,0.0,9.173172769260722,0.0,3.6635616461296463,0.7318616927406358,9.173172769260722,1.0
PRV52281,3.737669618283368,0.0,12.919024904363686,0.0,9.205550871829267,0.0,3.737669618283368,0.6931471805599453,9.205550871829267,1.0
PRV52282,1.9459101490553128,0.0,11.251573687764475,0.0,9.45987915064992,0.0,1.9459101490553128,0.6931471805599453,9.45987915064992,1.0
PRV52283,4.204692619390966,0.0,13.295814037213365,0.0,9.106268587836611,0.0,4.007333185232471,0.7985076962177716,9.106268587836611,1.0
PRV52284,0.0,3.688879454113936,0.0,8.579416534596369,0.0,4.922971023365204,3.49650756146648,0.7969439742415889,4.922971023365204,0.0
PRV52285,2.995732273553991,0.0,11.87757552297847,0.0,8.933261535132239,0.0,2.995732273553991,0.6931471805599453,8.933261535132239,1.0
PRV52286,1.791759469228055,0.0,11.407576060361786,0.0,9.798182590890704,0.0,1.791759469228055,0.6931471805599453,9.798182590890704,1.0
PRV52288,0.0,2.6390573296152584,0.0,7.941295570906532,0.0,5.380606070791953,2.5649493574615367,0.7339691750802004,5.380606070791953,0.0
PRV52289,1.6094379124341005,0.0,9.798182590890704,0.0,8.412054873292933,0.0,1.6094379124341005,0.6931471805599453,8.412054873292933,1.0
PRV52290,2.3978952727983707,0.0,11.127277689932466,0.0,8.824824939175638,0.0,2.3978952727983707,0.6931471805599453,8.824824939175638,1.0
PRV52291,2.8903717578961645,0.6931471805599453,11.759793355371237,0.0,8.926705002526738,0.0,2.8903717578961645,0.7221347174331976,8.86955440011882,0.9444444444444444
PRV52292,3.258096538021482,0.0,12.621491384816093,0.0,9.402694764470512,0.0,3.258096538021482,0.6931471805599453,9.402694764470512,1.0
PRV52293,0.0,2.079441541679836,0.0,8.335911094196945,0.0,6.391438415441862,2.079441541679836,0.6931471805599453,6.391438415441862,0.0
PRV52294,2.079441541679836,0.0,10.896757843893464,0.0,8.950958797719533,0.0,2.079441541679836,0.6931471805599453,8.950958797719533,1.0
PRV52295,1.791759469228055,0.0,9.852246888342531,0.0,8.24301946898925,0.0,1.791759469228055,0.6931471805599453,8.24301946898925,1.0
PRV52296,1.0986122886681098,0.0,9.39274525863144,0.0,8.699681400989514,0.0,1.0986122886681098,0.6931471805599453,8.699681400989514,1.0
PRV52298,2.302585092994046,5.3471075307174685,11.440365524765756,11.007103966325696,9.243226964310402,5.66821314132098,4.976733742420574,0.9218309122497704,6.557078040189081,0.0412844036697247
PRV52299,0.0,6.400257445308821,0.0,11.964898770461632,0.0,5.570114791942768,5.545177444479562,1.2110068309833162,5.570114791942768,0.0
PRV52300,1.3862943611198906,2.9444389791664403,10.915106645867503,8.333510708982942,9.816530719513494,5.447216184220347,2.995732273553991,0.7444404749474959,7.9438333856885555,0.1428571428571428
PRV52302,2.4849066497880004,3.58351893845611,11.751950239425476,9.135724578595394,9.354133703064797,5.584033221546275,3.4339872044851463,0.9295359586241758,7.994162958689963,0.2391304347826087
PRV52303,3.1780538303479458,5.91350300563827,12.460718739865236,11.400215788038004,9.325309791288044,5.493529733421357,5.749392985908253,0.8119946122721154,6.7879255073327736,0.0586734693877551
PRV52304,0.0,5.220355825078324,0.0,11.052808798233295,0.0,5.840768039680044,4.48863636973214,1.128465251817791,5.840768039680044,0.0
PRV52306,0.0,2.772588722239781,0.0,8.858084222199162,0.0,6.152023223230571,2.772588722239781,0.6931471805599453,6.152023223230571,0.0
PRV52307,3.9889840465642745,4.812184355372417,13.554147092530322,10.50399847517414,9.58392270907782,5.703290550402614,5.123963979403259,0.71681692464585,8.435840578572353,0.3028571428571429
PRV52308,3.713572066704308,3.871201010907891,12.806833118772722,9.21642184229205,9.118060595856887,5.370835930364604,4.290459441148391,0.7922380832041762,8.368365103043319,0.4597701149425287
PRV52309,0.0,5.14166355650266,0.0,10.721966979398362,0.0,5.589888923960426,4.48863636973214,1.075622770443411,5.589888923960426,0.0
PRV52310,0.0,6.12029741895095,0.0,11.578628932294423,0.0,5.4647646931280445,5.25227342804663,1.2206746539438675,5.4647646931280445,0.0
PRV52311,0.0,3.367295829986474,0.0,8.958154135209242,0.0,5.629418059367339,3.1780538303479458,0.7963314167951762,5.629418059367339,0.0
PRV52312,0.0,5.3706380281276624,0.0,11.287416618549733,0.0,5.924105853643165,4.727387818712341,1.0683985100716131,5.924105853643165,0.0
PRV52313,0.0,6.22455842927536,0.0,11.896151780740423,0.0,5.676998390749383,5.2832037287379885,1.2729656758128876,5.676998390749383,0.0
PRV52314,3.713572066704308,5.214935757608986,12.928781055513184,10.673155862670484,9.239996256883693,5.4678756690705965,5.262690188904886,0.7707831482029167,7.621766248745242,0.179372197309417
PRV52315,1.791759469228055,4.394449154672439,10.59665973278358,9.995656440007505,8.987321812850125,5.6172255398466255,4.204692619390966,0.8276250947884988,6.592480313759114,0.0588235294117647
PRV52317,1.0986122886681098,3.1780538303479458,10.085850775128716,8.431853144249223,9.39274525863144,5.301139467628671,3.091042453358316,0.784118958765672,7.042810509975002,0.08
PRV52318,0.0,3.688879454113936,0.0,9.210440366976515,0.0,5.55067114056188,3.6375861597263857,0.7198154276421066,5.55067114056188,0.0
PRV52319,0.0,3.4339872044851463,0.0,8.954286157204713,0.0,5.556828061699537,3.4011973816621555,0.7102416139192453,5.556828061699537,0.0
PRV52320,4.248495242049359,5.697093486505405,13.587355721107135,11.267037714175425,9.353334639889557,5.577083547677019,5.680172609017068,0.8124511290570354,7.778849708889695,0.1885245901639344
PRV52321,3.5263605246161616,4.770684624465665,12.813119851828636,10.053242872620965,9.316699479783956,5.296049840387681,4.912654885736052,0.7472144018302211,7.864240608604346,0.22
PRV52323,0.0,5.25227342804663,0.0,10.815187764075905,0.0,5.571953892079028,5.19295685089021,0.7234108381997721,5.571953892079028,0.0
PRV52325,3.332204510175204,4.6443908991413725,12.45254592991672,10.16203685698089,9.156810660542597,5.531238206733075,4.718498871295094,0.7752667321783209,7.681879641700905,0.2076923076923077
PRV52326,2.19722457733622,1.9459101490553128,11.097425172408933,8.470311205516108,9.018089684104345,6.679599185844383,2.6390573296152584,0.7308875085427923,8.528330935826693,0.5714285714285714
PRV52328,0.0,3.58351893845611,0.0,9.88129306702636,0.0,6.327681649144318,3.367295829986474,0.8109302162163288,6.327681649144318,0.0
PRV52331,2.302585092994046,3.970291913552122,10.915106645867503,9.505320746909074,8.718027509855055,5.557867022831957,3.912023005428146,0.8086600676817897,7.023583764583682,0.1475409836065573
PRV52332,0.0,4.174387269895637,0.0,9.935519023366792,0.0,5.7796819957891525,4.143134726391533,0.7091475219063864,5.7796819957891525,0.0
PRV52334,2.19722457733622,4.0943445622221,11.440365524765756,9.9513725452567,9.360999248261296,5.876595693299301,3.912023005428146,0.861769892995738,7.439673303723084,0.1194029850746268
PRV52335,1.0986122886681098,5.484796933490655,10.165890277802454,11.337035183121875,9.472781556562168,5.859241821614492,4.477336814478207,1.3301496321107882,6.12031558244052,0.0082644628099173
PRV52336,0.0,4.465908118654584,0.0,10.202146656326484,0.0,5.750947102779797,4.3694478524670215,0.7431576011346067,5.750947102779797,0.0
PRV52337,0.0,6.651571873589727,0.0,12.234616369647398,0.0,5.588081681012678,5.424950017481403,1.4862197793762677,5.588081681012678,0.0
PRV52340,5.41610040220442,7.326465613840322,14.545664945988026,13.049214022553262,9.134126337475395,5.726667602569972,6.542471960506805,1.2570826296398845,7.285048723302543,0.1285140562248996
PRV52341,0.0,4.912654885736052,0.0,10.7243901015638,0.0,5.822059215580574,4.812184355372417,0.7450550401619632,5.822059215580574,0.0
PRV52342,3.951243718581428,5.123963979403259,13.299674067415213,10.918555175493893,9.367932183137402,5.803564585654979,5.220355825078324,0.7815163310100354,8.00393034928042,0.2339449541284403
PRV52343,3.7612001156935615,5.393627546352362,12.90966755797136,11.259850917158785,9.17209936922609,5.873583047700093,5.181783550292085,0.906069177802617,7.5213885073273214,0.160919540229885
PRV52344,3.1780538303479458,4.68213122712422,12.425212191503038,10.049793255125712,9.28980632472981,5.381532606508349,4.007333185232471,1.2259517110447111,7.647051777106306,0.1769230769230769
PRV52346,2.995732273553991,3.912023005428146,12.211065162153217,9.713597426242222,9.266715730770526,5.824674805981648,4.060443010546419,0.7852624694677509,8.070942852817895,0.2794117647058823
PRV52347,3.9318256327243257,5.8522024797744745,13.347746020081466,11.392913697535256,9.435801236245553,5.547482512712583,5.83773044716594,0.7704871838855966,7.4967824280138835,0.1259445843828715
PRV52348,2.302585092994046,4.07753744390572,11.350418300109132,9.786447990434777,9.153287834884036,5.729203725565949,3.610917912644224,1.0512100497735255,7.336402333656105,0.1343283582089552
PRV52349,0.0,4.605170185988092,0.0,9.923829250194045,0.0,5.333499243039143,4.553876891600541,0.7193954066348817,5.333499243039143,0.0
PRV52350,2.079441541679836,3.5263605246161616,10.308985993422082,9.066585468331043,8.363275817704324,5.573765821612584,3.4011973816621555,0.8668106746107854,6.874715424903937,0.175
PRV52351,0.0,6.054439346269371,0.0,11.549267037372664,0.0,5.501258210544727,5.8944028342648505,0.7765840365916322,5.501258210544727,0.0
PRV52352,0.0,3.49650756146648,0.0,9.17585244151751,0.0,5.71332017913669,3.49650756146648,0.6931471805599453,5.71332017913669,0.0
PRV52353,1.9459101490553128,3.7612001156935615,11.849404844423074,9.251578279992428,10.057681088587902,5.517835305647188,3.828641396489095,0.7259370033829363,8.050304705070648,0.125
PRV52354,0.0,4.204692619390966,0.0,9.873079890114704,0.0,5.686769890960013,3.5263605246161616,1.0986122886681098,5.686769890960013,0.0
PRV52355,0.0,4.158883083359672,0.0,10.092908846445306,0.0,5.952335893209181,3.295836866004329,1.2305398317106575,5.952335893209181,0.0
PRV52356,0.0,4.59511985013459,0.0,10.014626341770096,0.0,5.43398932367167,4.158883083359672,0.9382696385929304,5.43398932367167,0.0
PRV52357,2.19722457733622,4.584967478670572,11.141876276228,10.303303400245593,9.062536177207788,5.73180538344056,4.430816798843313,0.8176013550333513,6.848257997669017,0.0761904761904762
PRV52358,0.0,2.9444389791664403,0.0,8.552753366814787,0.0,5.665657457305271,2.8903717578961645,0.7221347174331976,5.665657457305271,0.0
PRV52359,3.7612001156935615,4.189654742026425,12.931205293247745,9.505320746909074,9.19363494340448,5.335687255556468,4.59511985013459,0.7380425004678363,8.290625560326921,0.3925233644859813
PRV52361,0.0,5.068904202220232,0.0,10.697181179695644,0.0,5.638129408593487,4.983606621708336,0.7369990630887947,5.638129408593487,0.0
PRV52362,2.302585092994046,4.983606621708336,11.410903813540878,10.47251604450966,9.213767824876442,5.499849759607669,4.897839799950911,0.7691330875378674,6.705368826736483,0.0584415584415584
PRV52365,0.0,6.606650186198215,0.0,12.21667128103994,0.0,5.615017808569978,5.945420608606575,1.0782845891624393,5.615017808569978,0.0
PRV52366,3.258096538021482,5.2574953720277815,12.329621250524813,10.90744111582406,9.11085147347544,5.65864270773499,4.948759890378168,0.9332883082427262,7.171173119297759,0.1157407407407407
PRV52367,1.6094379124341005,5.683579767338681,10.985309671896765,11.48884791319117,9.599066156080047,5.811661999245669,5.198497031265826,0.9745596399981308,6.269740143316115,0.0134680134680134
PRV52369,0.0,6.306275286948016,0.0,12.006285448557158,0.0,5.705164821638316,5.883322388488279,0.9274019572992258,5.705164821638316,0.0
PRV52371,0.0,4.290459441148391,0.0,9.762557428101925,0.0,5.489970250770876,3.9318256327243257,0.8919980393051105,5.489970250770876,0.0
PRV52372,3.332204510175204,4.584967478670572,12.498745990829317,10.087515985121769,9.203006134682756,5.516790233363217,4.343805421853684,0.9675840262617056,7.76478900181813,0.2177419354838709
PRV52373,1.3862943611198906,3.044522437723423,10.545367754151744,8.650149418664864,9.446808094292654,5.6577385361547945,3.1354942159291497,0.7156200364120039,7.5503640289146,0.1304347826086956
PRV52374,0.0,5.43372200355424,0.0,11.138682822990772,0.0,5.712632089933184,4.634728988229636,1.1741198411762548,5.712632089933184,0.0
PRV52377,0.0,3.80666248977032,0.0,9.525224101853109,0.0,5.744168010305775,3.80666248977032,0.6931471805599453,5.744168010305775,0.0
PRV52378,1.3862943611198906,2.302585092994046,9.305741456739437,6.825460036255307,8.207310953201803,4.636884161477619,2.5649493574615367,0.6931471805599453,6.902072495846639,0.25
PRV52380,0.0,1.6094379124341005,0.0,5.638354669333745,0.0,4.262679877041316,1.6094379124341005,0.6931471805599453,4.262679877041316,0.0
PRV52381,0.0,4.394449154672439,0.0,10.418135860525783,0.0,6.038467400703318,3.4657359027997265,1.275542996827188,6.038467400703318,0.0
PRV52383,0.0,4.31748811353631,0.0,9.651236971915612,0.0,5.351858133476067,3.951243718581428,0.8964881045779753,5.351858133476067,0.0
PRV52384,0.0,3.5263605246161616,0.0,8.97221007835365,0.0,5.479754694142713,3.49650756146648,0.7086513670959106,5.479754694142713,0.0
PRV52385,0.0,3.1354942159291497,0.0,8.87360810154911,0.0,5.785502097200062,2.995732273553991,0.7691330875378674,5.785502097200062,0.0
PRV52386,0.0,5.472270673671475,0.0,10.920546270529568,0.0,5.456744603142555,5.087596335232384,0.9050476402999748,5.456744603142555,0.0
PRV52387,2.6390573296152584,3.9318256327243257,11.571203807011967,9.664024052354822,9.006367649622247,5.7551091018215415,3.688879454113936,0.9614111671546248,7.567025538104946,0.2063492063492063
PRV52389,0.0,5.147494476813453,0.0,10.707527418047702,0.0,5.569660542896871,4.941642422609304,0.8020983643485001,5.569660542896871,0.0
PRV52390,0.0,3.610917912644224,0.0,8.764209507142004,0.0,5.186143569656164,3.555348061489413,0.7221347174331976,5.186143569656164,0.0
PRV52391,0.0,3.1354942159291497,0.0,9.108418382250798,0.0,6.019698553395112,2.772588722239781,0.9028677115420144,6.019698553395112,0.0
PRV52392,1.791759469228055,4.812184355372417,10.819798284210286,10.490746300336754,9.210440366976515,5.690082499715151,4.007333185232471,1.209512984701551,6.519158901465507,0.0393700787401574
PRV52393,2.833213344056216,4.330733340286331,12.08954444723597,9.874625007851026,9.31703999063524,5.560938008404446,4.143134726391533,0.903303536347344,7.682740680267848,0.1758241758241758
PRV52394,1.3862943611198906,4.7535901911063645,9.680406499268877,10.584840453213362,8.58191919497788,5.842787987343249,4.574710978503383,0.8016278235540153,6.156116792688345,0.0254237288135593
PRV52395,0.0,6.816735880594968,0.0,12.50034917666498,0.0,5.688097236460905,6.09807428216624,1.116469906068116,5.688097236460905,0.0
PRV52396,2.8903717578961645,3.1780538303479458,11.904974309480185,9.024131268455037,9.071869066958438,5.891283829816945,3.555348061489413,0.7777045685880084,8.270908947660384,0.425
PRV52397,0.0,2.19722457733622,0.0,6.918695219020472,0.0,4.846153655430632,2.19722457733622,0.6931471805599453,4.846153655430632,0.0
PRV52398,2.5649493574615367,3.610917912644224,12.144202560946876,9.19938053173984,9.659354419774283,5.619393917691276,3.737669618283368,0.775064303027832,8.324508118419804,0.25
PRV52399,0.0,6.075346031088684,0.0,11.685205103383671,0.0,5.615798693740571,5.627621113690637,0.9426549236159024,5.615798693740571,0.0
PRV52400,0.0,5.44673737166631,0.0,11.077686481493952,0.0,5.638816733846172,4.795790545596741,1.0732944806838198,5.638816733846172,0.0
PRV52401,1.6094379124341005,4.927253685157205,10.839600519357369,10.21833478806055,9.453364978883542,5.303304908059076,4.007333185232471,1.2840155119994725,6.32261617003845,0.0283687943262411
PRV52402,4.060443010546419,5.030437921392435,13.190023895035274,10.64830170765649,9.147077294424466,5.627999686475776,5.225746673713202,0.7559950842196089,7.923833321669756,0.2727272727272727
PRV52403,1.0986122886681098,5.3706380281276624,9.472781556562168,10.814986823674152,8.77971129020447,5.453282134141544,4.442651256490317,1.2729656758128876,5.67523057272776,0.0092592592592592
PRV52404,2.079441541679836,3.044522437723423,10.985309671896765,7.384610383176974,9.039501210862689,4.400603020246817,3.295836866004329,0.7121953755306397,7.716823680792615,0.2592592592592592
PRV52405,3.1354942159291497,4.219507705176107,12.037659911047468,9.907031266159493,8.94674170958933,5.705621578487439,4.276666119016055,0.8124939381925116,7.661706840481777,0.247191011235955
PRV52406,0.0,4.158883083359672,0.0,9.504575923397804,0.0,5.366050185242542,3.80666248977032,0.8886392005436451,5.366050185242542,0.0
PRV52407,0.0,3.784189633918261,0.0,9.67852985665631,0.0,5.919956055628915,2.9444389791664403,1.2205021062771466,5.919956055628915,0.0
PRV52408,0.0,3.4011973816621555,0.0,8.359603270841466,0.0,4.998841886509807,2.5649493574615367,1.2286654169163074,4.998841886509807,0.0
PRV52409,0.0,2.833213344056216,0.0,7.875119281040293,0.0,5.10821562243512,2.772588722239781,0.7259370033829363,5.10821562243512,0.0
PRV52410,0.0,4.07753744390572,0.0,10.098684201799388,0.0,6.040583064588524,3.1780538303479458,1.258954938743289,6.040583064588524,0.0
PRV52411,0.0,4.532599493153256,0.0,10.373834872713369,0.0,5.854885035424123,3.951243718581428,1.0310189975355817,5.854885035424123,0.0
PRV52412,0.0,4.158883083359672,0.0,9.920393832602487,0.0,5.780302501452216,3.713572066704308,0.9458495341156994,5.780302501452216,0.0
PRV52414,0.0,4.890349128221754,0.0,10.682835364853922,0.0,5.803033455968005,4.0943445622221,1.1747359841409104,5.803033455968005,0.0
PRV52415,0.0,3.737669618283368,0.0,8.922791623969637,0.0,5.214538011498339,2.6390573296152584,1.4240346891027376,5.214538011498339,0.0
PRV52416,0.0,3.7612001156935615,0.0,9.174816815907135,0.0,5.441386463653048,3.1354942159291497,1.067840630001356,5.441386463653048,0.0
PRV52417,0.0,3.044522437723423,0.0,8.345455428161928,0.0,5.354224998486333,2.079441541679836,1.349926716949016,5.354224998486333,0.0
PRV52418,0.0,3.58351893845611,0.0,8.952993499320474,0.0,5.402033674093374,3.218875824868201,0.8994836135577738,5.402033674093374,0.0
PRV52419,1.791759469228055,4.68213122712422,11.127277689932466,10.724830039099766,9.517898598432753,6.0543296478302695,3.555348061489413,1.4572460970921752,6.921781450715229,0.0446428571428571
PRV52420,0.0,4.955827057601261,0.0,11.26511773816131,0.0,6.318149940017862,3.871201010907891,1.3862943611198906,6.318149940017862,0.0
PRV52421,0.0,4.564348191467836,0.0,10.420821948214943,0.0,5.869742844021878,4.158883083359672,0.919460306635434,5.869742844021878,0.0
PRV52422,0.0,4.07753744390572,0.0,10.181157167204905,0.0,6.122870838475906,3.5263605246161616,1.01435194505037,6.122870838475906,0.0
PRV52423,0.0,4.007333185232471,0.0,9.348448774093812,0.0,5.364070427611083,3.4339872044851463,1.029619417181158,5.364070427611083,0.0
PRV52425,0.0,3.1780538303479458,0.0,8.18060094759445,0.0,5.051248571184369,2.19722457733622,1.3545456628053103,5.051248571184369,0.0
PRV52427,1.3862943611198906,2.833213344056216,10.308985993422082,8.832149906002899,9.210440366976515,6.061748251777856,2.5649493574615367,0.949080554697146,7.570687389372262,0.1578947368421052
PRV52431,0.0,4.158883083359672,0.0,10.079581424158675,0.0,5.9390427967045,3.610917912644224,1.01160091167848,5.9390427967045,0.0
PRV52432,0.0,4.07753744390572,0.0,9.455714972131714,0.0,5.399721791325304,3.332204510175204,1.1468143904859875,5.399721791325304,0.0
PRV52433,0.0,4.454347296253507,0.0,10.001566622695764,0.0,5.562715759866982,4.143134726391533,0.8632982017336447,5.562715759866982,0.0
PRV52434,0.0,1.0986122886681098,0.0,4.51085950651685,0.0,3.828641396489095,1.0986122886681098,0.6931471805599453,3.828641396489095,0.0
PRV52435,0.0,4.262679877041316,0.0,9.92431906211606,0.0,5.679196999183587,3.258096538021482,1.33500106673234,5.679196999183587,0.0
PRV52436,0.0,3.80666248977032,0.0,9.208438564686588,0.0,5.428547862657643,3.1354942159291497,1.0986122886681098,5.428547862657643,0.0
PRV52437,0.0,3.784189633918261,0.0,9.310276200588785,0.0,5.552869442045097,3.295836866004329,0.9760099665757772,5.552869442045097,0.0
PRV52439,0.0,4.804021044733257,0.0,10.292857153479408,0.0,5.501123271435795,4.174387269895637,1.061472741718653,5.501123271435795,0.0
PRV52440,0.0,2.5649493574615367,0.0,8.513385953073284,0.0,6.030685260261263,2.19722457733622,0.9162907318741552,6.030685260261263,0.0
PRV52441,0.0,4.553876891600541,0.0,9.923829250194045,0.0,5.385080485773903,3.9889840465642745,1.0201406732266145,5.385080485773903,0.0
PRV52443,0.0,0.6931471805599453,0.0,2.3978952727983707,0.0,2.3978952727983707,0.6931471805599453,0.6931471805599453,2.3978952727983707,0.0
PRV52445,1.791759469228055,0.0,11.53273789613992,0.0,9.923339198238727,0.0,1.791759469228055,0.6931471805599453,9.923339198238727,1.0
PRV52446,2.3978952727983707,0.0,11.767575435251748,0.0,9.465060106725137,0.0,2.3978952727983707,0.6931471805599453,9.465060106725137,1.0
PRV52448,0.0,1.0986122886681098,0.0,5.14166355650266,0.0,4.454347296253507,1.0986122886681098,0.6931471805599453,4.454347296253507,0.0
PRV52449,1.9459101490553128,0.0,11.744045122410055,0.0,9.952325334619427,0.0,1.791759469228055,0.7884573603642702,9.952325334619427,1.0
PRV52450,0.0,5.700443573390687,0.0,11.308861240217592,0.0,5.615403475893829,5.4510384535657,0.8261396348798575,5.615403475893829,0.0
PRV52451,0.0,3.044522437723423,0.0,9.317489287493226,0.0,6.323462503334274,2.8903717578961645,0.7777045685880084,6.323462503334274,0.0
PRV52452,1.0986122886681098,5.60947179518496,9.90353755128617,11.122117415455683,9.210440366976515,5.520313200663233,4.919980925828125,1.1035022739623015,5.771099977559894,0.0072992700729927
PRV52453,0.0,0.6931471805599453,0.0,3.044522437723423,0.0,3.044522437723423,0.6931471805599453,0.6931471805599453,3.044522437723423,0.0
PRV52454,0.0,2.772588722239781,0.0,7.280008252884188,0.0,4.581560320348958,2.70805020110221,0.7282385003712154,4.581560320348958,0.0
PRV52455,0.0,4.343805421853684,0.0,10.094149233605084,0.0,5.766510146669415,3.828641396489095,0.9891280558264212,5.766510146669415,0.0
PRV52456,0.0,2.079441541679836,0.0,7.223295679562314,0.0,5.281752349673342,2.079441541679836,0.6931471805599453,5.281752349673342,0.0
PRV52457,2.302585092994046,0.0,11.669937760751914,0.0,9.472781556562168,0.0,2.302585092994046,0.6931471805599453,9.472781556562168,1.0
PRV52458,0.6931471805599453,0.0,10.203629181337648,0.0,10.203629181337648,0.0,0.6931471805599453,0.6931471805599453,10.203629181337648,1.0
PRV52459,3.9318256327243257,0.0,13.134096276953306,0.0,9.22217012372976,0.0,3.912023005428146,0.7032995520239632,9.22217012372976,1.0
PRV52460,2.6390573296152584,0.0,11.407576060361786,0.0,8.842760025864216,0.0,2.302585092994046,0.8938178760220964,8.842760025864216,1.0
PRV52461,2.079441541679836,0.0,10.778977123006351,0.0,8.833191963535402,0.0,2.079441541679836,0.6931471805599453,8.833191963535402,1.0
PRV52462,1.0986122886681098,0.0,9.680406499268877,0.0,8.987321812850125,0.0,1.0986122886681098,0.6931471805599453,8.987321812850125,1.0
PRV52463,0.6931471805599453,0.0,8.517393171418904,0.0,8.517393171418904,0.0,0.6931471805599453,0.6931471805599453,8.517393171418904,1.0
PRV52464,1.0986122886681098,0.0,9.39274525863144,0.0,8.699681400989514,0.0,1.0986122886681098,0.6931471805599453,8.699681400989514,1.0
PRV52466,2.6390573296152584,0.0,11.842236406331557,0.0,9.27737337545794,0.0,2.4849066497880004,0.7801585575495752,9.27737337545794,1.0
PRV52467,2.19722457733622,4.564348191467836,12.037659911047468,9.592946185938263,9.958259788383108,5.045460395776499,4.499809670330265,0.7688590022956416,7.486673174642224,0.0776699029126213
PRV52468,1.3862943611198906,2.9444389791664403,10.275085591132717,8.146419323098003,9.17654226322596,5.260961580004268,3.091042453358316,0.6931471805599453,7.343580224558608,0.1428571428571428
PRV52469,1.9459101490553128,5.187385805840755,10.896757843893464,10.828163033944676,9.105090961257083,5.649883778510612,5.017279836814924,0.8005056988804446,6.343001313190591,0.0326086956521739
PRV52470,0.0,1.3862943611198906,0.0,5.602118820879701,0.0,4.51085950651685,1.3862943611198906,0.6931471805599453,4.51085950651685,0.0
PRV52471,0.0,2.19722457733622,0.0,7.403061091090091,0.0,5.327876168789581,2.19722457733622,0.6931471805599453,5.327876168789581,0.0
PRV52472,2.9444389791664403,3.784189633918261,12.138869243416009,9.72978871303306,9.248588389992674,5.9710838457824575,4.060443010546419,0.7276333566311146,8.114368855692419,0.2950819672131147
PRV52473,0.0,1.6094379124341005,0.0,8.261268150577648,0.0,6.875748482847051,1.6094379124341005,0.6931471805599453,6.875748482847051,0.0
PRV52474,3.1354942159291497,2.772588722239781,12.319405795112926,8.470311205516108,9.228457086941868,5.765191102784844,3.58351893845611,0.7213180575266417,8.729716219781151,0.5945945945945946
PRV52476,1.9459101490553128,3.044522437723423,11.338583982516496,8.101980731853192,9.546884034617923,5.111987788356544,3.295836866004329,0.6931471805599453,8.11930698306236,0.2307692307692307
PRV52478,1.791759469228055,3.9318256327243257,9.952325334619427,9.278092474027002,8.343077871169383,5.3706380281276624,3.970291913552122,0.7215851158804788,6.358472287004604,0.0909090909090909
PRV52480,1.791759469228055,3.258096538021482,10.59665973278358,8.37816098272068,8.987321812850125,5.1647859739235145,3.4011973816621555,0.7102416139192453,7.299346814824429,0.1666666666666666
PRV52482,0.0,0.6931471805599453,0.0,3.713572066704308,0.0,3.713572066704308,0.6931471805599453,0.6931471805599453,3.713572066704308,0.0
PRV52483,0.0,5.41164605185504,0.0,10.86113133789376,0.0,5.45821065475518,4.127134385045092,1.538100373987895,5.45821065475518,0.0
PRV52484,0.0,2.6390573296152584,0.0,7.359467638255621,0.0,4.802127702419475,2.3978952727983707,0.832909122935104,4.802127702419475,0.0
PRV52485,0.0,1.791759469228055,0.0,7.365812837209472,0.0,5.75890177387728,1.6094379124341005,0.8109302162163288,5.75890177387728,0.0
PRV52486,0.0,4.248495242049359,0.0,10.005186372360962,0.0,5.774146386513949,4.07753744390572,0.783744075912172,5.774146386513949,0.0
PRV52487,0.0,5.181783550292085,0.0,10.840188570181905,0.0,5.6674817878586135,4.852030263919617,0.8728406149476304,5.6674817878586135,0.0
PRV52488,0.0,5.214935757608986,0.0,10.707974835338897,0.0,5.5025510067304895,4.875197323201151,0.8786687400845709,5.5025510067304895,0.0
PRV52490,0.0,2.8903717578961645,0.0,8.515391569469609,0.0,5.6853788682737285,2.833213344056216,0.723918839226699,5.6853788682737285,0.0
PRV52491,0.0,4.158883083359672,0.0,9.716012740501371,0.0,5.576610260195194,4.060443010546419,0.7444404749474959,5.576610260195194,0.0
PRV52492,0.0,3.555348061489413,0.0,8.963288275610298,0.0,5.441143662700076,3.5263605246161616,0.7081850579244859,5.441143662700076,0.0
PRV52493,0.0,2.833213344056216,0.0,8.286773231131251,0.0,5.517954778532959,2.833213344056216,0.6931471805599453,5.517954778532959,0.0
PRV52494,0.0,0.6931471805599453,0.0,3.044522437723423,0.0,3.044522437723423,0.6931471805599453,0.6931471805599453,3.044522437723423,0.0
PRV52495,2.5649493574615367,1.3862943611198906,11.48247656671073,7.496097345175956,8.997683311386108,6.398594934535208,2.70805020110221,0.7282385003712154,8.792954492972324,0.8
PRV52497,1.6094379124341005,3.295836866004329,10.915106645867503,8.352554369474591,9.528866827722943,5.100335361009813,3.4339872044851463,0.6931471805599453,7.588661173119728,0.1333333333333333
PRV52499,2.19722457733622,5.010635294096256,11.652696102959752,10.81317654077572,9.573315428463395,5.812205410409125,4.787491742782046,0.8412773726056206,6.956405912641177,0.0509554140127388
PRV52500,2.079441541679836,4.787491742782046,10.915106645867503,10.35172475248816,8.969305579788081,5.576362819438318,4.718498871295094,0.758529939822797,6.530877627725885,0.0555555555555555
PRV52501,0.0,2.995732273553991,0.0,8.484876589939695,0.0,5.544148955239463,2.833213344056216,0.7827593392496325,5.544148955239463,0.0
PRV52502,3.295836866004329,4.543294782270004,12.354798638312204,10.269206476121775,9.096809820141656,5.739792912179234,4.477336814478207,0.8619680501349973,7.693224987478598,0.2184873949579832
PRV52503,1.791759469228055,4.30406509320417,10.691967639914864,10.268165387743457,9.082620630373812,5.980202740207573,4.158883083359672,0.8056251639866355,6.839833262496678,0.0641025641025641
PRV52504,2.70805020110221,3.295836866004329,11.628047184686986,7.591357046698551,8.98910571185505,4.345801430500399,3.555348061489413,0.7777045685880084,7.957002238104917,0.35
PRV52506,0.0,2.6390573296152584,0.0,7.692113339595466,0.0,5.132625989340807,2.5649493574615367,0.7339691750802004,5.132625989340807,0.0
PRV52507,0.0,3.4011973816621555,0.0,8.888894669371593,0.0,5.525452939131784,3.218875824868201,0.7922380832041762,5.525452939131784,0.0
PRV52508,1.0986122886681098,3.58351893845611,10.043292972227004,8.941283763647567,9.35018926709258,5.390375510965984,3.610917912644224,0.706940502692281,6.720350554483483,0.054054054054054
PRV52509,1.9459101490553128,4.060443010546419,11.472113887062386,9.789814808047552,9.680406499268877,5.749895709002209,3.295836866004329,1.2305398317106575,7.500055551737135,0.0952380952380952
PRV52510,0.0,3.295836866004329,0.0,8.352554369474591,0.0,5.100335361009813,3.1354942159291497,0.7801585575495752,5.100335361009813,0.0
PRV52511,4.330733340286331,5.147494476813453,13.422765703305442,10.716216150693835,9.1053871807579,5.578316491828737,5.2832037287379885,0.8131952228471809,7.982405243889619,0.3048780487804878
PRV52512,0.0,3.4657359027997265,0.0,8.714567550836485,0.0,5.285493556365924,2.995732273553991,0.9675840262617056,5.285493556365924,0.0
PRV52513,0.0,3.044522437723423,0.0,8.261268150577648,0.0,5.270432163058501,2.9444389791664403,0.7472144018302211,5.270432163058501,0.0
PRV52514,0.0,2.772588722239781,0.0,8.79497643168877,0.0,6.089044875446846,2.6390573296152584,0.7672551527136671,6.089044875446846,0.0
PRV52515,0.0,2.8903717578961645,0.0,7.804251383528112,0.0,4.9775447724731405,2.8903717578961645,0.6931471805599453,4.9775447724731405,0.0
PRV52517,0.0,3.49650756146648,0.0,9.2975267336551,0.0,5.834627971824045,3.295836866004329,0.8023464725249373,5.834627971824045,0.0
PRV52518,0.6931471805599453,3.9318256327243257,10.950824090522444,9.638284261844774,10.950824090522444,5.729450221404779,3.9318256327243257,0.7030975114131134,7.258011628530164,0.0196078431372549
PRV52519,1.9459101490553128,4.553876891600541,11.49273296168228,10.575947214398957,9.701024511040307,6.035023219040172,4.290459441148391,0.8708283577973978,7.224607728733698,0.06
PRV52520,0.0,4.804021044733257,0.0,10.594407254105722,0.0,5.801618887341904,3.951243718581428,1.2156688440891272,5.801618887341904,0.0
PRV52521,0.0,4.736198448394496,0.0,10.12667110305036,0.0,5.403753100615825,4.48863636973214,0.8259680935808693,5.403753100615825,0.0
PRV52523,0.0,1.3862943611198906,0.0,6.175867270105761,0.0,5.081404364984463,1.3862943611198906,0.6931471805599453,5.081404364984463,0.0
PRV52525,0.0,1.0986122886681098,0.0,5.017279836814924,0.0,4.330733340286331,1.0986122886681098,0.6931471805599453,4.330733340286331,0.0
PRV52526,0.0,0.6931471805599453,0.0,4.51085950651685,0.0,4.51085950651685,0.6931471805599453,0.6931471805599453,4.51085950651685,0.0
PRV52527,0.0,5.081404364984463,0.0,10.794070656866475,0.0,5.722154340338864,4.30406509320417,1.1605790124173094,5.722154340338864,0.0
PRV52528,0.0,3.295836866004329,0.0,8.773539383558166,0.0,5.519304748845781,2.833213344056216,0.965080896043587,5.519304748845781,0.0
PRV52529,0.0,2.5649493574615367,0.0,7.659642954564682,0.0,5.179909135497735,2.19722457733622,0.9162907318741552,5.179909135497735,0.0
PRV52530,0.6931471805599453,2.302585092994046,8.006700845440367,7.701200180857446,8.006700845440367,5.507587345596375,2.302585092994046,0.7472144018302211,6.257667587882639,0.1
PRV52531,0.0,1.791759469228055,0.0,7.996653875462607,0.0,6.38856140554563,1.791759469228055,0.6931471805599453,6.38856140554563,0.0
PRV52532,0.0,2.833213344056216,0.0,7.844240718141811,0.0,5.0775148229358,2.772588722239781,0.7259370033829363,5.0775148229358,0.0
PRV52533,0.0,3.784189633918261,0.0,8.906664409770052,0.0,5.151138451423985,3.332204510175204,0.95265837604503,5.151138451423985,0.0
PRV52535,0.0,2.9444389791664403,0.0,8.881975184248867,0.0,5.993961427306569,2.5649493574615367,0.9162907318741552,5.993961427306569,0.0
PRV52536,0.6931471805599453,0.0,9.546884034617923,0.0,9.546884034617923,0.0,0.6931471805599453,0.6931471805599453,9.546884034617923,1.0
PRV52537,0.6931471805599453,0.0,10.950824090522444,0.0,10.950824090522444,0.0,0.6931471805599453,0.6931471805599453,10.950824090522444,1.0
PRV52539,0.0,2.70805020110221,0.0,8.400884069015854,0.0,5.764743174445888,2.5649493574615367,0.7731898882334818,5.764743174445888,0.0
PRV52540,0.0,2.079441541679836,0.0,8.12296471523406,0.0,6.178832871330254,1.6094379124341005,1.01160091167848,6.178832871330254,0.0
PRV52541,1.791759469228055,0.0,10.62135173563291,0.0,9.012011377036412,0.0,1.791759469228055,0.6931471805599453,9.012011377036412,1.0
PRV52542,0.0,4.143134726391533,0.0,9.675394271496003,0.0,5.552083982889316,3.80666248977032,0.879249460193806,5.552083982889316,0.0
PRV52543,0.0,5.147494476813453,0.0,10.769558098246614,0.0,5.63146327506381,4.499809670330265,1.072045261283388,5.63146327506381,0.0
PRV52544,1.9459101490553128,0.0,10.434145214930489,0.0,8.642532789389376,0.0,1.9459101490553128,0.6931471805599453,8.642532789389376,1.0
PRV52545,0.0,2.6390573296152584,0.0,7.2868764117507,0.0,4.730107059001093,2.6390573296152584,0.6931471805599453,4.730107059001093,0.0
PRV52547,0.0,1.0986122886681098,0.0,8.013343181386672,0.0,7.32052696227274,1.0986122886681098,0.6931471805599453,7.32052696227274,0.0
PRV52548,1.791759469228055,2.3978952727983707,10.518700218288163,7.467942332285852,8.909370405197466,5.170483995038151,2.772588722239781,0.6931471805599453,7.857222855550849,0.3333333333333333
PRV52549,1.9459101490553128,5.017279836814924,10.5713425658087,10.970970306007317,8.77971129020447,5.962893590119946,4.007333185232471,1.3581234841531944,6.435862687282475,0.0384615384615384
PRV52551,0.0,1.791759469228055,0.0,6.825460036255307,0.0,5.220355825078324,1.791759469228055,0.6931471805599453,5.220355825078324,0.0
PRV52552,2.4849066497880004,3.80666248977032,11.580593459194764,9.462731997649378,9.182791639100047,5.681877639268151,4.007333185232471,0.7023638356648694,7.687288641137793,0.2
PRV52553,1.6094379124341005,1.6094379124341005,11.002116507732016,7.749753406274437,9.61587214452889,6.364750756851911,2.19722457733622,0.6931471805599453,8.960724500330858,0.5
PRV52554,0.0,2.6390573296152584,0.0,7.58629630715272,0.0,5.02741677105826,2.6390573296152584,0.6931471805599453,5.02741677105826,0.0
PRV52555,0.0,2.079441541679836,0.0,8.188966863648876,0.0,6.244721531848226,2.079441541679836,0.6931471805599453,6.244721531848226,0.0
PRV52556,3.8501476017100575,4.248495242049359,13.010316110729669,9.784760321267326,9.181775380089322,5.554475119437511,4.61512051684126,0.7654678421395714,8.304591702864121,0.4
PRV52557,0.0,2.4849066497880004,0.0,6.878326468291325,0.0,4.490677186766993,2.302585092994046,0.7985076962177716,4.490677186766993,0.0
PRV52558,0.0,6.20455776256869,0.0,11.855812795093666,0.0,5.65677008154168,6.089044875446846,0.7527017113165358,5.65677008154168,0.0
PRV52559,0.0,5.886104031450156,0.0,11.415764573655355,0.0,5.536379717751116,5.337538079701318,1.005875284937814,5.536379717751116,0.0
PRV52560,0.0,6.222576268071369,0.0,11.887594539114565,0.0,5.670449760955854,5.1647859739235145,1.358615973697746,5.670449760955854,0.0
PRV52561,0.0,5.638354669333745,0.0,11.766799946849089,0.0,6.134172456417214,5.568344503761097,0.7288988715237881,6.134172456417214,0.0
PRV52562,1.9459101490553128,4.406719247264253,11.184435286790633,9.832045255081765,9.39274525863144,5.441883122676281,4.127134385045092,0.8863384095908037,6.949481691978883,0.0689655172413793
PRV52563,0.0,6.161207321695077,0.0,12.06549361943301,0.0,5.909110767157487,5.5093883366279774,1.0725298217886838,5.909110767157487,0.0
PRV52564,1.791759469228055,2.833213344056216,10.463131911491969,8.45553053102413,8.853808274977197,5.68612753941748,3.091042453358316,0.6931471805599453,7.545112856352405,0.238095238095238
PRV52565,2.4849066497880004,4.844187086458591,11.599112335481124,10.393324445863634,9.20130880075228,5.560864764428731,4.465908118654584,0.952824475206611,6.942029753814063,0.0802919708029197
PRV52566,3.1354942159291497,4.770684624465665,12.29865638469802,10.39301803576196,9.207709641911013,5.634392699016391,4.912654885736052,0.7078533279496408,7.503380843508395,0.158273381294964
PRV52567,0.0,4.204692619390966,0.0,10.297925416795092,0.0,6.110458969950662,3.6635616461296463,1.0068047394149868,6.110458969950662,0.0
PRV52568,0.0,4.477336814478207,0.0,10.155451769658532,0.0,5.692880349994811,3.737669618283368,1.1384581972153094,5.692880349994811,0.0
PRV52570,2.19722457733622,2.833213344056216,11.034905792929417,8.730851903519232,8.955577146281511,5.960683122768544,3.1780538303479458,0.7146533857809089,7.952351271009216,0.3333333333333333
PRV52571,0.0,6.2324480165505225,0.0,11.994060657832003,0.0,5.76670798298937,6.063785208687608,0.7812263633104053,5.76670798298937,0.0
PRV52572,0.0,1.3862943611198906,0.0,8.33110454805304,0.0,7.2329739549626435,1.3862943611198906,0.6931471805599453,7.2329739549626435,0.0
PRV52573,0.0,6.376726947898627,0.0,11.97458815509688,0.0,5.603249708684231,6.255750041753367,0.7555801211331639,5.603249708684231,0.0
PRV52574,4.990432586778736,4.736198448394496,14.22024273087438,10.461129966077028,9.236732842030309,5.736943339111465,5.342334251964811,0.8087911779675794,8.686619215779741,0.5637065637065637
PRV52575,0.0,4.262679877041316,0.0,10.076642221505264,0.0,5.831044254267129,3.713572066704308,1.01160091167848,5.831044254267129,0.0
PRV52576,1.3862943611198906,3.1780538303479458,10.645448706505872,8.968396191198256,9.546884034617923,5.835700247255318,3.295836866004329,0.6931471805599453,7.559198666094995,0.1153846153846153
PRV52577,0.0,2.19722457733622,0.0,7.844240718141811,0.0,5.767539440458952,2.19722457733622,0.6931471805599453,5.767539440458952,0.0
PRV52578,3.6375861597263857,2.5649493574615367,12.759960632315702,8.527341522468053,9.1491461622997,6.044610291317069,3.713572066704308,0.7997569156182036,8.882683451742935,0.7551020408163265
PRV52579,0.0,2.302585092994046,0.0,6.966967138613983,0.0,4.777254333688826,2.302585092994046,0.6931471805599453,4.777254333688826,0.0
PRV52580,0.0,3.688879454113936,0.0,8.866581653303996,0.0,5.208364604987982,3.6375861597263857,0.7198154276421066,5.208364604987982,0.0
PRV52581,0.0,4.962844630259907,0.0,10.597908920973804,0.0,5.64559619222661,4.912654885736052,0.718742727748909,5.64559619222661,0.0
PRV52582,2.995732273553991,1.6094379124341005,12.154784614286667,6.928537818164665,9.210440366976515,5.545177444479562,3.1780538303479458,0.6931471805599453,9.024759596651514,0.8260869565217391
PRV52583,3.295836866004329,5.209486152841421,12.185875040240456,10.640436284325322,8.927906044454758,5.440751321201006,5.267858159063328,0.7312712384016836,7.042479469555641,0.125
PRV52584,1.3862943611198906,3.951243718581428,10.714439990727769,9.430359045942868,9.61587214452889,5.502537903593074,3.951243718581428,0.7221347174331976,6.970799628846016,0.0555555555555555
PRV52586,0.0,0.6931471805599453,0.0,5.707110264748875,0.0,5.707110264748875,0.6931471805599453,0.6931471805599453,5.707110264748875,0.0
PRV52587,0.0,4.927253685157205,0.0,10.568775236216991,0.0,5.652284267483937,4.23410650459726,1.1035022739623015,5.652284267483937,0.0
PRV52588,2.8903717578961645,3.5263605246161616,12.025755079404917,9.171703488361263,9.19263753856896,5.678516465382135,3.6375861597263857,0.8549902060103591,8.17001585917858,0.34
PRV52589,4.406719247264253,5.846438775057725,13.492271771707951,11.600212637258172,9.097933138545184,5.759815725410077,5.910796644040527,0.7690005230782048,7.5787648547854305,0.1901408450704225
PRV52590,4.7535901911063645,4.543294782270004,14.00120226275778,10.06607397975588,9.256364810287462,5.537376599540503,5.25227342804663,0.7394279331239516,8.683186654647695,0.5528846153846154
PRV52591,0.0,3.8501476017100575,0.0,9.4343635363174,0.0,5.6093125214727495,3.828641396489095,0.7041970167465301,5.6093125214727495,0.0
PRV52592,2.079441541679836,2.5649493574615367,10.933124826700707,8.19450550976564,8.987321812850125,5.712632089933184,2.9444389791664403,0.7205461547480597,8.051626022301374,0.3684210526315789
PRV52593,0.0,6.368187186350492,0.0,11.863730212973088,0.0,5.501342364377984,5.53338948872752,1.1968043148473233,5.501342364377984,0.0
PRV52596,0.0,1.0986122886681098,0.0,5.993961427306569,0.0,5.303304908059076,1.0986122886681098,0.6931471805599453,5.303304908059076,0.0
PRV52598,0.0,3.4657359027997265,0.0,9.258273025731484,0.0,5.827141334323142,3.4339872044851463,0.7096764825111559,5.827141334323142,0.0
PRV52599,0.0,5.60947179518496,0.0,11.38385268935265,0.0,5.781129243858828,4.976733742420574,1.0608719606852626,5.781129243858828,0.0
PRV52602,2.302585092994046,4.262679877041316,11.338583982516496,10.1072851722528,9.141454637606987,5.86159989316088,4.30406509320417,0.7334210796978853,7.225969625869425,0.1139240506329113
PRV52604,0.0,2.079441541679836,0.0,8.157943507105037,0.0,6.213750588008063,2.079441541679836,0.6931471805599453,6.213750588008063,0.0
PRV52605,0.0,6.90875477931522,0.0,12.444620932281406,0.0,5.540792846161739,5.996452088619021,1.250980119030438,5.540792846161739,0.0
PRV52606,0.0,3.4339872044851463,0.0,9.212438170058329,0.0,5.814130531825066,3.1354942159291497,0.8602012652231115,5.814130531825066,0.0
PRV52607,0.0,1.0986122886681098,0.0,8.131824785007195,0.0,7.438971592395862,1.0986122886681098,0.6931471805599453,7.438971592395862,0.0
PRV52608,0.6931471805599453,0.0,8.006700845440367,0.0,8.006700845440367,0.0,0.6931471805599453,0.6931471805599453,8.006700845440367,1.0
PRV52609,1.791759469228055,4.859812404361672,10.968215530759236,10.613762216756664,9.358846580275406,5.764848175653499,3.828641396489095,1.3751210605217656,6.610736521944265,0.037593984962406
PRV52610,0.6931471805599453,2.833213344056216,8.006700845440367,8.859505484519133,8.006700845440367,6.089044875446846,2.833213344056216,0.723918839226699,6.382810844388264,0.0588235294117647
PRV52611,2.302585092994046,2.079441541679836,11.289794413577894,7.923348211930154,9.092669829992149,5.979608830731612,2.833213344056216,0.6931471805599453,8.551304721045005,0.5625
PRV52614,0.0,5.056245805348308,0.0,10.65681219612839,0.0,5.610598238559491,4.553876891600541,0.9781661355922424,5.610598238559491,0.0
PRV52615,1.0986122886681098,2.079441541679836,9.798182590890704,6.647688373563329,9.105090961257083,4.709530201312334,2.302585092994046,0.6931471805599453,7.643269925871987,0.2222222222222222
PRV52616,0.0,2.772588722239781,0.0,9.0642735958414,0.0,6.3578422665081,2.772588722239781,0.6931471805599453,6.3578422665081,0.0
PRV52617,3.7612001156935615,5.2832037287379885,12.762830066509972,10.983613347424248,9.0252779195,5.708803859978056,4.912654885736052,1.016303641205386,7.44708995782028,0.1764705882352941
PRV52621,3.218875824868201,3.091042453358316,12.07824495582233,8.361941906144946,8.900321798012031,5.322080395060313,3.7612001156935615,0.7282385003712154,8.295853567601554,0.5333333333333333
PRV52622,1.6094379124341005,1.3862943611198906,9.680406499268877,6.918695219020472,8.294299608857235,5.822059215580574,2.079441541679836,0.6931471805599453,7.796057974316123,0.5714285714285714
PRV52623,2.3978952727983707,5.420534999272286,11.898194668458824,10.920365425621668,9.595670797663969,5.508308131283946,4.836281906951478,1.0577902941478543,6.759033100554533,0.0425531914893617
PRV52626,0.0,1.3862943611198906,0.0,6.329720905522696,0.0,5.234667339471581,1.3862943611198906,0.6931471805599453,5.234667339471581,0.0
PRV52627,1.3862943611198906,1.0986122886681098,10.736418414365376,4.262679877041316,9.637849602067863,3.58351893845611,1.791759469228055,0.6931471805599453,9.128587870103924,0.6
PRV52628,0.0,7.649216319820633,0.0,13.31152978797918,0.0,5.666255147379335,7.2115567333138015,0.9358905987310984,5.666255147379335,0.0
PRV52629,0.0,4.127134385045092,0.0,9.419060402624668,0.0,5.31304445424738,4.07753744390572,0.7186804825651101,5.31304445424738,0.0
PRV52630,4.477336814478207,5.8522024797744745,13.559845106265984,11.503592043789151,9.094048035021013,5.657753624231442,5.564520407322694,0.9817903294912768,7.6076812746875,0.2004608294930875
PRV52631,0.0,6.964135612418245,0.0,12.681533233456651,0.0,5.721619914526599,6.690842277418564,0.8392699874632844,5.721619914526599,0.0
PRV52633,0.0,5.940171252720432,0.0,11.52060589481358,0.0,5.586813751157131,5.41610040220442,0.9902711448721456,5.586813751157131,0.0
PRV52634,4.07753744390572,3.4011973816621555,12.948964296669068,8.423102268016642,8.888656861766336,5.061940082670621,4.382026634673881,0.7425399358895218,8.4940233842861,0.6666666666666666
PRV52636,0.0,3.091042453358316,0.0,8.82776136765472,0.0,5.786166761037575,3.091042453358316,0.6931471805599453,5.786166761037575,0.0
PRV52638,0.0,0.6931471805599453,0.0,5.993961427306569,0.0,5.993961427306569,0.6931471805599453,0.6931471805599453,5.993961427306569,0.0
PRV52639,0.0,3.6375861597263857,0.0,9.225327501784433,0.0,5.617949763945842,3.5263605246161616,0.7519876805828787,5.617949763945842,0.0
PRV52640,0.0,4.204692619390966,0.0,9.310276200588785,0.0,5.126486048835969,4.189654742026425,0.7008100533055143,5.126486048835969,0.0
PRV52641,3.091042453358316,4.343805421853684,12.00762780434872,10.013731126634887,8.963227309665855,5.686350718832338,4.5217885770490405,0.7255824563130991,7.561084042025936,0.2164948453608247
PRV52642,4.990432586778736,5.673323267171493,14.040253629363908,11.241654654716356,9.056762815553558,5.575557176823447,5.575949103146316,0.9774967100560455,8.022051272299112,0.3348623853211009
PRV52643,0.0,2.4849066497880004,0.0,8.535229553902337,0.0,6.1392966051245565,2.4849066497880004,0.6931471805599453,6.1392966051245565,0.0
PRV52644,2.302585092994046,3.1354942159291497,11.06665398721974,8.784315349902657,8.86955440011882,5.69648317217459,3.4011973816621555,0.7270487322356266,7.730245658430701,0.2903225806451613
PRV52645,0.0,6.013715156042802,0.0,11.604875460217787,0.0,5.597313865260163,5.908082938168931,0.7475011812987767,5.597313865260163,0.0
PRV52646,3.555348061489413,4.262679877041316,12.584512505902088,9.568783751310876,9.058264988212002,5.325098389225679,4.477336814478207,0.7863653093920462,7.988301508569362,0.3269230769230769
PRV52647,2.079441541679836,4.23410650459726,10.819798284210286,9.955652966516809,8.874008125555884,5.739319942393186,4.30406509320417,0.706752832615724,6.854987213443481,0.0933333333333333
PRV52648,0.0,6.736966958001855,0.0,12.450002653746957,0.0,5.717512019659645,5.560681631015528,1.4471460750231422,5.717512019659645,0.0
PRV52649,0.0,7.676473646389156,0.0,13.30832994971716,0.0,5.635892228555584,7.259819610363186,0.923163611161917,5.635892228555584,0.0
PRV52651,1.3862943611198906,0.6931471805599453,10.404293143019792,4.51085950651685,9.305741456739437,4.51085950651685,1.6094379124341005,0.6931471805599453,9.0208129149319,0.75
PRV52652,0.0,6.612041034833092,0.0,12.157727632266374,0.0,5.550917792762216,6.222576268071369,0.9071035292476594,5.550917792762216,0.0
PRV52653,1.6094379124341005,2.3978952727983707,11.127277689932466,6.85751406254539,9.741027444837728,4.564348191467836,2.6390573296152584,0.7308875085427923,8.502282578680484,0.2857142857142857
PRV52654,4.07753744390572,4.787491742782046,13.025193669749251,10.303973619097128,8.964876284713352,5.528795299942465,5.147494476813453,0.7105389232718144,7.913126244402352,0.327683615819209
PRV52656,0.0,6.654152520183219,0.0,12.387439580150671,0.0,5.737799431858789,6.448889394146858,0.801198209829397,5.737799431858789,0.0
PRV52657,0.0,4.804021044733257,0.0,10.283669040109793,0.0,5.491972526364948,4.127134385045092,1.0931328229034838,5.491972526364948,0.0
PRV52658,0.0,3.688879454113936,0.0,9.605148899895818,0.0,5.9441444556980505,3.610917912644224,0.7339691750802004,5.9441444556980505,0.0
PRV52659,0.0,3.218875824868201,0.0,8.105005537547246,0.0,4.933874232962793,3.218875824868201,0.6931471805599453,4.933874232962793,0.0
PRV52660,0.0,6.326149473155099,0.0,11.887250721636995,0.0,5.56671522569098,5.799092654460526,0.9917872315442076,5.56671522569098,0.0
PRV52661,0.0,5.513428746164983,0.0,11.23441454200085,0.0,5.728270991505211,5.455321115357702,0.722747650336236,5.728270991505211,0.0
PRV52662,1.0986122886681098,2.8903717578961645,9.305741456739437,7.490529402060711,8.612685172875459,4.6662099465360125,2.9444389791664403,0.7205461547480597,6.513464348664695,0.1052631578947368
PRV52663,0.0,6.3578422665081,0.0,12.104322272126478,0.0,5.751392489460447,5.60947179518496,1.1370785694959056,5.751392489460447,0.0
PRV52665,0.0,6.410174881966167,0.0,11.892258758667072,0.0,5.487868356676207,6.0330862217988015,0.8998095056903632,5.487868356676207,0.0
PRV52666,0.0,3.688879454113936,0.0,9.097283649683886,0.0,5.437967819988357,3.6635616461296463,0.7062192621272981,5.437967819988357,0.0
PRV52667,0.0,1.3862943611198906,0.0,5.017279836814924,0.0,3.9318256327243257,1.3862943611198906,0.6931471805599453,3.9318256327243257,0.0
PRV52668,0.0,2.079441541679836,0.0,7.523481312573497,0.0,5.580807412297393,1.9459101490553128,0.7731898882334818,5.580807412297393,0.0
PRV52669,0.0,0.6931471805599453,0.0,5.707110264748875,0.0,5.707110264748875,0.6931471805599453,0.6931471805599453,5.707110264748875,0.0
PRV52670,0.0,2.6390573296152584,0.0,6.634633357861686,0.0,4.085329691125885,2.6390573296152584,0.6931471805599453,4.085329691125885,0.0
PRV52671,0.0,1.0986122886681098,0.0,5.484796933490655,0.0,4.795790545596741,1.0986122886681098,0.6931471805599453,4.795790545596741,0.0
PRV52672,0.0,1.3862943611198906,0.0,5.968707559985366,0.0,4.875197323201151,1.0986122886681098,0.9162907318741552,4.875197323201151,0.0
PRV52673,0.0,4.477336814478207,0.0,9.87668145811562,0.0,5.415180438938066,3.970291913552122,0.9832302145492644,5.415180438938066,0.0
PRV52674,0.0,1.3862943611198906,0.0,6.594413459749778,0.0,5.498533413218542,1.3862943611198906,0.6931471805599453,5.498533413218542,0.0
PRV52676,0.0,3.688879454113936,0.0,9.19023970026918,0.0,5.530547712736119,3.555348061489413,0.7640989165322297,5.530547712736119,0.0
PRV52677,0.0,1.0986122886681098,0.0,4.948759890378168,0.0,4.262679877041316,1.0986122886681098,0.6931471805599453,4.262679877041316,0.0
PRV52678,0.0,4.31748811353631,0.0,10.123867288027606,0.0,5.822725997847533,3.951243718581428,0.8964881045779753,5.822725997847533,0.0
PRV52679,0.0,3.9889840465642745,0.0,9.686636660844938,0.0,5.719569156361636,3.610917912644224,0.9051174312760298,5.719569156361636,0.0
PRV52681,0.0,1.3862943611198906,0.0,6.133398042996649,0.0,5.039114765418124,1.3862943611198906,0.6931471805599453,5.039114765418124,0.0
PRV52683,0.0,4.882801922586371,0.0,10.411539332752724,0.0,5.540245215131526,4.204692619390966,1.0935489867115629,5.540245215131526,0.0
PRV52684,1.791759469228055,5.327876168789581,11.097425172408933,11.06727878222921,9.48804786328076,5.747449199579173,4.691347882229144,1.0799201556559572,6.4301034288981445,0.0238095238095238
PRV52686,0.0,2.302585092994046,0.0,7.02197642307216,0.0,4.831862986813443,2.19722457733622,0.7537718023763802,4.831862986813443,0.0
PRV52687,1.9459101490553128,3.58351893845611,10.933124826700707,8.686260632531775,9.141454637606987,5.136638420299986,3.258096538021482,0.9707789171582248,7.320688367141061,0.1463414634146341
PRV52688,1.9459101490553128,3.9889840465642745,11.502885230075814,9.72142596194803,9.711176264112805,5.754248382829001,3.4339872044851463,1.0874389880699844,7.581469086097206,0.1016949152542373
PRV52689,0.0,2.5649493574615367,0.0,7.193685818395112,0.0,4.717009667743627,2.5649493574615367,0.6931471805599453,4.717009667743627,0.0
PRV52690,0.0,4.770684624465665,0.0,10.86877795044219,0.0,6.108810640215358,3.6375861597263857,1.4260346897694047,6.108810640215358,0.0
PRV52691,1.3862943611198906,2.70805020110221,9.90353755128617,7.7752758464868625,8.805025252619144,5.14166355650266,2.772588722239781,0.7576857016975165,7.183468956246254,0.1764705882352941
PRV52692,0.0,3.610917912644224,0.0,9.17378011666438,0.0,5.593884933273808,2.9444389791664403,1.0986122886681098,5.593884933273808,0.0
PRV52693,0.0,2.19722457733622,0.0,8.27410200229233,0.0,6.19644412779452,2.19722457733622,0.6931471805599453,6.19644412779452,0.0
PRV52694,0.0,1.0986122886681098,0.0,4.709530201312334,0.0,4.02535169073515,1.0986122886681098,0.6931471805599453,4.02535169073515,0.0
PRV52695,0.0,1.791759469228055,0.0,5.303304908059076,0.0,3.713572066704308,1.791759469228055,0.6931471805599453,3.713572066704308,0.0
PRV52696,1.3862943611198906,0.0,11.472113887062386,0.0,10.373522431293592,0.0,1.3862943611198906,0.6931471805599453,10.373522431293592,1.0
PRV52697,0.0,1.791759469228055,0.0,6.478509642208569,0.0,4.875197323201151,1.791759469228055,0.6931471805599453,4.875197323201151,0.0
PRV52698,0.6931471805599453,4.812184355372417,8.853808274977197,10.456538985013989,8.853808274977197,5.655991810819852,4.04305126783455,1.162034115105606,5.830689672141853,0.008130081300813
PRV52699,0.6931471805599453,2.4849066497880004,9.105090961257083,8.33110454805304,9.105090961257083,5.9356154361845705,2.4849066497880004,0.7375989431307791,7.000182519228064,0.0833333333333333
PRV52700,0.0,3.4339872044851463,0.0,9.417435838868784,0.0,6.018593214496234,2.833213344056216,1.0560526742493137,6.018593214496234,0.0
PRV52701,0.0,4.574710978503383,0.0,10.150777225678416,0.0,5.590131515202241,4.02535169073515,1.0099466515824531,5.590131515202241,0.0
PRV52702,0.0,3.367295829986474,0.0,8.81744592104187,0.0,5.489232841991793,3.218875824868201,0.7731898882334818,5.489232841991793,0.0
PRV52703,0.0,1.6094379124341005,0.0,7.901377353792616,0.0,6.516193076042964,1.6094379124341005,0.6931471805599453,6.516193076042964,0.0
PRV52704,0.0,5.075173815233827,0.0,10.854971667978388,0.0,5.78911354484372,4.30406509320417,1.1562779305179187,5.78911354484372,0.0
PRV52706,1.0986122886681098,3.218875824868201,10.12667110305036,9.010791269515602,9.433563920090563,5.835541464168558,3.258096538021482,0.712949807856125,7.152690428504078,0.0769230769230769
PRV52708,1.791759469228055,3.295836866004329,10.373522431293592,9.036106025364846,8.764209507142004,5.78098090451748,2.5649493574615367,1.276293465905562,7.173364891952123,0.1612903225806451
PRV52709,0.0,2.6390573296152584,0.0,7.7057128238944275,0.0,5.1461518943786215,1.6094379124341005,1.4469189829363254,5.1461518943786215,0.0
PRV52710,0.0,3.367295829986474,0.0,8.39185670010494,0.0,5.065754593317335,3.295836866004329,0.7308875085427923,5.065754593317335,0.0
PRV52711,0.0,3.367295829986474,0.0,9.11723775371386,0.0,5.787992311948013,2.9444389791664403,0.9382696385929304,5.787992311948013,0.0
PRV52713,0.0,4.110873864173311,0.0,9.565283817736766,0.0,5.475067878292536,3.091042453358316,1.349926716949016,5.475067878292536,0.0
PRV52714,0.0,1.791759469228055,0.0,6.566672429803241,0.0,4.962844630259907,1.791759469228055,0.6931471805599453,4.962844630259907,0.0
PRV52715,0.0,1.3862943611198906,0.0,5.303304908059076,0.0,4.214593690373678,1.3862943611198906,0.6931471805599453,4.214593690373678,0.0
PRV52717,3.044522437723423,4.700480365792417,12.128116509451258,10.170877627969896,9.132486932771318,5.483654250346589,4.477336814478207,0.9093702890295812,7.401027743500538,0.1550387596899224
PRV52719,0.0,4.158883083359672,0.0,9.291090521661292,0.0,5.153658533314849,3.5263605246161616,1.067840630001356,5.153658533314849,0.0
PRV52720,0.0,3.9318256327243257,0.0,9.619199713152362,0.0,5.71042701737487,3.218875824868201,1.126011262856224,5.71042701737487,0.0
PRV52721,0.0,2.079441541679836,0.0,7.501634457883413,0.0,5.559031919340858,2.079441541679836,0.6931471805599453,5.559031919340858,0.0
PRV52722,2.302585092994046,5.616771097666572,11.23850177707664,11.175787006472495,9.04138245597366,5.566476152246479,4.787491742782046,1.2173285955074915,6.257241031707864,0.0318021201413427
PRV52723,2.9444389791664403,5.099866427824199,12.037659911047468,10.834883622185886,9.14738873921312,5.744319766075687,4.543294782270004,1.0805286132348142,7.102617576283317,0.0994475138121546
PRV52724,0.0,3.218875824868201,0.0,8.525359754082631,0.0,5.351858133476067,2.8903717578961645,0.8803587226480918,5.351858133476067,0.0
PRV52725,0.0,3.7612001156935615,0.0,9.844321241866911,0.0,6.10882421273264,3.713572066704308,0.7178397931503169,6.10882421273264,0.0
PRV52726,0.0,1.0986122886681098,0.0,5.942799375126701,0.0,5.25227342804663,1.0986122886681098,0.6931471805599453,5.25227342804663,0.0
PRV52727,0.0,2.5649493574615367,0.0,7.8826922062890254,0.0,5.401926349167057,2.3978952727983707,0.7884573603642702,5.401926349167057,0.0
PRV52728,0.0,2.772588722239781,0.0,8.052296499538647,0.0,5.348693573873104,2.5649493574615367,0.8109302162163288,5.348693573873104,0.0
PRV52729,0.0,1.0986122886681098,0.0,6.2166061010848646,0.0,5.525452939131784,1.0986122886681098,0.6931471805599453,5.525452939131784,0.0
PRV52731,0.0,3.1780538303479458,0.0,8.39185670010494,0.0,5.261337618815904,2.6390573296152584,1.0185695809945732,5.261337618815904,0.0
PRV52732,0.0,2.3978952727983707,0.0,7.820439515262181,0.0,5.521460917862246,1.9459101490553128,0.9808292530117262,5.521460917862246,0.0
PRV52733,0.0,0.6931471805599453,0.0,3.4339872044851463,0.0,3.4339872044851463,0.6931471805599453,0.6931471805599453,3.4339872044851463,0.0
PRV52736,0.0,0.6931471805599453,0.0,3.9318256327243257,0.0,3.9318256327243257,0.6931471805599453,0.6931471805599453,3.9318256327243257,0.0
PRV52738,0.0,4.143134726391533,0.0,9.779114097696372,0.0,5.655427699562156,3.912023005428146,0.8177099032017076,5.655427699562156,0.0
PRV52739,0.0,3.9889840465642745,0.0,9.34145634983372,0.0,5.375715069845595,3.688879454113936,0.858226930919394,5.375715069845595,0.0
PRV52740,0.0,3.555348061489413,0.0,8.75004942158424,0.0,5.228904238698522,2.9444389791664403,1.0608719606852626,5.228904238698522,0.0
PRV52741,0.0,1.0986122886681098,0.0,4.394449154672439,0.0,3.713572066704308,1.0986122886681098,0.6931471805599453,3.713572066704308,0.0
PRV52742,0.0,1.9459101490553128,0.0,7.147559271189454,0.0,5.35972599467668,1.3862943611198906,1.0986122886681098,5.35972599467668,0.0
PRV52743,0.0,1.9459101490553128,0.0,7.635786861395585,0.0,5.846438775057725,1.9459101490553128,0.6931471805599453,5.846438775057725,0.0
PRV52744,0.0,1.0986122886681098,0.0,5.993961427306569,0.0,5.303304908059076,1.0986122886681098,0.6931471805599453,5.303304908059076,0.0
PRV52745,0.0,5.056245805348308,0.0,10.758349589413635,0.0,5.711784560430803,5.030437921392435,0.7062192621272981,5.711784560430803,0.0
PRV52746,0.0,0.6931471805599453,0.0,3.9318256327243257,0.0,3.9318256327243257,0.6931471805599453,0.6931471805599453,3.9318256327243257,0.0
PRV52747,0.0,3.091042453358316,0.0,8.925454386826402,0.0,5.883587640479224,3.091042453358316,0.6931471805599453,5.883587640479224,0.0
PRV52748,0.0,2.3978952727983707,0.0,6.415096959171596,0.0,4.127134385045092,2.3978952727983707,0.6931471805599453,4.127134385045092,0.0
PRV52750,0.0,3.295836866004329,0.0,9.278092474027002,0.0,6.022329441521388,3.295836866004329,0.6931471805599453,6.022329441521388,0.0
PRV52751,0.0,1.3862943611198906,0.0,5.707110264748875,0.0,4.61512051684126,1.3862943611198906,0.6931471805599453,4.61512051684126,0.0
PRV52752,0.0,1.0986122886681098,0.0,6.329720905522696,0.0,5.638354669333745,1.0986122886681098,0.6931471805599453,5.638354669333745,0.0
PRV52753,0.0,1.0986122886681098,0.0,4.875197323201151,0.0,4.189654742026425,1.0986122886681098,0.6931471805599453,4.189654742026425,0.0
PRV52754,0.0,0.6931471805599453,0.0,2.3978952727983707,0.0,2.3978952727983707,0.6931471805599453,0.6931471805599453,2.3978952727983707,0.0
PRV52755,0.0,2.4849066497880004,0.0,8.687948111838727,0.0,6.291737475557371,2.302585092994046,0.7985076962177716,6.291737475557371,0.0
PRV52756,0.0,1.6094379124341005,0.0,5.3981627015177525,0.0,4.02535169073515,1.6094379124341005,0.6931471805599453,4.02535169073515,0.0
PRV52757,0.0,0.6931471805599453,0.0,3.9318256327243257,0.0,3.9318256327243257,0.6931471805599453,0.6931471805599453,3.9318256327243257,0.0
PRV52758,0.0,1.6094379124341005,0.0,4.875197323201151,0.0,3.5115454388310208,1.6094379124341005,0.6931471805599453,3.5115454388310208,0.0
PRV52760,0.0,1.791759469228055,0.0,8.31164394850298,0.0,6.703188113240863,1.791759469228055,0.6931471805599453,6.703188113240863,0.0
PRV52761,0.0,2.4849066497880004,0.0,8.464003362902119,0.0,6.068215128388551,2.4849066497880004,0.6931471805599453,6.068215128388551,0.0
PRV52763,0.0,0.6931471805599453,0.0,3.9318256327243257,0.0,3.9318256327243257,0.6931471805599453,0.6931471805599453,3.9318256327243257,0.0
PRV52764,0.0,1.3862943611198906,0.0,6.111467339502679,0.0,5.017279836814924,1.3862943611198906,0.6931471805599453,5.017279836814924,0.0
PRV52766,0.0,2.4849066497880004,0.0,7.606387389772652,0.0,5.213452444605251,2.4849066497880004,0.6931471805599453,5.213452444605251,0.0
PRV52767,0.0,1.6094379124341005,0.0,6.53813982376767,0.0,5.156177599386914,1.6094379124341005,0.6931471805599453,5.156177599386914,0.0
PRV52768,0.0,3.258096538021482,0.0,8.897135342293316,0.0,5.681536865708881,3.258096538021482,0.6931471805599453,5.681536865708881,0.0
PRV52769,0.0,0.6931471805599453,0.0,3.713572066704308,0.0,3.713572066704308,0.6931471805599453,0.6931471805599453,3.713572066704308,0.0
PRV52770,0.0,2.079441541679836,0.0,6.994849985833071,0.0,5.054424311219917,2.079441541679836,0.6931471805599453,5.054424311219917,0.0
PRV52771,0.0,1.6094379124341005,0.0,5.525452939131784,0.0,4.151039905898646,1.6094379124341005,0.6931471805599453,4.151039905898646,0.0
PRV52772,0.0,2.5649493574615367,0.0,7.62608275807238,0.0,5.146525014788905,2.5649493574615367,0.6931471805599453,5.146525014788905,0.0
PRV52773,0.0,1.0986122886681098,0.0,5.017279836814924,0.0,4.330733340286331,1.0986122886681098,0.6931471805599453,4.330733340286331,0.0
PRV52774,0.0,1.6094379124341005,0.0,5.707110264748875,0.0,4.330733340286331,1.6094379124341005,0.6931471805599453,4.330733340286331,0.0
PRV52775,0.0,2.079441541679836,0.0,8.240385115516334,0.0,6.296056411176489,2.079441541679836,0.6931471805599453,6.296056411176489,0.0
PRV52777,0.0,1.0986122886681098,0.0,5.564520407322694,0.0,4.875197323201151,1.0986122886681098,0.6931471805599453,4.875197323201151,0.0
PRV52778,0.0,0.6931471805599453,0.0,4.61512051684126,0.0,4.61512051684126,0.6931471805599453,0.6931471805599453,4.61512051684126,0.0
PRV52781,0.0,0.6931471805599453,0.0,4.61512051684126,0.0,4.61512051684126,0.6931471805599453,0.6931471805599453,4.61512051684126,0.0
PRV52782,0.0,2.3978952727983707,0.0,7.456454555176209,0.0,5.159055299214529,2.079441541679836,0.8873031950009028,5.159055299214529,0.0
PRV52783,0.0,0.6931471805599453,0.0,4.262679877041316,0.0,4.262679877041316,0.6931471805599453,0.6931471805599453,4.262679877041316,0.0
PRV52784,0.0,1.0986122886681098,0.0,5.602118820879701,0.0,4.912654885736052,1.0986122886681098,0.6931471805599453,4.912654885736052,0.0
PRV52785,0.0,0.6931471805599453,0.0,4.110873864173311,0.0,4.110873864173311,0.6931471805599453,0.6931471805599453,4.110873864173311,0.0
PRV52786,0.0,1.0986122886681098,0.0,4.795790545596741,0.0,4.110873864173311,1.0986122886681098,0.6931471805599453,4.110873864173311,0.0
PRV52787,2.4849066497880004,0.0,11.112462823634855,0.0,8.714716791203296,0.0,2.4849066497880004,0.6931471805599453,8.714716791203296,1.0
PRV52788,0.0,5.996452088619021,0.0,11.655127905167356,0.0,5.664630254585312,5.924255797414532,0.7299934539459116,5.664630254585312,0.0
PRV52789,0.0,3.6635616461296463,0.0,9.433563920090563,0.0,5.798933152107528,3.6635616461296463,0.6931471805599453,5.798933152107528,0.0
PRV52790,0.0,3.367295829986474,0.0,8.833608482690892,0.0,5.5053315359323625,2.772588722239781,1.0531499145913523,5.5053315359323625,0.0
PRV52791,0.0,0.6931471805599453,0.0,5.303304908059076,0.0,5.303304908059076,0.6931471805599453,0.6931471805599453,5.303304908059076,0.0
PRV52792,0.0,1.791759469228055,0.0,5.771441123130016,0.0,4.174387269895637,1.791759469228055,0.6931471805599453,4.174387269895637,0.0
PRV52793,0.0,2.8903717578961645,0.0,8.350193650720067,0.0,5.520754786257055,2.8903717578961645,0.6931471805599453,5.520754786257055,0.0
PRV52794,0.0,0.6931471805599453,0.0,3.4339872044851463,0.0,3.4339872044851463,0.6931471805599453,0.6931471805599453,3.4339872044851463,0.0
PRV52795,0.0,2.995732273553991,0.0,8.724369949208368,0.0,5.782853050043198,2.6390573296152584,0.90078654533819,5.782853050043198,0.0
PRV52796,0.0,3.8918202981106265,0.0,9.722624930978418,0.0,5.854235851684928,2.833213344056216,1.3862943611198906,5.854235851684928,0.0
PRV52797,0.0,0.6931471805599453,0.0,5.707110264748875,0.0,5.707110264748875,0.6931471805599453,0.6931471805599453,5.707110264748875,0.0
PRV52798,0.0,4.04305126783455,0.0,9.807031716718498,0.0,5.784703917008426,3.6635616461296463,0.905708622543618,5.784703917008426,0.0
PRV52799,0.0,1.0986122886681098,0.0,5.017279836814924,0.0,4.330733340286331,1.0986122886681098,0.6931471805599453,4.330733340286331,0.0
PRV52800,0.0,2.19722457733622,0.0,7.544861068658458,0.0,5.469114437490037,1.9459101490553128,0.8472978603872036,5.469114437490037,0.0
PRV52801,0.0,3.4657359027997265,0.0,9.260177606823357,0.0,5.829040489770043,3.1354942159291497,0.879249460193806,5.829040489770043,0.0
PRV52803,1.0986122886681098,0.0,9.105090961257083,0.0,8.412054873292933,0.0,1.0986122886681098,0.6931471805599453,8.412054873292933,1.0
PRV52804,0.6931471805599453,0.0,10.491301994830229,0.0,10.491301994830229,0.0,0.6931471805599453,0.6931471805599453,10.491301994830229,1.0
PRV52806,1.0986122886681098,0.0,9.680406499268877,0.0,8.987321812850125,0.0,1.0986122886681098,0.6931471805599453,8.987321812850125,1.0
PRV52807,1.0986122886681098,0.0,9.741027444837728,0.0,9.04793908261736,0.0,1.0986122886681098,0.6931471805599453,9.04793908261736,1.0
PRV52808,1.6094379124341005,0.6931471805599453,10.34177474101152,4.394449154672439,8.955577146281511,4.394449154672439,1.791759469228055,0.6931471805599453,8.735042754269337,0.8
PRV52810,1.9459101490553128,0.0,11.23850177707664,0.0,9.446808094292654,0.0,1.9459101490553128,0.6931471805599453,9.446808094292654,1.0
PRV52813,2.8903717578961645,0.0,11.863589378812122,0.0,9.030488703671375,0.0,2.772588722239781,0.7576857016975165,9.030488703671375,1.0
PRV52814,1.0986122886681098,0.0,8.699681400989514,0.0,8.006700845440367,0.0,1.0986122886681098,0.6931471805599453,8.006700845440367,1.0
PRV52815,3.295836866004329,0.0,12.873904582205109,0.0,9.61587214452889,0.0,3.218875824868201,0.7339691750802004,9.61587214452889,1.0
PRV52816,0.6931471805599453,0.0,8.006700845440367,0.0,8.006700845440367,0.0,0.6931471805599453,0.6931471805599453,8.006700845440367,1.0
PRV52818,0.0,3.688879454113936,0.0,9.18307194482199,0.0,5.523407739523296,3.58351893845611,0.7487170317147561,5.523407739523296,0.0
PRV52820,0.0,3.49650756146648,0.0,8.781248333236862,0.0,5.320262305298603,3.4339872044851463,0.7259370033829363,5.320262305298603,0.0
PRV52821,5.159055299214529,6.293419278846481,14.32293099064221,11.99517258584422,9.16974294279801,5.706925677761734,5.966146739123692,1.0413026460944137,7.846887220238566,0.2426367461430575
PRV52822,0.0,4.912654885736052,0.0,10.680079340050709,0.0,5.777881628428889,4.584967478670572,0.8720263931629271,5.777881628428889,0.0
PRV52823,2.079441541679836,4.394449154672439,10.736418414365376,9.857495968685136,8.790638688751686,5.479596713763548,4.262679877041316,0.8077505632989491,6.619107222876962,0.0804597701149425
PRV52824,0.0,3.7612001156935615,0.0,9.075779878580487,0.0,5.342789832838294,3.688879454113936,0.7308875085427923,5.342789832838294,0.0
PRV52825,0.0,3.1354942159291497,0.0,8.677780256064185,0.0,5.590308324224205,3.091042453358316,0.7166776779701395,5.590308324224205,0.0
PRV52826,0.0,5.680172609017068,0.0,11.528808656597766,0.0,5.854914905519082,4.6443908991413725,1.344156776671486,5.854914905519082,0.0
PRV52827,0.0,6.690842277418564,0.0,12.549878638584907,0.0,5.863122226566838,5.6937321388027,1.3127060044624017,5.863122226566838,0.0
PRV52828,3.1780538303479458,3.091042453358316,12.264346270624156,9.11063052782717,9.12895582240636,6.0683153528915215,3.6635616461296463,0.7691330875378674,8.522153595516999,0.5227272727272727
PRV52829,1.9459101490553128,6.269096283706261,10.59665973278358,12.137799158081608,8.805025252619144,5.873410483265677,5.7899601708972535,0.9688715406175478,6.05564975771491,0.0112570356472795
PRV52830,0.0,3.555348061489413,0.0,8.888894669371593,0.0,5.367074916231338,3.367295829986474,0.7949298748698875,5.367074916231338,0.0
PRV52831,3.044522437723423,2.4849066497880004,12.413090879946887,7.560601162768557,9.417435838868784,5.167898009630144,3.4011973816621555,0.7270487322356266,8.986999220495184,0.6451612903225806
PRV52832,0.0,3.4657359027997265,0.0,9.228278517107196,0.0,5.797233645070392,3.4339872044851463,0.7096764825111559,5.797233645070392,0.0
PRV52833,1.6094379124341005,2.3978952727983707,10.165890277802454,7.2868764117507,8.77971129020447,4.990432586778736,2.5649493574615367,0.7731898882334818,7.581938052269892,0.2857142857142857
PRV52835,2.4849066497880004,3.8501476017100575,11.759793355371237,9.422301633887823,9.361976203910968,5.597294109043968,4.060443010546419,0.6931471805599453,7.809320578030471,0.1929824561403508
PRV52836,1.791759469228055,2.833213344056216,10.839600519357369,7.893945138235959,9.23024103368252,5.126935749792416,3.044522437723423,0.7178397931503169,7.846664464574076,0.238095238095238
PRV52837,1.0986122886681098,4.248495242049359,9.99884318585288,9.20341645690336,9.305741456739437,4.97613386237859,4.0943445622221,0.7899970065498629,6.110842554252277,0.028169014084507
PRV52838,0.0,4.430816798843313,0.0,10.13582867620438,0.0,5.720232768943627,4.127134385045092,0.8589394354026894,5.720232768943627,0.0
PRV52839,0.0,3.5263605246161616,0.0,9.41662256621498,0.0,5.922715152471643,3.4339872044851463,0.7419373447293773,5.922715152471643,0.0
PRV52841,0.6931471805599453,1.0986122886681098,9.472781556562168,5.771441123130016,9.472781556562168,5.081404364984463,1.3862943611198906,0.6931471805599453,8.398634855292102,0.3333333333333333
PRV52842,3.218875824868201,6.045005314036012,12.563750586299374,11.612870342496732,9.385777172017203,5.574030831703642,5.575949103146316,0.9902900615159552,6.793503920952531,0.0539325842696629
PRV52843,3.871201010907891,5.3230099791384085,13.204866440535003,10.802855905214331,9.354803549629674,5.488856698728858,5.25227342804663,0.84202080328636,7.766502990606377,0.1872509960159362
PRV52844,1.0986122886681098,4.852030263919617,9.472781556562168,10.432673587634053,8.77971129020447,5.59219086244094,4.727387818712341,0.7662980621955604,5.899769916345158,0.0155038759689922
PRV52845,2.19722457733622,5.41164605185504,12.292254928916668,10.826575133410556,10.21284549666577,5.423803591043381,4.927253685157205,0.988102012340806,7.058452879483071,0.0346320346320346
PRV52846,5.170483995038151,4.204692619390966,14.557367423264791,9.751559401061966,9.392664309719684,5.565680769485844,5.407171771460119,0.7350496722139547,9.08083217360386,0.7261410788381742
PRV52847,4.143134726391533,3.4339872044851463,13.322853874813603,8.768885326134862,9.195819320955694,5.372187215114492,4.330733340286331,0.8005056988804446,8.811681397330949,0.6739130434782609
PRV52848,0.0,3.258096538021482,0.0,8.571870752706934,0.0,5.357529226179882,3.258096538021482,0.6931471805599453,5.357529226179882,0.0
PRV52849,1.0986122886681098,2.5649493574615367,10.66897865021924,7.930565854233965,9.975854724662028,5.449606814094262,2.6390573296152584,0.7308875085427923,8.092851027538384,0.1428571428571428
PRV52850,0.6931471805599453,4.983606621708336,9.680406499268877,10.388102662282032,9.680406499268877,5.415793841809622,3.970291913552122,1.337023312113108,5.808101352106855,0.0068493150684931
PRV52851,2.19722457733622,3.4011973816621555,11.0186455364637,8.773539383558166,8.939318740417509,5.410567884634695,3.58351893845611,0.7213180575266417,7.508920518784269,0.2162162162162162
PRV52853,0.0,3.4011973816621555,0.0,9.310276200588785,0.0,5.945510873534199,3.218875824868201,0.7922380832041762,5.945510873534199,0.0
PRV52855,1.3862943611198906,2.995732273553991,10.12667110305036,8.824824939175638,9.028138807982804,5.883029133354213,3.1354942159291497,0.6931471805599453,7.276870700109486,0.1363636363636363
PRV52857,1.9459101490553128,6.118097198041348,10.896757843893464,11.865770082566094,9.105090961257083,5.753049066189982,5.187385805840755,1.2749861052800782,6.0607355208069125,0.0130718954248366
PRV52858,2.70805020110221,4.204692619390966,11.870606902224589,9.987874655796292,9.23164047693259,5.801202456646609,4.356708826689592,0.7124403834946241,7.630703950778872,0.175
PRV52859,0.0,6.815639990074331,0.0,12.570476147080075,0.0,5.759088745423526,6.091309882077698,1.1202953811560634,5.759088745423526,0.0
PRV52860,0.0,5.976350909297934,0.0,11.588320465690114,0.0,5.6181395802516825,5.010635294096256,1.291319695494187,5.6181395802516825,0.0
PRV52861,0.0,2.70805020110221,0.0,7.479299637782834,0.0,4.847555983524696,2.70805020110221,0.6931471805599453,4.847555983524696,0.0
PRV52862,4.04305126783455,3.044522437723423,12.973865689268807,7.415175109613295,8.948641600304944,4.430816798843313,4.219507705176107,0.7581520108689412,8.647149780986755,0.7368421052631579
PRV52863,0.0,3.970291913552122,0.0,9.592263871501313,0.0,5.644495099352605,3.4011973816621555,1.0271533246859648,5.644495099352605,0.0
PRV52864,0.0,3.367295829986474,0.0,9.462731997649378,0.0,6.132623029395119,3.1354942159291497,0.8209805520698302,6.132623029395119,0.0
PRV52865,1.9459101490553128,4.110873864173311,11.156264806643742,9.456497077599392,9.364576762415895,5.366754528101265,4.060443010546419,0.7691330875378674,7.13520469824229,0.0909090909090909
PRV52868,3.7612001156935615,4.23410650459726,12.931205293247745,9.95802308518414,9.19363494340448,5.741682557488311,4.543294782270004,0.7806064858885314,8.280849260831193,0.3818181818181818
PRV52869,2.079441541679836,4.02535169073515,11.31448672129398,9.402694764470512,9.368649739401278,5.39980676271832,3.9318256327243257,0.8064758658669484,7.32584997445817,0.1129032258064516
PRV52870,3.58351893845611,6.318968113746434,12.578673594719154,12.002002288874165,9.023442646188768,5.6882228187719726,5.3981627015177525,1.3021713707061302,6.647358009102255,0.0594227504244482
PRV52872,0.0,4.691347882229144,0.0,10.77291725825696,0.0,6.093026189508659,4.634728988229636,0.7221347174331976,6.093026189508659,0.0
PRV52873,0.0,4.248495242049359,0.0,9.711176264112805,0.0,5.481182253972038,4.04305126783455,0.8029620465671519,5.481182253972038,0.0
PRV52875,0.0,2.5649493574615367,0.0,7.340186835320115,0.0,4.862393050955164,2.5649493574615367,0.6931471805599453,4.862393050955164,0.0
PRV52876,2.9444389791664403,4.02535169073515,12.08954444723597,9.797070923831638,9.199268189860916,5.792736408105169,4.204692619390966,0.7448191911042662,7.895680868673831,0.2465753424657534
PRV52877,0.0,2.995732273553991,0.0,7.804251383528112,0.0,4.867129510178739,2.995732273553991,0.6931471805599453,4.867129510178739,0.0
PRV52878,0.0,3.332204510175204,0.0,9.367429587218956,0.0,6.073812288456735,3.258096538021482,0.7323678937132266,6.073812288456735,0.0
PRV52879,0.0,4.795790545596741,0.0,10.199174996326049,0.0,5.41610040220442,4.04305126783455,1.1451323043030026,5.41610040220442,0.0
PRV52880,1.3862943611198906,2.8903717578961645,9.798182590890704,7.353081920515432,8.699681400989514,4.530066242906822,2.995732273553991,0.7191226669632059,6.88653164253051,0.15
PRV52881,3.044522437723423,5.645446897643238,11.86710429621008,11.142021191163188,8.871505346165781,5.504177667460718,5.420534999272286,0.8511001463369422,6.5530273503934096,0.0662251655629139
PRV52882,0.0,3.737669618283368,0.0,9.613202094214232,0.0,5.902300077824583,3.49650756146648,0.8247235383486646,5.902300077824583,0.0
PRV52884,0.0,6.56244409369372,0.0,12.379735994653467,0.0,5.821668181976029,5.365976015021851,1.463081504333661,5.821668181976029,0.0
PRV52886,0.0,4.262679877041316,0.0,10.087099942513005,0.0,5.841471877429387,3.737669618283368,0.9959581346080264,5.841471877429387,0.0
PRV52887,3.1780538303479458,6.230481447578482,12.464625810822277,11.732711385746542,9.329216529763576,5.508253770597581,5.313205979041787,1.2875128165601069,6.585833276205742,0.0433962264150943
PRV52889,3.4657359027997265,6.413458957167357,12.34148164933907,12.092349482427034,8.907625440068418,5.683931570332636,5.8971538676367405,1.0163479536970847,6.457897355429359,0.0484375
PRV52890,1.6094379124341005,2.9444389791664403,10.275085591132717,8.691314551644853,8.888894669371593,5.803795383987432,3.1354942159291497,0.6931471805599453,7.371260566942466,0.1818181818181818
PRV52891,0.0,2.995732273553991,0.0,7.855932199718614,0.0,4.918443055475049,2.995732273553991,0.6931471805599453,4.918443055475049,0.0
PRV52892,2.079441541679836,3.4011973816621555,11.552155793461898,8.453401058328458,9.606303334495443,5.092056361739913,3.4011973816621555,0.8070914399091631,8.013067296484103,0.1944444444444444
PRV52893,0.0,5.8944028342648505,0.0,11.789427776128855,0.0,5.900517762012709,5.429345628954441,0.953476166170184,5.900517762012709,0.0
PRV52895,0.0,4.406719247264253,0.0,10.172789235831422,0.0,5.781391073190446,4.290459441148391,0.7537718023763802,5.781391073190446,0.0
PRV52896,2.8903717578961645,4.836281906951478,12.491255347155263,10.460843646427818,9.658102151439914,5.636074491632124,4.584967478670572,0.9017525734281278,7.659244444985216,0.1197183098591549
PRV52897,0.0,3.828641396489095,0.0,9.12052506765382,0.0,5.318664507878906,3.688879454113936,0.7672551527136671,5.318664507878906,0.0
PRV52898,3.8918202981106265,4.204692619390966,13.148033073468746,10.040244985890988,9.276923676119337,5.853420824716756,4.691347882229144,0.7205461547480597,8.455773077841519,0.4210526315789473
PRV52899,0.0,0.6931471805599453,0.0,3.4339872044851463,0.0,3.4339872044851463,0.6931471805599453,0.6931471805599453,3.4339872044851463,0.0
PRV52901,0.0,4.454347296253507,0.0,10.044596413496008,0.0,5.605585779932009,3.9318256327243257,0.9932517730102832,5.605585779932009,0.0
PRV52902,3.091042453358316,3.258096538021482,11.759793355371237,8.35490952835879,8.715427154221551,5.14166355650266,3.80666248977032,0.7156200364120039,7.964155718840937,0.4565217391304347
PRV52903,5.123963979403259,3.5263605246161616,14.25349512977105,9.82720028436401,9.135608437349442,6.332418069742743,5.2574953720277815,0.716434131938736,8.96719179788521,0.835
PRV52904,0.6931471805599453,1.0986122886681098,9.210440366976515,5.442417710521793,9.210440366976515,4.7535901911063645,1.3862943611198906,0.6931471805599453,8.134760782418645,0.3333333333333333
PRV52905,0.0,4.875197323201151,0.0,10.144117324857612,0.0,5.28164061782965,4.07753744390572,1.17599895228353,5.28164061782965,0.0
PRV52907,0.0,5.214935757608986,0.0,10.889323003601277,0.0,5.683226558244523,4.382026634673881,1.1988966512940755,5.683226558244523,0.0
PRV52910,2.3978952727983707,2.19722457733622,11.91170829631447,7.8636512654486515,9.60918360377546,5.786897381366708,2.833213344056216,0.7537718023763802,9.038747720755213,0.5555555555555556
PRV52911,0.0,1.791759469228055,0.0,7.630946580890459,0.0,6.023447592961033,1.791759469228055,0.6931471805599453,6.023447592961033,0.0
PRV52912,0.6931471805599453,2.772588722239781,9.472781556562168,7.403061091090091,9.472781556562168,4.703506086708953,2.70805020110221,0.7621400520468967,6.82001636467413,0.0625
PRV52913,0.0,3.58351893845611,0.0,9.358846580275406,0.0,5.806425014246979,3.49650756146648,0.7389567165912395,5.806425014246979,0.0
PRV52914,0.0,4.127134385045092,0.0,9.750977193313805,0.0,5.643591501969788,3.80666248977032,0.8697707162392623,5.643591501969788,0.0
PRV52916,1.9459101490553128,3.044522437723423,11.06665398721974,9.11943049661634,9.274972638719497,6.125776884715576,3.258096538021482,0.712949807856125,7.942252888302985,0.2307692307692307
PRV52917,0.0,3.49650756146648,0.0,9.090542808520588,0.0,5.628295346776073,3.091042453358316,0.9257694758286988,5.628295346776073,0.0
PRV52918,2.6390573296152584,2.302585092994046,11.596356272699,8.577535420422398,9.031517303713018,6.3818160174060985,3.044522437723423,0.7419373447293773,8.553191936383335,0.5909090909090909
PRV52919,0.0,4.204692619390966,0.0,9.551871220788255,0.0,5.366825271973107,3.6375861597263857,1.0238110755854113,5.366825271973107,0.0
PRV52920,1.0986122886681098,2.772588722239781,9.472781556562168,7.333676395657684,8.77971129020447,4.634728988229636,2.8903717578961645,0.6931471805599453,6.751926721717246,0.1176470588235294
PRV52921,1.3862943611198906,3.784189633918261,9.472781556562168,9.57851889529833,8.37432309038321,5.820220937528954,3.784189633918261,0.7274362540385774,6.393154422040575,0.0652173913043478
PRV52922,2.079441541679836,3.295836866004329,10.59665973278358,9.160204302482386,8.650899568730047,5.904732851283649,3.218875824868201,0.8649974374866045,7.314088696868917,0.2121212121212121
PRV52924,1.3862943611198906,2.3978952727983707,10.491301994830229,7.912423121473705,9.39274525863144,5.613128106388071,2.4849066497880004,0.7801585575495752,7.999756015840363,0.2307692307692307
PRV52925,1.6094379124341005,0.0,10.275085591132717,0.0,8.888894669371593,0.0,1.6094379124341005,0.6931471805599453,8.888894669371593,1.0
PRV52926,1.6094379124341005,2.6390573296152584,10.839600519357369,7.923348211930154,9.453364978883542,5.362735688154241,2.833213344056216,0.723918839226699,8.059387801391829,0.2352941176470588
PRV52928,0.0,3.737669618283368,0.0,9.13356731317027,0.0,5.424305133538159,3.1780538303479458,1.023388867430522,5.424305133538159,0.0
PRV52929,0.0,3.58351893845611,0.0,8.820404065485645,0.0,5.2700648535961525,3.044522437723423,1.01160091167848,5.2700648535961525,0.0
PRV52930,0.0,4.852030263919617,0.0,10.578750763997512,0.0,5.737765387851341,4.127134385045092,1.125568098656638,5.737765387851341,0.0
PRV52931,0.0,2.70805020110221,0.0,8.010027528481734,0.0,5.375278407684165,2.70805020110221,0.6931471805599453,5.375278407684165,0.0
PRV52932,0.0,3.713572066704308,0.0,9.534667728624708,0.0,5.848604059194941,3.555348061489413,0.7777045685880084,5.848604059194941,0.0
PRV52933,1.6094379124341005,1.6094379124341005,11.127277689932466,7.237778191923443,9.741027444837728,5.853638230200579,1.9459101490553128,0.8472978603872036,9.068171785955997,0.5
PRV52934,0.0,3.49650756146648,0.0,9.074635189810808,0.0,5.612443565574117,2.9444389791664403,1.0216512475319812,5.612443565574117,0.0
PRV52935,0.0,5.638354669333745,0.0,11.530775206233024,0.0,5.898722495409367,4.454347296253507,1.4572460970921752,5.898722495409367,0.0
PRV52936,1.6094379124341005,4.653960350157523,10.085850775128716,9.920393832602487,8.699681400989514,5.281053820746798,3.555348061489413,1.4294665329850993,6.01994401842985,0.037037037037037
PRV52937,0.0,3.218875824868201,0.0,8.704668113450987,0.0,5.530420659233719,3.091042453358316,0.7621400520468967,5.530420659233719,0.0
PRV52938,0.0,1.3862943611198906,0.0,8.359603270841466,0.0,7.261459146975915,1.3862943611198906,0.6931471805599453,7.261459146975915,0.0
PRV52940,0.0,2.302585092994046,0.0,6.85751406254539,0.0,4.6686664975472185,2.079441541679836,0.826678573184468,4.6686664975472185,0.0
PRV52941,0.0,3.784189633918261,0.0,9.543306469268108,0.0,5.785112367862151,3.688879454113936,0.7431576011346067,5.785112367862151,0.0
PRV52942,0.0,3.784189633918261,0.0,9.2975267336551,0.0,5.540168554630184,3.688879454113936,0.7431576011346067,5.540168554630184,0.0
PRV52943,0.0,3.58351893845611,0.0,8.818926087090677,0.0,5.268594265095831,3.5263605246161616,0.7230001437096264,5.268594265095831,0.0
PRV52944,0.0,1.6094379124341005,0.0,8.323851131338817,0.0,6.93828448401696,1.6094379124341005,0.6931471805599453,6.93828448401696,0.0
PRV52945,0.0,3.8501476017100575,0.0,8.835064935031076,0.0,5.012951450314087,3.218875824868201,1.0704414117014134,5.012951450314087,0.0
PRV52948,0.0,4.672828834461906,0.0,10.139389369949,0.0,5.480088457398001,3.871201010907891,1.1802903196823769,5.480088457398001,0.0
PRV52949,0.0,4.382026634673881,0.0,10.206587653966263,0.0,5.840015909676529,3.951243718581428,0.9357088177312568,5.840015909676529,0.0
PRV52950,0.0,4.762173934797756,0.0,10.429132820900398,0.0,5.678936114615112,4.174387269895637,1.0340737675305385,5.678936114615112,0.0
PRV52951,0.0,3.044522437723423,0.0,9.208438564686588,0.0,6.214608098422191,3.044522437723423,0.6931471805599453,6.214608098422191,0.0
PRV52952,0.0,0.6931471805599453,0.0,6.398594934535208,0.0,6.398594934535208,0.6931471805599453,0.6931471805599453,6.398594934535208,0.0
PRV52953,0.0,4.454347296253507,0.0,10.068196582013169,0.0,5.629101185850032,4.127134385045092,0.8727327575350252,5.629101185850032,0.0
PRV52954,0.0,0.6931471805599453,0.0,7.650168700845001,0.0,7.650168700845001,0.6931471805599453,0.6931471805599453,7.650168700845001,0.0
PRV52955,0.0,4.30406509320417,0.0,9.55824698622306,0.0,5.272859049922234,4.158883083359672,0.7695201593445193,5.272859049922234,0.0
PRV52956,0.0,2.9444389791664403,0.0,7.65491704784832,0.0,4.772566092565371,2.302585092994046,1.0986122886681098,4.772566092565371,0.0
PRV52957,0.0,0.6931471805599453,0.0,0.0,0.0,0.0,0.6931471805599453,0.6931471805599453,0.0,0.0
PRV52958,0.0,2.833213344056216,0.0,7.611347717403621,0.0,4.846153655430632,2.772588722239781,0.7259370033829363,4.846153655430632,0.0
PRV52961,0.0,1.791759469228055,0.0,5.771441123130016,0.0,4.174387269895637,1.791759469228055,0.6931471805599453,4.174387269895637,0.0
PRV52962,0.0,2.70805020110221,0.0,8.166500319155052,0.0,5.531128323264383,2.302585092994046,0.9382696385929304,5.531128323264383,0.0
PRV52963,0.0,2.302585092994046,0.0,6.746412128573375,0.0,4.558544344648036,2.079441541679836,0.826678573184468,4.558544344648036,0.0
PRV52964,0.0,4.5217885770490405,0.0,10.20880077869385,0.0,5.701251802677887,3.6375861597263857,1.241112351275393,5.701251802677887,0.0
PRV52966,0.0,1.3862943611198906,0.0,6.566672429803241,0.0,5.470869131746186,1.3862943611198906,0.6931471805599453,5.470869131746186,0.0
PRV52970,0.6931471805599453,0.0,8.294299608857235,0.0,8.294299608857235,0.0,0.6931471805599453,0.6931471805599453,8.294299608857235,1.0
PRV52971,1.3862943611198906,0.0,9.61587214452889,0.0,8.517393171418904,0.0,1.3862943611198906,0.6931471805599453,8.517393171418904,1.0
PRV52972,2.8903717578961645,0.0,12.301387370778713,0.0,9.468246751020173,0.0,2.70805020110221,0.7949298748698875,9.468246751020173,1.0
PRV52976,1.6094379124341005,0.0,10.275085591132717,0.0,8.888894669371593,0.0,1.6094379124341005,0.6931471805599453,8.888894669371593,1.0
PRV52978,1.791759469228055,0.0,10.985309671896765,0.0,9.375939552625749,0.0,1.791759469228055,0.6931471805599453,9.375939552625749,1.0
PRV52979,1.9459101490553128,0.0,11.127277689932466,0.0,9.335591746331804,0.0,1.9459101490553128,0.6931471805599453,9.335591746331804,1.0
PRV52980,0.0,6.400257445308821,0.0,11.868226465480811,0.0,5.473828485924383,5.438079308923196,1.287703697236404,5.473828485924383,0.0
PRV52981,0.0,5.91350300563827,0.0,11.360135525582294,0.0,5.453617211615891,5.010635294096256,1.246028936314024,5.453617211615891,0.0
PRV52982,0.0,6.467698726104354,0.0,12.284056311755132,0.0,5.820876372502698,5.44673737166631,1.330662665133742,5.820876372502698,0.0
PRV52985,4.804021044733257,7.1569563646156364,14.123731016387191,12.791414658036476,9.32802863730178,5.638798716609874,6.2166061010848646,1.3365787688739577,7.11235184201048,0.0862437633642195
PRV52986,2.302585092994046,3.332204510175204,11.728044909070784,9.046762057999365,9.530884845262268,5.753982579136752,3.4657359027997265,0.7707054149058199,8.211015193117513,0.25
PRV52988,0.0,5.746203190540153,0.0,11.239422393691717,0.0,5.500499157492356,4.8283137373023015,1.2573606777439974,5.500499157492356,0.0
PRV52989,4.262679877041316,4.68213122712422,13.664688831019712,10.025306875857222,9.416273818216746,5.357159201683563,4.934473933130692,0.8253189536684283,8.514666839031937,0.3954802259887006
PRV52990,3.1354942159291497,4.060443010546419,12.154784614286667,9.807031716718498,9.063852680554907,5.767059235196279,4.02535169073515,0.8905066147184405,7.876993885038532,0.2784810126582278
PRV52991,2.19722457733622,3.951243718581428,11.373674891823535,9.739261284011263,9.294313805752362,5.810377522083647,4.007333185232471,0.7384037721480662,7.474887541501273,0.135593220338983
PRV52993,0.0,2.3978952727983707,0.0,8.045908742270779,0.0,5.746203190540153,2.302585092994046,0.7472144018302211,5.746203190540153,0.0
PRV52996,0.0,3.6375861597263857,0.0,9.35105837891506,0.0,5.743263029307632,3.4339872044851463,0.8034952377288107,5.743263029307632,0.0
PRV52998,2.772588722239781,2.9444389791664403,11.900233391293936,8.266421472984554,9.192278229157774,5.380409255266509,3.367295829986474,0.7786693539981073,8.43000328609468,0.4545454545454545
PRV52999,2.19722457733622,3.8918202981106265,10.950824090522444,9.693445303141573,8.871505346165781,5.825139363398627,3.951243718581428,0.7410032017375805,7.176500242325928,0.1428571428571428
PRV53000,0.0,6.556778356158042,0.0,12.20732685867594,0.0,5.655469437042082,6.152732694704104,0.9158642016906784,5.655469437042082,0.0
PRV53001,0.0,5.017279836814924,0.0,10.724610094524913,0.0,5.71724697560949,4.663439094112067,0.8873031950009028,5.71724697560949,0.0
PRV53002,0.0,5.986452005284438,0.0,11.661698855916235,0.0,5.681169352498312,4.90527477843843,1.3769222212910277,5.681169352498312,0.0
PRV53004,0.0,2.9444389791664403,0.0,8.368925174747135,0.0,5.482489062630153,2.833213344056216,0.7537718023763802,5.482489062630153,0.0
PRV53005,2.833213344056216,3.555348061489413,11.984184555794169,9.066585468331043,9.21168946154548,5.544027886932576,3.6375861597263857,0.8549902060103591,8.125098302246245,0.32
PRV53007,3.6375861597263857,4.0943445622221,12.861001210669146,9.651236971915612,9.250176799904118,5.577424644713149,4.23410650459726,0.8803587226480918,8.33646037191058,0.3854166666666667
PRV53008,3.688879454113936,2.6390573296152584,12.768544351446794,7.8636512654486515,9.105090961257083,5.303304908059076,3.8918202981106265,0.7339691750802004,8.824824939175638,0.75
PRV53009,1.791759469228055,3.49650756146648,10.34177474101152,8.438366410870266,8.732465848349879,4.979316610838828,3.1780538303479458,0.958850346292951,6.87078284735959,0.1351351351351351
PRV53013,0.0,1.6094379124341005,0.0,8.523374050491318,0.0,7.1376758145753705,1.6094379124341005,0.6931471805599453,7.1376758145753705,0.0
PRV53014,0.0,2.19722457733622,0.0,7.074116816197362,0.0,5.000584958242754,2.19722457733622,0.6931471805599453,5.000584958242754,0.0
PRV53015,0.0,2.19722457733622,0.0,7.02197642307216,0.0,4.948759890378168,1.9459101490553128,0.8472978603872036,4.948759890378168,0.0
PRV53016,0.0,3.4657359027997265,0.0,9.735128070758227,0.0,6.302914335643085,2.9444389791664403,1.001448540214462,6.302914335643085,0.0
PRV53017,0.0,2.302585092994046,0.0,6.90875477931522,0.0,4.719490443017389,1.6094379124341005,1.1786549963416462,4.719490443017389,0.0
PRV53018,0.0,3.737669618283368,0.0,9.329100707697023,0.0,5.619074429655843,3.1354942159291497,1.0520922730332167,5.619074429655843,0.0
PRV53019,0.0,2.772588722239781,0.0,8.501267040865978,0.0,5.796057750765372,2.6390573296152584,0.7672551527136671,5.796057750765372,0.0
PRV53020,0.0,1.0986122886681098,0.0,8.412054873292933,0.0,7.719129840906732,1.0986122886681098,0.6931471805599453,7.719129840906732,0.0
PRV53021,2.9444389791664403,2.3978952727983707,12.269052139516225,8.281723990411392,9.378760190267132,5.981414211254481,3.091042453358316,0.8472978603872036,8.955346734719361,0.6428571428571429
PRV53024,1.0986122886681098,3.218875824868201,9.210440366976515,8.24301946898925,8.517393171418904,5.070998443823346,2.995732273553991,0.8622235106038794,6.276209618483728,0.0769230769230769
PRV53025,0.0,3.9318256327243257,0.0,9.154933364704444,0.0,5.24807615011129,2.995732273553991,1.2896675254308188,5.24807615011129,0.0
PRV53026,0.0,3.295836866004329,0.0,8.722742874329398,0.0,5.468709070424613,2.833213344056216,0.965080896043587,5.468709070424613,0.0
PRV53027,0.0,1.791759469228055,0.0,6.2166061010848646,0.0,4.61512051684126,1.3862943611198906,0.9808292530117262,4.61512051684126,0.0
PRV53028,0.0,1.3862943611198906,0.0,5.707110264748875,0.0,4.61512051684126,1.3862943611198906,0.6931471805599453,4.61512051684126,0.0
PRV53029,1.6094379124341005,2.5649493574615367,10.545367754151744,7.62608275807238,9.15915233520675,5.146525014788905,2.4849066497880004,0.8979415932059586,7.825694651101816,0.25
PRV53031,0.0,1.9459101490553128,0.0,7.237778191923443,0.0,5.449606814094262,1.9459101490553128,0.6931471805599453,5.449606814094262,0.0
PRV53032,1.791759469228055,2.9444389791664403,10.691967639914864,8.368925174747135,9.082620630373812,5.482489062630153,2.995732273553991,0.7932306391169278,7.650375620229947,0.217391304347826
PRV53033,1.0986122886681098,0.0,11.225256725762891,0.0,10.53212287826962,0.0,0.6931471805599453,1.0986122886681098,10.53212287826962,1.0
PRV53034,0.0,1.0986122886681098,0.0,8.131824785007195,0.0,7.438971592395862,1.0986122886681098,0.6931471805599453,7.438971592395862,0.0
PRV53035,0.0,3.555348061489413,0.0,8.545002892055505,0.0,5.025040838129813,3.332204510175204,0.8150369981689822,5.025040838129813,0.0
PRV53036,0.0,4.812184355372417,0.0,10.584840453213362,0.0,5.783875622419531,4.248495242049359,1.0181669234493704,5.783875622419531,0.0
PRV53037,0.0,2.302585092994046,0.0,8.375860015299594,0.0,6.180476635261419,2.302585092994046,0.6931471805599453,6.180476635261419,0.0
PRV53038,0.0,3.218875824868201,0.0,9.49634604004702,0.0,6.32001861283006,2.079441541679836,1.488077055429833,6.32001861283006,0.0
PRV53040,1.791759469228055,2.302585092994046,10.839600519357369,6.68586094706836,9.23024103368252,4.498574339722272,2.6390573296152584,0.7308875085427923,8.216358332386156,0.3571428571428571
PRV53042,0.0,3.688879454113936,0.0,9.219399216464527,0.0,5.559596229557151,3.610917912644224,0.7339691750802004,5.559596229557151,0.0
PRV53043,0.0,4.127134385045092,0.0,10.53850231565682,0.0,6.429216972110895,3.218875824868201,1.2645974261423707,6.429216972110895,0.0
PRV53044,0.0,4.219507705176107,0.0,9.579210649614792,0.0,5.3790716464819175,3.912023005428146,0.861769892995738,5.3790716464819175,0.0
PRV53045,0.0,5.37989735354046,0.0,11.046611022299611,0.0,5.674754087275376,4.3694478524670215,1.32687094064909,5.674754087275376,0.0
PRV53047,0.0,4.382026634673881,0.0,9.47738596957752,0.0,5.1138923331748005,3.49650756146648,1.2437942985126076,5.1138923331748005,0.0
PRV53048,0.0,2.079441541679836,0.0,8.634264863002075,0.0,6.689421570377966,1.9459101490553128,0.7731898882334818,6.689421570377966,0.0
PRV53049,0.0,1.0986122886681098,0.0,2.3978952727983707,0.0,1.791759469228055,1.0986122886681098,0.6931471805599453,1.791759469228055,0.0
PRV53050,1.0986122886681098,1.9459101490553128,8.006700845440367,6.594413459749778,7.313886831633462,4.809470649500821,2.079441541679836,0.7621400520468967,6.146864446335672,0.25
PRV53052,0.6931471805599453,2.19722457733622,8.294299608857235,7.333676395657684,8.294299608857235,5.258796608385754,2.19722457733622,0.7537718023763802,6.4223446806968845,0.1111111111111111
PRV53054,0.0,3.912023005428146,0.0,9.2771575450135,0.0,5.38981695574759,3.332204510175204,1.034896474282002,5.38981695574759,0.0
PRV53055,0.0,4.394449154672439,0.0,10.024421175431756,0.0,5.645888496237299,3.367295829986474,1.349926716949016,5.645888496237299,0.0
PRV53056,0.0,3.58351893845611,0.0,9.2213792190914,0.0,5.669388190770501,3.1354942159291497,0.9520088144762344,5.669388190770501,0.0
PRV53057,0.0,3.9889840465642745,0.0,9.935034668034255,0.0,5.967258844259707,3.4011973816621555,1.0394234172777792,5.967258844259707,0.0
PRV53059,0.0,3.5263605246161616,0.0,9.700207901150696,0.0,6.205659084265911,3.091042453358316,0.9444616088408514,6.205659084265911,0.0
PRV53061,0.6931471805599453,0.0,9.105090961257083,0.0,9.105090961257083,0.0,0.6931471805599453,0.6931471805599453,9.105090961257083,1.0
PRV53062,0.0,1.6094379124341005,0.0,5.25227342804663,0.0,3.881563797943437,1.6094379124341005,0.6931471805599453,3.881563797943437,0.0
PRV53063,1.0986122886681098,1.0986122886681098,8.853808274977197,6.111467339502679,8.160803920954665,5.420534999272286,1.6094379124341005,0.6931471805599453,7.530211718919313,0.5
PRV53064,0.0,3.58351893845611,0.0,8.801017833540714,0.0,5.250776421779037,3.367295829986474,0.8109302162163288,5.250776421779037,0.0
PRV53065,0.0,3.6635616461296463,0.0,8.737292112544221,0.0,5.105626443749526,3.4339872044851463,0.8183103235139513,5.105626443749526,0.0
PRV53066,0.0,2.079441541679836,0.0,7.107425474110705,0.0,5.166417295655598,1.791759469228055,0.8754687373538999,5.166417295655598,0.0
PRV53067,0.0,2.833213344056216,0.0,8.420902531097951,0.0,5.651611602327291,2.70805020110221,0.7621400520468967,5.651611602327291,0.0
PRV53069,0.0,2.4849066497880004,0.0,7.875119281040293,0.0,5.481017639498762,2.302585092994046,0.7985076962177716,5.481017639498762,0.0
PRV53070,2.5649493574615367,2.19722457733622,11.6172944892629,6.274762021241939,9.132486932771318,4.208417018481948,2.8903717578961645,0.7777045685880084,8.626495926306687,0.6
PRV53071,0.0,3.367295829986474,0.0,9.418248450647615,0.0,6.088234699594381,3.044522437723423,0.8754687373538999,6.088234699594381,0.0
PRV53072,0.0,2.9444389791664403,0.0,8.515391569469609,0.0,5.62842015488377,2.9444389791664403,0.6931471805599453,5.62842015488377,0.0
PRV53073,0.0,2.70805020110221,0.0,7.147559271189454,0.0,4.518678154634648,2.079441541679836,1.0986122886681098,4.518678154634648,0.0
PRV53074,0.0,5.187385805840755,0.0,10.79857507675918,0.0,5.62040086571715,4.204692619390966,1.3075134832667763,5.62040086571715,0.0
PRV53075,0.0,1.0986122886681098,0.0,7.484930283289661,0.0,6.792344427470809,1.0986122886681098,0.6931471805599453,6.792344427470809,0.0
PRV53076,0.0,4.663439094112067,0.0,10.336600252573104,0.0,5.686006364015938,3.871201010907891,1.1737329191362178,5.686006364015938,0.0
PRV53077,0.0,4.8283137373023015,0.0,10.5524477082064,0.0,5.735374910762478,4.406719247264253,0.9285608244659692,5.735374910762478,0.0
PRV53078,0.0,3.828641396489095,0.0,9.294773427951013,0.0,5.492146530193471,3.6375861597263857,0.7958013346200287,5.492146530193471,0.0
PRV53079,0.0,0.6931471805599453,0.0,3.9318256327243257,0.0,3.9318256327243257,0.6931471805599453,0.6931471805599453,3.9318256327243257,0.0
PRV53081,0.0,2.302585092994046,0.0,7.496097345175956,0.0,5.303304908059076,2.19722457733622,0.7537718023763802,5.303304908059076,0.0
PRV53083,0.0,0.6931471805599453,0.0,2.3978952727983707,0.0,2.3978952727983707,0.6931471805599453,0.6931471805599453,2.3978952727983707,0.0
PRV53084,0.0,0.6931471805599453,0.0,4.61512051684126,0.0,4.61512051684126,0.6931471805599453,0.6931471805599453,4.61512051684126,0.0
PRV53085,0.0,1.0986122886681098,0.0,6.46302945692067,0.0,5.771441123130016,1.0986122886681098,0.6931471805599453,5.771441123130016,0.0
PRV53086,0.0,1.6094379124341005,0.0,6.966967138613983,0.0,5.583496308781699,1.6094379124341005,0.6931471805599453,5.583496308781699,0.0
PRV53087,0.0,3.4657359027997265,0.0,9.167537249650874,0.0,5.736676350338138,2.833213344056216,1.0775588794702773,5.736676350338138,0.0
PRV53090,0.0,5.19295685089021,0.0,10.982764104897496,0.0,5.798398321711779,4.276666119016055,1.258781040820931,5.798398321711779,0.0
PRV53091,1.6094379124341005,0.0,9.852246888342531,0.0,8.46611040118692,0.0,1.6094379124341005,0.6931471805599453,8.46611040118692,1.0
PRV53095,1.0986122886681098,1.0986122886681098,10.491301994830229,4.61512051684126,9.798182590890704,3.9318256327243257,1.6094379124341005,0.6931471805599453,9.107864580386948,0.5
PRV53096,0.0,4.875197323201151,0.0,10.87806606028079,0.0,6.012962568989407,4.6443908991413725,0.8163094653360649,6.012962568989407,0.0
PRV53099,0.0,1.0986122886681098,0.0,5.3981627015177525,0.0,4.709530201312334,1.0986122886681098,0.6931471805599453,4.709530201312334,0.0
PRV53100,1.791759469228055,4.836281906951478,10.819798284210286,10.515451792270389,9.210440366976515,5.690494580329266,4.31748811353631,1.0140549006400468,6.506243883104488,0.0384615384615384
PRV53101,1.0986122886681098,1.9459101490553128,9.105090961257083,6.018593214496234,8.412054873292933,4.238925791033208,2.19722457733622,0.6931471805599453,7.070936489123664,0.25
PRV53102,0.0,2.995732273553991,0.0,8.684570300824369,0.0,5.743171864540927,2.833213344056216,0.7827593392496325,5.743171864540927,0.0
PRV53103,2.079441541679836,4.290459441148391,11.251573687764475,9.344958673700944,9.305741456739437,5.074479129551149,4.143134726391533,0.8216255053330767,7.021524644752094,0.0886075949367088
PRV53104,3.367295829986474,3.970291913552122,12.386312871189734,9.493336482437249,9.05422108905408,5.545928364391697,4.02535169073515,0.8979415932059586,8.058525071834248,0.35
PRV53106,1.6094379124341005,3.713572066704308,9.798182590890704,9.12052506765382,8.412054873292933,5.4359030295006,3.367295829986474,0.9444616088408514,6.426194209993453,0.0909090909090909
PRV53107,2.302585092994046,1.9459101490553128,11.542493975902508,5.968707559985366,9.34534706469904,4.189654742026425,2.772588722239781,0.6931471805599453,8.838358394684567,0.6
PRV53108,1.791759469228055,3.784189633918261,10.896757843893464,9.64542900515042,9.287394001418471,5.886943472302729,3.6375861597263857,0.831733343846092,7.27785224325251,0.1041666666666666
PRV53109,1.3862943611198906,3.258096538021482,9.6678285081515,8.778171881033469,8.569342785740995,5.562986664690745,3.1354942159291497,0.8209805520698302,6.680944296570442,0.1071428571428571
PRV53110,0.6931471805599453,3.4011973816621555,9.61587214452889,9.0217190130337,9.61587214452889,5.657798713678507,3.091042453358316,0.8873031950009028,6.655440350367647,0.0333333333333333
PRV53111,2.079441541679836,3.295836866004329,10.950824090522444,9.37169362233394,9.005019197238754,6.115722302947176,3.4011973816621555,0.7598385550586176,7.642204338899188,0.2121212121212121
PRV53113,0.0,4.406719247264253,0.0,9.868947866261385,0.0,5.478630735442263,4.127134385045092,0.8449531934279495,5.478630735442263,0.0
PRV53114,2.70805020110221,2.772588722239781,12.520887034998584,11.41510313235069,9.88187714934016,8.70720730668986,3.1354942159291497,0.8407831793660098,9.439559224323189,0.4827586206896552
PRV53116,0.0,3.80666248977032,0.0,9.015662792972645,0.0,5.236683713103096,3.258096538021482,1.0152306797290584,5.236683713103096,0.0
PRV53117,2.9444389791664403,5.455321115357702,11.751950239425476,11.389299140505509,8.861712329784957,5.94088254249938,5.123963979403259,0.9174876201080012,6.755824576739273,0.0717131474103585
PRV53119,1.3862943611198906,2.772588722239781,10.085850775128716,7.787796878181171,8.987321812850125,5.085536602269373,2.70805020110221,0.826678573184468,7.291807575253611,0.1666666666666666
PRV53120,2.3978952727983707,4.02535169073515,11.52288569676448,9.612533466213929,9.220389707829185,5.608805572641996,4.0943445622221,0.7427441216993174,7.48708750217783,0.1538461538461538
PRV53121,3.8918202981106265,6.2766434893416445,12.919024904363686,11.946466075126676,9.04793908261736,5.67513367882328,5.634789603169249,1.1233923176665963,6.879464187536084,0.082901554404145
PRV53122,0.0,3.218875824868201,0.0,8.996032669324372,0.0,5.820824495087865,2.9444389791664403,0.8472978603872036,5.820824495087865,0.0
PRV53123,0.0,4.890349128221754,0.0,10.730968928388284,0.0,5.851026239685909,4.418840607796598,0.9592567677575984,5.851026239685909,0.0
PRV53124,3.044522437723423,3.828641396489095,12.037659911047468,9.14644164612595,9.042040056544485,5.344458522545892,3.9889840465642745,0.8003927109135429,7.917648439577173,0.3076923076923077
PRV53125,0.0,1.0986122886681098,0.0,6.2166061010848646,0.0,5.525452939131784,1.0986122886681098,0.6931471805599453,5.525452939131784,0.0
PRV53126,0.0,3.555348061489413,0.0,9.377632889750377,0.0,5.854060117731622,3.258096538021482,0.8586616190375187,5.854060117731622,0.0
PRV53127,0.6931471805599453,4.59511985013459,9.210440366976515,9.88994628196946,9.210440366976515,5.3098828804698925,4.02535169073515,1.029619417181158,5.708116503513593,0.0101010101010101
PRV53128,0.6931471805599453,3.49650756146648,8.699681400989514,9.810330054049878,8.699681400989514,6.346294039247566,2.995732273553991,1.0068047394149868,6.5997880385877385,0.0303030303030303
PRV53129,1.3862943611198906,3.784189633918261,11.225256725762891,8.929435283803425,10.12667110305036,5.173781933519671,3.688879454113936,0.77908961036067,7.49307513569727,0.0652173913043478
PRV53131,1.9459101490553128,2.079441541679836,10.757924157061597,7.193685818395112,8.966271062890819,5.25227342804663,2.6390573296152584,0.6931471805599453,8.221127355275732,0.4615384615384615
PRV53133,0.0,5.075173815233827,0.0,10.750663976978858,0.0,5.685140180202728,4.672828834461906,0.9162907318741552,5.685140180202728,0.0
PRV53134,0.0,2.3978952727983707,0.0,8.301769763117166,0.0,6.001414877961151,2.19722457733622,0.8109302162163288,6.001414877961151,0.0
PRV53135,2.079441541679836,0.0,11.127277689932466,0.0,9.18145577098132,0.0,1.9459101490553128,0.7731898882334818,9.18145577098132,1.0
PRV53136,2.079441541679836,3.610917912644224,11.891368749982083,9.617204500998056,9.945499695691304,6.036012923369051,3.713572066704308,0.7299611536826616,8.228350756081284,0.1627906976744186
PRV53137,0.0,3.4339872044851463,0.0,9.093918908958932,0.0,5.69597429220839,3.1780538303479458,0.8347976976229721,5.69597429220839,0.0
PRV53138,0.0,2.3978952727983707,0.0,7.359467638255621,0.0,5.062595033026967,2.3978952727983707,0.6931471805599453,5.062595033026967,0.0
PRV53139,0.0,2.302585092994046,0.0,6.660575149839686,0.0,4.473541743509655,2.079441541679836,0.826678573184468,4.473541743509655,0.0
PRV53140,0.0,3.091042453358316,0.0,7.687538766201629,0.0,4.652144643803038,2.995732273553991,0.7444404749474959,4.652144643803038,0.0
PRV53141,3.49650756146648,4.30406509320417,12.653961664405363,9.889439336810067,9.188324797918504,5.602624177672344,4.543294782270004,0.7556675375412794,8.061411755142595,0.3047619047619048
PRV53142,3.688879454113936,4.290459441148391,12.840003118946523,9.743964132018151,9.17654226322596,5.471453346286376,4.59511985013459,0.7573667732942391,8.174984532943087,0.3513513513513513
PRV53143,1.6094379124341005,2.19722457733622,11.06665398721974,7.421177528595393,9.680406499268877,5.345916345347316,2.079441541679836,0.9985288301111273,8.607673544544612,0.3333333333333333
PRV53144,1.6094379124341005,3.58351893845611,10.318935994253192,8.725994381014571,8.932740634865914,5.176149732573829,3.555348061489413,0.7640989165322297,6.841478495805351,0.1025641025641025
PRV53145,0.0,4.890349128221754,0.0,10.456251347665171,0.0,5.5772109329667385,4.718498871295094,0.7835312420282143,5.5772109329667385,0.0
PRV53147,0.0,2.9444389791664403,0.0,8.818926087090677,0.0,5.931065594270832,2.833213344056216,0.7537718023763802,5.931065594270832,0.0
PRV53148,0.0,2.772588722239781,0.0,7.855932199718614,0.0,5.153291594497779,2.6390573296152584,0.7672551527136671,5.153291594497779,0.0
PRV53149,0.0,4.127134385045092,0.0,9.60649561075857,0.0,5.499651031467111,3.091042453358316,1.36219680954083,5.499651031467111,0.0
PRV53150,0.0,2.6390573296152584,0.0,8.049107721326406,0.0,5.487983679336031,1.791759469228055,1.2809338454620642,5.487983679336031,0.0
PRV53151,0.0,3.258096538021482,0.0,8.757940876678804,0.0,5.542830943598439,2.995732273553991,0.8397506547518208,5.542830943598439,0.0
PRV53153,1.9459101490553128,2.9444389791664403,11.661354090741,8.636042325254618,9.86963772366073,5.748685021276914,3.091042453358316,0.7621400520468967,8.530882398539752,0.25
PRV53154,0.0,3.970291913552122,0.0,10.07200594918639,0.0,6.122914448007793,2.772588722239781,1.496642418288756,6.122914448007793,0.0
PRV53156,0.0,2.833213344056216,0.0,8.790421306897867,0.0,6.020112740696528,2.3978952727983707,0.9555114450274363,6.020112740696528,0.0
PRV53157,0.0,1.0986122886681098,0.0,7.692113339595466,0.0,6.999422467507961,1.0986122886681098,0.6931471805599453,6.999422467507961,0.0
PRV53158,0.0,2.079441541679836,0.0,6.566672429803241,0.0,4.629165691544308,2.079441541679836,0.6931471805599453,4.629165691544308,0.0
PRV53159,1.0986122886681098,3.258096538021482,10.373522431293592,8.333510708982942,9.680406499268877,5.120386158055375,2.3978952727983707,1.308332819650179,7.200618351289833,0.074074074074074
PRV53161,0.0,2.079441541679836,0.0,8.826294231241318,0.0,6.881264622307472,2.079441541679836,0.6931471805599453,6.881264622307472,0.0
PRV53162,0.0,1.791759469228055,0.0,7.208600337960199,0.0,5.602118820879701,1.791759469228055,0.6931471805599453,5.602118820879701,0.0
PRV53163,0.0,2.5649493574615367,0.0,6.68586094706836,0.0,4.214593690373678,1.3862943611198906,1.6094379124341005,4.214593690373678,0.0
PRV53164,0.0,3.258096538021482,0.0,8.338305731356565,0.0,5.125153747538848,3.091042453358316,0.784118958765672,5.125153747538848,0.0
PRV53166,0.6931471805599453,3.1354942159291497,8.517393171418904,8.284251797621916,8.517393171418904,5.198497031265826,3.091042453358316,0.7396671961948381,5.967594965300057,0.0434782608695652
PRV53167,0.0,1.3862943611198906,0.0,7.479299637782834,0.0,6.3818160174060985,1.3862943611198906,0.6931471805599453,6.3818160174060985,0.0
PRV53168,0.0,1.0986122886681098,0.0,7.635786861395585,0.0,6.943122422819428,1.0986122886681098,0.6931471805599453,6.943122422819428,0.0
PRV53169,0.0,1.6094379124341005,0.0,5.14166355650266,0.0,3.7727609380946383,1.6094379124341005,0.6931471805599453,3.7727609380946383,0.0
PRV53171,0.0,2.8903717578961645,0.0,9.027738775974909,0.0,6.19644412779452,1.791759469228055,1.4816045409242156,6.19644412779452,0.0
PRV53172,0.0,1.3862943611198906,0.0,7.804251383528112,0.0,6.70645475559038,1.3862943611198906,0.6931471805599453,6.70645475559038,0.0
PRV53173,0.0,3.784189633918261,0.0,9.717820405491077,0.0,5.959145543664708,3.1780538303479458,1.054160526097276,5.959145543664708,0.0
PRV53174,0.0,1.791759469228055,0.0,5.564520407322694,0.0,3.970291913552122,1.6094379124341005,0.8109302162163288,3.970291913552122,0.0
PRV53175,0.0,2.302585092994046,0.0,6.566672429803241,0.0,4.380636780384827,2.302585092994046,0.6931471805599453,4.380636780384827,0.0
PRV53176,0.0,3.555348061489413,0.0,8.699681400989514,0.0,5.178804895102845,2.6390573296152584,1.285198244248522,5.178804895102845,0.0
PRV53177,0.0,2.833213344056216,0.0,7.327123292259293,0.0,4.564348191467836,2.4849066497880004,0.8979415932059586,4.564348191467836,0.0
PRV53178,0.0,2.079441541679836,0.0,6.594413459749778,0.0,4.656677743134023,1.791759469228055,0.8754687373538999,4.656677743134023,0.0
PRV53179,1.0986122886681098,3.295836866004329,9.546884034617923,8.730851903519232,8.853808274977197,5.476785354026001,3.332204510175204,0.7114963192281418,6.582124065538799,0.0714285714285714
PRV53180,0.0,1.791759469228055,0.0,8.010027528481734,0.0,6.401917196727186,1.6094379124341005,0.8109302162163288,6.401917196727186,0.0
PRV53182,0.0,1.3862943611198906,0.0,4.61512051684126,0.0,3.5361166995615263,1.3862943611198906,0.6931471805599453,3.5361166995615263,0.0
PRV53183,0.0,0.6931471805599453,0.0,4.394449154672439,0.0,4.394449154672439,0.6931471805599453,0.6931471805599453,4.394449154672439,0.0
PRV53186,0.0,2.19722457733622,0.0,8.45765547870004,0.0,6.379698718287784,2.079441541679836,0.7621400520468967,6.379698718287784,0.0
PRV53187,0.0,1.6094379124341005,0.0,5.198497031265826,0.0,3.828641396489095,1.6094379124341005,0.6931471805599453,3.828641396489095,0.0
PRV53188,0.0,2.3978952727983707,0.0,7.107425474110705,0.0,4.812184355372417,2.19722457733622,0.8109302162163288,4.812184355372417,0.0
PRV53189,1.6094379124341005,3.218875824868201,10.645448706505872,9.30846476996938,9.259225769705994,6.132493802045262,3.1780538303479458,0.7963314167951762,7.546936423628586,0.1428571428571428
PRV53191,0.0,2.772588722239781,0.0,8.105005537547246,0.0,5.401174751987744,1.3862943611198906,1.791759469228055,5.401174751987744,0.0
PRV53192,0.0,5.010635294096256,0.0,10.611794244853897,0.0,5.61148564723352,3.951243718581428,1.3664917338237108,5.61148564723352,0.0
PRV53194,0.0,3.49650756146648,0.0,10.013731126634887,0.0,6.549382465907587,2.5649493574615367,1.2992829841302609,6.549382465907587,0.0
PRV53196,0.0,2.833213344056216,0.0,8.407601514786142,0.0,5.638354669333745,2.302585092994046,1.0216512475319812,5.638354669333745,0.0
PRV53197,0.0,1.6094379124341005,0.0,6.2166061010848646,0.0,4.836281906951478,1.6094379124341005,0.6931471805599453,4.836281906951478,0.0
PRV53198,0.0,1.9459101490553128,0.0,5.525452939131784,0.0,3.7534179752515073,1.791759469228055,0.7884573603642702,3.7534179752515073,0.0
PRV53201,0.0,2.6390573296152584,0.0,9.562475024372697,0.0,6.9983691336090885,2.19722457733622,0.965080896043587,6.9983691336090885,0.0
PRV53202,0.0,2.4849066497880004,0.0,6.508769136971682,0.0,4.125667033351141,2.19722457733622,0.8649974374866045,4.125667033351141,0.0
PRV53203,0.0,2.079441541679836,0.0,6.042632833682381,0.0,4.110873864173311,1.791759469228055,0.8754687373538999,4.110873864173311,0.0
PRV53204,0.0,2.079441541679836,0.0,8.013343181386672,0.0,6.069417159966405,1.9459101490553128,0.7731898882334818,6.069417159966405,0.0
PRV53205,0.0,2.70805020110221,0.0,7.155396301896734,0.0,4.526436145445588,2.3978952727983707,0.8754687373538999,4.526436145445588,0.0
PRV53206,0.0,1.3862943611198906,0.0,6.3473892096560105,0.0,5.25227342804663,1.0986122886681098,0.9162907318741552,5.25227342804663,0.0
PRV53207,0.0,2.3978952727983707,0.0,6.2166061010848646,0.0,3.9318256327243257,2.079441541679836,0.8873031950009028,3.9318256327243257,0.0
PRV53208,1.6094379124341005,2.995732273553991,10.915106645867503,8.160803920954665,9.528866827722943,5.221493158155145,2.8903717578961645,0.8556661100577203,7.841680902415879,0.1739130434782608
PRV53210,1.3862943611198906,3.4011973816621555,9.952325334619427,8.707978826622321,8.853808274977197,5.345299657762248,3.4339872044851463,0.7259370033829363,6.740888676743043,0.09375
PRV53211,0.0,1.6094379124341005,0.0,8.149312843635345,0.0,6.763884908562435,1.3862943611198906,0.8472978603872036,6.763884908562435,0.0
PRV53212,0.0,1.0986122886681098,0.0,4.61512051684126,0.0,3.9318256327243257,1.0986122886681098,0.6931471805599453,3.9318256327243257,0.0
PRV53213,0.0,3.1354942159291497,0.0,8.840869624091395,0.0,5.752861197477181,2.995732273553991,0.7691330875378674,5.752861197477181,0.0
PRV53214,0.0,2.9444389791664403,0.0,8.361941906144946,0.0,5.475533319306291,2.70805020110221,0.826678573184468,5.475533319306291,0.0
PRV53215,0.0,2.4849066497880004,0.0,7.353081920515432,0.0,4.9615723654572506,2.4849066497880004,0.6931471805599453,4.9615723654572506,0.0
PRV53216,0.0,4.7535901911063645,0.0,9.948986592607346,0.0,5.209486152841421,3.8501476017100575,1.252762968495368,5.209486152841421,0.0
PRV53217,0.0,1.791759469228055,0.0,7.359467638255621,0.0,5.752572638825633,1.791759469228055,0.6931471805599453,5.752572638825633,0.0
PRV53218,0.0,2.6390573296152584,0.0,7.930565854233965,0.0,5.36992220848364,2.302585092994046,0.8938178760220964,5.36992220848364,0.0
PRV53220,1.791759469228055,0.0,11.60824473564232,0.0,9.99884318585288,0.0,1.791759469228055,0.6931471805599453,9.99884318585288,1.0
PRV53221,0.0,2.833213344056216,0.0,8.781248333236862,0.0,6.0109607549134845,2.302585092994046,1.0216512475319812,6.0109607549134845,0.0
PRV53222,0.0,3.828641396489095,0.0,9.28461261635077,0.0,5.482026848616839,3.218875824868201,1.0560526742493137,5.482026848616839,0.0
PRV53223,0.0,3.1780538303479458,0.0,9.375091807576672,0.0,6.24146168301937,2.9444389791664403,0.8232003088081431,6.24146168301937,0.0
PRV53224,0.0,2.5649493574615367,0.0,7.427144133408616,0.0,4.948759890378168,2.5649493574615367,0.6931471805599453,4.948759890378168,0.0
PRV53225,3.912023005428146,0.0,12.936758837513851,0.0,9.045054111545651,0.0,3.871201010907891,0.7142005897577777,9.045054111545651,1.0
PRV53226,2.995732273553991,0.0,11.918397239722838,0.0,8.974078252557074,0.0,2.995732273553991,0.6931471805599453,8.974078252557074,1.0
PRV53227,0.0,4.31748811353631,0.0,9.831508082743964,0.0,5.531357728417829,4.0943445622221,0.8128116843160343,5.531357728417829,0.0
PRV53228,0.0,0.6931471805599453,0.0,6.398594934535208,0.0,6.398594934535208,0.6931471805599453,0.6931471805599453,6.398594934535208,0.0
PRV53229,0.0,4.941642422609304,0.0,10.303638565820524,0.0,5.373778482399207,4.189654742026425,1.1437327239485793,5.373778482399207,0.0
PRV53230,0.0,4.04305126783455,0.0,9.696524881825722,0.0,5.6745498097023,3.713572066704308,0.8754687373538999,5.6745498097023,0.0
PRV53232,0.0,4.174387269895637,0.0,10.138599199626192,0.0,5.9822030414602505,3.367295829986474,1.1895840668738364,5.9822030414602505,0.0
PRV53233,2.6390573296152584,0.0,11.472113887062386,0.0,8.907289520487094,0.0,2.5649493574615367,0.7339691750802004,8.907289520487094,1.0
PRV53235,0.0,1.0986122886681098,0.0,5.14166355650266,0.0,4.454347296253507,1.0986122886681098,0.6931471805599453,4.454347296253507,0.0
PRV53236,2.302585092994046,0.0,11.472113887062386,0.0,9.274972638719497,0.0,2.19722457733622,0.7537718023763802,9.274972638719497,1.0
PRV53237,0.0,2.19722457733622,0.0,7.115582126184454,0.0,5.041810911564705,2.079441541679836,0.7621400520468967,5.041810911564705,0.0
PRV53238,2.302585092994046,5.231108616854587,11.49273296168228,10.727465607601715,9.295590012834449,5.50576854157669,5.111987788356544,0.7801585575495752,6.6030748487206985,0.0461538461538461
PRV53239,2.995732273553991,4.553876891600541,12.190964083849376,10.479567066502216,9.24661647060351,5.938882628848245,4.48863636973214,0.8259680935808693,7.630087448475387,0.168141592920354
PRV53240,0.6931471805599453,1.791759469228055,8.006700845440367,7.528869256642251,8.006700845440367,5.921578419643816,1.6094379124341005,0.9162907318741552,6.698268054115413,0.1666666666666666
PRV53242,4.663439094112067,5.043425116919247,13.948292544854452,10.442638208053022,9.294423258771952,5.410137493402426,5.3471075307174685,0.8061340439528358,8.4212680735415,0.4054054054054054
PRV53243,2.302585092994046,4.204692619390966,11.51293546492023,9.372544251851036,9.315790883584253,5.188401034354349,4.127134385045092,0.8017810215627408,7.30729173620806,0.12
PRV53244,3.7612001156935615,6.1463292576688975,12.74110588624638,11.730058992216229,9.003556318970194,5.589608797250776,5.093750200806762,1.4196813771526275,6.822012960391424,0.0826771653543307
PRV53245,2.833213344056216,4.875197323201151,12.07824495582233,10.566201298475118,9.305741456739437,5.701985990148919,4.672828834461906,0.8659899933993561,7.29453549106411,0.1095890410958904
PRV53246,1.0986122886681098,4.68213122712422,10.165890277802454,10.32518683708304,9.472781556562168,5.6558284094567215,4.624972813284271,0.7319870138762092,6.252398713961529,0.018348623853211
PRV53247,2.079441541679836,3.4339872044851463,10.985309671896765,8.848078421168667,9.039501210862689,5.4510384535657,3.58351893845611,0.7213180575266417,7.486446652785794,0.1891891891891892
PRV53248,1.791759469228055,3.970291913552122,11.211833885608511,9.608512282590205,9.60245002503719,5.660687599954319,3.688879454113936,0.90078654533819,7.352744697877853,0.087719298245614
PRV53249,1.9459101490553128,2.8903717578961645,10.896757843893464,8.722742874329398,9.105090961257083,5.892131580854994,2.995732273553991,0.7932306391169278,7.86931860847253,0.2608695652173913
PRV53251,1.6094379124341005,5.438079308923196,10.275085591132717,11.103467395592086,8.888894669371593,5.673173193635178,4.770684624465665,1.0957592196857031,6.017234774194542,0.0171673819742489
PRV53252,1.6094379124341005,4.30406509320417,11.112462823634855,9.313889247604742,9.726213236963687,5.029900575866341,3.4657359027997265,1.2481440226390734,6.922797420729909,0.0519480519480519
PRV53253,0.0,4.709530201312334,0.0,10.480129006333248,0.0,5.782705674796078,4.553876891600541,0.7748252115742125,5.782705674796078,0.0
PRV53254,0.0,2.302585092994046,0.0,7.0825485693553,0.0,4.892018577691295,2.302585092994046,0.6931471805599453,4.892018577691295,0.0
PRV53255,0.0,3.295836866004329,0.0,8.95686647085414,0.0,5.701985990148919,3.218875824868201,0.7339691750802004,5.701985990148919,0.0
PRV53256,3.610917912644224,5.736572297479192,12.796636007394284,11.489769421253024,9.21321401687859,5.759575339514161,5.652489180268651,0.7951570185392345,7.1933808905408565,0.1043478260869565
PRV53257,0.0,3.258096538021482,0.0,9.31659049181884,0.0,6.099870420951769,3.091042453358316,0.784118958765672,6.099870420951769,0.0
PRV53258,1.3862943611198906,4.356708826689592,10.203629181337648,9.43276366396591,9.105090961257083,5.095024187761461,4.23410650459726,0.7777045685880084,6.203799899705588,0.0375
PRV53259,0.0,5.236441962829949,0.0,11.01946485942108,0.0,5.791398244127292,4.770684624465665,0.9548537666084655,5.791398244127292,0.0
PRV53260,1.0986122886681098,4.890349128221754,8.853808274977197,10.099095453655815,8.160803920954665,5.221665368562245,4.653960350157523,0.827879774530102,5.45844164009976,0.0149253731343283
PRV53261,0.0,5.272999558563747,0.0,10.634676867382668,0.0,5.371452848313182,4.624972813284271,1.0718548394985603,5.371452848313182,0.0
PRV53262,0.0,4.77912349311153,0.0,10.719980048331395,0.0,5.951877665228199,4.430816798843313,0.8844643002624777,5.951877665228199,0.0
PRV53265,3.332204510175204,4.189654742026425,12.660331092405906,9.533944453604027,9.364576762415895,5.364177129845263,4.23410650459726,0.8556661100577203,8.181756939716413,0.2934782608695652
PRV53266,4.48863636973214,5.135798437050262,13.722409037275709,11.051064593306911,9.245167707103302,5.923828531514136,5.43372200355424,0.7548032619830425,8.240467223473976,0.3424124513618677
PRV53268,2.079441541679836,4.219507705176107,11.141876276228,9.864278839310847,9.196053078653817,5.66301230300539,4.158883083359672,0.7768461994365923,7.084475592475113,0.0945945945945946
PRV53269,4.727387818712341,5.84354441703136,13.771559715366624,11.39234978350592,9.053176824685137,5.555570199898467,5.8805329864007,0.8229953277681715,7.738082888083935,0.2456140350877192
PRV53272,1.6094379124341005,3.044522437723423,10.12667110305036,8.94389780251682,8.740496729931813,5.950642552587727,3.091042453358316,0.7621400520468967,7.216587110156652,0.1666666666666666
PRV53274,0.0,3.4339872044851463,0.0,8.409830673087738,0.0,5.015069891164122,3.258096538021482,0.7884573603642702,5.015069891164122,0.0
PRV53276,0.0,5.676753802268282,0.0,11.35370696540972,0.0,5.683778452510993,4.882801922586371,1.1698079908348602,5.683778452510993,0.0
PRV53277,2.772588722239781,3.4011973816621555,11.703554089007538,8.9947928972836,8.99561958273555,5.630964563031479,3.555348061489413,0.8303483020734304,7.984183926170027,0.3409090909090909
PRV53279,0.6931471805599453,3.58351893845611,8.294299608857235,8.782783017393202,8.294299608857235,5.2326353347083865,3.555348061489413,0.7221347174331976,5.680930759167104,0.0277777777777777
PRV53280,0.0,2.772588722239781,0.0,7.616283561580385,0.0,4.915102867374692,2.4849066497880004,0.8602012652231115,4.915102867374692,0.0
PRV53281,3.091042453358316,3.49650756146648,11.78296023574194,8.897135342293316,8.73859045695585,5.435630661257053,3.784189633918261,0.8031480757742738,7.867344031831136,0.3962264150943396
PRV53282,0.0,3.4657359027997265,0.0,8.653645314551737,0.0,5.224879145247237,3.218875824868201,0.8292793548845253,5.224879145247237,0.0
PRV53283,1.3862943611198906,4.553876891600541,10.915106645867503,10.71931685969625,9.816530719513494,6.178076532227395,4.060443010546419,0.993901334579079,6.941379472610001,0.0309278350515463
PRV53284,1.9459101490553128,4.962844630259907,10.59665973278358,10.45682653965135,8.805025252619144,5.505045224480813,4.382026634673881,1.0555021650143812,6.227070657659208,0.0405405405405405
PRV53288,0.0,3.784189633918261,0.0,9.420682331453184,0.0,5.662879727521537,3.7612001156935615,0.704981638206948,5.662879727521537,0.0
PRV53289,0.6931471805599453,4.663439094112067,8.987321812850125,10.249238041316636,8.987321812850125,5.598950919603144,4.204692619390966,0.9578397347870274,5.837950457067273,0.0094339622641509
PRV53290,0.0,1.9459101490553128,0.0,8.258681496264236,0.0,6.468216190540221,1.791759469228055,0.7884573603642702,6.468216190540221,0.0
PRV53291,0.0,2.3978952727983707,0.0,7.912423121473705,0.0,5.613128106388071,2.19722457733622,0.8109302162163288,5.613128106388071,0.0
PRV53292,1.791759469228055,3.610917912644224,10.043292972227004,9.278092474027002,8.434028950155469,5.697838920755353,3.58351893845611,0.7753852787969175,6.712896927367824,0.1219512195121951
PRV53293,0.0,3.737669618283368,0.0,9.21840774305394,0.0,5.508795685484594,3.367295829986474,0.9019019944220554,5.508795685484594,0.0
PRV53294,0.0,6.368187186350492,0.0,12.104930995707305,0.0,5.741669582414077,5.442417710521793,1.2614210312384828,5.741669582414077,0.0
PRV53295,3.4011973816621555,5.1298987149230735,12.614868865984633,10.403990075979044,9.247666054618556,5.285075314396152,5.117993812416755,0.7824150459083075,7.436252266785905,0.1472081218274111
PRV53296,0.0,5.236441962829949,0.0,11.046770420412676,0.0,5.81862198651352,4.882801922586371,0.8868540595790253,5.81862198651352,0.0
PRV53297,2.772588722239781,2.70805020110221,12.01974909141692,8.660600654710967,9.311783223599903,6.023793434223342,3.295836866004329,0.7492366472109889,8.686784637807108,0.5172413793103449
PRV53298,2.19722457733622,4.02535169073515,10.87806606028079,9.556126244582746,8.798756582859841,5.552607162010481,4.127134385045092,0.7094077014317256,6.9721896280273175,0.1269841269841269
PRV53300,0.0,5.872117789475416,0.0,11.745314148048118,0.0,5.878811339829009,5.545177444479562,0.8705547225514708,5.878811339829009,0.0
PRV53301,0.0,4.219507705176107,0.0,9.68477168454907,0.0,5.484177431550386,3.8501476017100575,0.8987464222232456,5.484177431550386,0.0
PRV53303,0.0,4.718498871295094,0.0,10.484892788250326,0.0,5.778432985152063,4.248495242049359,0.958850346292951,5.778432985152063,0.0
PRV53304,1.0986122886681098,2.4849066497880004,10.985309671896765,6.508769136971682,10.292179440058462,4.125667033351141,2.6390573296152584,0.6931471805599453,8.431853144249223,0.1538461538461538
PRV53305,0.6931471805599453,2.9444389791664403,9.546884034617923,8.914760527397261,9.546884034617923,6.0266708028426015,2.833213344056216,0.7827593392496325,7.029460437610053,0.0526315789473684
PRV53306,0.0,4.3694478524670215,0.0,9.77571099759397,0.0,5.423367380931301,3.4011973816621555,1.305533004475432,5.423367380931301,0.0
PRV53307,0.0,3.555348061489413,0.0,8.91341571815747,0.0,5.391486217911019,3.4657359027997265,0.7404000654104909,5.391486217911019,0.0
PRV53308,2.079441541679836,3.6635616461296463,11.669937760751914,9.103979355984771,9.724078891994722,5.47049997821104,3.1780538303479458,1.0840134892469568,7.937652435367969,0.1555555555555555
PRV53309,1.6094379124341005,4.0943445622221,10.373522431293592,9.4925826756776,8.987321812850125,5.419409422295311,3.58351893845611,1.029619417181158,6.578435182499538,0.0634920634920634
PRV53310,0.0,2.3978952727983707,0.0,7.736743682453495,0.0,5.438079308923196,2.19722457733622,0.8109302162163288,5.438079308923196,0.0
PRV53312,0.6931471805599453,4.174387269895637,8.517393171418904,10.118235963061956,8.517393171418904,5.961890901006268,3.8501476017100575,0.8808888048232392,6.129720339085456,0.0153846153846153
PRV53313,0.0,4.23410650459726,0.0,9.787009914477434,0.0,5.571258977295902,3.1354942159291497,1.4087672169719492,5.571258977295902,0.0
PRV53314,1.6094379124341005,3.9889840465642745,11.251573687764475,9.648014489106362,9.865318286418624,5.681073741930776,3.218875824868201,1.2163953243244932,7.392420634730859,0.0701754385964912
PRV53315,0.0,3.258096538021482,0.0,9.028938392241612,0.0,5.812935788552724,2.9444389791664403,0.8708283577973978,5.812935788552724,0.0
PRV53317,1.791759469228055,2.4849066497880004,10.714439990727769,6.746412128573375,9.105090961257083,4.36019923162936,2.772588722239781,0.7259370033829363,7.960890658584136,0.3125
PRV53318,0.0,3.091042453358316,0.0,9.150696519048669,0.0,6.108294748009094,2.995732273553991,0.7444404749474959,6.108294748009094,0.0
PRV53319,2.6390573296152584,4.624972813284271,11.502885230075814,10.34884622430597,8.93805707616569,5.736923561233981,3.8501476017100575,1.246532418744732,7.04165721698133,0.1140350877192982
PRV53320,1.3862943611198906,4.0943445622221,11.082157933374816,9.701432566051784,9.983576412990764,5.627438192437726,3.58351893845611,1.019362917013969,7.180020736668272,0.0483870967741935
PRV53321,0.0,4.406719247264253,0.0,10.223067921487123,0.0,5.831520368357197,3.688879454113936,1.1239300966523995,5.831520368357197,0.0
PRV53323,0.0,2.9444389791664403,0.0,7.979681302387741,0.0,5.095112598837658,2.4849066497880004,0.9694005571881036,5.095112598837658,0.0
PRV53325,0.0,4.158883083359672,0.0,9.464284672443103,0.0,5.325947974138724,3.332204510175204,1.203972804325936,5.325947974138724,0.0
PRV53326,0.0,4.634728988229636,0.0,10.37195875822042,0.0,5.75014204961369,3.8501476017100575,1.16857087727502,5.75014204961369,0.0
PRV53329,0.6931471805599453,2.3978952727983707,0.0,7.635786861395585,0.0,5.337538079701318,2.4849066497880004,0.6931471805599453,5.242708553595264,0.0909090909090909
PRV53331,0.0,2.079441541679836,0.0,6.698268054115413,0.0,4.75972894580469,2.079441541679836,0.6931471805599453,4.75972894580469,0.0
PRV53334,0.0,3.4011973816621555,0.0,9.14216859187285,0.0,5.777865815964715,2.70805020110221,1.122142786078304,5.777865815964715,0.0
PRV53335,0.0,5.945420608606575,0.0,11.64422562023498,0.0,5.704753132024803,5.58724865840025,0.8888499857192015,5.704753132024803,0.0
PRV53336,1.3862943611198906,0.0,10.434145214930489,0.0,9.335591746331804,0.0,1.3862943611198906,0.6931471805599453,9.335591746331804,1.0
PRV53337,0.0,1.791759469228055,0.0,7.390798521735676,0.0,5.783825182329737,1.3862943611198906,0.9808292530117262,5.783825182329737,0.0
PRV53339,0.0,2.3978952727983707,0.0,7.266128779556451,0.0,4.969813299576001,2.19722457733622,0.8109302162163288,4.969813299576001,0.0
PRV53340,0.0,3.1780538303479458,0.0,7.682943169878292,0.0,4.557531532488738,2.833213344056216,0.8909729238898652,4.557531532488738,0.0
PRV53341,0.0,2.302585092994046,0.0,8.316544717929398,0.0,6.121273743168119,2.302585092994046,0.6931471805599453,6.121273743168119,0.0
PRV53342,0.0,4.30406509320417,0.0,10.158556036634712,0.0,5.870882220377342,4.0943445622221,0.8052644786806514,5.870882220377342,0.0
PRV53343,0.0,1.9459101490553128,0.0,5.739792912179234,0.0,3.963982744358857,1.9459101490553128,0.6931471805599453,3.963982744358857,0.0
PRV53344,0.0,1.3862943611198906,0.0,6.447305862541213,0.0,5.351858133476067,1.3862943611198906,0.6931471805599453,5.351858133476067,0.0
PRV53346,0.0,1.6094379124341005,0.0,6.647688373563329,0.0,5.2652775124698366,1.6094379124341005,0.6931471805599453,5.2652775124698366,0.0
PRV53347,0.0,1.9459101490553128,0.0,5.638354669333745,0.0,3.864232341591797,1.9459101490553128,0.6931471805599453,3.864232341591797,0.0
PRV53349,0.0,3.218875824868201,0.0,7.687538766201629,0.0,4.5199753399248594,2.833213344056216,0.9162907318741552,4.5199753399248594,0.0
PRV53350,0.0,1.6094379124341005,0.0,7.791935956938058,0.0,6.406879986069314,1.3862943611198906,0.8472978603872036,6.406879986069314,0.0
PRV53351,0.0,2.9444389791664403,0.0,8.446985296372741,0.0,5.56025418924796,2.6390573296152584,0.8690378470236095,5.56025418924796,0.0
PRV53352,0.0,5.666426688112432,0.0,11.43281025466844,0.0,5.772954342468034,5.236441962829949,0.9322061871800544,5.772954342468034,0.0
PRV53353,0.0,3.4339872044851463,0.0,9.138951775888527,0.0,5.740864149560733,3.258096538021482,0.7884573603642702,5.740864149560733,0.0
PRV53354,0.0,2.9444389791664403,0.0,8.54110501146255,0.0,5.654047419773664,2.9444389791664403,0.6931471805599453,5.654047419773664,0.0
PRV53355,0.0,1.3862943611198906,0.0,6.236369590203704,0.0,5.14166355650266,1.3862943611198906,0.6931471805599453,5.14166355650266,0.0
PRV53356,0.0,3.6635616461296463,0.0,8.281723990411392,0.0,4.653458971355343,3.610917912644224,0.7205461547480597,4.653458971355343,0.0
PRV53357,0.0,1.0986122886681098,0.0,7.507141079727608,0.0,6.814542897259958,1.0986122886681098,0.6931471805599453,6.814542897259958,0.0
PRV53358,0.0,1.3862943611198906,0.0,7.951911381854188,0.0,6.85400282298289,1.3862943611198906,0.6931471805599453,6.85400282298289,0.0
PRV53359,0.0,5.365976015021851,0.0,10.953452166882643,0.0,5.595862609451644,5.049856007249537,0.8646578212496844,5.595862609451644,0.0
PRV53360,0.0,3.044522437723423,0.0,7.886457270977689,0.0,4.897839799950911,2.5649493574615367,0.9808292530117262,4.897839799950911,0.0
PRV53361,0.0,2.302585092994046,0.0,8.420902531097951,0.0,6.225438130233785,2.079441541679836,0.826678573184468,6.225438130233785,0.0
PRV53362,0.0,3.58351893845611,0.0,9.489561753510095,0.0,5.936782057233712,3.218875824868201,0.8994836135577738,5.936782057233712,0.0
PRV53363,0.0,3.737669618283368,0.0,9.737491998340946,0.0,6.026278284241993,3.6635616461296463,0.7318616927406358,6.026278284241993,0.0
PRV53364,0.0,3.295836866004329,0.0,9.079206103951382,0.0,5.8239558136531695,3.218875824868201,0.7339691750802004,5.8239558136531695,0.0
PRV53365,0.0,1.9459101490553128,0.0,6.594413459749778,0.0,4.809470649500821,1.9459101490553128,0.6931471805599453,4.809470649500821,0.0
PRV53369,0.0,0.6931471805599453,0.0,4.51085950651685,0.0,4.51085950651685,0.6931471805599453,0.6931471805599453,4.51085950651685,0.0
PRV53370,0.0,2.302585092994046,0.0,6.976348070447749,0.0,4.786565387921915,2.079441541679836,0.826678573184468,4.786565387921915,0.0
PRV53371,0.0,3.784189633918261,0.0,9.299358068293836,0.0,5.541992873297237,3.4011973816621555,0.9093702890295812,5.541992873297237,0.0
PRV53373,0.0,1.3862943611198906,0.0,7.701200180857446,0.0,6.60349205138294,1.3862943611198906,0.6931471805599453,6.60349205138294,0.0
PRV53374,0.0,5.961005339623274,0.0,11.563247788117735,0.0,5.6084869372942014,4.890349128221754,1.3691019605795178,5.6084869372942014,0.0
PRV53375,0.0,2.772588722239781,0.0,8.431853144249223,0.0,5.726847747587197,2.70805020110221,0.7282385003712154,5.726847747587197,0.0
PRV53376,0.0,4.31748811353631,0.0,10.248530101745104,0.0,5.947046567750273,3.4657359027997265,1.2199731456723772,5.947046567750273,0.0
PRV53377,2.079441541679836,0.0,10.950824090522444,0.0,9.005019197238754,0.0,2.079441541679836,0.6931471805599453,9.005019197238754,1.0
PRV53378,2.3978952727983707,0.0,11.211833885608511,0.0,8.909370405197466,0.0,2.3978952727983707,0.6931471805599453,8.909370405197466,1.0
PRV53379,2.4849066497880004,0.0,11.938199736300923,0.0,9.540369820416686,0.0,2.3978952727983707,0.7419373447293773,9.540369820416686,1.0
PRV53380,1.6094379124341005,0.0,9.99884318585288,0.0,8.612685172875459,0.0,1.6094379124341005,0.6931471805599453,8.612685172875459,1.0
PRV53381,2.4849066497880004,3.1354942159291497,11.80560254159177,8.323851131338817,9.407781892317754,5.237891588597214,3.4011973816621555,0.7598385550586176,8.339609484175906,0.3333333333333333
PRV53382,0.0,3.828641396489095,0.0,9.815803221891244,0.0,6.011539468483448,3.6635616461296463,0.7812544480702122,6.011539468483448,0.0
PRV53383,1.6094379124341005,2.9444389791664403,10.66897865021924,9.09279480812114,9.282754052485227,6.204333270481094,3.044522437723423,0.7419373447293773,7.766262802942689,0.1818181818181818
PRV53384,3.6635616461296463,3.218875824868201,12.709876675502672,8.323851131338817,9.07240229166876,5.151362953591374,3.951243718581428,0.7955621859880148,8.595294561819106,0.6129032258064516
PRV53385,4.672828834461906,6.837332814685591,13.869336592256571,12.635485373343256,9.2059969908738,5.802248169232155,6.037870919922137,1.2472797470808366,7.181556744473408,0.1022179363548698
PRV53386,0.0,3.9889840465642745,0.0,9.478151314785553,0.0,5.511829781344165,3.951243718581428,0.7125652664170471,5.511829781344165,0.0
PRV53387,1.3862943611198906,3.8501476017100575,10.05195066017375,9.481969279105716,8.953424570971258,5.656751631538727,3.713572066704308,0.7997569156182036,6.609651744304067,0.0612244897959183
PRV53388,2.4849066497880004,4.718498871295094,11.48247656671073,10.17888193964875,9.084684380319477,5.473519042442803,4.189654742026425,1.0567213469589496,6.919667650662229,0.0901639344262295
PRV53389,0.6931471805599453,2.5649493574615367,9.61587214452889,8.31164394850298,9.61587214452889,5.8294356935817895,2.6390573296152584,0.6931471805599453,7.2916038078853775,0.0769230769230769
PRV53390,0.0,2.772588722239781,0.0,8.371242135931933,0.0,5.666426688112432,2.70805020110221,0.7282385003712154,5.666426688112432,0.0
PRV53391,0.0,4.248495242049359,0.0,9.343209045050608,0.0,5.115038830256106,4.143134726391533,0.74806293815606,5.115038830256106,0.0
PRV53392,0.0,4.605170185988092,0.0,10.427949773825029,0.0,5.835725906801889,4.394449154672439,0.8053591711668734,5.835725906801889,0.0
PRV53393,1.0986122886681098,1.3862943611198906,9.105090961257083,5.14166355650266,8.412054873292933,4.054679305829669,1.791759469228055,0.6931471805599453,7.51479976048867,0.4
PRV53394,3.871201010907891,7.063903961472068,13.001327306361068,12.743796253144708,9.151283536497685,5.68415038076358,5.910796644040527,1.4589941217120814,6.473020277511523,0.0386831275720164
PRV53396,3.828641396489095,4.007333185232471,12.992256969959042,9.517898598432753,9.1856947027284,5.532803751413951,4.430816798843313,0.7851660792801974,8.427862874318608,0.4545454545454545
PRV53397,1.3862943611198906,2.4849066497880004,11.661354090741,8.74369111054302,10.56275904315494,6.3473892096560105,2.70805020110221,0.6931471805599453,9.075044157663456,0.2142857142857142
PRV53398,0.6931471805599453,1.6094379124341005,9.741027444837728,6.018593214496234,9.741027444837728,4.639571612705423,1.791759469228055,0.6931471805599453,8.155649270366002,0.2
PRV53399,2.079441541679836,3.295836866004329,11.112462823634855,8.870803443982124,9.166642221472324,5.616211500561874,3.4339872044851463,0.7419373447293773,7.71737824381118,0.2121212121212121
PRV53401,4.875197323201151,5.159055299214529,13.911730323969618,10.645686767736343,9.04431303275674,5.496480980761146,5.62040086571715,0.7428027710058062,8.235707940549943,0.429042904290429
PRV53402,0.0,2.8903717578961645,0.0,8.886132618174951,0.0,6.055129525053066,2.3978952727983707,0.9932517730102832,6.055129525053066,0.0
PRV53403,0.0,4.290459441148391,0.0,9.632400353656184,0.0,5.360378864060711,4.219507705176107,0.7297813137397257,5.360378864060711,0.0
PRV53405,3.091042453358316,5.1298987149230735,12.165255859329688,10.758136895861702,9.120837582305487,5.637718981816312,5.10594547390058,0.7666016291090983,7.143304105388226,0.1111111111111111
PRV53407,1.3862943611198906,4.875197323201151,9.680406499268877,10.544314595896374,8.58191919497788,5.680172609017068,3.713572066704308,1.4644121403838426,6.008110938222725,0.0225563909774436
PRV53408,2.3978952727983707,3.6375861597263857,11.211833885608511,9.601097851212073,8.909370405197466,5.99261253656451,3.828641396489095,0.7151260872787206,7.544298335109191,0.2127659574468085
PRV53409,1.3862943611198906,3.4657359027997265,10.085850775128716,8.326274787396764,8.987321812850125,4.899523504497795,3.1354942159291497,0.9343092373768334,6.719439321022863,0.088235294117647
PRV53411,0.0,1.9459101490553128,0.0,7.852050207265889,0.0,6.062233617996189,1.9459101490553128,0.6931471805599453,6.062233617996189,0.0
PRV53412,0.0,3.332204510175204,0.0,9.17378011666438,0.0,5.880636436460276,3.295836866004329,0.7121953755306397,5.880636436460276,0.0
PRV53413,1.0986122886681098,3.367295829986474,10.275085591132717,8.525359754082631,9.581972891547895,5.198497031265826,3.332204510175204,0.7472144018302211,7.034975128992857,0.0666666666666666
PRV53415,0.0,3.555348061489413,0.0,9.396902923027392,0.0,5.873277017890401,3.332204510175204,0.8150369981689822,5.873277017890401,0.0
PRV53416,0.6931471805599453,4.465908118654584,9.546884034617923,10.514366634409091,9.546884034617923,6.062323892702181,4.0943445622221,0.906069177802617,6.372240395110577,0.0114942528735632
PRV53417,2.079441541679836,5.10594547390058,11.23850177707664,10.573647540450066,9.292670571234884,5.4779422010218255,4.276666119016055,1.226257849115371,6.513290844487147,0.0409356725146198
PRV53419,1.791759469228055,2.70805020110221,10.66897865021924,8.134760782418645,9.05963375455148,5.499507407646374,2.9444389791664403,0.7205461547480597,7.801240563816748,0.2631578947368421
PRV53421,4.564348191467836,3.555348061489413,13.799382192294036,9.674765972907856,9.245600824489156,6.150477337276469,4.709530201312334,0.7759831861390943,8.955737152842122,0.7364341085271318
PRV53423,1.791759469228055,3.8918202981106265,10.434145214930489,9.563880407219427,8.824824939175638,5.69597429220839,3.784189633918261,0.8031480757742738,6.8147499880493,0.0943396226415094
PRV53424,3.6375861597263857,5.424950017481403,12.83468397161566,11.256625773747116,9.223862054107755,5.838993871212712,4.836281906951478,1.1326916023209723,7.450727074341106,0.1406844106463878
PRV53426,0.0,2.3978952727983707,0.0,7.300472814267799,0.0,5.003946305945459,1.9459101490553128,0.9808292530117262,5.003946305945459,0.0
PRV53427,0.0,3.218875824868201,0.0,9.091669442258503,0.0,5.916202062607435,2.8903717578961645,0.8803587226480918,5.916202062607435,0.0
PRV53428,0.0,3.1354942159291497,0.0,8.503297086224126,0.0,5.416504361006116,3.1354942159291497,0.6931471805599453,5.416504361006116,0.0
PRV53429,0.6931471805599453,3.367295829986474,9.680406499268877,8.808518618782816,9.680406499268877,5.480341259997034,3.332204510175204,0.7295148247308202,6.663661027795459,0.0344827586206896
PRV53431,0.6931471805599453,3.737669618283368,9.952325334619427,9.113939597689829,9.952325334619427,5.404762659475851,3.4657359027997265,0.8564722366632449,6.575341462488425,0.0238095238095238
PRV53432,2.6390573296152584,4.700480365792417,12.04355959836804,9.979568576941464,9.47868082623537,5.293212616333464,4.709530201312334,0.7462570058738938,7.359676317214236,0.1065573770491803
PRV53433,0.0,2.995732273553991,0.0,7.979681302387741,0.0,5.041385687252477,2.772588722239781,0.8183103235139513,5.041385687252477,0.0
PRV53435,0.0,1.9459101490553128,0.0,8.610865667278873,0.0,6.82001636467413,1.9459101490553128,0.6931471805599453,6.82001636467413,0.0
PRV53436,1.3862943611198906,2.772588722239781,9.546884034617923,7.791935956938058,8.448414582687667,5.0896518344144805,2.9444389791664403,0.6931471805599453,6.816979248812281,0.1666666666666666
PRV53437,0.6931471805599453,2.19722457733622,8.699681400989514,7.462214939768189,8.699681400989514,5.3867860145356445,2.302585092994046,0.6931471805599453,6.7580945044277305,0.1111111111111111
PRV53438,2.19722457733622,3.9889840465642745,10.968215530759236,9.193295937366925,8.888894669371593,5.228279474824062,3.951243718581428,0.7866732385707688,7.014784892723725,0.1311475409836065
PRV53439,0.0,3.218875824868201,0.0,8.643120748014027,0.0,5.469114437490037,3.1780538303479458,0.7146533857809089,5.469114437490037,0.0
PRV53440,0.6931471805599453,5.099866427824199,8.294299608857235,10.925776596632632,8.294299608857235,5.834936298727,4.59511985013459,0.9833770250905248,5.898124985335496,0.0060975609756097
PRV53441,2.70805020110221,3.218875824868201,12.122696471358964,8.191740021277457,9.48370979103792,5.02003541860817,3.610917912644224,0.7205461547480597,8.504736986639829,0.3684210526315789
PRV53442,2.19722457733622,3.6635616461296463,11.31448672129398,9.280892027927129,9.235130540783402,5.646747892158124,3.713572066704308,0.7654678421395714,7.609301868147444,0.1739130434782608
PRV53443,0.0,5.375278407684165,0.0,11.305790588301072,0.0,5.937781618912728,4.61512051684126,1.1474024528375415,5.937781618912728,0.0
PRV53444,2.3978952727983707,2.8903717578961645,11.48247656671073,8.366602832783736,9.179984251961285,5.537102651499262,3.295836866004329,0.7121953755306397,8.230271323762715,0.3703703703703703
PRV53445,0.0,2.079441541679836,0.0,8.50532301884575,0.0,6.560626462172396,2.079441541679836,0.6931471805599453,6.560626462172396,0.0
PRV53446,0.0,3.8501476017100575,0.0,9.463508636396089,0.0,5.638354669333745,3.80666248977032,0.7156200364120039,5.638354669333745,0.0
PRV53447,0.0,3.688879454113936,0.0,8.727616178321068,0.0,5.070193485235246,3.58351893845611,0.7487170317147561,5.070193485235246,0.0
PRV53448,2.3978952727983707,4.007333185232471,11.241129864948206,9.69467827290507,8.938662873666118,5.708954263058595,4.143134726391533,0.7091475219063864,7.276015973172163,0.15625
PRV53449,0.6931471805599453,2.19722457733622,9.105090961257083,6.888572459565364,9.105090961257083,4.816241156068032,2.302585092994046,0.6931471805599453,7.01201518919593,0.1111111111111111
PRV53450,0.0,3.9318256327243257,0.0,9.608512282590205,0.0,5.699774453258662,3.8918202981106265,0.713766467762681,5.699774453258662,0.0
PRV53451,1.791759469228055,0.0,10.12667110305036,0.0,8.517393171418904,0.0,1.791759469228055,0.6931471805599453,8.517393171418904,1.0
PRV53452,0.0,4.143134726391533,0.0,10.521399202410167,0.0,6.395907627747609,3.80666248977032,0.879249460193806,6.395907627747609,0.0
PRV53453,1.6094379124341005,2.4849066497880004,10.545367754151744,8.513385953073284,9.15915233520675,6.117496296671239,2.772588722239781,0.6931471805599453,7.960788907742787,0.2666666666666666
PRV53454,0.0,3.258096538021482,0.0,8.627123250788433,0.0,5.41253851063806,3.091042453358316,0.784118958765672,5.41253851063806,0.0
PRV53455,0.0,3.688879454113936,0.0,9.0642735958414,0.0,5.405099947514598,3.610917912644224,0.7339691750802004,5.405099947514598,0.0
PRV53456,1.791759469228055,3.218875824868201,11.034905792929417,8.945202263959297,9.425532393502772,5.770142252964295,3.332204510175204,0.7295148247308202,7.784645419456924,0.1724137931034483
PRV53457,0.0,1.791759469228055,0.0,9.151757414543884,0.0,7.54274354536855,1.791759469228055,0.6931471805599453,7.54274354536855,0.0
PRV53460,0.0,1.3862943611198906,0.0,6.710523109452428,0.0,5.61434391200896,1.3862943611198906,0.6931471805599453,5.61434391200896,0.0
PRV53461,2.70805020110221,3.1354942159291497,12.660331092405906,11.608971737428234,10.021315031649332,8.518120034491737,3.49650756146648,0.7537718023763802,9.376598413385247,0.3888888888888889
PRV53462,0.0,2.4849066497880004,0.0,8.400884069015854,0.0,6.005232962329894,2.4849066497880004,0.6931471805599453,6.005232962329894,0.0
PRV53463,1.3862943611198906,4.30406509320417,9.472781556562168,10.127870335685287,8.37432309038321,5.84028319874166,3.784189633918261,1.017923377417967,6.217393688744699,0.0394736842105263
PRV53465,1.3862943611198906,3.044522437723423,10.239995502805316,8.81744592104187,9.141454637606987,5.82452409235233,3.091042453358316,0.7396671961948381,7.321102286627705,0.1304347826086956
PRV53467,0.0,2.3978952727983707,0.0,6.746412128573375,0.0,4.454347296253507,2.302585092994046,0.7472144018302211,4.454347296253507,0.0
PRV53469,0.0,2.70805020110221,0.0,8.917444732471514,0.0,6.280128280430171,2.6390573296152584,0.7308875085427923,6.280128280430171,0.0
PRV53470,0.0,4.174387269895637,0.0,9.994287576862568,0.0,5.838276945039091,4.060443010546419,0.752739277762191,5.838276945039091,0.0
PRV53471,0.6931471805599453,3.4339872044851463,9.852246888342531,8.812992231969966,9.852246888342531,5.41610040220442,3.295836866004329,0.7849547298130681,6.722241535804135,0.032258064516129
PRV53472,0.0,1.3862943611198906,0.0,8.14351740579748,0.0,7.045486174670415,1.3862943611198906,0.6931471805599453,7.045486174670415,0.0
PRV53473,0.0,2.4849066497880004,0.0,8.87360810154911,0.0,6.477112213250026,2.079441541679836,0.9444616088408514,6.477112213250026,0.0
PRV53474,0.0,1.9459101490553128,0.0,6.154858094016418,0.0,4.373658385003365,1.9459101490553128,0.6931471805599453,4.373658385003365,0.0
PRV53475,0.0,2.3978952727983707,0.0,8.340694647925071,0.0,6.040254711277414,2.3978952727983707,0.6931471805599453,6.040254711277414,0.0
PRV53476,0.0,2.3978952727983707,0.0,8.105005537547246,0.0,5.805134968916488,2.3978952727983707,0.6931471805599453,5.805134968916488,0.0
PRV53477,0.0,3.9318256327243257,0.0,9.55895290182487,0.0,5.6503816979290855,3.828641396489095,0.7472144018302211,5.6503816979290855,0.0
PRV53478,0.0,5.010635294096256,0.0,10.833306365889976,0.0,5.832276030880757,4.543294782270004,0.9563382330034303,5.832276030880757,0.0
PRV53479,0.0,1.791759469228055,0.0,5.968707559985366,0.0,4.3694478524670215,1.791759469228055,0.6931471805599453,4.3694478524670215,0.0
PRV53480,0.0,2.3978952727983707,0.0,7.327123292259293,0.0,5.030437921392435,2.302585092994046,0.7472144018302211,5.030437921392435,0.0
PRV53482,0.0,3.218875824868201,0.0,9.222367752188902,0.0,6.046583846329062,3.091042453358316,0.7621400520468967,6.046583846329062,0.0
PRV53483,1.0986122886681098,2.833213344056216,9.210440366976515,9.21840774305394,8.517393171418904,6.447305862541213,2.772588722239781,0.7884573603642702,7.01800382871274,0.1111111111111111
PRV53484,0.0,4.158883083359672,0.0,9.724420693462667,0.0,5.584987021916646,3.7612001156935615,0.9162907318741552,5.584987021916646,0.0
PRV53485,0.0,1.791759469228055,0.0,5.802118375377063,0.0,4.204692619390966,1.791759469228055,0.6931471805599453,4.204692619390966,0.0
PRV53486,0.0,3.367295829986474,0.0,8.637816633739977,0.0,5.310387090635367,2.6390573296152584,1.148622709242771,5.310387090635367,0.0
PRV53487,0.0,3.713572066704308,0.0,9.65059330557001,0.0,5.964221810714108,2.8903717578961645,1.209837923778334,5.964221810714108,0.0
PRV53489,1.791759469228055,2.772588722239781,11.170449240431308,8.261268150577648,9.561067663645012,5.556828061699537,2.772588722239781,0.8472978603872036,8.228043375689422,0.25
PRV53490,0.0,4.983606621708336,0.0,10.561551448966805,0.0,5.588539314232485,4.204692619390966,1.1622033914496408,5.588539314232485,0.0
PRV53491,0.0,2.833213344056216,0.0,7.473637108496206,0.0,4.709530201312334,2.70805020110221,0.7621400520468967,4.709530201312334,0.0
PRV53492,0.0,1.3862943611198906,0.0,6.3818160174060985,0.0,5.286582110329616,1.3862943611198906,0.6931471805599453,5.286582110329616,0.0
PRV53494,0.0,2.079441541679836,0.0,6.154858094016418,0.0,4.221606341833028,2.079441541679836,0.6931471805599453,4.221606341833028,0.0
PRV53495,0.0,3.555348061489413,0.0,9.615205300012317,0.0,6.091043676831883,3.044522437723423,0.9932517730102832,6.091043676831883,0.0
PRV53496,0.0,4.07753744390572,0.0,9.592946185938263,0.0,5.536383502940125,3.4011973816621555,1.0986122886681098,5.536383502940125,0.0
PRV53498,0.0,1.0986122886681098,0.0,6.7580945044277305,0.0,6.066108090103747,1.0986122886681098,0.6931471805599453,6.066108090103747,0.0
PRV53499,0.0,3.8501476017100575,0.0,9.423110302862831,0.0,5.598099845933905,2.9444389791664403,1.2685113254635072,5.598099845933905,0.0
PRV53501,0.0,0.6931471805599453,0.0,5.707110264748875,0.0,5.707110264748875,0.6931471805599453,0.6931471805599453,5.707110264748875,0.0
PRV53502,0.0,3.871201010907891,0.0,8.987321812850125,0.0,5.142907028436074,3.332204510175204,1.0082282271998406,5.142907028436074,0.0
PRV53503,0.0,2.6390573296152584,0.0,8.59062950948942,0.0,6.02790773787569,2.302585092994046,0.8938178760220964,6.02790773787569,0.0
PRV53504,0.0,1.6094379124341005,0.0,6.594413459749778,0.0,5.212214667494625,1.6094379124341005,0.6931471805599453,5.212214667494625,0.0
PRV53506,0.0,0.6931471805599453,0.0,6.2166061010848646,0.0,6.2166061010848646,0.6931471805599453,0.6931471805599453,6.2166061010848646,0.0
PRV53507,2.302585092994046,0.0,11.034905792929417,0.0,8.837810237446451,0.0,2.19722457733622,0.7537718023763802,8.837810237446451,1.0
PRV53509,0.6931471805599453,0.0,9.61587214452889,0.0,9.61587214452889,0.0,0.6931471805599453,0.6931471805599453,9.61587214452889,1.0
PRV53510,1.0986122886681098,2.70805020110221,9.305741456739437,7.965892735084528,8.612685172875459,5.33133757757617,2.5649493574615367,0.8472978603872036,6.766767585681159,0.125
PRV53511,0.6931471805599453,0.0,0.0,0.0,0.0,0.0,0.6931471805599453,0.6931471805599453,0.0,1.0
PRV53513,1.0986122886681098,0.0,9.798182590890704,0.0,9.105090961257083,0.0,1.0986122886681098,0.6931471805599453,9.105090961257083,1.0
PRV53515,0.6931471805599453,0.0,9.546884034617923,0.0,9.546884034617923,0.0,0.6931471805599453,0.6931471805599453,9.546884034617923,1.0
PRV53516,0.6931471805599453,0.0,8.006700845440367,0.0,8.006700845440367,0.0,0.6931471805599453,0.6931471805599453,8.006700845440367,1.0
PRV53517,1.0986122886681098,0.0,9.741027444837728,0.0,9.04793908261736,0.0,1.0986122886681098,0.6931471805599453,9.04793908261736,1.0
PRV53519,2.302585092994046,0.0,11.0186455364637,0.0,8.821552095919735,0.0,2.302585092994046,0.6931471805599453,8.821552095919735,1.0
PRV53520,0.0,1.6094379124341005,0.0,6.53813982376767,0.0,5.156177599386914,1.6094379124341005,0.6931471805599453,5.156177599386914,0.0
PRV53521,0.0,2.302585092994046,0.0,5.942799375126701,0.0,3.7663547662822263,2.19722457733622,0.7537718023763802,3.7663547662822263,0.0
PRV53522,0.0,3.295836866004329,0.0,8.213652703029998,0.0,4.962306561912247,3.258096538021482,0.712949807856125,4.962306561912247,0.0
PRV53523,0.0,4.499809670330265,0.0,10.17545936253226,0.0,5.690169639772307,4.262679877041316,0.8204089601708725,5.690169639772307,0.0
PRV53524,0.0,3.970291913552122,0.0,9.2213792190914,0.0,5.27516683357225,3.80666248977032,0.7801585575495752,5.27516683357225,0.0
PRV53525,0.0,1.0986122886681098,0.0,6.55250788703459,0.0,5.860786223465865,1.0986122886681098,0.6931471805599453,5.860786223465865,0.0
PRV53526,0.0,4.110873864173311,0.0,9.822331725575118,0.0,5.731181448844316,3.367295829986474,1.1451323043030026,5.731181448844316,0.0
PRV53527,0.0,3.6375861597263857,0.0,9.15915233520675,0.0,5.552016336934688,3.4657359027997265,0.7855205006909605,5.552016336934688,0.0
PRV53530,0.0,3.332204510175204,0.0,8.845201135339584,0.0,5.553103129025789,3.295836866004329,0.7121953755306397,5.553103129025789,0.0
PRV53531,0.0,2.4849066497880004,0.0,6.846943139585379,0.0,4.45961878974702,2.302585092994046,0.7985076962177716,4.45961878974702,0.0
PRV53532,0.0,2.302585092994046,0.0,7.710205194432532,0.0,5.516560039262536,2.19722457733622,0.7537718023763802,5.516560039262536,0.0
PRV53533,0.0,3.951243718581428,0.0,9.992001966066868,0.0,6.062461944138241,3.49650756146648,0.9531047049968714,6.062461944138241,0.0
PRV53534,0.0,4.343805421853684,0.0,10.093735942146068,0.0,5.766098132325487,3.737669618283368,1.0486018680934484,5.766098132325487,0.0
PRV53535,0.0,2.995732273553991,0.0,9.101752431559284,0.0,6.159317907406959,2.9444389791664403,0.7205461547480597,6.159317907406959,0.0
PRV53536,0.0,3.4657359027997265,0.0,8.64135583403666,0.0,5.212654054117978,3.258096538021482,0.8064758658669484,5.212654054117978,0.0
PRV53539,0.0,1.0986122886681098,0.0,5.303304908059076,0.0,4.61512051684126,1.0986122886681098,0.6931471805599453,4.61512051684126,0.0
PRV53540,0.0,2.6390573296152584,0.0,8.026496938945412,0.0,5.465460204668948,2.5649493574615367,0.7339691750802004,5.465460204668948,0.0
PRV53544,0.0,2.8903717578961645,0.0,8.488999457045455,0.0,5.659072211653837,2.70805020110221,0.7949298748698875,5.659072211653837,0.0
PRV53545,0.0,0.6931471805599453,0.0,4.110873864173311,0.0,4.110873864173311,0.6931471805599453,0.6931471805599453,4.110873864173311,0.0
PRV53547,0.0,3.091042453358316,0.0,8.832149906002899,0.0,5.790542497307653,2.9444389791664403,0.7731898882334818,5.790542497307653,0.0
PRV53548,0.0,1.6094379124341005,0.0,5.525452939131784,0.0,4.151039905898646,1.6094379124341005,0.6931471805599453,4.151039905898646,0.0
PRV53549,0.0,1.9459101490553128,0.0,6.111467339502679,0.0,4.330733340286331,1.9459101490553128,0.6931471805599453,4.330733340286331,0.0
PRV53550,0.0,2.3978952727983707,0.0,8.049107721326406,0.0,5.749392985908253,2.3978952727983707,0.6931471805599453,5.749392985908253,0.0
PRV53551,0.0,3.4011973816621555,0.0,9.325542301664866,0.0,5.960738684806352,2.995732273553991,0.9267620317414506,5.960738684806352,0.0
PRV53553,0.0,3.4339872044851463,0.0,8.862341963516347,0.0,5.4652432378640174,3.044522437723423,0.9162907318741552,5.4652432378640174,0.0
PRV53554,0.0,1.0986122886681098,0.0,4.262679877041316,0.0,3.58351893845611,1.0986122886681098,0.6931471805599453,3.58351893845611,0.0
PRV53555,0.0,2.4849066497880004,0.0,8.089789175789319,0.0,5.694955754740014,1.791759469228055,1.1631508098056809,5.694955754740014,0.0
PRV53556,0.0,3.4657359027997265,0.0,9.35452729228868,0.0,5.923133898699232,3.295836866004329,0.7849547298130681,5.923133898699232,0.0
PRV53558,0.0,3.1354942159291497,0.0,8.898502209646642,0.0,5.810324110698464,2.3978952727983707,1.1631508098056809,5.810324110698464,0.0
PRV53559,0.0,1.0986122886681098,0.0,4.110873864173311,0.0,3.4339872044851463,1.0986122886681098,0.6931471805599453,3.4339872044851463,0.0
PRV53560,0.0,3.1780538303479458,0.0,8.848078421168667,0.0,5.715739686916885,3.091042453358316,0.7396671961948381,5.715739686916885,0.0
PRV53561,0.0,2.302585092994046,0.0,8.646641258603124,0.0,6.45082142249878,2.19722457733622,0.7537718023763802,6.45082142249878,0.0
PRV53562,0.0,2.3978952727983707,0.0,8.681181041521688,0.0,6.380122536899765,2.3978952727983707,0.6931471805599453,6.380122536899765,0.0
PRV53563,0.0,1.0986122886681098,0.0,4.110873864173311,0.0,3.4339872044851463,1.0986122886681098,0.6931471805599453,3.4339872044851463,0.0
PRV53564,0.0,1.791759469228055,0.0,5.3981627015177525,0.0,3.80666248977032,1.6094379124341005,0.8109302162163288,3.80666248977032,0.0
PRV53565,0.0,1.791759469228055,0.0,7.555381944240273,0.0,5.948034989180646,1.791759469228055,0.6931471805599453,5.948034989180646,0.0
PRV53566,0.0,1.6094379124341005,0.0,6.3818160174060985,0.0,5.000584958242754,1.6094379124341005,0.6931471805599453,5.000584958242754,0.0
PRV53568,0.0,1.6094379124341005,0.0,7.115582126184454,0.0,5.731721843345443,1.0986122886681098,1.0986122886681098,5.731721843345443,0.0
PRV53569,0.0,2.70805020110221,0.0,8.240385115516334,0.0,5.604751094050022,2.4849066497880004,0.8209805520698302,5.604751094050022,0.0
PRV53570,0.0,2.9444389791664403,0.0,9.000976444070345,0.0,6.112698411922098,2.9444389791664403,0.6931471805599453,6.112698411922098,0.0
PRV53571,0.0,3.295836866004329,0.0,7.941295570906532,0.0,4.692053349630536,3.258096538021482,0.712949807856125,4.692053349630536,0.0
PRV53572,0.0,1.791759469228055,0.0,7.384610383176974,0.0,5.777652323222656,1.791759469228055,0.6931471805599453,5.777652323222656,0.0
PRV53573,0.0,3.49650756146648,0.0,9.290167671835738,0.0,5.827289835795064,3.332204510175204,0.7817005779013904,5.827289835795064,0.0
PRV53574,0.0,2.8903717578961645,0.0,7.919719760924575,0.0,5.0923056357307095,2.70805020110221,0.7949298748698875,5.0923056357307095,0.0
PRV53577,0.0,2.4849066497880004,0.0,7.67368812926773,0.0,5.280431083708516,2.4849066497880004,0.6931471805599453,5.280431083708516,0.0
PRV53578,0.0,2.079441541679836,0.0,6.3473892096560105,0.0,4.411932117452786,1.9459101490553128,0.7731898882334818,4.411932117452786,0.0
PRV53581,0.0,2.4849066497880004,0.0,6.898714534329988,0.0,4.51085950651685,2.3978952727983707,0.7419373447293773,4.51085950651685,0.0
PRV53582,0.0,2.70805020110221,0.0,8.842315546841863,0.0,6.20513479662971,2.079441541679836,1.0986122886681098,6.20513479662971,0.0
PRV53584,0.0,2.19722457733622,0.0,7.307202314764738,0.0,5.232444622397328,1.9459101490553128,0.8472978603872036,5.232444622397328,0.0
PRV53585,0.0,1.6094379124341005,0.0,6.2166061010848646,0.0,4.836281906951478,1.6094379124341005,0.6931471805599453,4.836281906951478,0.0
PRV53586,0.0,1.3862943611198906,0.0,5.081404364984463,0.0,3.9951379121386528,1.3862943611198906,0.6931471805599453,3.9951379121386528,0.0
PRV53587,0.0,1.3862943611198906,0.0,6.647688373563329,0.0,5.551666759919312,1.3862943611198906,0.6931471805599453,5.551666759919312,0.0
PRV53588,0.0,0.6931471805599453,0.0,2.3978952727983707,0.0,2.3978952727983707,0.6931471805599453,0.6931471805599453,2.3978952727983707,0.0
PRV53589,0.0,1.0986122886681098,0.0,6.2166061010848646,0.0,5.525452939131784,1.0986122886681098,0.6931471805599453,5.525452939131784,0.0
PRV53590,2.079441541679836,2.5649493574615367,11.472113887062386,7.944846711001996,9.526266235403035,5.4638318050256105,2.9444389791664403,0.7205461547480597,8.556808563523534,0.3684210526315789
PRV53591,1.9459101490553128,0.0,11.156264806643742,0.0,9.364576762415895,0.0,1.9459101490553128,0.6931471805599453,9.364576762415895,1.0
PRV53593,0.0,2.8903717578961645,0.0,8.535229553902337,0.0,5.705154082591428,2.4849066497880004,0.9343092373768334,5.705154082591428,0.0
PRV53594,0.0,4.624972813284271,0.0,10.291162007969064,0.0,5.6794289134922895,4.110873864173311,0.9870598027623624,5.6794289134922895,0.0
PRV53595,0.0,2.302585092994046,0.0,8.403128235128264,0.0,6.207695371597232,2.302585092994046,0.6931471805599453,6.207695371597232,0.0
PRV53596,0.0,1.6094379124341005,0.0,6.710523109452428,0.0,5.327876168789581,1.6094379124341005,0.6931471805599453,5.327876168789581,0.0
PRV53597,1.9459101490553128,0.0,10.62135173563291,0.0,8.829714207214938,0.0,1.9459101490553128,0.6931471805599453,8.829714207214938,1.0
PRV53598,2.19722457733622,0.0,11.156264806643742,0.0,9.076923258535832,0.0,2.19722457733622,0.6931471805599453,9.076923258535832,1.0
PRV53599,1.3862943611198906,0.0,9.99884318585288,0.0,8.900321798012031,0.0,1.3862943611198906,0.6931471805599453,8.900321798012031,1.0
PRV53600,0.6931471805599453,0.0,8.294299608857235,0.0,8.294299608857235,0.0,0.6931471805599453,0.6931471805599453,8.294299608857235,1.0
PRV53601,1.0986122886681098,0.0,8.699681400989514,0.0,8.006700845440367,0.0,1.0986122886681098,0.6931471805599453,8.006700845440367,1.0
PRV53602,1.6094379124341005,0.0,9.952325334619427,0.0,8.566173813637858,0.0,1.6094379124341005,0.6931471805599453,8.566173813637858,1.0
PRV53604,1.9459101490553128,0.0,10.839600519357369,0.0,9.04793908261736,0.0,1.791759469228055,0.7884573603642702,9.04793908261736,1.0
PRV53605,0.0,4.02535169073515,0.0,8.888894669371593,0.0,4.888981138952329,4.02535169073515,0.6931471805599453,4.888981138952329,0.0
PRV53606,0.0,4.343805421853684,0.0,9.37169362233394,0.0,5.047322436094444,4.31748811353631,0.706570200892086,5.047322436094444,0.0
PRV53607,0.0,3.295836866004329,0.0,9.022925868116218,0.0,5.7678401109564215,3.295836866004329,0.6931471805599453,5.7678401109564215,0.0
PRV53608,0.0,5.298317366548036,0.0,10.825581413637233,0.0,5.53620594503017,5.176149732573829,0.7564420309322589,5.53620594503017,0.0
PRV53609,1.0986122886681098,5.204006687076795,8.987321812850125,10.85997928615443,8.294299608857235,5.6649344360658604,5.176149732573829,0.7128383934501271,5.796489501021165,0.0109289617486338
PRV53611,0.0,3.610917912644224,0.0,9.575747082838362,0.0,5.994653900154682,3.610917912644224,0.6931471805599453,5.994653900154682,0.0
PRV53612,1.9459101490553128,3.713572066704308,10.203629181337648,8.338305731356565,8.412054873292933,4.658710952916121,3.8501476017100575,0.6931471805599453,6.52036496361237,0.1304347826086956
PRV53613,2.772588722239781,4.795790545596741,11.827743504053696,10.353001443478972,9.11979548676566,5.569298247276406,4.852030263919617,0.7241574173025056,7.129327225602027,0.1111111111111111
PRV53614,0.0,4.77912349311153,0.0,10.15467419487498,0.0,5.388529829280692,4.653960350157523,0.7582864827309068,5.388529829280692,0.0
PRV53616,1.0986122886681098,3.7612001156935615,10.165890277802454,9.101752431559284,9.472781556562168,5.368642683268766,3.737669618283368,0.7290791897860087,6.679313626574617,0.0454545454545454
PRV53617,0.0,4.430816798843313,0.0,10.41873339273561,0.0,6.002338940922798,4.262679877041316,0.7819426793430764,6.002338940922798,0.0
PRV53618,2.5649493574615367,5.41610040220442,11.002116507732016,10.927035001141991,8.517393171418904,5.519387340915338,5.318119993844216,0.7712934340333839,6.196616711195878,0.0508474576271186
PRV53619,0.0,1.0986122886681098,0.0,6.329720905522696,0.0,5.638354669333745,1.0986122886681098,0.6931471805599453,5.638354669333745,0.0
PRV53620,1.9459101490553128,4.812184355372417,10.545367754151744,10.711101163782413,8.753739851753249,5.909774308136393,4.812184355372417,0.7174398731289898,6.47430052748348,0.046875
PRV53621,0.0,4.406719247264253,0.0,10.021315031649332,0.0,5.630414969030203,4.330733340286331,0.7323678937132266,5.630414969030203,0.0
PRV53622,0.0,1.9459101490553128,0.0,6.133398042996649,0.0,4.352426164897591,1.9459101490553128,0.6931471805599453,4.352426164897591,0.0
PRV53623,0.0,6.796823718274855,0.0,12.41085261362742,0.0,5.618778436910355,5.981414211254481,1.1827362380380655,5.618778436910355,0.0
PRV53624,0.0,4.969813299576001,0.0,10.616216747823795,0.0,5.65684723241153,4.948759890378168,0.7038044750339333,5.65684723241153,0.0
PRV53625,0.0,4.997212273764115,0.0,10.696728905881372,0.0,5.709593223904519,4.859812404361672,0.7647408337469541,5.709593223904519,0.0
PRV53626,0.6931471805599453,2.5649493574615367,8.006700845440367,8.93075873555827,8.006700845440367,6.447305862541213,2.6390573296152584,0.6931471805599453,6.70110950327099,0.0769230769230769
PRV53627,0.0,4.77912349311153,0.0,10.38563588541525,0.0,5.618556867407431,4.04305126783455,1.13370360847938,5.618556867407431,0.0
PRV53628,1.6094379124341005,5.293304824724492,9.852246888342531,11.063210619337342,8.46611040118692,5.7780275225517,5.187385805840755,0.7583877024283463,6.018111298388501,0.0198019801980198
PRV53629,0.0,2.772588722239781,0.0,8.281723990411392,0.0,5.5772109329667385,2.772588722239781,0.6931471805599453,5.5772109329667385,0.0
PRV53631,0.0,1.9459101490553128,0.0,6.154858094016418,0.0,4.373658385003365,1.9459101490553128,0.6931471805599453,4.373658385003365,0.0
PRV53632,1.0986122886681098,2.6390573296152584,8.853808274977197,8.906664409770052,8.160803920954665,6.343339528095563,2.5649493574615367,0.8109302162163288,6.866586001944066,0.1333333333333333
PRV53633,0.0,4.204692619390966,0.0,9.798737961337055,0.0,5.612685628504745,3.8918202981106265,0.8649974374866045,5.612685628504745,0.0
PRV53634,0.0,6.210600077024653,0.0,11.887250721636995,0.0,5.68206614617406,5.659482215759621,1.0071408851709505,5.68206614617406,0.0
PRV53635,1.791759469228055,3.912023005428146,11.31448672129398,9.066585468331043,9.70509758756311,5.180291954582113,3.970291913552122,0.7121953755306397,7.426482932643982,0.0925925925925925
PRV53638,0.0,4.718498871295094,0.0,10.54641980443157,0.0,5.839777047376522,4.007333185232471,1.1169614273363062,5.839777047376522,0.0
PRV53640,0.0,3.5263605246161616,0.0,8.64135583403666,0.0,5.150485067484602,3.332204510175204,0.7985076962177716,5.150485067484602,0.0
PRV53641,0.0,2.19722457733622,0.0,7.669028288589683,0.0,5.59285091394892,2.19722457733622,0.6931471805599453,5.59285091394892,0.0
PRV53642,0.0,1.9459101490553128,0.0,8.092851027538384,0.0,6.302618975744905,1.9459101490553128,0.6931471805599453,6.302618975744905,0.0
PRV53643,0.0,0.6931471805599453,0.0,5.303304908059076,0.0,5.303304908059076,0.6931471805599453,0.6931471805599453,5.303304908059076,0.0
PRV53644,0.0,3.1354942159291497,0.0,8.442685139241176,0.0,5.356157366237387,2.8903717578961645,0.8303483020734304,5.356157366237387,0.0
PRV53645,0.0,1.9459101490553128,0.0,8.188966863648876,0.0,6.398594934535208,1.9459101490553128,0.6931471805599453,6.398594934535208,0.0
PRV53646,0.0,1.3862943611198906,0.0,3.044522437723423,0.0,2.03688192726104,1.3862943611198906,0.6931471805599453,2.03688192726104,0.0
PRV53647,0.0,2.079441541679836,0.0,6.415096959171596,0.0,4.478958874850075,1.791759469228055,0.8754687373538999,4.478958874850075,0.0
PRV53648,0.0,3.044522437723423,0.0,9.26302769425519,0.0,6.269096283706261,2.5649493574615367,0.9808292530117262,6.269096283706261,0.0
PRV53649,0.0,3.332204510175204,0.0,8.470311205516108,0.0,5.179909135497735,3.218875824868201,0.7537718023763802,5.179909135497735,0.0
PRV53651,0.0,2.4849066497880004,0.0,6.803505257608338,0.0,4.416647624461588,2.3978952727983707,0.7419373447293773,4.416647624461588,0.0
PRV53652,0.0,3.258096538021482,0.0,8.200013648175434,0.0,4.987707789452551,3.218875824868201,0.713766467762681,4.987707789452551,0.0
PRV53654,0.0,3.688879454113936,0.0,9.39607277189222,0.0,5.735662040475632,3.58351893845611,0.7487170317147561,5.735662040475632,0.0
PRV53655,0.0,0.6931471805599453,0.0,3.044522437723423,0.0,3.044522437723423,0.6931471805599453,0.6931471805599453,3.044522437723423,0.0
PRV53656,0.0,1.791759469228055,0.0,7.048386408721883,0.0,5.442417710521793,1.791759469228055,0.6931471805599453,5.442417710521793,0.0
PRV53657,0.0,3.258096538021482,0.0,7.955425088912672,0.0,4.74493212836325,3.218875824868201,0.713766467762681,4.74493212836325,0.0
PRV53658,0.0,3.332204510175204,0.0,8.24564690087386,0.0,4.956609224242623,3.1354942159291497,0.8007778447523107,4.956609224242623,0.0
PRV53659,0.0,1.791759469228055,0.0,6.523562306149512,0.0,4.919980925828125,1.791759469228055,0.6931471805599453,4.919980925828125,0.0
PRV53660,0.0,3.58351893845611,0.0,8.694669696546992,0.0,5.14499967302467,3.555348061489413,0.7077459799810979,5.14499967302467,0.0
PRV53661,0.0,0.6931471805599453,0.0,5.303304908059076,0.0,5.303304908059076,0.6931471805599453,0.6931471805599453,5.303304908059076,0.0
PRV53662,0.0,5.805134968916488,0.0,11.362462975399982,0.0,5.564173088619564,4.948759890378168,1.2132156714071134,5.564173088619564,0.0
PRV53663,0.0,4.343805421853684,0.0,9.893992617974328,0.0,5.567037905253688,4.02535169073515,0.8678641379686807,5.567037905253688,0.0
PRV53664,0.0,4.890349128221754,0.0,10.9976064275919,0.0,6.116995269555192,4.454347296253507,0.9372460970501432,6.116995269555192,0.0
PRV53665,0.0,4.189654742026425,0.0,9.700820421076743,0.0,5.530344419383112,3.610917912644224,1.0316015783851498,5.530344419383112,0.0
PRV53666,0.0,3.044522437723423,0.0,8.163656176168432,0.0,5.173320876373351,2.995732273553991,0.7191226669632059,5.173320876373351,0.0
PRV53667,2.302585092994046,0.0,11.951186847493476,0.0,9.754013881395617,0.0,2.19722457733622,0.7537718023763802,9.754013881395617,1.0
PRV53668,2.833213344056216,0.0,11.857939686169177,0.0,9.085457189829492,0.0,2.833213344056216,0.6931471805599453,9.085457189829492,1.0
PRV53669,0.0,2.6390573296152584,0.0,8.35490952835879,0.0,5.792779059303673,2.6390573296152584,0.6931471805599453,5.792779059303673,0.0
PRV53670,0.0,7.068172000388042,0.0,12.683706465689724,0.0,5.620014688388992,6.670766320845874,0.9117117363384672,5.620014688388992,0.0
PRV53671,3.4657359027997265,3.218875824868201,12.419977652611005,8.681181041521688,8.986111554554336,5.507023870064477,3.8501476017100575,0.7864791203521645,8.436357745366225,0.5636363636363636
PRV53672,0.0,6.190315405853148,0.0,11.864011821806203,0.0,5.679162925789492,5.934894195619588,0.8293275813560449,5.679162925789492,0.0
PRV53673,2.70805020110221,3.1354942159291497,12.095146671399466,7.875119281040293,9.456161964439714,4.792026897947437,3.610917912644224,0.6931471805599453,8.526406176789656,0.3888888888888889
PRV53674,0.0,6.208590026096629,0.0,11.941657780016738,0.0,5.738300771589292,5.953243334287785,0.8292793548845253,5.738300771589292,0.0
PRV53675,4.343805421853684,5.402677381872279,13.430878428510916,11.112164276066547,9.100255262689632,5.717280705835149,5.6240175061873385,0.7304848509975895,7.831395369018063,0.2558922558922559
PRV53676,0.0,6.156978985585555,0.0,12.028983376413874,0.0,5.876926638415982,5.926926025970411,0.8150808299426419,5.876926638415982,0.0
PRV53677,4.158883083359672,6.214608098422191,13.389333939650964,11.696504564059651,9.246294155008146,5.48803468682968,5.153291594497779,1.4510145518010624,7.227453140411131,0.1120996441281138
PRV53678,0.0,1.3862943611198906,0.0,4.795790545596741,0.0,3.713572066704308,1.3862943611198906,0.6931471805599453,3.713572066704308,0.0
PRV53679,0.0,6.717804695023691,0.0,12.55327637881932,0.0,5.839592343028628,6.504288173536645,0.8057527516235666,5.839592343028628,0.0
PRV53680,0.0,3.332204510175204,0.0,8.973478148521036,0.0,5.680930759167104,3.258096538021482,0.7323678937132266,5.680930759167104,0.0
PRV53681,0.0,3.4657359027997265,0.0,9.207436158828791,0.0,5.77645316249137,3.295836866004329,0.7849547298130681,5.77645316249137,0.0
PRV53682,0.0,5.902633333401366,0.0,11.508626236517395,0.0,5.612377900046151,4.875197323201151,1.337023312113108,5.612377900046151,0.0
PRV53683,1.0986122886681098,2.079441541679836,10.463131911491969,7.741099090035366,9.770013301136158,5.79779310911844,2.19722457733622,0.7537718023763802,8.329765286053965,0.2222222222222222
PRV53684,0.0,1.6094379124341005,0.0,7.852050207265889,0.0,6.466922027036182,1.6094379124341005,0.6931471805599453,6.466922027036182,0.0
PRV53685,0.0,3.828641396489095,0.0,9.785323194185484,0.0,5.981133588269617,3.4011973816621555,0.9367692632176956,5.981133588269617,0.0
PRV53686,0.0,5.680172609017068,0.0,11.266270166070044,0.0,5.593233484059557,5.4510384535657,0.8147543126547322,5.593233484059557,0.0
PRV53688,0.0,2.8903717578961645,0.0,8.14351740579748,0.0,5.3149430958654085,2.772588722239781,0.7576857016975165,5.3149430958654085,0.0
PRV53689,0.0,6.331501849893691,0.0,12.09027451364828,0.0,5.763692430618419,5.950642552587727,0.9020911769648547,5.763692430618419,0.0
PRV53690,0.0,2.4849066497880004,0.0,7.43307534889858,0.0,5.041076319597491,2.302585092994046,0.7985076962177716,5.041076319597491,0.0
PRV53692,4.990432586778736,4.59511985013459,14.127690833866293,10.348205424565991,9.144190324717137,5.766341998052545,5.37989735354046,0.7559480817989757,8.653273382273456,0.5983606557377049
PRV53694,0.0,4.127134385045092,0.0,9.586102000710904,0.0,5.479340266244127,4.127134385045092,0.6931471805599453,5.479340266244127,0.0
PRV53695,0.0,4.762173934797756,0.0,10.37726530082638,0.0,5.627248928338037,4.3694478524670215,0.9111493323737364,5.627248928338037,0.0
PRV53696,0.0,2.772588722239781,0.0,8.482808764554406,0.0,5.777652323222656,2.772588722239781,0.6931471805599453,5.777652323222656,0.0
PRV53697,4.276666119016055,3.784189633918261,13.673948145715556,9.329988334242078,9.411348910490984,5.572507670232905,4.61512051684126,0.76080582903376,8.950778492945501,0.6228070175438597
PRV53698,0.0,4.356708826689592,0.0,10.327152697288245,0.0,5.985831829983441,4.290459441148391,0.7272801869294038,5.985831829983441,0.0
PRV53699,1.0986122886681098,5.886104031450156,9.798182590890704,11.634886427589382,9.105090961257083,5.7547279834108505,5.638354669333745,0.8282398537514205,5.896598174623792,0.0055401662049861
PRV53700,0.0,6.81783057145415,0.0,12.30284085280476,0.0,5.490235843164967,6.12029741895095,1.1022766386826015,5.490235843164967,0.0
PRV53701,0.0,1.9459101490553128,0.0,7.7279755421055585,0.0,5.938415326018166,1.9459101490553128,0.6931471805599453,5.938415326018166,0.0
PRV53702,0.0,6.918695219020472,0.0,12.574427611661957,0.0,5.660206416153373,6.593044534142437,0.869391782345625,5.660206416153373,0.0
PRV53703,0.0,3.688879454113936,0.0,8.725994381014571,0.0,5.068581621572273,3.688879454113936,0.6931471805599453,5.068581621572273,0.0
PRV53704,0.0,2.772588722239781,0.0,7.989899374942939,0.0,5.286582110329616,2.772588722239781,0.6931471805599453,5.286582110329616,0.0
PRV53705,1.6094379124341005,3.9889840465642745,10.39209824173096,9.669093450449065,9.005895898094458,5.702082918020119,4.060443010546419,0.6931471805599453,6.745793469805808,0.0701754385964912
PRV53706,5.645446897643238,5.2574953720277815,14.836521960839317,10.932052842892205,9.19471610952572,5.683170095515701,6.100318952020064,0.7241231084542502,8.697544168004502,0.5961945031712473
PRV53708,0.0,3.9889840465642745,0.0,9.943717371755197,0.0,5.9759198231937845,3.610917912644224,0.9051174312760298,5.9759198231937845,0.0
PRV53709,0.0,4.605170185988092,0.0,10.138994362833737,0.0,5.547738870820399,4.5217885770490405,0.7361645656436361,5.547738870820399,0.0
PRV53710,4.07753744390572,5.793013608384144,13.188152990599754,11.302216779257382,9.127816715730024,5.5162731728255805,5.545177444479562,0.9202046311952914,7.376760032894594,0.1506493506493506
PRV53712,5.087596335232384,4.343805421853684,14.43581873012609,10.039808799894368,9.354500406029386,5.71234222645685,5.318119993844216,0.7735687478705195,8.980134493777886,0.679324894514768
PRV53713,0.0,3.4657359027997265,0.0,8.375860015299594,0.0,4.948759890378168,3.367295829986474,0.7453329337305156,4.948759890378168,0.0
PRV53714,0.0,4.976733742420574,0.0,10.69898823220789,0.0,5.732396926068711,4.23410650459726,1.1370785694959056,5.732396926068711,0.0
PRV53715,0.0,3.218875824868201,0.0,8.87360810154911,0.0,5.698769932832657,3.091042453358316,0.7621400520468967,5.698769932832657,0.0
PRV53716,0.0,3.5263605246161616,0.0,8.909370405197466,0.0,5.4171772632588135,3.4339872044851463,0.7419373447293773,5.4171772632588135,0.0
PRV53717,0.0,4.127134385045092,0.0,9.794843875419383,0.0,5.687308726717394,3.6375861597263857,0.9740495660263476,5.687308726717394,0.0
PRV53718,0.0,0.6931471805599453,0.0,5.303304908059076,0.0,5.303304908059076,0.6931471805599453,0.6931471805599453,5.303304908059076,0.0
PRV53719,0.0,1.791759469228055,0.0,6.647688373563329,0.0,5.043425116919247,1.791759469228055,0.6931471805599453,5.043425116919247,0.0
PRV53720,0.0,4.02535169073515,0.0,9.525224101853109,0.0,5.521824488126204,3.951243718581428,0.7316134613877413,5.521824488126204,0.0
PRV53721,0.0,1.791759469228055,0.0,7.848153086199526,0.0,6.240275845170769,1.791759469228055,0.6931471805599453,6.240275845170769,0.0
PRV53722,0.0,1.9459101490553128,0.0,6.90875477931522,0.0,5.121977881431629,1.9459101490553128,0.6931471805599453,5.121977881431629,0.0
PRV53723,0.0,1.9459101490553128,0.0,8.268988209506656,0.0,6.478509642208569,1.9459101490553128,0.6931471805599453,6.478509642208569,0.0
PRV53724,0.0,1.0986122886681098,0.0,4.795790545596741,0.0,4.110873864173311,1.0986122886681098,0.6931471805599453,4.110873864173311,0.0
PRV53725,0.0,0.6931471805599453,0.0,0.0,0.0,0.0,0.6931471805599453,0.6931471805599453,0.0,0.0
PRV53726,0.0,2.833213344056216,0.0,8.219056661060598,0.0,5.450501828921753,2.5649493574615367,0.8472978603872036,5.450501828921753,0.0
PRV53727,0.0,3.044522437723423,0.0,8.886132618174951,0.0,5.893024474294729,2.8903717578961645,0.7777045685880084,5.893024474294729,0.0
PRV53728,0.0,2.70805020110221,0.0,8.15507488781144,0.0,5.519745161078744,2.70805020110221,0.6931471805599453,5.519745161078744,0.0
PRV53729,0.0,1.3862943611198906,0.0,7.550135342488429,0.0,6.45257457862804,1.3862943611198906,0.6931471805599453,6.45257457862804,0.0
PRV53730,0.0,1.0986122886681098,0.0,5.442417710521793,0.0,4.7535901911063645,1.0986122886681098,0.6931471805599453,4.7535901911063645,0.0
PRV53731,0.0,1.6094379124341005,0.0,7.886457270977689,0.0,6.501289670540389,1.6094379124341005,0.6931471805599453,6.501289670540389,0.0
PRV53732,0.0,2.772588722239781,0.0,8.055475141757274,0.0,5.351858133476067,2.772588722239781,0.6931471805599453,5.351858133476067,0.0
PRV53733,0.0,3.044522437723423,0.0,8.768885326134862,0.0,5.776103136235827,2.995732273553991,0.7191226669632059,5.776103136235827,0.0
PRV53734,0.0,0.6931471805599453,0.0,3.044522437723423,0.0,3.044522437723423,0.6931471805599453,0.6931471805599453,3.044522437723423,0.0
PRV53735,0.0,1.3862943611198906,0.0,6.698268054115413,0.0,5.602118820879701,1.3862943611198906,0.6931471805599453,5.602118820879701,0.0
PRV53740,0.0,3.871201010907891,0.0,9.404343433543977,0.0,5.557977487113444,3.4011973816621555,0.963437510299857,5.557977487113444,0.0
PRV53741,0.0,2.079441541679836,0.0,7.779466967458324,0.0,5.836063085379071,2.079441541679836,0.6931471805599453,5.836063085379071,0.0
PRV53743,0.0,3.4657359027997265,0.0,9.556833658307776,0.0,6.124965697339724,3.4657359027997265,0.6931471805599453,6.124965697339724,0.0
PRV53745,0.0,3.1780538303479458,0.0,8.232440158470336,0.0,5.102778408703879,3.044522437723423,0.7654678421395714,5.102778408703879,0.0
PRV53746,1.9459101490553128,0.0,10.463131911491969,0.0,8.671515285122727,0.0,1.9459101490553128,0.6931471805599453,8.671515285122727,1.0
PRV53749,3.218875824868201,3.828641396489095,12.35017731849889,9.24483841238375,9.172223049863057,5.442417710521793,4.174387269895637,0.7314660448620819,8.160182787490387,0.3478260869565217
PRV53750,0.6931471805599453,7.126890808898808,8.853808274977197,12.755554400025856,8.853808274977197,5.633048308482147,5.942799375126701,1.4530918420434065,5.652179120227268,0.0008032128514056
PRV53751,0.0,3.1354942159291497,0.0,9.112837790614943,0.0,6.024107731614118,3.1354942159291497,0.6931471805599453,6.024107731614118,0.0
PRV53752,0.0,3.58351893845611,0.0,9.379323364330956,0.0,5.826842567413428,3.555348061489413,0.7077459799810979,5.826842567413428,0.0
PRV53754,0.0,2.302585092994046,0.0,7.836369760545124,0.0,5.642301004368459,2.302585092994046,0.6931471805599453,5.642301004368459,0.0
PRV53755,0.0,3.044522437723423,0.0,7.62608275807238,0.0,4.639571612705423,3.044522437723423,0.6931471805599453,4.639571612705423,0.0
PRV53756,0.0,4.0943445622221,0.0,9.80978108609582,0.0,5.735423469430851,4.0943445622221,0.6931471805599453,5.735423469430851,0.0
PRV53757,0.6931471805599453,4.02535169073515,10.043292972227004,9.56317796268366,10.043292972227004,5.559632129432402,4.007333185232471,0.7114963192281418,6.501021509320258,0.0178571428571428
PRV53759,0.0,4.04305126783455,0.0,9.394410399304254,0.0,5.37362360009158,3.970291913552122,0.7308875085427923,5.37362360009158,0.0
PRV53761,0.0,3.6635616461296463,0.0,9.208438564686588,0.0,5.574552594191176,3.6635616461296463,0.6931471805599453,5.574552594191176,0.0
PRV53762,4.442651256490317,6.282266746896006,13.726680437153236,12.030116784633709,9.29595434447937,5.752893614594719,6.324358962381311,0.7464581866509752,7.469078346550014,0.1359223300970873
PRV53763,4.07753744390572,0.0,13.513054553109397,0.0,9.452688670742608,0.0,4.060443010546419,0.7018808605286999,9.452688670742608,1.0
PRV53764,0.6931471805599453,3.6635616461296463,7.601402334583733,9.248695325852646,7.601402334583733,5.614663615327006,3.6635616461296463,0.7062192621272981,5.764226084615865,0.0256410256410256
PRV53765,0.0,4.219507705176107,0.0,10.129865866360268,0.0,5.927801264727748,4.204692619390966,0.7006943861953282,5.927801264727748,0.0
PRV53766,0.0,3.4339872044851463,0.0,8.488999457045455,0.0,5.093750200806762,3.4011973816621555,0.7102416139192453,5.093750200806762,0.0
PRV53767,0.0,2.9444389791664403,0.0,8.326274787396764,0.0,5.440009811453254,2.9444389791664403,0.6931471805599453,5.440009811453254,0.0
PRV53768,1.791759469228055,4.060443010546419,9.952325334619427,9.691592993399809,8.343077871169383,5.6519965997525645,4.0943445622221,0.7182531016910216,6.3980580505966165,0.0806451612903225
PRV53769,4.890349128221754,5.5053315359323625,14.300957448813168,11.006772241852998,9.418236143273406,5.509553571261532,5.872117789475416,0.725116546616004,8.405361443494634,0.3501326259946949
PRV53770,4.356708826689592,5.176149732573829,13.601699572468275,10.645924772307156,9.25798826371632,5.479596713763548,5.480638923341991,0.7220151645607975,8.119335045248892,0.3043478260869565
PRV53771,0.0,3.951243718581428,0.0,9.980957723303026,0.0,6.0514430548166525,3.9318256327243257,0.7030975114131134,6.0514430548166525,0.0
PRV53772,0.0,3.1354942159291497,0.0,8.596189197642735,0.0,5.509020215880216,3.1354942159291497,0.6931471805599453,5.509020215880216,0.0
PRV53773,0.0,6.342121418721152,0.0,12.07727858543402,0.0,5.740133111879738,6.2766434893416445,0.7264836008275372,5.740133111879738,0.0
PRV53774,3.9318256327243257,5.1647859739235145,13.210376086227196,10.677546293976553,9.298442820197728,5.522471900899507,5.332718793265369,0.735909039898027,7.875543391559671,0.2232142857142857
PRV53775,1.0986122886681098,3.828641396489095,9.39274525863144,9.861153999520049,8.699681400989514,6.056784013228625,3.828641396489095,0.7151260872787206,6.49857049549365,0.0425531914893617
PRV53776,3.871201010907891,5.0369526024136295,13.180634172318978,10.644495894447411,9.330573359131757,5.617673839211225,5.2574953720277815,0.716434131938736,7.958856584979195,0.235
PRV53779,0.0,3.912023005428146,0.0,9.427948631791716,0.0,5.539982212397228,3.8918202981106265,0.7035099675954919,5.539982212397228,0.0
PRV53780,0.0,3.295836866004329,0.0,8.533263371593732,0.0,5.280075059779947,3.295836866004329,0.6931471805599453,5.280075059779947,0.0
PRV53781,4.382026634673881,5.752572638825633,13.681523061340137,11.39178555129812,9.312164388421328,5.645919428957229,5.918893854273146,0.7223657265590853,7.804604295522791,0.2010178117048346
PRV53782,0.0,3.9889840465642745,0.0,9.7881328161731,0.0,5.820754559638257,3.688879454113936,0.858226930919394,5.820754559638257,0.0
PRV53783,0.0,3.4339872044851463,0.0,8.801017833540714,0.0,5.404177757247514,3.4339872044851463,0.6931471805599453,5.404177757247514,0.0
PRV53784,0.0,3.737669618283368,0.0,8.677780256064185,0.0,4.970998234120062,3.6635616461296463,0.7318616927406358,4.970998234120062,0.0
PRV53785,0.0,4.867534450455582,0.0,10.90744111582406,0.0,6.049971104335037,4.8283137373023015,0.7131079231224834,6.049971104335037,0.0
PRV53786,3.610917912644224,7.205635176410364,12.742568940017076,12.831371834692064,9.15915233520675,5.630071421471846,6.289715570908998,1.2722219048600427,6.251742143065146,0.0260492040520984
PRV53787,3.49650756146648,3.7612001156935615,12.577639650232571,9.509036565691064,9.112010637902976,5.774403649367255,4.31748811353631,0.6931471805599453,8.319249704668346,0.4324324324324324
PRV53788,0.0,2.9444389791664403,0.0,8.160803920954665,0.0,5.275276167401339,2.9444389791664403,0.6931471805599453,5.275276167401339,0.0
PRV53790,3.80666248977032,6.1092475827643655,13.130333531178522,11.836681477751847,9.346229210911984,5.732894301185596,6.154858094016418,0.7173207170940213,7.172959943201961,0.0892494929006085
PRV53791,1.9459101490553128,4.465908118654584,10.645448706505872,9.912992239550372,8.853808274977197,5.462845903338732,4.51085950651685,0.7041970167465301,6.517639161421175,0.0652173913043478
PRV53792,3.5263605246161616,3.044522437723423,12.472279517715116,9.35105837891506,8.975894553627503,6.3569753397091135,3.970291913552122,0.702716631576096,8.54533314547296,0.6226415094339622
PRV53793,0.0,3.828641396489095,0.0,10.154285180632154,0.0,6.349333222709922,3.6375861597263857,0.7958013346200287,6.349333222709922,0.0
PRV53794,0.0,5.123963979403259,0.0,10.771449014012996,0.0,5.656933538855632,5.081404364984463,0.7147863556634264,5.656933538855632,0.0
PRV53796,0.0,3.367295829986474,0.0,8.692993531219926,0.0,5.365308235364315,3.332204510175204,0.7114963192281418,5.365308235364315,0.0
PRV53797,0.0,8.463792414689122,0.0,14.080640993051723,0.0,5.620687529763759,7.611347717403621,1.2077774387051037,5.620687529763759,0.0
PRV53798,0.0,3.6635616461296463,0.0,9.65637144183101,0.0,6.021151087741473,3.6635616461296463,0.6931471805599453,6.021151087741473,0.0
PRV53799,2.70805020110221,6.606650186198215,11.51293546492023,12.237769936273407,8.874008125555884,5.636040511931516,6.517671272912275,0.7485371018869033,6.011166265737812,0.0185922974767596
PRV53801,0.0,4.0943445622221,0.0,10.175840227862883,0.0,6.100508946890774,4.07753744390572,0.7017309242513368,6.100508946890774,0.0
PRV53802,3.8501476017100575,3.555348061489413,13.012550743537489,9.381853730053534,9.184009788208373,5.858269232456712,4.343805421853684,0.7191226669632059,8.656846432231422,0.575
PRV53805,0.0,4.262679877041316,0.0,10.022203486241112,0.0,5.77676736741269,4.248495242049359,0.7003674285334324,5.77676736741269,0.0
PRV53806,0.0,5.159055299214529,0.0,10.825183649068832,0.0,5.675307670418282,5.087596335232384,0.7297366279922374,5.675307670418282,0.0
PRV53807,3.610917912644224,4.812184355372417,12.749271553766196,10.333027196085467,9.165854265381256,5.532935812320633,5.049856007249537,0.7027780736209066,7.772587479633344,0.2278481012658227
PRV53808,5.278114659230517,5.700443573390687,14.43296443347102,11.198913106339084,9.160069496710337,5.50587703016365,6.150602768446279,0.7195061130526459,8.271351272469683,0.3955375253549695
PRV53812,0.0,1.0986122886681098,0.0,5.564520407322694,0.0,4.875197323201151,1.0986122886681098,0.6931471805599453,4.875197323201151,0.0
PRV53814,1.3862943611198906,3.9318256327243257,9.798182590890704,9.39607277189222,8.699681400989514,5.488110938180692,3.970291913552122,0.702716631576096,6.341755951999473,0.0566037735849056
PRV53815,0.0,2.4849066497880004,0.0,7.496097345175956,0.0,5.103739185085042,2.4849066497880004,0.6931471805599453,5.103739185085042,0.0
PRV53816,0.0,5.272999558563747,0.0,10.954501466571443,0.0,5.690011107227495,5.181783550292085,0.7400523300336059,5.690011107227495,0.0
PRV53817,0.0,3.091042453358316,0.0,8.552753366814787,0.0,5.512083756049649,3.091042453358316,0.6931471805599453,5.512083756049649,0.0
PRV53818,0.0,2.3978952727983707,0.0,6.928537818164665,0.0,4.634728988229636,2.302585092994046,0.7472144018302211,4.634728988229636,0.0
PRV53819,0.0,3.9889840465642745,0.0,9.794286337492364,0.0,5.826890232613075,3.713572066704308,0.8437200390393196,5.826890232613075,0.0
PRV53820,0.0,2.772588722239781,0.0,7.804251383528112,0.0,5.101896885374581,2.772588722239781,0.6931471805599453,5.101896885374581,0.0
PRV53821,0.0,2.3978952727983707,0.0,6.976348070447749,0.0,4.68213122712422,2.3978952727983707,0.6931471805599453,4.68213122712422,0.0
PRV53824,0.0,4.74493212836325,0.0,10.479567066502216,0.0,5.746539438021466,4.5217885770490405,0.8121504726215582,5.746539438021466,0.0
PRV53827,0.0,2.302585092994046,0.0,7.9483852851118995,0.0,5.753982579136752,2.302585092994046,0.6931471805599453,5.753982579136752,0.0
PRV53828,0.0,3.367295829986474,0.0,8.74209519574531,0.0,5.414193823933839,3.218875824868201,0.7731898882334818,5.414193823933839,0.0
PRV53829,0.0,2.833213344056216,0.0,8.684570300824369,0.0,5.914516005893729,2.833213344056216,0.6931471805599453,5.914516005893729,0.0
PRV53831,0.0,4.430816798843313,0.0,10.22379411156297,0.0,5.807925381859747,4.276666119016055,0.7742727253723138,5.807925381859747,0.0
PRV53832,0.0,2.5649493574615367,0.0,8.499232866039245,0.0,6.016563581163001,2.5649493574615367,0.6931471805599453,6.016563581163001,0.0
PRV53835,0.0,2.19722457733622,0.0,7.741099090035366,0.0,5.664695085948154,2.19722457733622,0.6931471805599453,5.664695085948154,0.0
PRV53836,0.0,3.912023005428146,0.0,9.30301070681749,0.0,5.415556036377151,3.80666248977032,0.7484098592349947,5.415556036377151,0.0
PRV53837,0.0,2.6390573296152584,0.0,7.820439515262181,0.0,5.260295933970237,2.6390573296152584,0.6931471805599453,5.260295933970237,0.0
PRV53838,0.0,5.272999558563747,0.0,10.96476135554887,0.0,5.700236676838224,5.003946305945459,0.8375984632984901,5.700236676838224,0.0
PRV53839,0.0,0.6931471805599453,0.0,0.0,0.0,0.0,0.6931471805599453,0.6931471805599453,0.0,0.0
PRV53840,0.0,1.9459101490553128,0.0,6.133398042996649,0.0,4.352426164897591,1.9459101490553128,0.6931471805599453,4.352426164897591,0.0
PRV53841,0.0,3.1354942159291497,0.0,8.12296471523406,0.0,5.038132543553478,2.995732273553991,0.7691330875378674,5.038132543553478,0.0
PRV53842,0.0,2.079441541679836,0.0,7.787796878181171,0.0,5.84437223164817,2.079441541679836,0.6931471805599453,5.84437223164817,0.0
PRV53843,0.0,2.70805020110221,0.0,7.2868764117507,0.0,4.656677743134023,2.70805020110221,0.6931471805599453,4.656677743134023,0.0
PRV53844,0.0,3.9889840465642745,0.0,8.976009475021396,0.0,5.012269178705323,3.713572066704308,0.8437200390393196,5.012269178705323,0.0
PRV53845,0.0,3.044522437723423,0.0,9.122710622015209,0.0,6.129050210060545,2.9444389791664403,0.7472144018302211,6.129050210060545,0.0
PRV53846,0.0,2.5649493574615367,0.0,7.878912912297133,0.0,5.3981627015177525,2.4849066497880004,0.7375989431307791,5.3981627015177525,0.0
PRV53848,0.0,2.19722457733622,0.0,6.985641817639208,0.0,4.912654885736052,2.19722457733622,0.6931471805599453,4.912654885736052,0.0
PRV53849,0.0,3.091042453358316,0.0,7.983098940710892,0.0,4.945376937219517,3.044522437723423,0.7178397931503169,4.945376937219517,0.0
PRV53850,0.0,2.3978952727983707,0.0,7.450660796211539,0.0,5.153291594497779,2.3978952727983707,0.6931471805599453,5.153291594497779,0.0
PRV53851,0.0,3.8918202981106265,0.0,9.957075711706056,0.0,6.08809960644745,3.871201010907891,0.7037292898904822,6.08809960644745,0.0
PRV53855,3.044522437723423,0.0,11.856522261533735,0.0,8.860924729719041,0.0,2.8903717578961645,0.7777045685880084,8.860924729719041,1.0
PRV53857,2.3978952727983707,0.0,11.849404844423074,0.0,9.546884034617923,0.0,2.3978952727983707,0.6931471805599453,9.546884034617923,1.0
PRV53859,0.0,4.969813299576001,0.0,10.42854147231275,0.0,5.469887864065961,4.90527477843843,0.7261777062364272,5.469887864065961,0.0
PRV53860,0.0,0.6931471805599453,0.0,4.61512051684126,0.0,4.61512051684126,0.6931471805599453,0.6931471805599453,4.61512051684126,0.0
PRV53861,1.0986122886681098,0.0,9.305741456739437,0.0,8.612685172875459,0.0,1.0986122886681098,0.6931471805599453,8.612685172875459,1.0
PRV53862,1.6094379124341005,1.0986122886681098,10.819798284210286,4.61512051684126,9.433563920090563,3.9318256327243257,1.9459101490553128,0.6931471805599453,9.03013657115323,0.6666666666666666
PRV53864,0.0,1.0986122886681098,0.0,6.133398042996649,0.0,5.442417710521793,1.0986122886681098,0.6931471805599453,5.442417710521793,0.0
PRV53865,1.9459101490553128,0.0,11.002116507732016,0.0,9.210440366976515,0.0,1.9459101490553128,0.6931471805599453,9.210440366976515,1.0
PRV53867,2.302585092994046,1.6094379124341005,11.407576060361786,8.092851027538384,9.210440366976515,6.7074733968111895,2.6390573296152584,0.6931471805599453,8.878443804840613,0.6923076923076923
PRV53868,2.3978952727983707,2.9444389791664403,11.970356641103,8.137688184977605,9.6678285081515,5.25227342804663,3.332204510175204,0.7114963192281418,8.659733878198347,0.3571428571428571
PRV53871,0.0,7.107425474110705,0.0,12.516241240407291,0.0,5.41409474923926,6.2766434893416445,1.193180311043913,5.41409474923926,0.0
PRV53872,2.302585092994046,5.407171771460119,11.561725152903833,11.089515303207188,9.364576762415895,5.690207263537396,4.962844630259907,0.9657513620425549,6.605309636723494,0.0389610389610389
PRV53873,2.70805020110221,4.23410650459726,11.48247656671073,9.885883506587769,8.843553247352611,5.6697794979588805,4.343805421853684,0.7318616927406358,7.260916740791748,0.1707317073170731
PRV53874,0.0,6.263398262591624,0.0,11.915593331109058,0.0,5.657591981846169,6.0330862217988015,0.8151946150027862,5.657591981846169,0.0
PRV53875,0.0,3.737669618283368,0.0,9.136801468641313,0.0,5.427525402529714,3.58351893845611,0.7753852787969175,5.427525402529714,0.0
PRV53876,0.0,4.836281906951478,0.0,10.35172475248816,0.0,5.5273634635148605,4.110873864173311,1.126011262856224,5.5273634635148605,0.0
PRV53877,0.0,2.995732273553991,0.0,8.81744592104187,0.0,5.875669665342167,2.8903717578961645,0.750305594399894,5.875669665342167,0.0
PRV53878,1.791759469228055,3.737669618283368,10.463131911491969,9.523032079931992,8.853808274977197,5.812381642652348,3.713572066704308,0.7654678421395714,6.965121400717906,0.108695652173913
PRV53879,0.0,2.772588722239781,0.0,7.201170883281678,0.0,4.503506532211591,2.772588722239781,0.6931471805599453,4.503506532211591,0.0
PRV53880,0.0,4.127134385045092,0.0,9.89298256789098,0.0,5.785135798506858,3.8501476017100575,0.8441874379728111,5.785135798506858,0.0
PRV53884,4.770684624465665,5.030437921392435,13.812406746119931,10.670605195795805,9.05034916515431,5.650224383016695,5.424950017481403,0.7840227632964044,8.260249672806282,0.4349442379182156
PRV53885,1.9459101490553128,1.9459101490553128,10.797553125151618,6.594413459749778,9.005895898094458,4.809470649500821,2.5649493574615367,0.6931471805599453,8.327685878807557,0.5
PRV53887,0.0,6.395261598115449,0.0,12.016732516077072,0.0,5.626742500639068,5.365976015021851,1.336975888405988,5.626742500639068,0.0
PRV53888,0.0,4.262679877041316,0.0,9.873595194671092,0.0,5.628648335147167,4.04305126783455,0.8109302162163288,5.628648335147167,0.0
PRV53889,2.302585092994046,5.231108616854587,11.002116507732016,10.55791989196796,8.805025252619144,5.336969266179247,5.236441962829949,0.7143119917519886,6.226587341967301,0.0461538461538461
PRV53891,0.0,3.1354942159291497,0.0,9.262078567380597,0.0,6.173028241038835,3.1354942159291497,0.6931471805599453,6.173028241038835,0.0
PRV53892,2.19722457733622,4.718498871295094,11.695255355062796,10.32025521214842,9.61587214452889,5.61434391200896,4.7535901911063645,0.7103889869944514,7.14232240769587,0.0672268907563025
PRV53894,2.772588722239781,5.313205979041787,12.278397958261774,10.879574327756249,9.570412871015815,5.575086144646088,4.584967478670572,1.1746820074048707,7.119952501297511,0.0691244239631336
PRV53895,0.0,7.149916836132109,0.0,12.902666379894224,0.0,5.756698829278042,6.3578422665081,1.1662925706912337,5.756698829278042,0.0
PRV53896,0.0,3.784189633918261,0.0,9.30118605527576,0.0,5.543813869885302,3.6635616461296463,0.756862994946053,5.543813869885302,0.0
PRV53899,0.0,1.3862943611198906,0.0,4.795790545596741,0.0,3.713572066704308,1.3862943611198906,0.6931471805599453,3.713572066704308,0.0
PRV53900,0.0,6.672032945461067,0.0,12.215285080442706,0.0,5.548415028957656,5.762051382780177,1.2496034082049996,5.548415028957656,0.0
PRV53901,0.0,2.70805020110221,0.0,8.594339400592892,0.0,5.957686140558988,2.70805020110221,0.6931471805599453,5.957686140558988,0.0
PRV53905,0.0,4.356708826689592,0.0,9.986495091519735,0.0,5.646180876299061,4.290459441148391,0.7272801869294038,5.646180876299061,0.0
PRV53906,0.0,1.6094379124341005,0.0,6.175867270105761,0.0,4.795790545596741,1.6094379124341005,0.6931471805599453,4.795790545596741,0.0
PRV53907,0.0,4.844187086458591,0.0,10.735548489776468,0.0,5.901982588275259,4.795790545596741,0.7178397931503169,5.901982588275259,0.0
PRV53908,0.0,2.772588722239781,0.0,9.04911472347696,0.0,6.342708101049507,2.772588722239781,0.6931471805599453,6.342708101049507,0.0
PRV53909,0.0,5.54907608489522,0.0,11.28966940732742,0.0,5.747674751033674,5.043425116919247,0.9792045572847244,5.747674751033674,0.0
PRV53910,3.332204510175204,4.248495242049359,12.445093483000798,9.974924102473976,9.149358973559584,5.743978186145652,4.5217885770490405,0.7202491103377366,7.962270540133291,0.28125
PRV53911,2.70805020110221,6.259581464064923,12.08391066125752,12.193397656163908,9.444926774857976,5.93836482275312,5.308267697401205,1.2992829841302609,6.5505898096382165,0.0261194029850746
PRV53912,0.0,4.204692619390966,0.0,9.730383384791782,0.0,5.54458541320302,4.127134385045092,0.7333132222852801,5.54458541320302,0.0
PRV53913,0.0,4.882801922586371,0.0,10.496289398147198,0.0,5.624678681450412,4.867534450455582,0.7008692266538558,5.624678681450412,0.0
PRV53915,0.0,6.302618975744905,0.0,11.93558195089097,0.0,5.638354669333745,6.075346031088684,0.8134871084301054,5.638354669333745,0.0
PRV53916,0.0,5.262690188904886,0.0,10.673155862670484,0.0,5.420073978564291,4.700480365792417,1.0157623825197322,5.420073978564291,0.0
PRV53917,2.079441541679836,5.267858159063328,10.86477077032911,11.154835234271214,8.918975335253734,5.894888021785071,4.672828834461906,1.0601460078403135,6.416732282512326,0.035
PRV53918,0.0,8.185628891147607,0.0,13.82991728096892,0.0,5.648096515471099,7.444248649496705,1.1312322184289356,5.648096515471099,0.0
PRV53919,1.9459101490553128,2.9444389791664403,10.835671318412196,8.086717920303906,9.044010267600274,5.2015616980837285,3.1354942159291497,0.7375989431307791,7.720054927468293,0.25
PRV53920,1.3862943611198906,5.389071729816501,10.491301994830229,10.995595399782037,9.39274525863144,5.614733994990128,4.77912349311153,1.0553154829147855,6.072178800911179,0.0135746606334841
PRV53921,2.302585092994046,6.633318433280377,10.915833641046827,12.495719037442624,8.718754399345347,5.8665501654808425,6.212606095751519,0.9330175256794686,6.041611677087487,0.01171875
PRV53922,0.0,4.02535169073515,0.0,9.512738628263644,0.0,5.5093883366279774,3.951243718581428,0.7316134613877413,5.5093883366279774,0.0
PRV53923,3.4339872044851463,4.836281906951478,12.400820837540556,10.21833478806055,8.999742789830492,5.394536224288579,4.941642422609304,0.7491058342079898,7.464805566853163,0.1935483870967742
PRV53924,0.0,0.6931471805599453,0.0,0.0,0.0,0.0,0.6931471805599453,0.6931471805599453,0.0,0.0
PRV53925,3.044522437723423,3.737669618283368,11.904974309480185,9.409273194575334,8.909370405197466,5.698974185371204,4.07753744390572,0.7186804825651101,7.87368515099951,0.3278688524590163
PRV53926,0.0,3.332204510175204,0.0,9.087155271405804,0.0,5.794254933375678,3.295836866004329,0.7121953755306397,5.794254933375678,0.0
PRV53927,0.0,2.4849066497880004,0.0,8.188966863648876,0.0,5.793844748479087,2.4849066497880004,0.6931471805599453,5.793844748479087,0.0
PRV53928,1.3862943611198906,3.6635616461296463,9.546884034617923,9.18512512283512,8.448414582687667,5.5513262648361765,3.737669618283368,0.6931471805599453,6.363490570177536,0.073170731707317
PRV53931,1.3862943611198906,3.970291913552122,10.308985993422082,9.250618218474752,9.210440366976515,5.304261205349129,3.8918202981106265,0.7635279773217448,6.600859496697331,0.0545454545454545
PRV53932,4.418840607796598,5.407171771460119,13.664688831019712,11.004447084272586,9.258063765257235,5.605437664986746,5.648974238161206,0.7295779221848587,8.015583739896531,0.2697368421052631
PRV53933,0.0,5.583496308781699,0.0,11.314364764125187,0.0,5.737849631067299,4.919980925828125,1.0813065415705172,5.737849631067299,0.0
PRV53934,0.0,4.812184355372417,0.0,10.4193305681139,0.0,5.618914848859747,4.584967478670572,0.814360751313118,5.618914848859747,0.0
PRV53935,0.0,2.5649493574615367,0.0,8.596189197642735,0.0,6.11331338027061,2.5649493574615367,0.6931471805599453,6.11331338027061,0.0
PRV53937,2.8903717578961645,3.091042453358316,12.259618151783464,8.849513965486398,9.42648063387688,5.807856448788562,3.6635616461296463,0.6931471805599453,8.65470087861922,0.4473684210526316
PRV53938,4.418840607796598,3.4011973816621555,13.36452650441178,9.72142596194803,8.957934407419698,6.355808286385958,4.499809670330265,0.8096809968158968,8.680997510662753,0.7387387387387387
PRV53939,1.9459101490553128,5.700443573390687,11.6262630788088,11.307634110687353,9.83454825104285,5.614180802488711,5.187385805840755,0.9961605637585152,6.457265277587926,0.0197368421052631
PRV53940,0.0,4.584967478670572,0.0,9.99383087243373,0.0,5.423495670090577,4.543294782270004,0.7144245790072302,5.423495670090577,0.0
PRV53941,1.9459101490553128,4.276666119016055,10.985309671896765,10.050225108647712,9.19363494340448,5.790562995579649,4.290459441148391,0.7272801869294038,6.973555179570727,0.0779220779220779
PRV53942,2.19722457733622,2.8903717578961645,11.19822841866684,8.438366410870266,9.118882761487349,5.6086095403352445,3.218875824868201,0.713766467762681,8.04102661013509,0.32
PRV53943,2.19722457733622,4.624972813284271,11.050905878263569,10.268165387743457,8.971575439759016,5.65651095873675,4.6443908991413725,0.7218572864423767,6.737206353854922,0.073394495412844
PRV53944,0.0,4.653960350157523,0.0,9.986955157777391,0.0,5.347290664130672,4.02535169073515,1.0615710169877606,5.347290664130672,0.0
PRV53945,0.0,3.912023005428146,0.0,9.635673464721814,0.0,5.746985306202782,3.871201010907891,0.7142005897577777,5.746985306202782,0.0
PRV53946,0.0,3.091042453358316,0.0,9.217415285648144,0.0,6.174876778741106,3.091042453358316,0.6931471805599453,6.174876778741106,0.0
PRV53947,0.0,2.19722457733622,0.0,6.066108090103747,0.0,4.00277736869661,2.19722457733622,0.6931471805599453,4.00277736869661,0.0
PRV53949,0.0,1.791759469228055,0.0,6.566672429803241,0.0,4.962844630259907,1.791759469228055,0.6931471805599453,4.962844630259907,0.0
PRV53950,0.0,5.700443573390687,0.0,11.316070812478936,0.0,5.622586977496478,5.4638318050256105,0.8189359100216856,5.622586977496478,0.0
PRV53951,3.1354942159291497,3.49650756146648,12.259618151783464,9.44311737225863,9.168675219067472,5.979834681625813,3.912023005428146,0.7429086901190091,8.328960867069203,0.4074074074074074
PRV53952,0.0,2.772588722239781,0.0,8.429672593886743,0.0,5.724673833687577,2.6390573296152584,0.7672551527136671,5.724673833687577,0.0
PRV53956,0.0,6.267200548541362,0.0,11.967885250924535,0.0,5.705909488524056,6.12029741895095,0.7694553736232695,5.705909488524056,0.0
PRV53957,0.0,2.772588722239781,0.0,8.801017833540714,0.0,6.095073529727002,2.70805020110221,0.7282385003712154,6.095073529727002,0.0
PRV53958,3.1780538303479458,6.53813982376767,12.269052139516225,12.477095470088136,9.133661204153515,5.943027581426185,5.831882477283517,1.1304528945237684,6.503634988501393,0.032258064516129
PRV53959,4.343805421853684,4.934473933130692,13.672103128869544,10.323217104657996,9.34145634983372,5.400455303969531,5.313205979041787,0.7224175628600586,8.340884177212931,0.3551401869158878
PRV53960,0.0,6.042632833682381,0.0,11.75478085280618,0.0,5.71781060287892,4.7535901911063645,1.5373346185327563,5.71781060287892,0.0
PRV53961,4.584967478670572,3.49650756146648,13.584714047316895,9.773435813175857,9.01012398338122,6.309463629434871,4.8283137373023015,0.7131079231224834,8.746936929005658,0.751937984496124
PRV53963,1.6094379124341005,3.58351893845611,10.950824090522444,9.522300336887486,9.564582358673212,5.969438020207765,3.6375861597263857,0.7198154276421066,7.502625061383417,0.1025641025641025
PRV53964,0.0,4.990432586778736,0.0,10.61719687580895,0.0,5.63713518673097,4.406719247264253,1.0305008628089638,5.63713518673097,0.0
PRV53965,0.0,4.709530201312334,0.0,10.375707473990891,0.0,5.678620054753958,3.5263605246161616,1.466337068793427,5.678620054753958,0.0
PRV53966,0.0,1.0986122886681098,0.0,6.2166061010848646,0.0,5.525452939131784,1.0986122886681098,0.6931471805599453,5.525452939131784,0.0
PRV53967,0.0,1.0986122886681098,0.0,4.61512051684126,0.0,3.9318256327243257,1.0986122886681098,0.6931471805599453,3.9318256327243257,0.0
PRV53968,0.0,3.49650756146648,0.0,8.79497643168877,0.0,5.333925794015404,3.4339872044851463,0.7259370033829363,5.333925794015404,0.0
PRV53969,0.0,4.77912349311153,0.0,10.491024186183038,0.0,5.723585101952381,4.290459441148391,0.9703579531444309,5.723585101952381,0.0
PRV53970,1.3862943611198906,0.6931471805599453,11.082157933374816,5.303304908059076,9.983576412990764,5.303304908059076,1.6094379124341005,0.6931471805599453,9.69898173460629,0.75
PRV53971,0.0,4.634728988229636,0.0,10.008342940638508,0.0,5.387907116023054,4.02535169073515,1.0489126201158372,5.387907116023054,0.0
PRV53972,1.9459101490553128,4.23410650459726,10.463131911491969,9.736310733068626,8.671515285122727,5.520754786257055,4.127134385045092,0.7944009142651183,6.554818513086693,0.081081081081081
PRV53973,0.0,5.14166355650266,0.0,10.717324650785176,0.0,5.585263874420864,4.442651256490317,1.106517468175223,5.585263874420864,0.0
PRV53974,0.0,4.219507705176107,0.0,9.468928284223589,0.0,5.269318855075494,4.0943445622221,0.7587444630457586,5.269318855075494,0.0
PRV53975,0.0,4.262679877041316,0.0,9.340578848899913,0.0,5.098122748219372,3.7612001156935615,0.9808292530117262,5.098122748219372,0.0
PRV53977,0.0,4.189654742026425,0.0,10.004282662571022,0.0,5.832784393917373,3.713572066704308,0.965080896043587,5.832784393917373,0.0
PRV53978,0.0,0.6931471805599453,0.0,4.61512051684126,0.0,4.61512051684126,0.6931471805599453,0.6931471805599453,4.61512051684126,0.0
PRV53979,0.0,4.356708826689592,0.0,10.172407206486922,0.0,5.83150155392069,3.6635616461296463,1.1073459686368643,5.83150155392069,0.0
PRV53980,0.0,3.1354942159291497,0.0,8.224431573221159,0.0,5.139001856767799,2.772588722239781,0.9028677115420144,5.139001856767799,0.0
PRV53981,0.0,3.1354942159291497,0.0,8.478660241699453,0.0,5.391973286256335,3.1354942159291497,0.6931471805599453,5.391973286256335,0.0
PRV53982,0.0,2.302585092994046,0.0,6.888572459565364,0.0,4.6994697542864925,2.302585092994046,0.6931471805599453,4.6994697542864925,0.0
PRV53983,0.0,3.218875824868201,0.0,8.764209507142004,0.0,5.589742425278652,3.1780538303479458,0.7146533857809089,5.589742425278652,0.0
PRV53985,2.19722457733622,5.247024072160486,11.58989576532275,10.921088609106748,9.510519035757246,5.682733568431456,4.143134726391533,1.429693676654446,6.7215296645624205,0.0406091370558375
PRV53986,2.4849066497880004,3.555348061489413,11.264476926102368,9.397732385583245,8.866709848571203,5.874104216216997,3.7612001156935615,0.7282385003712154,7.602068446182051,0.2444444444444444
PRV53988,0.0,3.49650756146648,0.0,8.757940876678804,0.0,5.297066584646384,3.258096538021482,0.8241754429663494,5.297066584646384,0.0
PRV53989,0.6931471805599453,3.295836866004329,9.472781556562168,9.11943049661634,9.472781556562168,5.864068143050975,3.1354942159291497,0.8007778447523107,6.710071886630947,0.037037037037037
PRV53990,1.791759469228055,4.553876891600541,10.66897865021924,9.920885329712547,9.05963375455148,5.382149937618166,4.04305126783455,1.0180734261840974,6.462871862442454,0.0505050505050505
PRV53991,0.0,4.143134726391533,0.0,9.55044884660634,0.0,5.427646393201481,4.060443010546419,0.7360722252769792,5.427646393201481,0.0
PRV53992,0.0,5.501258210544727,0.0,11.380775974222187,0.0,5.88637721817498,4.624972813284271,1.2284239001901005,5.88637721817498,0.0
PRV53993,0.0,5.308267697401205,0.0,10.892489567361864,0.0,5.59289723619426,4.68213122712422,1.0572709485116685,5.59289723619426,0.0
PRV53994,0.0,5.1647859739235145,0.0,10.736418414365376,0.0,5.58111684887774,4.143134726391533,1.3366974199805186,5.58111684887774,0.0
PRV53995,0.0,1.3862943611198906,0.0,6.089044875446846,0.0,4.994957481377026,1.3862943611198906,0.6931471805599453,4.994957481377026,0.0
PRV53996,1.0986122886681098,1.3862943611198906,9.305741456739437,5.968707559985366,8.612685172875459,4.875197323201151,1.791759469228055,0.6931471805599453,7.731492029245684,0.4
PRV53997,0.0,5.153291594497779,0.0,11.159545087980923,0.0,6.014482474020059,4.564348191467836,1.0333717667997089,6.014482474020059,0.0
PRV53999,0.0,0.6931471805599453,0.0,4.110873864173311,0.0,4.110873864173311,0.6931471805599453,0.6931471805599453,4.110873864173311,0.0
PRV54000,0.0,5.332718793265369,0.0,10.650673006578945,0.0,5.327640492042715,4.564348191467836,1.1532333731483349,5.327640492042715,0.0
PRV54001,2.19722457733622,0.0,11.0186455364637,0.0,8.939318740417509,0.0,2.19722457733622,0.6931471805599453,8.939318740417509,1.0
PRV54002,0.0,2.4849066497880004,0.0,7.630946580890459,0.0,5.237891588597214,2.4849066497880004,0.6931471805599453,5.237891588597214,0.0
PRV54004,0.0,2.19722457733622,0.0,6.994849985833071,0.0,4.92180408038964,2.19722457733622,0.6931471805599453,4.92180408038964,0.0
PRV54005,0.0,2.19722457733622,0.0,7.496097345175956,0.0,5.420534999272286,2.19722457733622,0.6931471805599453,5.420534999272286,0.0
PRV54006,0.0,0.6931471805599453,0.0,4.51085950651685,0.0,4.51085950651685,0.6931471805599453,0.6931471805599453,4.51085950651685,0.0
PRV54007,0.0,1.791759469228055,0.0,7.244941546337007,0.0,5.638354669333745,1.791759469228055,0.6931471805599453,5.638354669333745,0.0
PRV54008,0.0,3.9318256327243257,0.0,9.461954755266088,0.0,5.553734478412542,3.737669618283368,0.7972874398125422,5.553734478412542,0.0
PRV54009,0.0,0.6931471805599453,0.0,3.713572066704308,0.0,3.713572066704308,0.6931471805599453,0.6931471805599453,3.713572066704308,0.0
PRV54011,0.0,1.0986122886681098,0.0,4.262679877041316,0.0,3.58351893845611,1.0986122886681098,0.6931471805599453,3.58351893845611,0.0
PRV54012,0.0,2.19722457733622,0.0,8.24301946898925,0.0,6.16541785423142,2.19722457733622,0.6931471805599453,6.16541785423142,0.0
PRV54013,0.0,0.6931471805599453,0.0,4.61512051684126,0.0,4.61512051684126,0.6931471805599453,0.6931471805599453,4.61512051684126,0.0
PRV54014,0.0,1.0986122886681098,0.0,6.018593214496234,0.0,5.327876168789581,1.0986122886681098,0.6931471805599453,5.327876168789581,0.0
PRV54016,0.0,1.6094379124341005,0.0,6.46302945692067,0.0,5.081404364984463,1.6094379124341005,0.6931471805599453,5.081404364984463,0.0
PRV54017,0.0,2.6390573296152584,0.0,7.867488568699128,0.0,5.307124622405337,2.6390573296152584,0.6931471805599453,5.307124622405337,0.0
PRV54019,0.0,1.6094379124341005,0.0,6.803505257608338,0.0,5.420534999272286,1.6094379124341005,0.6931471805599453,5.420534999272286,0.0
PRV54020,0.0,2.079441541679836,0.0,7.62608275807238,0.0,5.683093740597644,1.9459101490553128,0.7731898882334818,5.683093740597644,0.0
PRV54021,0.0,3.044522437723423,0.0,7.591357046698551,0.0,4.605170185988092,2.995732273553991,0.7191226669632059,4.605170185988092,0.0
PRV54023,0.0,2.9444389791664403,0.0,7.630946580890459,0.0,4.748789413763008,2.70805020110221,0.826678573184468,4.748789413763008,0.0
PRV54024,0.0,3.6635616461296463,0.0,9.790934566296798,0.0,6.15541665963447,3.49650756146648,0.7827593392496325,6.15541665963447,0.0
PRV54025,0.0,3.044522437723423,0.0,9.10286651367095,0.0,6.1092475827643655,2.9444389791664403,0.7472144018302211,6.1092475827643655,0.0
PRV54026,0.0,1.3862943611198906,0.0,7.791935956938058,0.0,6.694149432148416,1.3862943611198906,0.6931471805599453,6.694149432148416,0.0
PRV54027,0.0,2.70805020110221,0.0,7.237778191923443,0.0,4.608023254970497,2.19722457733622,1.01160091167848,4.608023254970497,0.0
PRV54028,0.0,1.9459101490553128,0.0,6.580639137284949,0.0,4.795790545596741,1.9459101490553128,0.6931471805599453,4.795790545596741,0.0
PRV54029,0.0,1.0986122886681098,0.0,5.771441123130016,0.0,5.081404364984463,1.0986122886681098,0.6931471805599453,5.081404364984463,0.0
PRV54030,0.0,2.70805020110221,0.0,7.944846711001996,0.0,5.310387090635367,2.70805020110221,0.6931471805599453,5.310387090635367,0.0
PRV54031,0.0,1.791759469228055,0.0,7.7279755421055585,0.0,6.12029741895095,1.791759469228055,0.6931471805599453,6.12029741895095,0.0
PRV54033,0.0,0.6931471805599453,0.0,3.4339872044851463,0.0,3.4339872044851463,0.6931471805599453,0.6931471805599453,3.4339872044851463,0.0
PRV54034,0.0,0.6931471805599453,0.0,4.262679877041316,0.0,4.262679877041316,0.6931471805599453,0.6931471805599453,4.262679877041316,0.0
PRV54036,0.0,4.61512051684126,0.0,10.161650696951378,0.0,5.560296941647445,4.584967478670572,0.7084927502346058,5.560296941647445,0.0
PRV54037,0.0,2.8903717578961645,0.0,9.260177606823357,0.0,6.428485320195109,2.833213344056216,0.723918839226699,6.428485320195109,0.0
PRV54038,0.0,2.995732273553991,0.0,8.67265729404031,0.0,5.731295240378349,2.772588722239781,0.8183103235139513,5.731295240378349,0.0
PRV54039,0.0,3.367295829986474,0.0,8.470311205516108,0.0,5.143749933224436,2.9444389791664403,0.9382696385929304,5.143749933224436,0.0
PRV54040,0.0,1.0986122886681098,0.0,5.525452939131784,0.0,4.836281906951478,1.0986122886681098,0.6931471805599453,4.836281906951478,0.0
PRV54041,0.0,4.189654742026425,0.0,10.47251604450966,0.0,6.299938576312653,3.49650756146648,1.1089750757036565,6.299938576312653,0.0
PRV54043,0.0,1.3862943611198906,0.0,8.61993026886735,0.0,7.521678860751695,1.3862943611198906,0.6931471805599453,7.521678860751695,0.0
PRV54044,0.0,1.9459101490553128,0.0,6.710523109452428,0.0,4.924835304292923,1.9459101490553128,0.6931471805599453,4.924835304292923,0.0
PRV54045,0.0,1.3862943611198906,0.0,5.484796933490655,0.0,4.394449154672439,1.0986122886681098,0.9162907318741552,4.394449154672439,0.0
PRV54046,0.0,0.6931471805599453,0.0,0.0,0.0,0.0,0.6931471805599453,0.6931471805599453,0.0,0.0
PRV54048,0.0,1.6094379124341005,0.0,6.7226297948554485,0.0,5.339939041238856,1.6094379124341005,0.6931471805599453,5.339939041238856,0.0
PRV54049,0.0,4.890349128221754,0.0,10.451637862362272,0.0,5.572614808594165,3.6375861597263857,1.5189808022788491,5.572614808594165,0.0
PRV54050,0.0,0.6931471805599453,0.0,6.2166061010848646,0.0,6.2166061010848646,0.6931471805599453,0.6931471805599453,6.2166061010848646,0.0
PRV54051,1.791759469228055,0.0,10.545367754151744,0.0,8.936035096566041,0.0,1.791759469228055,0.6931471805599453,8.936035096566041,1.0
PRV54052,1.9459101490553128,0.0,11.225256725762891,0.0,9.433563920090563,0.0,1.9459101490553128,0.6931471805599453,9.433563920090563,1.0
PRV54053,0.0,0.6931471805599453,0.0,2.3978952727983707,0.0,2.3978952727983707,0.6931471805599453,0.6931471805599453,2.3978952727983707,0.0
PRV54054,0.6931471805599453,0.0,8.517393171418904,0.0,8.517393171418904,0.0,0.6931471805599453,0.6931471805599453,8.517393171418904,1.0
PRV54055,3.258096538021482,0.0,12.273735966890268,0.0,9.054972284742483,0.0,3.258096538021482,0.6931471805599453,9.054972284742483,1.0
PRV54056,3.091042453358316,0.0,12.190964083849376,0.0,9.146543163300208,0.0,2.772588722239781,0.8754687373538999,9.146543163300208,1.0
PRV54057,0.0,0.6931471805599453,0.0,0.0,0.0,0.0,0.6931471805599453,0.6931471805599453,0.0,0.0
PRV54058,3.58351893845611,0.0,12.556733038263904,0.0,9.001504687497194,0.0,3.555348061489413,0.7077459799810979,9.001504687497194,1.0
PRV54059,2.9444389791664403,0.0,12.055255569732177,0.0,9.164982643586663,0.0,2.9444389791664403,0.6931471805599453,9.164982643586663,1.0
PRV54060,2.833213344056216,0.0,12.00762780434872,0.0,9.235130540783402,0.0,2.833213344056216,0.6931471805599453,9.235130540783402,1.0
PRV54061,1.6094379124341005,2.079441541679836,10.308985993422082,6.154858094016418,8.922791623969637,4.221606341833028,2.3978952727983707,0.7419373447293773,7.926963544862978,0.3636363636363636
PRV54062,1.0986122886681098,2.302585092994046,9.61587214452889,7.912423121473705,8.922791623969637,5.718123591926859,2.3978952727983707,0.7419373447293773,7.385738351262278,0.1818181818181818
PRV54063,0.6931471805599453,2.833213344056216,8.006700845440367,8.634264863002075,8.006700845440367,5.86434115077879,2.6390573296152584,0.8362480242006186,6.230597235224069,0.0588235294117647
PRV54064,2.833213344056216,4.672828834461906,12.095146671399466,10.673618922112436,9.322641744063327,6.012607378408168,4.290459441148391,0.9911920400472728,7.507861015684406,0.1311475409836065
PRV54065,3.218875824868201,4.262679877041316,12.380030154325455,9.832045255081765,9.202072957557755,5.58724865840025,4.276666119016055,0.8432655968592652,7.912423121473705,0.2553191489361702
PRV54066,0.0,5.003946305945459,0.0,10.638520161969526,0.0,5.644825942785808,4.709530201312334,0.8524792191292013,5.644825942785808,0.0
PRV54068,0.0,2.079441541679836,0.0,6.3473892096560105,0.0,4.411932117452786,2.079441541679836,0.6931471805599453,4.411932117452786,0.0
PRV54070,0.0,7.291656209174461,0.0,12.88408334537958,0.0,5.596822559000803,7.071573364211532,0.8093240937113001,5.596822559000803,0.0
PRV54071,2.19722457733622,6.061456918928017,11.264476926102368,11.925174178975013,9.18512512283512,5.868874415107949,5.786897381366708,0.8508081755319483,6.265824325619959,0.018348623853211
PRV54072,1.9459101490553128,3.218875824868201,11.502885230075814,8.801017833540714,9.711176264112805,5.626421353498733,3.295836866004329,0.7672551527136671,8.16687892777292,0.2
PRV54073,2.079441541679836,3.6375861597263857,11.51293546492023,9.70448768268936,9.567085313465029,6.095763688896976,3.367295829986474,0.9444616088408514,7.880890233929349,0.1590909090909091
PRV54074,3.1780538303479458,4.51085950651685,12.672949516558306,10.08125709796202,9.537524263552209,5.58516575825124,4.700480365792417,0.7113294996431357,8.018106653753172,0.2035398230088495
PRV54075,3.49650756146648,7.305188215393037,12.563750586299374,12.927615330603937,9.098123068855145,5.6267038744919216,6.814542897259958,0.9817903294912768,6.131654311055164,0.021066491112574
PRV54076,2.302585092994046,3.784189633918261,11.264476926102368,9.544739031650488,9.067354906294602,5.786540633476656,3.9318256327243257,0.712949807856125,7.478539239297407,0.173076923076923
PRV54077,3.970291913552122,3.218875824868201,13.163507240119458,9.700207901150696,9.212361405235004,6.523562306149512,4.262679877041316,0.7351113796589774,8.863757191604241,0.6842105263157895
PRV54078,3.044522437723423,4.605170185988092,12.170450649220747,9.97025795616998,9.174816815907135,5.379711142469674,4.700480365792417,0.737997746725297,7.4969368622231505,0.1680672268907563
PRV54080,0.0,6.352629396319567,0.0,12.080345009946845,0.0,5.732697209078871,5.568344503761097,1.1617129950360534,5.732697209078871,0.0
PRV54081,2.4849066497880004,1.3862943611198906,11.81303746480054,5.303304908059076,9.415216262784242,4.214593690373678,2.6390573296152584,0.7308875085427923,9.175556657910638,0.7857142857142857
PRV54082,1.791759469228055,1.9459101490553128,10.463131911491969,6.111467339502679,8.853808274977197,4.330733340286331,2.4849066497880004,0.6931471805599453,8.078293507221815,0.4545454545454545
PRV54083,2.19722457733622,5.605802066295998,11.002116507732016,11.208856524867436,8.922791623969637,5.610390503113987,5.159055299214529,0.9603905853344524,6.174823498716201,0.028673835125448
PRV54084,2.19722457733622,3.737669618283368,11.19822841866684,9.138951775888527,9.118882761487349,5.4296665017311385,3.784189633918261,0.760588461355478,7.427022721140971,0.1632653061224489
PRV54085,4.07753744390572,5.176149732573829,13.221305136851797,10.821995823851235,9.160965381656856,5.654997992288809,5.288267030694535,0.7829043613657592,7.8532628743015485,0.2478632478632478
PRV54086,0.0,4.204692619390966,0.0,9.437555622660446,0.0,5.253066386616449,4.110873864173311,0.7419373447293773,5.253066386616449,0.0
PRV54089,2.079441541679836,3.555348061489413,11.23850177707664,9.631088103615504,9.292670571234884,6.106891869071906,3.737669618283368,0.6931471805599453,7.708016315249277,0.1707317073170731
PRV54090,3.49650756146648,5.068904202220232,12.546113507028412,10.590138679352371,9.080487918035994,5.5314864432813895,4.820281565605037,0.9340188351677357,7.431954237635441,0.1684210526315789
PRV54091,0.0,4.727387818712341,0.0,10.03543644366541,0.0,5.321789722733179,4.343805421853684,0.905708622543618,5.321789722733179,0.0
PRV54092,0.0,6.1779441140506,0.0,11.86041535515656,0.0,5.687933352510662,5.996452088619021,0.7882306287002221,5.687933352510662,0.0
PRV54093,3.737669618283368,3.8918202981106265,13.1257596036934,9.49408972140025,9.412267262573671,5.626421353498733,4.465908118654584,0.7104386776700063,8.663419781521661,0.4606741573033708
PRV54096,0.0,2.079441541679836,0.0,6.825460036255307,0.0,4.8860434165105415,2.079441541679836,0.6931471805599453,4.8860434165105415,0.0
PRV54098,2.302585092994046,5.513428746164983,10.952226590708513,11.055972306668728,8.755142155266189,5.5504614101171645,4.574710978503383,1.2992829841302609,6.155521355962866,0.03515625
PRV54099,2.70805020110221,5.318119993844216,11.87757552297847,10.68878082152957,9.238608466439327,5.380169727966185,4.584967478670572,1.1746820074048707,6.764709378886985,0.064516129032258
PRV54101,2.4849066497880004,2.9444389791664403,11.002116507732016,8.66406026722579,8.604387884935699,5.776619798608468,3.367295829986474,0.7108467576593462,7.727367999444972,0.3793103448275862
PRV54102,2.302585092994046,2.70805020110221,11.38510345703214,9.45100945015621,9.187969783621895,6.812973530961712,2.9444389791664403,0.8232003088081431,8.38483378255782,0.391304347826087
PRV54103,2.19722457733622,5.19295685089021,10.968215530759236,10.756433716893,8.888894669371593,5.572833538712309,4.418840607796598,1.187992132337586,6.331720677643826,0.0427807486631016
PRV54106,1.791759469228055,3.555348061489413,11.034905792929417,8.976009475021396,9.425532393502772,5.453811681108848,3.6375861597263857,0.7198154276421066,7.491960037936132,0.1282051282051282
PRV54107,0.0,4.997212273764115,0.0,10.69378412959488,0.0,5.706658154516702,4.867534450455582,0.760588461355478,5.706658154516702,0.0
PRV54109,0.0,2.833213344056216,0.0,8.507344855361422,0.0,5.737781243828331,2.70805020110221,0.7621400520468967,5.737781243828331,0.0
PRV54110,0.0,2.079441541679836,0.0,6.111467339502679,0.0,4.178773241838892,2.079441541679836,0.6931471805599453,4.178773241838892,0.0
PRV54111,4.007333185232471,5.278114659230517,13.214032390746006,10.645448706505872,9.2251450546571,5.37705745102832,5.176149732573829,0.881605173886265,7.770846864284243,0.216867469879518
PRV54112,0.0,3.4657359027997265,0.0,8.79346036105272,0.0,5.3640144904397005,2.9444389791664403,1.001448540214462,5.3640144904397005,0.0
PRV54113,0.0,0.6931471805599453,0.0,4.110873864173311,0.0,4.110873864173311,0.6931471805599453,0.6931471805599453,4.110873864173311,0.0
PRV54114,1.3862943611198906,2.19722457733622,9.90353755128617,7.934155233536322,8.805025252619144,5.857218613545591,2.302585092994046,0.7985076962177716,7.636664400831478,0.2727272727272727
PRV54115,0.0,1.6094379124341005,0.0,5.14166355650266,0.0,3.7727609380946383,1.6094379124341005,0.6931471805599453,3.7727609380946383,0.0
PRV54116,0.0,2.833213344056216,0.0,7.155396301896734,0.0,4.394449154672439,1.6094379124341005,1.6094379124341005,4.394449154672439,0.0
PRV54117,0.0,1.9459101490553128,0.0,5.771441123130016,0.0,3.9951379121386528,1.9459101490553128,0.6931471805599453,3.9951379121386528,0.0
PRV54118,0.0,2.19722457733622,0.0,6.154858094016418,0.0,4.09016919081162,2.19722457733622,0.6931471805599453,4.09016919081162,0.0
PRV54119,0.0,2.70805020110221,0.0,7.591357046698551,0.0,4.958840620906525,2.5649493574615367,0.7731898882334818,4.958840620906525,0.0
PRV54120,0.0,1.0986122886681098,0.0,6.90875477931522,0.0,6.2166061010848646,1.0986122886681098,0.6931471805599453,6.2166061010848646,0.0
PRV54121,0.0,3.8918202981106265,0.0,9.640237896224932,0.0,5.772089926111317,2.995732273553991,1.2602536402245257,5.772089926111317,0.0
PRV54122,0.0,1.6094379124341005,0.0,6.236369590203704,0.0,4.855928904335275,1.6094379124341005,0.6931471805599453,4.855928904335275,0.0
PRV54123,0.0,1.0986122886681098,0.0,4.709530201312334,0.0,4.02535169073515,1.0986122886681098,0.6931471805599453,4.02535169073515,0.0
PRV54124,0.0,1.791759469228055,0.0,6.55250788703459,0.0,4.948759890378168,1.791759469228055,0.6931471805599453,4.948759890378168,0.0
PRV54125,0.0,2.4849066497880004,0.0,8.879193928110318,0.0,6.482690250304124,2.3978952727983707,0.7419373447293773,6.482690250304124,0.0
PRV54127,0.0,3.367295829986474,0.0,9.116139576577355,0.0,5.786897381366708,3.258096538021482,0.7514160886839212,5.786897381366708,0.0
PRV54128,0.0,3.332204510175204,0.0,9.25349564229011,0.0,5.960145863850554,2.302585092994046,1.3862943611198906,5.960145863850554,0.0
PRV54129,0.0,1.791759469228055,0.0,8.045908742270779,0.0,6.437751649736401,1.791759469228055,0.6931471805599453,6.437751649736401,0.0
PRV54130,0.0,4.174387269895637,0.0,9.128153700988236,0.0,4.976086981591735,3.610917912644224,1.0216512475319812,4.976086981591735,0.0
PRV54131,0.0,3.218875824868201,0.0,8.296795865770052,0.0,5.124459888166212,2.5649493574615367,1.0986122886681098,5.124459888166212,0.0
PRV54132,0.0,1.791759469228055,0.0,6.274762021241939,0.0,4.672828834461906,1.791759469228055,0.6931471805599453,4.672828834461906,0.0
PRV54133,0.0,3.258096538021482,0.0,8.177796683277778,0.0,4.96563792816552,3.218875824868201,0.713766467762681,4.96563792816552,0.0
PRV54134,1.0986122886681098,3.7612001156935615,9.210440366976515,9.755625391793744,8.517393171418904,6.020329627504154,3.610917912644224,0.7985076962177716,6.430232542879798,0.0454545454545454
PRV54135,0.0,1.3862943611198906,0.0,5.564520407322694,0.0,4.473541743509655,1.0986122886681098,0.9162907318741552,4.473541743509655,0.0
PRV54136,0.0,3.4339872044851463,0.0,8.932080438103307,0.0,5.534706144612267,2.833213344056216,1.0560526742493137,5.534706144612267,0.0
PRV54139,1.791759469228055,4.553876891600541,10.5713425658087,10.02042578700401,8.962007209588313,5.481259298245568,3.970291913552122,1.0660361182334968,6.432956332173398,0.0505050505050505
PRV54140,0.0,1.9459101490553128,0.0,5.442417710521793,0.0,3.672072335797555,1.9459101490553128,0.6931471805599453,3.672072335797555,0.0
PRV54141,0.0,3.4657359027997265,0.0,9.116139576577355,0.0,5.685443292131194,2.4849066497880004,1.3397743454849975,5.685443292131194,0.0
PRV54142,0.0,3.367295829986474,0.0,9.204422898212146,0.0,5.87493073085203,2.079441541679836,1.6094379124341005,5.87493073085203,0.0
PRV54144,0.0,5.68697535633982,0.0,11.200007632450186,0.0,5.520426369295933,4.6443908991413725,1.3492072924575549,5.520426369295933,0.0
PRV54145,0.0,1.9459101490553128,0.0,8.751632702472298,0.0,6.960663934637539,1.791759469228055,0.7884573603642702,6.960663934637539,0.0
PRV54146,0.0,1.791759469228055,0.0,5.484796933490655,0.0,3.8918202981106265,1.3862943611198906,0.9808292530117262,3.8918202981106265,0.0
PRV54148,0.0,0.6931471805599453,0.0,4.51085950651685,0.0,4.51085950651685,0.6931471805599453,0.6931471805599453,4.51085950651685,0.0
PRV54149,1.791759469228055,2.4849066497880004,10.373522431293592,7.901377353792616,8.764209507142004,5.507177576700295,2.70805020110221,0.7621400520468967,7.682367232524355,0.3125
PRV54150,0.0,3.258096538021482,0.0,9.307557822691544,0.0,6.090857290986017,3.218875824868201,0.713766467762681,6.090857290986017,0.0
PRV54153,1.3862943611198906,2.4849066497880004,10.59665973278358,7.252053951852814,9.498097441615604,4.86122085529873,2.4849066497880004,0.8209805520698302,7.9925583723760605,0.2142857142857142
PRV54154,0.0,2.5649493574615367,0.0,7.403061091090091,0.0,4.924835304292923,2.4849066497880004,0.7375989431307791,4.924835304292923,0.0
PRV54155,0.6931471805599453,3.9318256327243257,9.472781556562168,9.344958673700944,9.472781556562168,5.437209365414655,3.4011973816621555,1.0147308046874075,6.174235349381302,0.0196078431372549
PRV54156,0.0,4.804021044733257,0.0,10.32485881766135,0.0,5.532997421548322,3.8501476017100575,1.28935241592766,5.532997421548322,0.0
PRV54157,0.0,4.875197323201151,0.0,10.239280987394974,0.0,5.376346213444995,3.951243718581428,1.2666713985415,5.376346213444995,0.0
PRV54158,0.0,2.302585092994046,0.0,7.766840537085513,0.0,5.572998626822566,2.302585092994046,0.6931471805599453,5.572998626822566,0.0
PRV54159,0.0,3.555348061489413,0.0,9.575052927597383,0.0,6.0509812890160575,3.1354942159291497,0.9343092373768334,6.0509812890160575,0.0
PRV54160,0.0,2.302585092994046,0.0,8.382747094863314,0.0,6.187351089465179,2.302585092994046,0.6931471805599453,6.187351089465179,0.0
PRV54162,0.0,3.49650756146648,0.0,9.007121989469242,0.0,5.545177444479562,2.9444389791664403,1.0216512475319812,5.545177444479562,0.0
PRV54163,0.0,3.737669618283368,0.0,9.084890521258767,0.0,5.3758428373429945,3.218875824868201,0.9963334395476916,5.3758428373429945,0.0
PRV54164,0.6931471805599453,0.6931471805599453,8.294299608857235,4.61512051684126,8.294299608857235,4.61512051684126,1.0986122886681098,0.6931471805599453,7.62608275807238,0.5
PRV54166,0.0,3.044522437723423,0.0,8.77971129020447,0.0,5.786897381366708,2.8903717578961645,0.7777045685880084,5.786897381366708,0.0
PRV54167,0.0,2.302585092994046,0.0,7.518064181233078,0.0,5.325175654050906,2.19722457733622,0.7537718023763802,5.325175654050906,0.0
PRV54168,0.6931471805599453,4.204692619390966,8.853808274977197,10.216508370253012,8.853808274977197,6.029227321528019,3.688879454113936,0.9998774479824206,6.241613287947327,0.0149253731343283
PRV54171,0.0,4.290459441148391,0.0,9.93986769662888,0.0,5.666618903394139,3.332204510175204,1.2992829841302609,5.666618903394139,0.0
PRV54172,0.0,1.0986122886681098,0.0,4.948759890378168,0.0,4.262679877041316,1.0986122886681098,0.6931471805599453,4.262679877041316,0.0
PRV54173,0.0,2.079441541679836,0.0,6.46302945692067,0.0,4.526436145445588,2.079441541679836,0.6931471805599453,4.526436145445588,0.0
PRV54175,0.0,0.6931471805599453,0.0,4.394449154672439,0.0,4.394449154672439,0.6931471805599453,0.6931471805599453,4.394449154672439,0.0
PRV54176,0.0,2.3978952727983707,0.0,7.421177528595393,0.0,5.123963979403259,2.3978952727983707,0.6931471805599453,5.123963979403259,0.0
PRV54177,0.0,1.0986122886681098,0.0,7.00397413672268,0.0,6.311734809152915,1.0986122886681098,0.6931471805599453,6.311734809152915,0.0
PRV54178,0.0,1.0986122886681098,0.0,4.51085950651685,0.0,3.828641396489095,1.0986122886681098,0.6931471805599453,3.828641396489095,0.0
PRV54179,0.0,0.6931471805599453,0.0,0.0,0.0,0.0,0.6931471805599453,0.6931471805599453,0.0,0.0
PRV54180,0.0,1.0986122886681098,0.0,5.017279836814924,0.0,4.330733340286331,1.0986122886681098,0.6931471805599453,4.330733340286331,0.0
PRV54181,0.0,1.6094379124341005,0.0,5.25227342804663,0.0,3.881563797943437,1.6094379124341005,0.6931471805599453,3.881563797943437,0.0
PRV54182,0.0,1.6094379124341005,0.0,7.467942332285852,0.0,6.083359811812238,1.6094379124341005,0.6931471805599453,6.083359811812238,0.0
PRV54183,0.0,1.0986122886681098,0.0,8.38958706681109,0.0,7.696667081526462,1.0986122886681098,0.6931471805599453,7.696667081526462,0.0
PRV54184,0.0,2.3978952727983707,0.0,8.177796683277778,0.0,5.877735781779639,2.19722457733622,0.8109302162163288,5.877735781779639,0.0
PRV54185,0.0,1.0986122886681098,0.0,5.860786223465865,0.0,5.170483995038151,1.0986122886681098,0.6931471805599453,5.170483995038151,0.0
PRV54186,0.0,2.4849066497880004,0.0,7.456454555176209,0.0,5.064319666969818,2.079441541679836,0.9444616088408514,5.064319666969818,0.0
PRV54187,0.0,0.6931471805599453,0.0,5.303304908059076,0.0,5.303304908059076,0.6931471805599453,0.6931471805599453,5.303304908059076,0.0
PRV54188,0.0,1.6094379124341005,0.0,8.026496938945412,0.0,6.641182169740591,1.6094379124341005,0.6931471805599453,6.641182169740591,0.0
PRV54191,0.0,1.0986122886681098,0.0,5.8888779583328805,0.0,5.198497031265826,1.0986122886681098,0.6931471805599453,5.198497031265826,0.0
PRV54192,0.0,1.0986122886681098,0.0,6.792344427470809,0.0,6.100318952020064,1.0986122886681098,0.6931471805599453,6.100318952020064,0.0
PRV54193,0.0,3.218875824868201,0.0,8.301769763117166,0.0,5.129405496664,2.5649493574615367,1.0986122886681098,5.129405496664,0.0
PRV54194,0.0,2.079441541679836,0.0,8.197263371414335,0.0,6.253004295931675,2.079441541679836,0.6931471805599453,6.253004295931675,0.0
PRV54196,0.0,2.3978952727983707,0.0,8.371242135931933,0.0,6.07073772800249,2.3978952727983707,0.6931471805599453,6.07073772800249,0.0
PRV54197,0.0,2.70805020110221,0.0,6.746412128573375,0.0,4.122515439188797,2.5649493574615367,0.7731898882334818,4.122515439188797,0.0
PRV54198,0.0,1.9459101490553128,0.0,6.19644412779452,0.0,4.4148164574968725,1.9459101490553128,0.6931471805599453,4.4148164574968725,0.0
PRV54199,0.0,0.6931471805599453,0.0,3.713572066704308,0.0,3.713572066704308,0.6931471805599453,0.6931471805599453,3.713572066704308,0.0
PRV54200,2.6390573296152584,0.0,12.061572746745025,0.0,9.496692714575111,0.0,2.6390573296152584,0.6931471805599453,9.496692714575111,1.0
PRV54201,1.6094379124341005,0.0,9.883335864325277,0.0,8.497194544909547,0.0,1.6094379124341005,0.6931471805599453,8.497194544909547,1.0
PRV54202,2.3978952727983707,0.0,11.827743504053696,0.0,9.525224101853109,0.0,2.3978952727983707,0.6931471805599453,9.525224101853109,1.0
PRV54203,0.0,3.951243718581428,0.0,9.467382808295852,0.0,5.539416396168669,3.828641396489095,0.7576857016975165,5.539416396168669,0.0
PRV54204,1.6094379124341005,0.0,11.038126355768451,0.0,9.651880224221337,0.0,1.6094379124341005,0.6931471805599453,9.651880224221337,1.0
PRV54205,2.302585092994046,0.0,11.082157933374816,0.0,8.885056423495103,0.0,2.19722457733622,0.7537718023763802,8.885056423495103,1.0
PRV54206,0.6931471805599453,3.784189633918261,9.210440366976515,9.34145634983372,9.210440366976515,5.583933352624152,3.737669618283368,0.7290791897860087,6.189010531029167,0.0227272727272727
PRV54207,0.0,3.737669618283368,0.0,8.846640813100485,0.0,5.1388068198076775,3.49650756146648,0.8247235383486646,5.1388068198076775,0.0
PRV54208,2.3978952727983707,2.8903717578961645,11.60186082325361,8.488999457045455,9.299358068293836,5.659072211653837,3.218875824868201,0.7537718023763802,8.349755868343447,0.3703703703703703
PRV54209,3.044522437723423,4.882801922586371,11.895469889693825,10.382853468483829,8.899867211223587,5.51167271127081,4.941642422609304,0.7354069898498279,7.078146123628172,0.1324503311258278
PRV54210,0.0,3.044522437723423,0.0,8.436200032206706,0.0,5.444579873526289,2.9444389791664403,0.7472144018302211,5.444579873526289,0.0
PRV54212,0.0,4.007333185232471,0.0,9.386056829718,0.0,5.401508864921024,3.49650756146648,0.9886113934537812,5.401508864921024,0.0
PRV54213,3.091042453358316,3.8501476017100575,11.982935344196433,9.140025198061156,8.938537897880014,5.316199993254392,4.127134385045092,0.741156399746306,7.835248697423972,0.3134328358208955
PRV54215,2.70805020110221,2.8903717578961645,11.863589378812122,7.771067086065406,9.224623593657608,4.944579282282614,3.295836866004329,0.7849547298130681,8.446362226139494,0.4516129032258064
PRV54216,2.3978952727983707,3.688879454113936,11.918397239722838,9.498597279178806,9.61587214452889,5.837879946343973,3.784189633918261,0.760588461355478,8.112068841569911,0.2040816326530612
PRV54217,0.0,3.4339872044851463,0.0,8.568076401730806,0.0,5.172376143190189,2.70805020110221,1.1451323043030026,5.172376143190189,0.0
PRV54219,0.0,4.624972813284271,0.0,9.837935184295892,0.0,5.2281392101443815,3.5263605246161616,1.4013322384844311,5.2281392101443815,0.0
PRV54220,2.19722457733622,3.218875824868201,12.013706813470414,9.91051281747288,9.934307694876017,6.733600284854576,3.4011973816621555,0.7435780341868372,8.663304499059478,0.25
PRV54222,0.0,2.995732273553991,0.0,8.049107721326406,0.0,5.110401241934584,2.4849066497880004,1.003302108863785,5.110401241934584,0.0
PRV54223,0.0,4.31748811353631,0.0,9.70996348123418,0.0,5.410317950241171,3.258096538021482,1.3762440252663892,5.410317950241171,0.0
PRV54224,0.0,3.784189633918261,0.0,9.646076003102594,0.0,5.887588716872799,3.1780538303479458,1.054160526097276,5.887588716872799,0.0
PRV54225,0.0,4.653960350157523,0.0,10.889696061373598,0.0,6.2472242088875936,4.0943445622221,1.0162127569010428,6.2472242088875936,0.0
PRV54226,0.0,2.6390573296152584,0.0,6.634633357861686,0.0,4.085329691125885,2.4849066497880004,0.7801585575495752,4.085329691125885,0.0
PRV54227,0.0,3.9889840465642745,0.0,8.939974177289633,0.0,4.976473461315513,3.871201010907891,0.7550225842780328,4.976473461315513,0.0
PRV54228,3.737669618283368,5.7430031878094825,12.624786269856632,11.53273789613992,8.911345773011176,5.795979560861603,5.293304824724492,1.0216512475319812,7.051343882436528,0.1164772727272727
PRV54230,3.80666248977032,4.418840607796598,12.876465396508989,9.77854771798028,9.092385730687305,5.376406948600691,4.736198448394496,0.7490757332191701,8.084640700781874,0.3492063492063492
PRV54231,0.0,5.25227342804663,0.0,11.125511451119438,0.0,5.881267794281511,4.174387269895637,1.3784511836588649,5.881267794281511,0.0
PRV54232,2.19722457733622,3.555348061489413,11.49782197939291,9.132486932771318,9.418451500456433,5.609687242778167,3.555348061489413,0.8043728156701697,7.850289104917072,0.1904761904761904
PRV54233,0.6931471805599453,1.9459101490553128,8.699681400989514,5.860786223465865,8.699681400989514,4.083171261623976,2.079441541679836,0.6931471805599453,6.811401697881095,0.1428571428571428
PRV54235,0.0,2.833213344056216,0.0,8.361941906144946,0.0,5.59285091394892,2.6390573296152584,0.8023464725249373,5.59285091394892,0.0
PRV54237,0.0,5.459585514144159,0.0,10.869729678852693,0.0,5.418831711515915,4.787491742782046,1.0873445638217674,5.418831711515915,0.0
PRV54238,0.0,5.855071922202427,0.0,11.439182041745086,0.0,5.590708163123714,5.0369526024136295,1.1861681796924293,5.590708163123714,0.0
PRV54239,0.0,4.143134726391533,0.0,9.9513725452567,0.0,5.827141334323142,3.80666248977032,0.879249460193806,5.827141334323142,0.0
PRV54240,0.0,4.290459441148391,0.0,9.575052927597383,0.0,5.303304908059076,3.6375861597263857,1.080429969584919,5.303304908059076,0.0
PRV54242,1.6094379124341005,4.442651256490317,10.239995502805316,10.137412772215017,8.853808274977197,5.709874988655359,4.31748811353631,0.7835312420282143,6.407442384149489,0.0454545454545454
PRV54244,3.912023005428146,5.209486152841421,13.16312328999754,10.92541676143327,9.271395153361564,5.72466187604156,5.247024072160486,0.7985076962177716,7.822488087967685,0.2121212121212121
PRV54245,2.70805020110221,5.075173815233827,11.686887175419702,10.557139982397931,9.04793908261736,5.492336486676739,4.653960350157523,0.9796266070459658,6.8146697903463584,0.0809248554913294
PRV54246,0.0,3.784189633918261,0.0,9.200391041122517,0.0,5.443423949286511,3.332204510175204,0.95265837604503,5.443423949286511,0.0
PRV54247,1.6094379124341005,4.204692619390966,10.239995502805316,9.853824507517029,8.853808274977197,5.6675794259922405,3.8918202981106265,0.8994836135577738,6.51153303795515,0.0571428571428571
PRV54250,0.0,4.143134726391533,0.0,10.022647417705386,0.0,5.898216755247877,4.127134385045092,0.7013104911991063,5.898216755247877,0.0
PRV54251,1.9459101490553128,3.737669618283368,10.950824090522444,9.932609366108146,9.15915233520675,6.220978011283638,3.49650756146648,0.903711949667295,7.409651794949996,0.1276595744680851
PRV54252,0.0,2.8903717578961645,0.0,8.704668113450987,0.0,5.874104216216997,2.833213344056216,0.723918839226699,5.874104216216997,0.0
PRV54253,1.6094379124341005,2.3978952727983707,11.289794413577894,7.955425088912672,9.90353755128617,5.655991810819852,2.6390573296152584,0.7308875085427923,8.685898659048414,0.2857142857142857
PRV54254,0.0,4.653960350157523,0.0,10.049361215025671,0.0,5.409411414053624,3.80666248977032,1.213022639845854,5.409411414053624,0.0
PRV54255,0.0,5.4510384535657,0.0,11.5827406649191,0.0,6.13815520401971,5.043425116919247,0.9188847670512016,6.13815520401971,0.0
PRV54256,1.791759469228055,5.552959584921617,10.5713425658087,11.26550202838201,8.962007209588313,5.719699226978121,4.61512051684126,1.2864740258376797,6.104503523059607,0.0190839694656488
PRV54257,0.0,5.645446897643238,0.0,11.149671785671286,0.0,5.511797354398018,4.90527477843843,1.132845460310352,5.511797354398018,0.0
PRV54258,4.77912349311153,4.795790545596741,13.986097701709772,10.34980665465256,9.21551172322274,5.566115558402678,5.308267697401205,0.7811945050160956,8.540029603956,0.4957983193277311
PRV54259,2.5649493574615367,2.8903717578961645,11.264476926102368,9.38437770918244,8.77971129020447,6.55250788703459,3.295836866004329,0.7492366472109889,8.03947991910045,0.4137931034482758
PRV54261,0.0,4.330733340286331,0.0,10.14608072767165,0.0,5.831491393977789,4.204692619390966,0.7591051483517428,5.831491393977789,0.0
PRV54262,0.6931471805599453,0.0,8.006700845440367,0.0,8.006700845440367,0.0,0.6931471805599453,0.6931471805599453,8.006700845440367,1.0
PRV54263,0.6931471805599453,1.791759469228055,8.294299608857235,6.7580945044277305,8.294299608857235,5.153291594497779,1.9459101490553128,0.6931471805599453,6.698268054115413,0.1666666666666666
PRV54265,0.0,6.008813185442595,0.0,11.634532291721458,0.0,5.631758977457454,5.288267030694535,1.118713467989197,5.631758977457454,0.0
PRV54266,3.091042453358316,3.80666248977032,12.700771936142122,9.321971188147367,9.656310471983629,5.541619987864036,4.0943445622221,0.7427441216993174,8.560090569299351,0.3230769230769231
PRV54267,0.0,5.424950017481403,0.0,11.27670933866749,0.0,5.859019795228217,4.442651256490317,1.3057554986358784,5.859019795228217,0.0
PRV54269,0.0,4.77912349311153,0.0,10.396383394136135,0.0,5.629265901000617,3.295836866004329,1.7117167615545186,5.629265901000617,0.0
PRV54270,0.0,3.555348061489413,0.0,9.334414687078109,0.0,5.81096485911451,3.332204510175204,0.8150369981689822,5.81096485911451,0.0
PRV54271,0.0,3.4011973816621555,0.0,8.738895704934043,0.0,5.376076301287495,2.5649493574615367,1.2286654169163074,5.376076301287495,0.0
PRV54273,0.0,5.459585514144159,0.0,11.184713022138403,0.0,5.732621852406284,4.691347882229144,1.1526795099383853,5.732621852406284,0.0
PRV54274,0.0,3.871201010907891,0.0,9.725616079415785,0.0,5.878212454612355,2.8903717578961645,1.3256697393034558,5.878212454612355,0.0
PRV54275,0.0,0.6931471805599453,0.0,3.9318256327243257,0.0,3.9318256327243257,0.6931471805599453,0.6931471805599453,3.9318256327243257,0.0
PRV54276,1.6094379124341005,4.30406509320417,11.362114203075018,9.603125426926972,9.975854724662028,5.317515459820768,3.58351893845611,1.1631508098056809,7.177950935751299,0.0519480519480519
PRV54278,0.0,4.127134385045092,0.0,9.88791695754517,0.0,5.7800855377855465,3.332204510175204,1.1814999484738773,5.7800855377855465,0.0
PRV54280,0.0,3.044522437723423,0.0,8.858084222199162,0.0,5.865050622252324,2.772588722239781,0.8472978603872036,5.865050622252324,0.0
PRV54282,0.0,2.995732273553991,0.0,8.785845337961213,0.0,5.844154452127295,2.4849066497880004,1.003302108863785,5.844154452127295,0.0
PRV54283,0.0,1.791759469228055,0.0,6.311734809152915,0.0,4.709530201312334,1.791759469228055,0.6931471805599453,4.709530201312334,0.0
PRV54284,2.19722457733622,4.663439094112067,10.968215530759236,10.547995807489514,8.888894669371593,5.896761325924143,3.784189633918261,1.2886558915559745,6.746931943946662,0.0707964601769911
PRV54285,0.0,3.044522437723423,0.0,7.844240718141811,0.0,4.855928904335275,2.833213344056216,0.8109302162163288,4.855928904335275,0.0
PRV54287,0.0,5.049856007249537,0.0,10.542732775946709,0.0,5.503362643782245,4.219507705176107,1.1979847624813134,5.503362643782245,0.0
PRV54288,0.0,2.772588722239781,0.0,8.31898612539206,0.0,5.61434391200896,2.6390573296152584,0.7672551527136671,5.61434391200896,0.0
PRV54289,0.0,4.04305126783455,0.0,9.782505655975346,0.0,5.760252821144262,3.367295829986474,1.0986122886681098,5.760252821144262,0.0
PRV54290,0.0,1.9459101490553128,0.0,8.101980731853192,0.0,6.311734809152915,1.9459101490553128,0.6931471805599453,6.311734809152915,0.0
PRV54291,0.0,2.3978952727983707,0.0,7.444833273892193,0.0,5.147494476813453,2.302585092994046,0.7472144018302211,5.147494476813453,0.0
PRV54293,0.0,1.0986122886681098,0.0,7.83241092718792,0.0,7.13966033596492,1.0986122886681098,0.6931471805599453,7.13966033596492,0.0
PRV54294,0.0,0.6931471805599453,0.0,4.110873864173311,0.0,4.110873864173311,0.6931471805599453,0.6931471805599453,4.110873864173311,0.0
PRV54295,0.0,0.6931471805599453,0.0,8.101980731853192,0.0,8.101980731853192,0.6931471805599453,0.6931471805599453,8.101980731853192,0.0
PRV54296,0.0,4.007333185232471,0.0,9.25540933534376,0.0,5.271478934815119,2.9444389791664403,1.3862943611198906,5.271478934815119,0.0
PRV54297,2.19722457733622,0.0,12.031725210748633,0.0,9.952325334619427,0.0,2.079441541679836,0.7621400520468967,9.952325334619427,1.0
PRV54298,1.3862943611198906,0.0,10.545367754151744,0.0,9.446808094292654,0.0,1.3862943611198906,0.6931471805599453,9.446808094292654,1.0
PRV54299,0.0,1.791759469228055,0.0,7.496097345175956,0.0,5.8888779583328805,1.791759469228055,0.6931471805599453,5.8888779583328805,0.0
PRV54300,0.0,1.9459101490553128,0.0,7.307202314764738,0.0,5.518790689306368,1.9459101490553128,0.6931471805599453,5.518790689306368,0.0
PRV54301,0.0,2.6390573296152584,0.0,8.213652703029998,0.0,5.651949223452076,2.4849066497880004,0.7801585575495752,5.651949223452076,0.0
PRV54302,0.0,0.6931471805599453,0.0,8.101980731853192,0.0,8.101980731853192,0.6931471805599453,0.6931471805599453,8.101980731853192,0.0
PRV54303,0.0,2.833213344056216,0.0,8.548885638148727,0.0,5.779199113940956,2.70805020110221,0.7621400520468967,5.779199113940956,0.0
PRV54304,0.0,0.6931471805599453,0.0,3.9318256327243257,0.0,3.9318256327243257,0.6931471805599453,0.6931471805599453,3.9318256327243257,0.0
PRV54305,0.0,1.9459101490553128,0.0,7.886457270977689,0.0,6.096575031510599,1.791759469228055,0.7884573603642702,6.096575031510599,0.0
PRV54306,0.0,3.5263605246161616,0.0,9.495594499353295,0.0,6.001489882648978,3.367295829986474,0.7786693539981073,6.001489882648978,0.0
PRV54307,0.0,1.0986122886681098,0.0,5.993961427306569,0.0,5.303304908059076,1.0986122886681098,0.6931471805599453,5.303304908059076,0.0
PRV54308,0.0,0.6931471805599453,0.0,4.262679877041316,0.0,4.262679877041316,0.6931471805599453,0.6931471805599453,4.262679877041316,0.0
PRV54309,0.0,3.4011973816621555,0.0,8.725994381014571,0.0,5.363232971752888,2.9444389791664403,0.959775843813894,5.363232971752888,0.0
PRV54310,0.0,2.079441541679836,0.0,5.707110264748875,0.0,3.780937598531884,1.3862943611198906,1.203972804325936,3.780937598531884,0.0
PRV54311,0.0,1.3862943611198906,0.0,4.61512051684126,0.0,3.5361166995615263,1.3862943611198906,0.6931471805599453,3.5361166995615263,0.0
PRV54312,0.0,1.6094379124341005,0.0,5.860786223465865,0.0,4.483002552013883,1.6094379124341005,0.6931471805599453,4.483002552013883,0.0
PRV54313,0.0,2.833213344056216,0.0,8.863757191604241,0.0,6.093287563185636,2.833213344056216,0.6931471805599453,6.093287563185636,0.0
PRV54315,0.0,4.6443908991413725,0.0,10.539296891395203,0.0,5.907264747907258,3.737669618283368,1.2562412328716928,5.907264747907258,0.0
PRV54316,0.0,1.0986122886681098,0.0,5.525452939131784,0.0,4.836281906951478,0.6931471805599453,1.0986122886681098,4.836281906951478,0.0
PRV54317,0.0,3.258096538021482,0.0,8.202756381655638,0.0,4.990432586778736,3.1354942159291497,0.7591051483517428,4.990432586778736,0.0
PRV54319,0.0,0.6931471805599453,0.0,4.61512051684126,0.0,4.61512051684126,0.6931471805599453,0.6931471805599453,4.61512051684126,0.0
PRV54320,0.0,4.634728988229636,0.0,9.987874655796292,0.0,5.36753243556951,3.80666248977032,1.199416987790075,5.36753243556951,0.0
PRV54323,0.0,3.951243718581428,0.0,9.247732491193243,0.0,5.3207117879516455,3.4339872044851463,0.9932517730102832,5.3207117879516455,0.0
PRV54324,3.49650756146648,0.0,12.491255347155263,0.0,9.025635978480434,0.0,3.367295829986474,0.7621400520468967,9.025635978480434,1.0
PRV54325,2.772588722239781,0.0,11.863589378812122,0.0,9.155637763705148,0.0,2.772588722239781,0.6931471805599453,9.155637763705148,1.0
PRV54326,1.791759469228055,0.0,9.90353755128617,0.0,8.294299608857235,0.0,1.6094379124341005,0.8109302162163288,8.294299608857235,1.0
PRV54327,2.6390573296152584,4.060443010546419,12.08391066125752,9.819072801393764,9.519029097725063,5.7790635262358405,3.784189633918261,0.966187703018778,7.934564629171742,0.1857142857142857
PRV54328,2.8903717578961645,4.61512051684126,12.06105265381003,10.042423066556903,9.227931790491876,5.441551534633945,4.605170185988092,0.7801585575495752,7.424190778952476,0.1452991452991453
PRV54330,2.9444389791664403,6.12029741895095,11.891368749982083,11.806497656561913,9.001113422866242,5.6917723145595325,5.921578419643816,0.8192586403228106,6.387677950323519,0.0381355932203389
PRV54332,0.0,6.903747257584598,0.0,12.71641115067315,0.0,5.816647424792549,6.2766434893416445,1.0556431906024637,5.816647424792549,0.0
PRV54333,3.9318256327243257,5.739792912179234,13.212205909556012,11.319716858739207,9.30027247947679,5.58688614253621,5.676753802268282,0.8051863750370767,7.467037678016323,0.1388888888888889
PRV54334,0.0,4.663439094112067,0.0,10.025306875857222,0.0,5.375939564733042,3.912023005428146,1.1451323043030026,5.375939564733042,0.0
PRV54335,2.995732273553991,5.303304908059076,12.111767460549332,11.061798544294122,9.167427377048046,5.766600767048352,5.236441962829949,0.775244542747146,7.023645097962012,0.0867579908675799
PRV54336,2.70805020110221,5.389071729816501,12.025755079404917,11.083080570336517,9.386775590605229,5.701915289124668,4.6443908991413725,1.1794015435954308,6.90901310827275,0.0603448275862069
PRV54337,4.174387269895637,4.454347296253507,13.324489195480057,10.258045256703726,9.165709047830587,5.8183358998591,4.890349128221754,0.7555527467473749,8.366306307125852,0.4295302013422818
PRV54339,2.4849066497880004,4.727387818712341,11.6262630788088,10.369451784390096,9.228457086941868,5.654429652224293,4.23410650459726,1.0327657228705232,7.065335610893051,0.089430894308943
PRV54340,1.3862943611198906,4.543294782270004,10.239995502805316,10.643064971973882,9.141454637606987,6.112658723555151,4.007333185232471,1.0216512475319812,6.591845185073802,0.03125
PRV54341,0.6931471805599453,4.007333185232471,8.006700845440367,9.95089580993112,8.006700845440367,5.964435874720063,3.555348061489413,0.9622758451159784,6.079517048606022,0.0181818181818181
PRV54342,2.079441541679836,3.367295829986474,10.576457535657257,8.533263371593732,8.630700432209832,5.206358706977226,3.555348061489413,0.7077459799810979,7.143730437683085,0.2
PRV54343,0.0,2.8903717578961645,0.0,8.042699496897637,0.0,5.214616013401625,2.833213344056216,0.723918839226699,5.214616013401625,0.0
PRV54344,0.0,3.951243718581428,0.0,9.750977193313805,0.0,5.822059215580574,3.7612001156935615,0.7949298748698875,5.822059215580574,0.0
PRV54345,0.0,5.123963979403259,0.0,10.763863802448526,0.0,5.649374765175783,4.941642422609304,0.7891111688216891,5.649374765175783,0.0
PRV54347,0.0,3.295836866004329,0.0,8.784315349902657,0.0,5.530039401842238,3.258096538021482,0.712949807856125,5.530039401842238,0.0
PRV54348,4.5217885770490405,4.844187086458591,13.729953758926651,10.642587542445344,9.219192286713174,5.809285837253775,5.318119993844216,0.7270487322356266,8.394892246465862,0.4193548387096774
PRV54349,0.0,4.356708826689592,0.0,9.789814808047552,0.0,5.450257813401155,3.332204510175204,1.3485540331370436,5.450257813401155,0.0
PRV54350,4.663439094112067,7.237778191923443,13.877546888732908,12.796829893877126,9.223684278067765,5.563610376236104,6.274762021241939,1.3404479729944718,6.860898528843606,0.0702341137123745
PRV54352,0.0,2.5649493574615367,0.0,7.421177528595393,0.0,4.942832190744893,2.079441541679836,0.9985288301111273,4.942832190744893,0.0
PRV54353,0.0,3.49650756146648,0.0,8.798001694924846,0.0,5.336936937513092,3.4657359027997265,0.7091475219063864,5.336936937513092,0.0
PRV54354,3.258096538021482,4.330733340286331,12.35017731849889,10.261895993101012,9.13140538388804,5.946990057006152,4.499809670330265,0.7531106453275026,7.862189220634332,0.25
PRV54355,1.0986122886681098,2.70805020110221,9.210440366976515,8.304247465078474,8.517393171418904,5.668401997396686,2.3978952727983707,0.9555114450274363,6.778215907627152,0.125
PRV54356,2.772588722239781,2.833213344056216,12.121064714846538,9.364862411412354,9.413090721639504,6.593558100874601,3.218875824868201,0.8292793548845253,8.748821931799846,0.4838709677419355
PRV54357,0.0,2.3978952727983707,0.0,7.692113339595466,0.0,5.393627546352362,2.302585092994046,0.7472144018302211,5.393627546352362,0.0
PRV54358,0.0,3.784189633918261,0.0,9.484253080341963,0.0,5.726241549190214,3.4339872044851463,0.8892620594862357,5.726241549190214,0.0
PRV54359,3.80666248977032,6.102558594613569,13.089842251812335,11.515033242046592,9.305741456739437,5.419145089789747,5.030437921392435,1.4407077828436847,7.08444878305909,0.0897959183673469
PRV54360,0.0,3.6375861597263857,0.0,9.116139576577355,0.0,5.509169470354396,3.49650756146648,0.7683706017975328,5.509169470354396,0.0
PRV54361,2.079441541679836,3.5263605246161616,11.23850177707664,8.941283763647567,9.292670571234884,5.448955390711185,3.332204510175204,0.9088557533866368,7.645875825184813,0.175
PRV54362,0.0,3.9318256327243257,0.0,9.582662261491093,0.0,5.674010316322531,3.6635616461296463,0.8397506547518208,5.674010316322531,0.0
PRV54363,2.5649493574615367,3.970291913552122,11.678448377988165,9.83633227734872,9.19363494340448,5.887811973795312,3.871201010907891,0.8593825996022755,7.667129008284063,0.1875
PRV54365,0.0,4.7535901911063645,0.0,10.34788487064608,0.0,5.606600979816161,4.127134385045092,1.0596101308648405,5.606600979816161,0.0
PRV54367,5.777652323222656,5.752572638825633,14.927664411049008,11.440150450187817,9.15321842075243,5.694118090177618,6.326149473155099,0.7607053315712365,8.502786770825384,0.5062893081761006
PRV54368,1.6094379124341005,4.672828834461906,9.305741456739437,10.444095254586584,7.919719760924575,5.783709065283625,4.59511985013459,0.752570601030746,6.023887733813209,0.0363636363636363
PRV54370,0.0,5.204006687076795,0.0,10.651856550721268,0.0,5.457608717322233,4.736198448394496,0.956191948626341,5.457608717322233,0.0
PRV54371,0.0,3.4657359027997265,0.0,9.0217190130337,0.0,5.59134801306788,3.4339872044851463,0.7096764825111559,5.59134801306788,0.0
PRV54372,3.091042453358316,7.375882148215011,12.250094315624496,13.047641986378483,9.2056675666448,5.675817806287416,6.692083742506628,1.101506646694474,6.033572541833651,0.0129870129870129
PRV54373,0.6931471805599453,2.079441541679836,8.517393171418904,6.7226297948554485,8.517393171418904,4.783913921434162,2.19722457733622,0.6931471805599453,6.592702009734224,0.125
PRV54374,0.0,6.75110146893676,0.0,12.542619879339028,0.0,5.7957302553900965,6.1224928095143865,1.0567213469589496,5.7957302553900965,0.0
PRV54375,2.833213344056216,3.713572066704308,11.78296023574194,9.472012088995733,9.010486009889922,5.786130216004954,3.8918202981106265,0.7731898882334818,7.85253628125592,0.2857142857142857
PRV54377,1.0986122886681098,2.9444389791664403,10.275085591132717,8.321421586897879,9.581972891547895,5.4351765492652335,2.995732273553991,0.7191226669632059,7.4124622217399505,0.1
PRV54378,2.9444389791664403,4.127134385045092,12.138869243416009,9.51125944745996,9.248588389992674,5.40481657790806,4.07753744390572,0.8595379152817054,7.839565465045911,0.2278481012658227
PRV54379,3.367295829986474,4.48863636973214,12.413090879946887,10.453658881643552,9.080996119400371,5.978828225846473,4.574710978503383,0.7922380832041762,7.791757901234642,0.2413793103448276
PRV54380,1.0986122886681098,2.3978952727983707,9.680406499268877,6.846943139585379,8.987321812850125,4.553876891600541,2.4849066497880004,0.7375989431307791,7.253234450160135,0.1666666666666666
PRV54381,2.6390573296152584,4.762173934797756,11.818209214992564,10.22958472526072,9.253348283330787,5.480135923295458,4.8283137373023015,0.7131079231224834,7.144994368623604,0.1007751937984496
PRV54382,4.204692619390966,5.2574953720277815,13.39089474001556,10.835868145559232,9.201339378238693,5.587327091310739,5.3706380281276624,0.7888820789945663,7.917000393540826,0.2568093385214007
PRV54383,0.0,3.4011973816621555,0.0,8.607216694063826,0.0,5.245025706521341,3.1354942159291497,0.8407831793660098,5.245025706521341,0.0
PRV54384,1.0986122886681098,3.295836866004329,10.518700218288163,8.893023494394711,9.825580063659602,5.638354669333745,3.332204510175204,0.7114963192281418,7.366716016461619,0.0714285714285714
PRV54387,0.0,6.030685260261263,0.0,11.641415420881392,0.0,5.616771097666572,5.4638318050256105,1.0173868487455238,5.616771097666572,0.0
PRV54388,1.9459101490553128,4.262679877041316,10.308985993422082,9.843790625278,8.517393171418904,5.598950919603144,4.30406509320417,0.713486864797068,6.467126480022929,0.0789473684210526
PRV54389,0.0,4.04305126783455,0.0,10.149996006155073,0.0,6.126791202283912,3.80666248977032,0.8209805520698302,6.126791202283912,0.0
PRV54390,3.6635616461296463,4.060443010546419,12.727841176689148,9.66529381317554,9.09036480289514,5.625789322128939,4.465908118654584,0.744149735012318,8.219935595055372,0.4
PRV54391,3.091042453358316,5.697093486505405,11.970356641103,11.2801229153614,8.92596077684615,5.590119726822518,5.407171771460119,0.8888917576860407,6.616073604519297,0.0660377358490566
PRV54392,0.0,3.58351893845611,0.0,8.488999457045455,0.0,4.940621493475197,3.5263605246161616,0.7230001437096264,4.940621493475197,0.0
PRV54393,1.791759469228055,4.262679877041316,10.203629181337648,9.956601688185614,8.594339400592892,5.711372643922877,4.158883083359672,0.784118958765672,6.464899781655413,0.0666666666666666
PRV54396,0.6931471805599453,3.784189633918261,9.210440366976515,9.731571668456054,9.210440366976515,5.972862361783632,3.49650756146648,0.8649974374866045,6.415096959171596,0.0227272727272727
PRV54399,2.6390573296152584,5.820082930352362,11.989165855127435,11.533129972286128,9.424291028586948,5.719296429154228,4.976733742420574,1.2306958744666896,6.626315383637505,0.0372492836676217
PRV54400,0.0,4.574710978503383,0.0,10.24106631958382,0.0,5.680101502962357,4.48863636973214,0.7375989431307791,5.680101502962357,0.0
PRV54401,0.0,3.1354942159291497,0.0,8.013343181386672,0.0,4.929228019460922,3.1354942159291497,0.6931471805599453,4.929228019460922,0.0
PRV54402,1.9459101490553128,3.9318256327243257,10.968215530759236,9.712387577930592,9.17654226322596,5.803326104992462,3.9318256327243257,0.7514160886839212,7.194222327877373,0.1071428571428571
PRV54403,0.0,2.5649493574615367,0.0,7.53955882930103,0.0,5.060483099823824,2.4849066497880004,0.7375989431307791,5.060483099823824,0.0
PRV54404,1.0986122886681098,5.579729825986222,8.699681400989514,11.252612095978138,8.006700845440367,5.6800691803568935,5.241747015059643,0.8816552352113988,5.747259587843745,0.0075187969924812
PRV54407,0.0,2.995732273553991,0.0,7.840312983320164,0.0,4.902932856993348,2.833213344056216,0.7827593392496325,4.902932856993348,0.0
PRV54408,1.0986122886681098,4.653960350157523,9.210440366976515,10.672229100017557,8.517393171418904,6.030222875271289,3.367295829986474,1.565635289775707,6.2192388692672615,0.0188679245283018
PRV54409,1.791759469228055,2.70805020110221,10.373522431293592,8.058643712215618,8.764209507142004,5.423690571471096,2.833213344056216,0.7827593392496325,7.5237656134794895,0.2631578947368421
PRV54410,0.0,3.6375861597263857,0.0,9.24483841238375,0.0,5.637392390583587,3.044522437723423,1.0473189942805592,5.637392390583587,0.0
PRV54411,0.6931471805599453,3.091042453358316,7.601402334583733,8.711278615130434,7.601402334583733,5.670045113113062,2.833213344056216,0.8649974374866045,5.9075887449293205,0.0454545454545454
PRV54412,0.0,4.262679877041316,0.0,9.415808631610384,0.0,5.1729161000067645,3.784189633918261,0.966187703018778,5.1729161000067645,0.0
PRV54413,0.0,3.044522437723423,0.0,8.055475141757274,0.0,5.065754593317335,2.70805020110221,0.8873031950009028,5.065754593317335,0.0
PRV54414,0.6931471805599453,3.4011973816621555,9.472781556562168,9.840600999480936,9.472781556562168,6.47479492768433,2.9444389791664403,0.9808292530117262,6.966338603081034,0.0333333333333333
PRV54415,0.0,3.332204510175204,0.0,8.872206756028303,0.0,5.580009311734268,2.833213344056216,0.9886113934537812,5.580009311734268,0.0
PRV54416,0.0,2.8903717578961645,0.0,8.97221007835365,0.0,6.1410248754413645,2.833213344056216,0.723918839226699,6.1410248754413645,0.0
PRV54419,0.0,3.367295829986474,0.0,8.511376306094673,0.0,5.184588601219693,3.332204510175204,0.7114963192281418,5.184588601219693,0.0
PRV54420,0.0,0.6931471805599453,0.0,5.707110264748875,0.0,5.707110264748875,0.6931471805599453,0.6931471805599453,5.707110264748875,0.0
PRV54421,0.0,4.189654742026425,0.0,9.584039577320697,0.0,5.414047013392578,3.4657359027997265,1.13036098698269,5.414047013392578,0.0
PRV54422,0.0,2.772588722239781,0.0,7.919719760924575,0.0,5.216745712854225,2.5649493574615367,0.8109302162163288,5.216745712854225,0.0
PRV54423,0.0,4.543294782270004,0.0,10.02042578700401,0.0,5.491910287630322,3.951243718581428,1.0379876668516748,5.491910287630322,0.0
PRV54424,0.0,1.0986122886681098,0.0,5.017279836814924,0.0,4.330733340286331,1.0986122886681098,0.6931471805599453,4.330733340286331,0.0
PRV54425,1.6094379124341005,2.70805020110221,11.19822841866684,7.170888478512505,9.81197515203002,4.5417738694292975,2.6390573296152584,0.8690378470236095,8.325736704572837,0.2222222222222222
PRV54426,2.302585092994046,2.772588722239781,11.472113887062386,8.387312270561717,9.274972638719497,5.68244533726807,3.044522437723423,0.7884573603642702,8.339003088401732,0.375
PRV54427,0.0,4.143134726391533,0.0,9.370842268630213,0.0,5.248889902572023,3.044522437723423,1.410986973710262,5.248889902572023,0.0
PRV54429,1.3862943611198906,4.143134726391533,10.275085591132717,10.00654040759221,9.17654226322596,5.882153586377248,3.332204510175204,1.2259517110447111,6.669790901338181,0.0461538461538461
PRV54430,0.0,4.174387269895637,0.0,9.465060106725137,0.0,5.311048480901766,3.4339872044851463,1.1420974006078486,5.311048480901766,0.0
PRV54431,0.0,2.302585092994046,0.0,7.365812837209472,0.0,5.173635589200496,2.302585092994046,0.6931471805599453,5.173635589200496,0.0
PRV54432,0.0,1.791759469228055,0.0,7.01301578963963,0.0,5.407171771460119,1.791759469228055,0.6931471805599453,5.407171771460119,0.0
PRV54433,0.0,2.70805020110221,0.0,8.304247465078474,0.0,5.668401997396686,2.5649493574615367,0.7731898882334818,5.668401997396686,0.0
PRV54434,1.0986122886681098,3.713572066704308,9.741027444837728,9.378478484253662,9.04793908261736,5.692890033489777,3.4657359027997265,0.8564722366632449,6.532957928039256,0.0476190476190476
PRV54435,0.0,2.4849066497880004,0.0,8.361941906144946,0.0,5.966379812193154,2.19722457733622,0.8649974374866045,5.966379812193154,0.0
PRV54436,0.0,1.0986122886681098,0.0,7.696667081526462,0.0,7.00397413672268,1.0986122886681098,0.6931471805599453,7.00397413672268,0.0
PRV54437,0.0,2.70805020110221,0.0,8.080546965824498,0.0,5.445505085620045,2.70805020110221,0.6931471805599453,5.445505085620045,0.0
PRV54438,0.0,5.60947179518496,0.0,11.028920269688678,0.0,5.427505702032434,4.59511985013459,1.3285355269676982,5.427505702032434,0.0
PRV54439,0.0,1.3862943611198906,0.0,5.25227342804663,0.0,4.164077900236776,1.3862943611198906,0.6931471805599453,4.164077900236776,0.0
PRV54441,0.0,1.6094379124341005,0.0,6.175867270105761,0.0,4.795790545596741,1.6094379124341005,0.6931471805599453,4.795790545596741,0.0
PRV54442,0.0,4.23410650459726,0.0,10.138599199626192,0.0,5.921736111042077,4.04305126783455,0.7949298748698875,5.921736111042077,0.0
PRV54443,0.0,4.127134385045092,0.0,10.211009016314168,0.0,6.102338524190145,3.951243718581428,0.7866732385707688,6.102338524190145,0.0
PRV54444,0.0,3.332204510175204,0.0,9.187174093944344,0.0,5.893994629340313,3.258096538021482,0.7323678937132266,5.893994629340313,0.0
PRV54448,0.0,3.1780538303479458,0.0,8.812992231969966,0.0,5.680765992805433,3.1780538303479458,0.6931471805599453,5.680765992805433,0.0
PRV54449,0.0,0.6931471805599453,0.0,3.9318256327243257,0.0,3.9318256327243257,0.6931471805599453,0.6931471805599453,3.9318256327243257,0.0
PRV54450,0.0,2.3978952727983707,0.0,8.66406026722579,0.0,6.363028103540465,2.3978952727983707,0.6931471805599453,6.363028103540465,0.0
PRV54451,0.0,2.6390573296152584,0.0,9.025335217553026,0.0,6.461828688284559,2.6390573296152584,0.6931471805599453,6.461828688284559,0.0
PRV54452,0.0,1.791759469228055,0.0,6.255750041753367,0.0,4.653960350157523,1.791759469228055,0.6931471805599453,4.653960350157523,0.0
PRV54454,0.0,5.147494476813453,0.0,10.715328465053778,0.0,5.577432142541591,4.934473933130692,0.8060875917405408,5.577432142541591,0.0
PRV54455,0.0,1.9459101490553128,0.0,7.237778191923443,0.0,5.449606814094262,1.9459101490553128,0.6931471805599453,5.449606814094262,0.0
PRV54456,0.0,2.19722457733622,0.0,7.223295679562314,0.0,5.148946909893768,1.9459101490553128,0.8472978603872036,5.148946909893768,0.0
PRV54457,0.0,2.833213344056216,0.0,7.7057128238944275,0.0,4.939855112035208,2.19722457733622,1.0986122886681098,4.939855112035208,0.0
PRV54459,0.0,2.302585092994046,0.0,8.033009498596668,0.0,5.838378115582362,2.302585092994046,0.6931471805599453,5.838378115582362,0.0
PRV54460,1.791759469228055,0.0,10.757924157061597,0.0,9.148571345578551,0.0,1.791759469228055,0.6931471805599453,9.148571345578551,1.0
PRV54461,2.5649493574615367,0.0,11.93164237875414,0.0,9.446808094292654,0.0,2.5649493574615367,0.6931471805599453,9.446808094292654,1.0
PRV54462,0.0,4.394449154672439,0.0,9.700820421076743,0.0,5.323619549410255,4.330733340286331,0.7259370033829363,5.323619549410255,0.0
PRV54463,0.0,1.3862943611198906,0.0,7.606387389772652,0.0,6.508769136971682,1.3862943611198906,0.6931471805599453,6.508769136971682,0.0
PRV54465,0.0,2.302585092994046,0.0,8.191740021277457,0.0,5.9967284462275225,1.791759469228055,1.029619417181158,5.9967284462275225,0.0
PRV54466,0.0,1.3862943611198906,0.0,4.795790545596741,0.0,3.713572066704308,1.3862943611198906,0.6931471805599453,3.713572066704308,0.0
PRV54467,0.0,2.079441541679836,0.0,7.2305631534092925,0.0,5.288988271259519,1.791759469228055,0.8754687373538999,5.288988271259519,0.0
PRV54468,0.0,3.091042453358316,0.0,7.444833273892193,0.0,4.411932117452786,2.995732273553991,0.7444404749474959,4.411932117452786,0.0
PRV54469,0.0,2.4849066497880004,0.0,8.098946748943339,0.0,5.704085459054823,2.3978952727983707,0.7419373447293773,5.704085459054823,0.0
PRV54471,0.0,3.8501476017100575,0.0,9.723223876851618,0.0,5.897273306275283,3.1780538303479458,1.0986122886681098,5.897273306275283,0.0
PRV54472,0.0,3.49650756146648,0.0,9.69898173460629,0.0,6.23514574963974,2.995732273553991,0.9873866535578852,6.23514574963974,0.0
PRV54473,0.0,2.995732273553991,0.0,9.307557822691544,0.0,6.364750756851911,2.19722457733622,1.2163953243244932,6.364750756851911,0.0
PRV54475,0.0,5.0238805208462765,0.0,10.671765396408588,0.0,5.657958106837213,4.110873864173311,1.2575135712539658,5.657958106837213,0.0
PRV54477,0.0,4.61512051684126,0.0,10.443221281449327,0.0,5.840932312803435,4.110873864173311,0.9808292530117262,5.840932312803435,0.0
PRV54478,0.0,4.174387269895637,0.0,9.980031840175911,0.0,5.824062390511172,3.871201010907891,0.8593825996022755,5.824062390511172,0.0
PRV54479,0.0,2.8903717578961645,0.0,9.0642735958414,0.0,6.232910177159558,2.302585092994046,1.0608719606852626,6.232910177159558,0.0
PRV54480,1.9459101490553128,0.0,10.59665973278358,0.0,8.805025252619144,0.0,1.9459101490553128,0.6931471805599453,8.805025252619144,1.0
PRV54481,0.0,2.19722457733622,0.0,7.544861068658458,0.0,5.469114437490037,2.19722457733622,0.6931471805599453,5.469114437490037,0.0
PRV54482,0.0,1.9459101490553128,0.0,5.916202062607435,0.0,4.137829674161839,1.9459101490553128,0.6931471805599453,4.137829674161839,0.0
PRV54483,0.0,2.6390573296152584,0.0,7.065613363597717,0.0,4.51085950651685,2.4849066497880004,0.7801585575495752,4.51085950651685,0.0
PRV54486,0.0,3.367295829986474,0.0,8.988570876215118,0.0,5.659731064833943,2.995732273553991,0.905708622543618,5.659731064833943,0.0
PRV54489,0.0,2.70805020110221,0.0,8.748463629942055,0.0,6.111467339502679,2.70805020110221,0.6931471805599453,6.111467339502679,0.0
PRV54490,0.0,3.1780538303479458,0.0,7.678326356506885,0.0,4.552961140620794,2.995732273553991,0.7932306391169278,4.552961140620794,0.0
PRV54491,0.0,2.70805020110221,0.0,9.074635189810808,0.0,6.437065700241116,2.3978952727983707,0.8754687373538999,6.437065700241116,0.0
PRV54496,0.0,2.19722457733622,0.0,7.766840537085513,0.0,5.69035945432406,2.079441541679836,0.7621400520468967,5.69035945432406,0.0
PRV54497,1.791759469228055,0.0,10.839600519357369,0.0,9.23024103368252,0.0,1.791759469228055,0.6931471805599453,9.23024103368252,1.0
PRV54498,0.6931471805599453,0.0,9.39274525863144,0.0,9.39274525863144,0.0,0.6931471805599453,0.6931471805599453,9.39274525863144,1.0
PRV54499,0.6931471805599453,0.0,9.305741456739437,0.0,9.305741456739437,0.0,0.6931471805599453,0.6931471805599453,9.305741456739437,1.0
PRV54500,1.0986122886681098,0.0,10.12667110305036,0.0,9.433563920090563,0.0,1.0986122886681098,0.6931471805599453,9.433563920090563,1.0
PRV54501,1.3862943611198906,0.0,10.59665973278358,0.0,9.498097441615604,0.0,1.3862943611198906,0.6931471805599453,9.498097441615604,1.0
PRV54502,1.3862943611198906,0.0,10.915106645867503,0.0,9.816530719513494,0.0,1.3862943611198906,0.6931471805599453,9.816530719513494,1.0
PRV54503,0.6931471805599453,0.0,8.987321812850125,0.0,8.987321812850125,0.0,0.6931471805599453,0.6931471805599453,8.987321812850125,1.0
PRV54504,3.80666248977032,4.343805421853684,12.93940401725705,9.826660502422802,9.15531764384954,5.499968442524144,4.6443908991413725,0.772442783230483,8.195701517084252,0.3666666666666666
PRV54505,1.791759469228055,3.5263605246161616,10.819798284210286,8.545002892055505,9.210440366976515,5.054700508537035,3.218875824868201,0.949080554697146,7.280733442371715,0.131578947368421
PRV54506,1.3862943611198906,4.882801922586371,10.043292972227004,10.42141787803205,8.944767632519909,5.550085466289554,4.330733340286331,1.0248461384285006,6.047760234013841,0.0223880597014925
PRV54507,3.688879454113936,4.262679877041316,12.73670383776449,10.056680631152522,9.073253949766832,5.811140992976701,4.30406509320417,0.9135472459284042,8.111963835332894,0.3577981651376147
PRV54508,0.0,4.51085950651685,0.0,10.404596118238738,0.0,5.907478891034889,4.330733340286331,0.7884573603642702,5.907478891034889,0.0
PRV54509,0.0,1.6094379124341005,0.0,5.525452939131784,0.0,4.151039905898646,1.6094379124341005,0.6931471805599453,4.151039905898646,0.0
PRV54510,0.0,5.010635294096256,0.0,10.627430633893226,0.0,5.627065698986848,4.330733340286331,1.0941579383187292,5.627065698986848,0.0
PRV54511,0.0,3.49650756146648,0.0,9.07004328643746,0.0,5.607867945602985,3.4339872044851463,0.7259370033829363,5.607867945602985,0.0
PRV54514,3.8918202981106265,5.828945617610208,13.229603924694665,11.378376411847729,9.358487351320564,5.556235637871331,5.723585101952381,0.8192741790102579,7.417645581750856,0.1240310077519379
PRV54515,0.0,4.219507705176107,0.0,10.032364379457016,0.0,5.830568531754604,4.204692619390966,0.7006943861953282,5.830568531754604,0.0
PRV54517,0.0,3.828641396489095,0.0,8.64135583403666,0.0,4.842435772525856,2.833213344056216,1.33828514193353,4.842435772525856,0.0
PRV54519,0.0,2.772588722239781,0.0,8.420902531097951,0.0,5.715930608591849,2.3978952727983707,0.9162907318741552,5.715930608591849,0.0
PRV54520,0.0,2.772588722239781,0.0,8.997270906233448,0.0,6.290951665009525,2.4849066497880004,0.8602012652231115,6.290951665009525,0.0
PRV54521,0.0,4.174387269895637,0.0,10.368510046500305,0.0,6.211603589401893,3.688879454113936,0.9711673420999892,6.211603589401893,0.0
PRV54522,0.0,1.0986122886681098,0.0,7.616283561580385,0.0,6.923628628138427,1.0986122886681098,0.6931471805599453,6.923628628138427,0.0
PRV54523,0.0,0.6931471805599453,0.0,4.51085950651685,0.0,4.51085950651685,0.6931471805599453,0.6931471805599453,4.51085950651685,0.0
PRV54524,0.0,3.091042453358316,0.0,7.951911381854188,0.0,4.914404055326688,2.833213344056216,0.8383291904044432,4.914404055326688,0.0
PRV54526,0.0,3.8501476017100575,0.0,9.23317760587894,0.0,5.408924961740679,2.8903717578961645,1.3099213823353166,5.408924961740679,0.0
PRV54528,0.0,3.1780538303479458,0.0,8.650149418664864,0.0,5.5185000169792335,2.302585092994046,1.2685113254635072,5.5185000169792335,0.0
PRV54529,0.0,1.791759469228055,0.0,5.081404364984463,0.0,3.49650756146648,1.791759469228055,0.6931471805599453,3.49650756146648,0.0
PRV54530,0.0,2.6390573296152584,0.0,7.855932199718614,0.0,5.295621428077127,1.6094379124341005,1.4469189829363254,5.295621428077127,0.0
PRV54531,0.6931471805599453,3.4011973816621555,8.517393171418904,9.108418382250798,8.517393171418904,5.744218187682814,3.295836866004329,0.7672551527136671,6.1498917837025004,0.0333333333333333
PRV54535,0.0,3.555348061489413,0.0,8.866581653303996,0.0,5.344864119793391,3.4011973816621555,0.7758388964050587,5.344864119793391,0.0
PRV54536,0.0,2.6390573296152584,0.0,8.495152060539358,0.0,5.932653184189697,2.4849066497880004,0.7801585575495752,5.932653184189697,0.0
PRV54537,0.0,4.110873864173311,0.0,10.019980867971933,0.0,5.928258471204189,3.044522437723423,1.3862943611198906,5.928258471204189,0.0
PRV54538,0.0,3.8918202981106265,0.0,9.967916692691816,0.0,6.098916623926,3.49650756146648,0.9162907318741552,6.098916623926,0.0
PRV54539,0.0,4.248495242049359,0.0,9.805378459425809,0.0,5.575015421903148,3.784189633918261,0.957298755601532,5.575015421903148,0.0
PRV54540,0.0,3.044522437723423,0.0,9.17895289873455,0.0,6.18517928773138,2.995732273553991,0.7191226669632059,6.18517928773138,0.0
PRV54541,1.0986122886681098,1.791759469228055,8.517393171418904,6.957497370876951,7.824445930877619,5.351858133476067,1.9459101490553128,0.7731898882334818,6.7630597579256335,0.2857142857142857
PRV54542,1.791759469228055,2.772588722239781,10.404293143019792,7.791935956938058,8.79497643168877,5.0896518344144805,2.70805020110221,0.8873031950009028,7.479864131165026,0.25
PRV54543,1.3862943611198906,2.70805020110221,10.5713425658087,7.824445930877619,9.472781556562168,5.190573059534934,2.772588722239781,0.7576857016975165,7.800644916837824,0.1764705882352941
PRV54544,0.0,3.367295829986474,0.0,8.566173813637858,0.0,5.2390980068880655,2.19722457733622,1.5040773967762742,5.2390980068880655,0.0
PRV54545,0.0,1.0986122886681098,0.0,5.198497031265826,0.0,4.51085950651685,0.6931471805599453,1.0986122886681098,4.51085950651685,0.0
PRV54546,0.0,1.9459101490553128,0.0,6.814542897259958,0.0,5.028256895446075,1.9459101490553128,0.6931471805599453,5.028256895446075,0.0
PRV54547,0.0,1.3862943611198906,0.0,6.293419278846481,0.0,5.198497031265826,1.3862943611198906,0.6931471805599453,5.198497031265826,0.0
PRV54548,0.0,2.5649493574615367,0.0,7.544861068658458,0.0,5.065754593317335,2.079441541679836,0.9985288301111273,5.065754593317335,0.0
PRV54549,0.0,0.6931471805599453,0.0,3.713572066704308,0.0,3.713572066704308,0.6931471805599453,0.6931471805599453,3.713572066704308,0.0
PRV54550,0.0,3.091042453358316,0.0,8.621733370690162,0.0,5.580807412297393,2.6390573296152584,0.9614111671546248,5.580807412297393,0.0
PRV54551,0.0,2.079441541679836,0.0,7.581209826196346,0.0,5.638354669333745,1.791759469228055,0.8754687373538999,5.638354669333745,0.0
PRV54552,0.0,3.828641396489095,0.0,9.338821533624722,0.0,5.536021069193576,3.367295829986474,0.9582549309731871,5.536021069193576,0.0
PRV54553,0.0,2.9444389791664403,0.0,8.227108234348146,0.0,5.341270422077246,2.5649493574615367,0.9162907318741552,5.341270422077246,0.0
PRV54554,0.0,3.295836866004329,0.0,8.852378886511985,0.0,5.597851996030537,2.19722457733622,1.4469189829363254,5.597851996030537,0.0
PRV54555,1.9459101490553128,0.0,10.839600519357369,0.0,9.04793908261736,0.0,1.9459101490553128,0.6931471805599453,9.04793908261736,1.0
PRV54557,0.0,6.336825731146441,0.0,11.969660200519217,0.0,5.638165357859012,5.575949103146316,1.1456506628459269,5.638165357859012,0.0
PRV54558,2.772588722239781,4.07753744390572,12.100717685412471,9.796514626532025,9.39274525863144,5.73923837326412,4.248495242049359,0.7217205530040014,7.905780016667089,0.2054794520547945
PRV54559,3.218875824868201,3.7612001156935615,12.409017571151187,9.264923249746474,9.231057613564904,5.531128323264383,4.060443010546419,0.7691330875378674,8.261815975725566,0.3636363636363636
PRV54560,3.713572066704308,4.07753744390572,13.030250281476574,9.74572201363806,9.34145634983372,5.688610488682645,4.477336814478207,0.754447706423741,8.482259439365443,0.4081632653061224
PRV54561,3.258096538021482,5.087596335232384,12.28442623513897,10.885022806270683,9.06566136060674,5.806611839341868,4.634728988229636,1.0379876668516748,7.2798970886611665,0.1344086021505376
PRV54562,0.0,5.332718793265369,0.0,10.959731512836925,0.0,5.635413541627566,4.330733340286331,1.3208665557974353,5.635413541627566,0.0
PRV54563,0.0,5.5909869805108565,0.0,11.278101462006626,0.0,5.694211223004606,5.153291594497779,0.9370049362617184,5.694211223004606,0.0
PRV54564,0.0,6.689599269178967,0.0,12.344881960386743,0.0,5.660011449424293,5.802118375377063,1.2335316065674804,5.660011449424293,0.0
PRV54565,3.688879454113936,4.5217885770490405,12.868763195921677,10.091252599948522,9.20529948288834,5.584115797929477,4.672828834461906,0.8003927109135429,8.061875046797594,0.3
PRV54566,3.713572066704308,5.594711379601839,13.435714658591923,11.17970194554807,9.746892220313054,5.592433917153752,5.513428746164983,0.8095797771184573,7.8056545432499105,0.1298701298701298
PRV54567,1.9459101490553128,3.951243718581428,11.58989576532275,8.453401058328458,9.798182590890704,4.532177730177793,3.555348061489413,0.9844989819006886,7.589850381637585,0.1052631578947368
PRV54568,1.791759469228055,3.951243718581428,10.691967639914864,9.17378011666438,9.082620630373812,5.247127266010224,3.8501476017100575,0.7963314167951762,6.865742099091729,0.0892857142857142
PRV54569,2.5649493574615367,3.951243718581428,12.160033942617156,9.817439347910677,9.67518488249235,5.888334657222049,3.7612001156935615,0.9162907318741552,8.10892893123947,0.1904761904761904
PRV54571,1.6094379124341005,2.6390573296152584,10.778977123006351,7.867488568699128,9.39274525863144,5.307124622405337,2.8903717578961645,0.6931471805599453,7.999026965745116,0.2352941176470588
PRV54572,0.0,4.990432586778736,0.0,10.880139342084975,0.0,5.899259131572203,4.770684624465665,0.8099800973800085,5.899259131572203,0.0
PRV54573,0.0,3.1354942159291497,0.0,8.692993531219926,0.0,5.605467785831578,2.70805020110221,0.9444616088408514,5.605467785831578,0.0
PRV54574,0.0,3.58351893845611,0.0,8.962007209588313,0.0,5.411008093300707,3.218875824868201,0.8994836135577738,5.411008093300707,0.0
PRV54575,3.5263605246161616,5.484796933490655,13.010316110729669,10.952226590708513,9.513880134907613,5.475765958600117,5.049856007249537,1.0156980786625502,7.521559903530554,0.1208791208791208
PRV54576,2.70805020110221,1.0986122886681098,11.635151947212842,4.61512051684126,8.996209654210325,3.9318256327243257,2.833213344056216,0.6931471805599453,8.86358039758649,0.875
PRV54577,3.828641396489095,2.833213344056216,13.102162710901052,8.296795865770052,9.295590012834449,5.527939883959956,4.04305126783455,0.7368222440626069,8.9995606463657,0.7377049180327869
PRV54578,0.0,4.356708826689592,0.0,10.091252599948522,0.0,5.7505917046629325,3.6375861597263857,1.125280535750271,5.7505917046629325,0.0
PRV54579,0.0,1.0986122886681098,0.0,7.1631723908466425,0.0,6.470799503782602,1.0986122886681098,0.6931471805599453,6.470799503782602,0.0
PRV54580,0.0,3.4339872044851463,0.0,8.893023494394711,0.0,5.495801171081669,2.995732273553991,0.9473813189441862,5.495801171081669,0.0
PRV54581,0.0,2.4849066497880004,0.0,7.678326356506885,0.0,5.285047897079921,2.302585092994046,0.7985076962177716,5.285047897079921,0.0
PRV54582,0.0,4.276666119016055,0.0,9.850139517034204,0.0,5.591144630475712,3.58351893845611,1.1080910326226534,5.591144630475712,0.0
PRV54585,0.0,4.330733340286331,0.0,10.026633957357836,0.0,5.712411801354255,3.555348061489413,1.1649873576129823,5.712411801354255,0.0
PRV54587,0.0,1.3862943611198906,0.0,5.017279836814924,0.0,3.9318256327243257,1.0986122886681098,0.9162907318741552,3.9318256327243257,0.0
PRV54588,0.0,4.158883083359672,0.0,9.7538848483049,0.0,5.61434391200896,3.871201010907891,0.8503327640823577,5.61434391200896,0.0
PRV54589,0.0,2.4849066497880004,0.0,7.438971592395862,0.0,5.046938001093823,1.791759469228055,1.1631508098056809,5.046938001093823,0.0
PRV54590,0.6931471805599453,4.189654742026425,9.680406499268877,9.44943600950432,9.680406499268877,5.280075059779947,3.555348061489413,1.07880966137193,6.077294671137409,0.0151515151515151
PRV54591,0.0,3.828641396489095,0.0,9.0217190130337,0.0,5.220355825078324,2.70805020110221,1.4384801142904609,5.220355825078324,0.0
PRV54593,0.0,3.58351893845611,0.0,9.302098797215724,0.0,5.749847841499448,3.1354942159291497,0.9520088144762344,5.749847841499448,0.0
PRV54595,0.0,2.4849066497880004,0.0,8.938662873666118,0.0,6.542078904491262,2.302585092994046,0.7985076962177716,6.542078904491262,0.0
PRV54596,0.0,4.174387269895637,0.0,9.71057005652877,0.0,5.555499960085669,3.044522437723423,1.4350845252893227,5.555499960085669,0.0
PRV54597,0.0,2.772588722239781,0.0,8.517393171418904,0.0,5.812138499293826,2.3978952727983707,0.9162907318741552,5.812138499293826,0.0
PRV54598,0.0,2.302585092994046,0.0,6.918695219020472,0.0,4.729352455886506,2.079441541679836,0.826678573184468,4.729352455886506,0.0
PRV54599,0.0,2.8903717578961645,0.0,8.2482674474469,0.0,5.419232746190736,2.4849066497880004,0.9343092373768334,5.419232746190736,0.0
PRV54601,0.0,2.4849066497880004,0.0,6.566672429803241,0.0,4.182743864486579,1.9459101490553128,1.041453874828161,4.182743864486579,0.0
PRV54602,0.0,2.70805020110221,0.0,7.444833273892193,0.0,4.813345121608379,2.6390573296152584,0.7308875085427923,4.813345121608379,0.0
PRV54603,0.0,4.060443010546419,0.0,9.691592993399809,0.0,5.6519965997525645,3.49650756146648,1.022900466932413,5.6519965997525645,0.0
PRV54604,0.0,3.6635616461296463,0.0,9.016876974763385,0.0,5.383770512582292,2.772588722239781,1.2622417124499117,5.383770512582292,0.0
PRV54606,0.0,2.19722457733622,0.0,7.32052696227274,0.0,5.24570741627574,2.19722457733622,0.6931471805599453,5.24570741627574,0.0
PRV54608,0.0,3.5263605246161616,0.0,9.273409063443166,0.0,5.779901410479408,2.3978952727983707,1.4586150226995167,5.779901410479408,0.0
PRV54609,0.0,3.828641396489095,0.0,9.750394646402302,0.0,5.946292828461261,2.70805020110221,1.4384801142904609,5.946292828461261,0.0
PRV54610,0.0,3.828641396489095,0.0,9.579901925737992,0.0,5.77627538668841,3.091042453358316,1.1451323043030026,5.77627538668841,0.0
PRV54611,0.6931471805599453,1.791759469228055,8.294299608857235,6.634633357861686,8.294299608857235,5.030437921392435,1.9459101490553128,0.6931471805599453,6.677503188430633,0.1666666666666666
PRV54612,0.0,2.5649493574615367,0.0,7.02197642307216,0.0,4.546834608975128,1.6094379124341005,1.3862943611198906,4.546834608975128,0.0
PRV54614,0.0,2.772588722239781,0.0,7.273092595999522,0.0,4.574710978503383,2.19722457733622,1.0560526742493137,4.574710978503383,0.0
PRV54615,0.0,1.791759469228055,0.0,5.739792912179234,0.0,4.143134726391533,1.0986122886681098,1.252762968495368,4.143134726391533,0.0
PRV54616,1.0986122886681098,1.3862943611198906,10.043292972227004,5.739792912179234,9.35018926709258,4.647590901872043,1.791759469228055,0.6931471805599453,8.44741429680832,0.4
PRV54618,0.0,3.49650756146648,0.0,9.23024103368252,0.0,5.767539440458952,2.9444389791664403,1.0216512475319812,5.767539440458952,0.0
PRV54619,0.0,3.5263605246161616,0.0,9.181014542594356,0.0,5.687796795958861,3.091042453358316,0.9444616088408514,5.687796795958861,0.0
PRV54620,2.079441541679836,1.9459101490553128,11.19822841866684,7.327123292259293,9.25240045688898,5.538645742616347,2.5649493574615367,0.7339691750802004,8.65404790185152,0.5384615384615384
PRV54621,0.0,0.6931471805599453,0.0,6.803505257608338,0.0,6.803505257608338,0.6931471805599453,0.6931471805599453,6.803505257608338,0.0
PRV54622,0.0,2.3978952727983707,0.0,6.792344427470809,0.0,4.499809670330265,2.19722457733622,0.8109302162163288,4.499809670330265,0.0
PRV54623,0.0,3.784189633918261,0.0,8.991064332188461,0.0,5.235080323701453,2.4849066497880004,1.591088773765904,5.235080323701453,0.0
PRV54624,0.0,2.3978952727983707,0.0,9.228278517107196,0.0,6.926577033222725,2.19722457733622,0.8109302162163288,6.926577033222725,0.0
PRV54625,0.0,2.833213344056216,0.0,8.89439598980643,0.0,6.123862485115446,2.079441541679836,1.1895840668738364,6.123862485115446,0.0
PRV54627,0.0,3.295836866004329,0.0,8.618123909994678,0.0,5.364537165852752,2.6390573296152584,1.0986122886681098,5.364537165852752,0.0
PRV54628,0.0,1.6094379124341005,0.0,7.340186835320115,0.0,5.955837369464831,1.6094379124341005,0.6931471805599453,5.955837369464831,0.0
PRV54629,0.0,1.3862943611198906,0.0,6.364750756851911,0.0,5.269574897682382,1.3862943611198906,0.6931471805599453,5.269574897682382,0.0
PRV54630,0.0,4.454347296253507,0.0,10.153506697855692,0.0,5.714121004272008,3.1780538303479458,1.54663701119507,5.714121004272008,0.0
PRV54633,0.0,2.5649493574615367,0.0,7.266128779556451,0.0,4.788879668056894,1.9459101490553128,1.0986122886681098,4.788879668056894,0.0
PRV54634,0.0,3.49650756146648,0.0,8.717845704894916,0.0,5.2571697982010415,3.1780538303479458,0.8718389693033212,5.2571697982010415,0.0
PRV54635,0.0,3.5263605246161616,0.0,8.79346036105272,0.0,5.301796157018499,2.4849066497880004,1.3862943611198906,5.301796157018499,0.0
PRV54636,0.0,4.343805421853684,0.0,10.184937747111393,0.0,5.857030491566745,3.951243718581428,0.9123614537342656,5.857030491566745,0.0
PRV54637,2.6390573296152584,0.0,12.328294703023394,0.0,9.763398441262446,0.0,2.5649493574615367,0.7339691750802004,9.763398441262446,1.0
PRV54638,1.9459101490553128,0.0,11.31448672129398,0.0,9.522788225073196,0.0,1.9459101490553128,0.6931471805599453,9.522788225073196,1.0
PRV54639,2.6390573296152584,0.0,11.60824473564232,0.0,9.043404462148278,0.0,2.5649493574615367,0.7339691750802004,9.043404462148278,1.0
PRV54640,2.079441541679836,2.5649493574615367,11.184435286790633,7.72356247227797,9.238608466439327,5.243509130053042,2.995732273553991,0.6931471805599453,8.271144573635537,0.3684210526315789
PRV54642,0.0,3.912023005428146,0.0,9.55470991405776,0.0,5.666285445174344,3.8501476017100575,0.7252354951114459,5.666285445174344,0.0
PRV54643,0.0,2.9444389791664403,0.0,9.033722518098909,0.0,6.145377103347974,2.9444389791664403,0.6931471805599453,6.145377103347974,0.0
PRV54644,3.1354942159291497,3.8501476017100575,12.175618592671356,9.818528613308937,9.084684380319477,5.9923337344725685,4.204692619390966,0.7081850579244859,8.046897754893017,0.3235294117647059
PRV54645,0.0,1.0986122886681098,0.0,6.918695219020472,0.0,6.226536669287466,1.0986122886681098,0.6931471805599453,6.226536669287466,0.0
PRV54646,0.0,3.1780538303479458,0.0,9.321971188147367,0.0,6.188442662629574,2.6390573296152584,1.0185695809945732,6.188442662629574,0.0
PRV54649,3.1354942159291497,3.9889840465642745,12.618185607609805,9.478916074688229,9.527212688027548,5.512591512033038,4.30406509320417,0.706752832615724,8.343331746739983,0.2933333333333333
PRV54651,3.091042453358316,4.262679877041316,12.506180941677355,9.987874655796292,9.461732575010332,5.74254520749463,4.477336814478207,0.7158754316375014,8.073139170526897,0.2307692307692307
PRV54652,0.0,3.6635616461296463,0.0,9.394410399304254,0.0,5.759897459322965,3.5263605246161616,0.7661723155748352,5.759897459322965,0.0
PRV54653,3.713572066704308,3.4339872044851463,12.82396003700373,8.815963560853438,9.135185698375423,5.419058984244165,4.127134385045092,0.7643234590278402,8.593651460681123,0.5714285714285714
PRV54656,0.0,3.58351893845611,0.0,9.33970057728189,0.0,5.787335497474483,3.58351893845611,0.6931471805599453,5.787335497474483,0.0
PRV54657,2.8903717578961645,3.4011973816621555,12.567240979056246,8.560444233410552,9.734083382380788,5.198497031265826,3.8501476017100575,0.6931471805599453,8.756778228994184,0.3695652173913043
PRV54658,3.332204510175204,4.07753744390572,12.07254696717504,9.774574052442787,8.77685866071479,5.7173679339017065,4.454347296253507,0.6931471805599453,7.726056951939642,0.3176470588235294
PRV54660,0.0,3.218875824868201,0.0,8.53915035876828,0.0,5.36558653108314,3.091042453358316,0.7621400520468967,5.36558653108314,0.0
PRV54661,1.3862943611198906,2.833213344056216,11.338583982516496,8.343077871169383,10.239995502805316,5.574053367981417,2.995732273553991,0.6931471805599453,8.443138659130128,0.1578947368421052
PRV54662,1.3862943611198906,3.7612001156935615,9.741027444837728,9.058470422638056,8.642532789389376,5.325561888654602,3.80666248977032,0.7044467358138786,6.345051394447482,0.0666666666666666
PRV54664,0.0,1.0986122886681098,0.0,7.090909822079984,0.0,6.398594934535208,1.0986122886681098,0.6931471805599453,6.398594934535208,0.0
PRV54666,0.6931471805599453,1.6094379124341005,9.210440366976515,7.1785454837637,9.210440366976515,5.794536837924666,1.791759469228055,0.6931471805599453,7.724446645633537,0.2
PRV54667,2.302585092994046,5.062595033026967,11.192733974822708,11.068059227434745,8.99561958273555,6.01424450371202,4.204692619390966,1.2570826296398845,6.7146967687755845,0.0542168674698795
PRV54668,0.6931471805599453,5.723585101952381,8.006700845440367,11.440903008922913,8.006700845440367,5.723852932792025,5.568344503761097,0.7758388964050587,5.752219842914406,0.0032679738562091
PRV54670,0.0,5.075173815233827,0.0,10.580784783666008,0.0,5.515885656507918,4.7535901911063645,0.8681959780248202,5.515885656507918,0.0
PRV54671,0.0,1.3862943611198906,0.0,6.825460036255307,0.0,5.729016945834743,0.6931471805599453,1.3862943611198906,5.729016945834743,0.0
PRV54672,0.0,2.3978952727983707,0.0,8.343077871169383,0.0,6.042632833682381,2.079441541679836,0.8873031950009028,6.042632833682381,0.0
PRV54673,0.6931471805599453,0.0,8.699681400989514,0.0,8.699681400989514,0.0,0.6931471805599453,0.6931471805599453,8.699681400989514,1.0
PRV54674,1.3862943611198906,0.0,10.203629181337648,0.0,9.105090961257083,0.0,1.3862943611198906,0.6931471805599453,9.105090961257083,1.0
PRV54675,3.6375861597263857,0.0,12.952762962683588,0.0,9.341930354255576,0.0,3.555348061489413,0.736319352425154,9.341930354255576,1.0
PRV54676,3.713572066704308,0.0,12.835217161355857,0.0,9.14644164612595,0.0,3.610917912644224,0.7472144018302211,9.14644164612595,1.0
PRV54677,0.0,3.332204510175204,0.0,9.69713966113932,0.0,6.40289945477166,2.772588722239781,1.029619417181158,6.40289945477166,0.0
PRV54678,0.0,2.772588722239781,0.0,8.832149906002899,0.0,6.126141117099861,2.079441541679836,1.1451323043030026,6.126141117099861,0.0
PRV54679,0.6931471805599453,0.0,8.853808274977197,0.0,8.853808274977197,0.0,0.6931471805599453,0.6931471805599453,8.853808274977197,1.0
PRV54680,2.9444389791664403,0.0,12.456835254920373,0.0,9.566529642439088,0.0,2.8903717578961645,0.7221347174331976,9.566529642439088,1.0
PRV54681,0.0,5.71042701737487,0.0,11.06336739355144,0.0,5.360948962685869,5.655991810819852,0.7208306093083621,5.360948962685869,0.0
PRV54682,1.9459101490553128,4.51085950651685,10.404293143019792,10.114194083746655,8.612685172875459,5.6179824848528686,4.48863636973214,0.7375989431307791,6.400153619321083,0.0625
PRV54683,0.0,6.137727054086234,0.0,11.726834509168317,0.0,5.594984922384831,6.008813185442595,0.7598385550586176,5.594984922384831,0.0
PRV54684,0.0,4.897839799950911,0.0,10.677315698578214,0.0,5.790006156365854,4.859812404361672,0.7124901434030763,5.790006156365854,0.0
PRV54685,0.0,4.983606621708336,0.0,10.600402625664993,0.0,5.627248928338037,4.941642422609304,0.7145003050305143,5.627248928338037,0.0
PRV54686,2.70805020110221,4.969813299576001,11.571203807011967,10.587114559711914,8.932269110229447,5.627847480380487,4.836281906951478,0.8135933336358124,6.833587530421557,0.0891719745222929
PRV54687,0.0,2.9444389791664403,0.0,9.147507062804614,0.0,6.258943912242243,2.9444389791664403,0.6931471805599453,6.258943912242243,0.0
PRV54688,2.4849066497880004,6.92951677076365,11.870606902224589,12.463273603040784,9.472781556562168,5.538671415469746,6.1779441140506,1.1459824436825947,5.966673334695567,0.0106589147286821
PRV54689,0.0,3.044522437723423,0.0,7.635786861395585,0.0,4.6491870714048655,3.044522437723423,0.6931471805599453,4.6491870714048655,0.0
PRV54690,0.0,6.734591659972948,0.0,12.323682332829266,0.0,5.59400303886034,5.905361848054571,1.1924310438857644,5.59400303886034,0.0
PRV54691,2.079441541679836,4.110873864173311,11.338583982516496,9.568783751310876,9.39274525863144,5.4785534168509695,4.204692619390966,0.7006943861953282,7.291869696490567,0.1044776119402985
PRV54692,3.8918202981106265,3.218875824868201,12.82396003700373,8.493105395887147,8.952885702366713,5.319752647268102,4.143134726391533,0.7707054149058199,8.560550635632332,0.6666666666666666
PRV54693,1.0986122886681098,3.9318256327243257,9.61587214452889,10.123867288027606,8.922791623969637,6.213807778251423,3.951243718581428,0.7029033555053099,6.644940913234261,0.0384615384615384
PRV54694,0.0,5.802118375377063,0.0,11.415984956902712,0.0,5.6205106532783295,5.049856007249537,1.1407237740182363,5.6205106532783295,0.0
PRV54695,0.0,3.9889840465642745,0.0,9.664659134301736,0.0,5.697663160856982,3.9889840465642745,0.6931471805599453,5.697663160856982,0.0
PRV54696,1.9459101490553128,4.189654742026425,11.678448377988165,9.959442464680574,9.886731280384684,5.788076487740788,4.158883083359672,0.7547050735593787,7.581138000531569,0.0845070422535211
PRV54697,0.6931471805599453,2.079441541679836,9.210440366976515,6.78105762593618,9.210440366976515,4.841934833254267,2.19722457733622,0.6931471805599453,7.215975002651466,0.125
PRV54699,0.0,1.6094379124341005,0.0,5.8888779583328805,0.0,4.51085950651685,1.6094379124341005,0.6931471805599453,4.51085950651685,0.0
PRV54701,0.0,1.9459101490553128,0.0,7.1785454837637,0.0,5.390592642657207,1.791759469228055,0.7884573603642702,5.390592642657207,0.0
PRV54703,0.0,2.4849066497880004,0.0,6.493753839851686,0.0,4.110873864173311,2.4849066497880004,0.6931471805599453,4.110873864173311,0.0
PRV54704,0.0,5.087596335232384,0.0,10.707974835338897,0.0,5.630142620342973,4.7535901911063645,0.8754687373538999,5.630142620342973,0.0
PRV54705,3.044522437723423,5.472270673671475,12.00762780434872,10.928471241312758,9.012011377036412,5.464636029930228,4.787491742782046,1.150465650278365,6.752293103982667,0.0778210116731517
PRV54707,0.0,2.302585092994046,0.0,7.155396301896734,0.0,4.964397425602968,2.19722457733622,0.7537718023763802,4.964397425602968,0.0
PRV54708,0.0,2.19722457733622,0.0,7.893945138235959,0.0,5.817111159963204,2.19722457733622,0.6931471805599453,5.817111159963204,0.0
PRV54710,0.0,1.0986122886681098,0.0,6.7580945044277305,0.0,6.066108090103747,1.0986122886681098,0.6931471805599453,6.066108090103747,0.0
PRV54711,0.0,1.0986122886681098,0.0,3.713572066704308,0.0,3.044522437723423,1.0986122886681098,0.6931471805599453,3.044522437723423,0.0
PRV54712,0.0,2.70805020110221,0.0,8.917444732471514,0.0,6.280128280430171,2.6390573296152584,0.7308875085427923,6.280128280430171,0.0
PRV54713,0.0,2.8903717578961645,0.0,7.479299637782834,0.0,4.655080171103212,2.8903717578961645,0.6931471805599453,4.655080171103212,0.0
PRV54714,0.0,2.3978952727983707,0.0,7.816416983691801,0.0,5.517452896464707,2.3978952727983707,0.6931471805599453,5.517452896464707,0.0
PRV54715,0.0,2.995732273553991,0.0,8.837971491357209,0.0,5.896141209322354,2.9444389791664403,0.7205461547480597,5.896141209322354,0.0
PRV54716,0.0,4.955827057601261,0.0,10.57747739755438,0.0,5.632278855093349,4.02535169073515,1.2707814739980463,5.632278855093349,0.0
PRV54717,0.0,1.3862943611198906,0.0,7.783640596221253,0.0,6.68586094706836,1.3862943611198906,0.6931471805599453,6.68586094706836,0.0
PRV54718,3.4011973816621555,0.0,12.618185607609805,0.0,9.25098248825035,0.0,3.218875824868201,0.7922380832041762,9.25098248825035,1.0
PRV54720,2.302585092994046,0.0,11.751950239425476,0.0,9.554788651735354,0.0,2.302585092994046,0.6931471805599453,9.554788651735354,1.0
PRV54723,0.0,4.51085950651685,0.0,10.100328195429285,0.0,5.604166742955266,4.465908118654584,0.7161366987846441,5.604166742955266,0.0
PRV54724,3.8918202981106265,3.1780538303479458,13.100119813444692,8.802522498284421,9.229014912240991,5.670330596974456,4.219507705176107,0.7225610657662386,8.851088670403273,0.676056338028169
PRV54725,0.0,4.762173934797756,0.0,10.454523783963513,0.0,5.70424213910925,4.727387818712341,0.7108467576593462,5.70424213910925,0.0
PRV54726,1.0986122886681098,3.49650756146648,10.203629181337648,8.74687531957003,9.510519035757246,5.2860549899758364,3.555348061489413,0.6931471805599453,6.887672612478639,0.0588235294117647
PRV54727,0.0,4.0943445622221,0.0,10.09703750100326,0.0,6.021886889506402,4.0943445622221,0.6931471805599453,6.021886889506402,0.0
PRV54728,1.0986122886681098,2.302585092994046,9.210440366976515,8.213652703029998,8.517393171418904,6.018593214496234,2.4849066497880004,0.6931471805599453,7.127328829054738,0.1818181818181818
PRV54730,0.0,3.713572066704308,0.0,9.153875834995056,0.0,5.469114437490037,3.688879454113936,0.705886206337375,5.469114437490037,0.0
PRV54734,0.0,4.934473933130692,0.0,10.6659508856554,0.0,5.741887738725617,4.852030263919617,0.7355427395276308,5.741887738725617,0.0
PRV54735,1.791759469228055,3.5263605246161616,10.5713425658087,9.938420239076152,8.962007209588313,6.443456557879665,3.6635616461296463,0.6931471805599453,7.360304836703797,0.131578947368421
PRV54737,2.6390573296152584,3.1354942159291497,11.989165855127435,9.04911472347696,9.424291028586948,5.960536626232925,3.58351893845611,0.6931471805599453,8.485525595803528,0.3714285714285714
PRV54739,3.828641396489095,4.955827057601261,13.301347705172171,10.453081864230466,9.494758791167367,5.5083541212466445,5.198497031265826,0.7096764825111559,8.132219910116847,0.2419354838709677
PRV54741,0.0,5.181783550292085,0.0,10.771658895221004,0.0,5.5991958799924815,5.147494476813453,0.7105389232718144,5.5991958799924815,0.0
PRV54742,5.44673737166631,7.415776975415394,14.731761689054329,13.05970255894584,9.289435977943803,5.648055906999072,6.897704943128636,1.0691984034618165,7.359161434463503,0.1220930232558139
PRV54743,2.079441541679836,4.30406509320417,11.141876276228,9.82395721357932,9.196053078653817,5.537388197178992,4.356708826689592,0.7124403834946241,6.997938703040116,0.0875
PRV54745,2.3978952727983707,6.70808408385307,11.289794413577894,12.281833893127724,8.987321812850125,5.578751352326942,6.220590170099739,0.9743341015240704,5.881018659066877,0.0120772946859903
PRV54747,0.0,3.091042453358316,0.0,8.598035579260339,0.0,5.557195708762502,3.044522437723423,0.7178397931503169,5.557195708762502,0.0
PRV54748,0.0,4.454347296253507,0.0,10.37695392954475,0.0,5.936915183481967,4.430816798843313,0.705123371606661,5.936915183481967,0.0
PRV54753,0.0,2.833213344056216,0.0,8.95944014361693,0.0,6.18877733838767,2.833213344056216,0.6931471805599453,6.18877733838767,0.0
PRV54756,1.3862943611198906,2.833213344056216,9.305741456739437,8.762646029650282,8.207310953201803,5.992401607929322,2.995732273553991,0.6931471805599453,6.820303613692277,0.1578947368421052
PRV54757,2.772588722239781,3.9318256327243257,11.561725152903833,9.41662256621498,8.853808274977197,5.508578292031233,4.189654742026425,0.6931471805599453,7.498571538060005,0.2307692307692307
PRV54758,0.0,4.564348191467836,0.0,10.15389601499835,0.0,5.603671314884519,4.543294782270004,0.7038424696766933,5.603671314884519,0.0
PRV54759,1.791759469228055,3.688879454113936,10.434145214930489,9.318387276059315,8.824824939175638,5.65823065114068,3.80666248977032,0.6931471805599453,6.934308686934653,0.1136363636363636
PRV54760,3.218875824868201,2.079441541679836,12.175618592671356,6.994849985833071,8.997683311386108,5.054424311219917,3.4011973816621555,0.7270487322356266,8.747387953442773,0.7741935483870968
PRV54761,0.0,6.71295620067707,0.0,12.283223483468564,0.0,5.575276090467353,6.182084906716632,0.9939416661042212,5.575276090467353,0.0
PRV54763,0.0,3.555348061489413,0.0,9.37339415841248,0.0,5.8498332114466685,3.5263605246161616,0.7081850579244859,5.8498332114466685,0.0
PRV54764,2.6390573296152584,3.6635616461296463,11.92504173829169,9.312987208936326,9.360171847344992,5.678734535787029,3.8918202981106265,0.723918839226699,8.064334296690733,0.2549019607843137
PRV54765,5.2832037287379885,3.784189633918261,14.5016336271118,9.581972891547895,9.22361715032297,5.823664941484148,5.308267697401205,0.7834698188532311,9.032563618344396,0.8200836820083682
PRV54767,2.19722457733622,4.02535169073515,10.757924157061597,9.621190952360683,8.678631537293768,5.617432036223348,4.143134726391533,0.7011793522572095,6.894058733471908,0.1269841269841269
PRV54768,2.079441541679836,3.258096538021482,11.184435286790633,8.912069097970134,9.238608466439327,5.696422120249909,3.4657359027997265,0.7091475219063864,7.81717244191312,0.21875
PRV54771,2.5649493574615367,4.30406509320417,11.92504173829169,9.9311513565186,9.440207933050148,5.644187573636839,4.394449154672439,0.723918839226699,7.610532412929608,0.1411764705882353
PRV54772,4.700480365792417,7.604396348796338,13.92866154891314,13.355886474376543,9.237410107741171,5.755158351210354,6.967909201801884,1.0964106837530432,6.720277187675226,0.0515366430260047
PRV54773,2.3978952727983707,3.218875824868201,11.95761769646754,8.345455428161928,9.65509029374725,5.172848621346865,3.555348061489413,0.6931471805599453,8.458092407968145,0.2941176470588235
PRV54774,1.791759469228055,6.182084906716632,11.002116507732016,11.87179499903348,9.39274525863144,5.695139294630075,5.579729825986222,1.0467872208035236,6.0338819895355735,0.0102459016393442
PRV54776,1.791759469228055,3.49650756146648,10.308985993422082,8.916103530553727,8.699681400989514,5.454519512108365,3.6375861597263857,0.6931471805599453,6.920831572544832,0.1351351351351351
PRV54778,4.174387269895637,7.383368146992383,13.188152990599754,13.047986753782418,9.029387877588466,5.668696485321129,6.754604099487962,1.0821413280721854,6.393566750206047,0.0382775119617224
PRV54779,2.302585092994046,3.1354942159291497,11.6172944892629,9.177920480720072,9.42014198075244,6.089044875446846,3.4657359027997265,0.6931471805599453,8.267167333493498,0.2903225806451613
PRV54780,0.0,3.091042453358316,0.0,8.507344855361422,0.0,5.466853868371249,3.091042453358316,0.6931471805599453,5.466853868371249,0.0
PRV54781,4.276666119016055,4.90527477843843,13.51575725380498,10.479004810717251,9.253171839111042,5.584898086465049,5.247024072160486,0.7346038942382915,8.239883159163126,0.3463414634146341
PRV54783,0.0,3.367295829986474,0.0,9.929691218032763,0.0,6.598800928397663,3.295836866004329,0.7308875085427923,6.598800928397663,0.0
PRV54784,0.0,2.302585092994046,0.0,7.327123292259293,0.0,5.135144628592843,2.302585092994046,0.6931471805599453,5.135144628592843,0.0
PRV54785,1.0986122886681098,1.9459101490553128,10.085850775128716,7.754052639035757,9.39274525863144,5.964435874720063,2.19722457733622,0.6931471805599453,8.09932650059033,0.25
PRV54786,0.0,7.183111701743281,0.0,12.938202530152251,0.0,5.759007240398948,6.548219102762372,1.0605960148792677,5.759007240398948,0.0
PRV54787,3.218875824868201,3.9889840465642745,12.549665896013254,9.669093450449065,9.37169362233394,5.702082918020119,4.343805421853684,0.6997045811061043,8.260697646303528,0.3116883116883117
PRV54789,1.3862943611198906,0.0,10.308985993422082,0.0,9.210440366976515,0.0,1.3862943611198906,0.6931471805599453,9.210440366976515,1.0
PRV54790,0.0,2.19722457733622,0.0,8.177796683277778,0.0,6.100318952020064,2.19722457733622,0.6931471805599453,6.100318952020064,0.0
PRV54792,0.0,3.1354942159291497,0.0,8.592486175451668,0.0,5.5053315359323625,3.1354942159291497,0.6931471805599453,5.5053315359323625,0.0
PRV54793,0.0,2.3978952727983707,0.0,8.2482674474469,0.0,5.948034989180646,1.791759469228055,1.0986122886681098,5.948034989180646,0.0
PRV54794,0.0,1.3862943611198906,0.0,6.111467339502679,0.0,5.017279836814924,1.3862943611198906,0.6931471805599453,5.017279836814924,0.0
PRV54795,0.0,3.091042453358316,0.0,8.924123891686012,0.0,5.882260676377928,3.091042453358316,0.6931471805599453,5.882260676377928,0.0
PRV54796,0.0,1.0986122886681098,0.0,7.438971592395862,0.0,6.746412128573375,1.0986122886681098,0.6931471805599453,6.746412128573375,0.0
PRV54798,0.0,1.791759469228055,0.0,5.673323267171493,0.0,4.07753744390572,1.791759469228055,0.6931471805599453,4.07753744390572,0.0
PRV54799,0.0,0.6931471805599453,0.0,4.61512051684126,0.0,4.61512051684126,0.6931471805599453,0.6931471805599453,4.61512051684126,0.0
PRV54800,0.0,1.0986122886681098,0.0,6.2166061010848646,0.0,5.525452939131784,1.0986122886681098,0.6931471805599453,5.525452939131784,0.0
PRV54802,0.0,2.8903717578961645,0.0,7.479299637782834,0.0,4.655080171103212,2.8903717578961645,0.6931471805599453,4.655080171103212,0.0
PRV54803,0.0,1.3862943611198906,0.0,7.53955882930103,0.0,6.4420092399890425,1.3862943611198906,0.6931471805599453,6.4420092399890425,0.0
PRV54805,0.0,1.791759469228055,0.0,5.602118820879701,0.0,4.007333185232471,1.791759469228055,0.6931471805599453,4.007333185232471,0.0
PRV54806,0.0,4.330733340286331,0.0,9.495594499353295,0.0,5.183654458227897,4.04305126783455,0.8498456324660022,5.183654458227897,0.0
PRV54808,0.0,3.49650756146648,0.0,9.625161575008372,0.0,6.161471000009063,3.49650756146648,0.6931471805599453,6.161471000009063,0.0
PRV54809,0.0,4.02535169073515,0.0,9.96038759966894,0.0,5.955601825947077,3.9889840465642745,0.7118393135720978,5.955601825947077,0.0
PRV54810,0.0,2.079441541679836,0.0,8.24301946898925,0.0,6.298686607327184,2.079441541679836,0.6931471805599453,6.298686607327184,0.0
PRV54812,2.5649493574615367,0.0,11.95761769646754,0.0,9.472781556562168,0.0,2.5649493574615367,0.6931471805599453,9.472781556562168,1.0
PRV54813,0.0,6.963189985870238,0.0,12.61164108163315,0.0,5.652907752941967,6.568077911411976,0.9103660425164556,5.652907752941967,0.0
PRV54814,0.0,4.418840607796598,0.0,9.942275479743389,0.0,5.539444579552312,4.290459441148391,0.7602864833975739,5.539444579552312,0.0
PRV54817,0.6931471805599453,0.0,8.853808274977197,0.0,8.853808274977197,0.0,0.6931471805599453,0.6931471805599453,8.853808274977197,1.0
PRV54818,1.791759469228055,0.0,10.736418414365376,0.0,9.12706745278236,0.0,1.791759469228055,0.6931471805599453,9.12706745278236,1.0
PRV54819,3.1780538303479458,1.0986122886681098,11.970356641103,4.709530201312334,8.835001655105978,4.02535169073515,3.1780538303479458,0.7357067949787413,8.752328552702807,0.92
PRV54820,0.6931471805599453,0.0,9.39274525863144,0.0,9.39274525863144,0.0,0.6931471805599453,0.6931471805599453,9.39274525863144,1.0
PRV54821,2.079441541679836,0.0,10.5713425658087,0.0,8.62558624713006,0.0,2.079441541679836,0.6931471805599453,8.62558624713006,1.0
PRV54822,2.833213344056216,0.0,11.820417517632333,0.0,9.04793908261736,0.0,2.833213344056216,0.6931471805599453,9.04793908261736,1.0
PRV54824,2.3978952727983707,0.0,11.51293546492023,0.0,9.210440366976515,0.0,2.3978952727983707,0.6931471805599453,9.210440366976515,1.0
PRV54827,0.0,2.8903717578961645,0.0,7.852050207265889,0.0,5.025040838129813,2.5649493574615367,0.8823891801984737,5.025040838129813,0.0
PRV54828,1.3862943611198906,4.060443010546419,11.38510345703214,10.069467984116963,10.286513895120242,6.028785683928649,3.1354942159291497,1.3156767939059373,7.528958810217737,0.05
PRV54829,0.0,4.330733340286331,0.0,9.958969561995133,0.0,5.644975644100115,4.02535169073515,0.8602012652231115,5.644975644100115,0.0
PRV54830,0.6931471805599453,2.3978952727983707,9.472781556562168,6.698268054115413,9.472781556562168,4.406719247264253,2.4849066497880004,0.6931471805599453,7.1360491808056565,0.0909090909090909
PRV54831,1.6094379124341005,2.6390573296152584,10.34177474101152,8.019941687677365,8.955577146281511,5.458930635273341,2.8903717578961645,0.6931471805599453,7.602577526422133,0.2352941176470588
PRV54832,1.791759469228055,4.02535169073515,11.362114203075018,9.13140538388804,9.75272280064639,5.1298987149230735,4.07753744390572,0.7102416139192453,7.370440527420193,0.0833333333333333
PRV54833,0.0,4.48863636973214,0.0,9.852246888342531,0.0,5.379478329859491,3.8918202981106265,1.041453874828161,5.379478329859491,0.0
PRV54834,1.9459101490553128,2.3978952727983707,10.950824090522444,7.741099090035366,9.15915233520675,5.442417710521793,2.772588722239781,0.7259370033829363,8.218045640855179,0.375
PRV54836,0.0,2.19722457733622,0.0,8.131824785007195,0.0,6.054439346269371,2.19722457733622,0.6931471805599453,6.054439346269371,0.0
PRV54837,0.0,7.519692404116539,0.0,13.169363368741545,0.0,5.653722106397902,6.591673732008658,1.2617491590692034,5.653722106397902,0.0
PRV54838,0.0,4.07753744390572,0.0,9.287394001418471,0.0,5.232214403918977,3.4657359027997265,1.0546491652469936,5.232214403918977,0.0
PRV54840,0.0,3.295836866004329,0.0,8.782783017393202,0.0,5.528512917039644,3.091042453358316,0.8056251639866355,5.528512917039644,0.0
PRV54841,1.3862943611198906,1.3862943611198906,10.819798284210286,5.525452939131784,9.721225993942246,4.43477720005941,1.791759469228055,0.7884573603642702,9.033125752550372,0.5
PRV54842,1.3862943611198906,4.852030263919617,9.741027444837728,10.7237298321499,8.642532789389376,5.882312952370087,4.0943445622221,1.1642095711539229,6.176187065439475,0.023076923076923
PRV54845,2.19722457733622,3.5263605246161616,11.472113887062386,8.361941906144946,9.39274525863144,4.8728814351813625,3.610917912644224,0.7602864833975739,7.802558257214832,0.1951219512195122
PRV54846,2.302585092994046,3.5263605246161616,11.6262630788088,8.687948111838727,9.429109926855409,5.196821427656626,3.713572066704308,0.7178397931503169,7.940532968871556,0.2142857142857142
PRV54847,2.3978952727983707,5.659482215759621,11.089820688682371,11.046132675457146,8.787372988731876,5.394675947636578,4.912654885736052,1.1608333116653184,6.073293600104183,0.0337837837837837
PRV54848,3.218875824868201,1.6094379124341005,12.384223015005311,5.602118820879701,9.206265413934153,4.22683374526818,3.295836866004329,0.7308875085427923,9.053260405976348,0.8571428571428571
PRV54849,0.0,2.5649493574615367,0.0,7.372118028337787,0.0,4.894101477840304,2.5649493574615367,0.6931471805599453,4.894101477840304,0.0
PRV54852,0.0,5.198497031265826,0.0,10.8478019283165,0.0,5.658320100579444,4.418840607796598,1.161625256496844,5.658320100579444,0.0
PRV54854,0.0,4.882801922586371,0.0,10.588123616077644,0.0,5.71619871184672,4.02535169073515,1.2184134884807305,5.71619871184672,0.0
PRV54855,0.0,5.3612921657094255,0.0,10.949595287222088,0.0,5.596708402250292,4.867534450455582,0.9720700729218448,5.596708402250292,0.0
PRV54856,0.0,0.6931471805599453,0.0,3.713572066704308,0.0,3.713572066704308,0.6931471805599453,0.6931471805599453,3.713572066704308,0.0
PRV54859,0.0,3.258096538021482,0.0,9.41336284529417,0.0,6.19644412779452,1.9459101490553128,1.642227735257091,6.19644412779452,0.0
PRV54860,0.0,3.091042453358316,0.0,9.552581649917313,0.0,6.509478558113807,2.19722457733622,1.2878542883066382,6.509478558113807,0.0
PRV54861,0.0,3.784189633918261,0.0,8.771990436532242,0.0,5.017279836814924,3.49650756146648,0.8517522107365839,5.017279836814924,0.0
PRV54862,0.0,2.079441541679836,0.0,8.169336395928386,0.0,6.225124040150168,0.6931471805599453,2.079441541679836,6.225124040150168,0.0
PRV54863,0.0,1.9459101490553128,0.0,7.039660349862076,0.0,5.25227342804663,1.9459101490553128,0.6931471805599453,5.25227342804663,0.0
PRV54864,0.0,1.791759469228055,0.0,6.7580945044277305,0.0,5.153291594497779,1.791759469228055,0.6931471805599453,5.153291594497779,0.0
PRV54865,0.0,1.9459101490553128,0.0,6.415096959171596,0.0,4.631487494305465,1.9459101490553128,0.6931471805599453,4.631487494305465,0.0
PRV54866,0.0,1.0986122886681098,0.0,3.713572066704308,0.0,3.044522437723423,1.0986122886681098,0.6931471805599453,3.044522437723423,0.0
PRV54867,0.0,1.3862943611198906,0.0,8.174984532943087,0.0,7.076935307352917,1.3862943611198906,0.6931471805599453,7.076935307352917,0.0
PRV54868,0.0,4.663439094112067,0.0,10.135432259803409,0.0,5.485586978959361,4.5217885770490405,0.7672551527136671,5.485586978959361,0.0
PRV54869,0.0,2.19722457733622,0.0,6.85751406254539,0.0,4.785406236291025,2.19722457733622,0.6931471805599453,4.785406236291025,0.0
PRV54870,0.0,2.19722457733622,0.0,6.985641817639208,0.0,4.912654885736052,2.19722457733622,0.6931471805599453,4.912654885736052,0.0
PRV54871,0.0,2.3978952727983707,0.0,8.089789175789319,0.0,5.7899601708972535,2.19722457733622,0.8109302162163288,5.7899601708972535,0.0
PRV54873,0.0,2.19722457733622,0.0,6.042632833682381,0.0,3.979681653901961,2.19722457733622,0.6931471805599453,3.979681653901961,0.0
PRV54875,3.044522437723423,0.0,12.055255569732177,0.0,9.05963375455148,0.0,2.995732273553991,0.7191226669632059,9.05963375455148,1.0
PRV54876,1.3862943611198906,0.0,10.968215530759236,0.0,9.86963772366073,0.0,1.3862943611198906,0.6931471805599453,9.86963772366073,1.0
PRV54877,0.0,4.262679877041316,0.0,10.17698195427706,0.0,5.9311077465670845,4.158883083359672,0.7472144018302211,5.9311077465670845,0.0
PRV54878,0.6931471805599453,2.772588722239781,8.517393171418904,8.352554369474591,8.517393171418904,5.6477998399052645,2.772588722239781,0.7259370033829363,6.360438546633731,0.0625
PRV54879,4.110873864173311,5.225746673713202,13.288387855281217,10.885959206069424,9.194143237073613,5.669041801212015,5.288267030694535,0.8081061533397097,7.87414144523878,0.2448979591836734
PRV54881,3.5263605246161616,1.9459101490553128,12.580050526513531,8.24564690087386,9.08365303772953,6.455198563340122,3.688879454113936,0.6931471805599453,8.929639005805088,0.8461538461538461
PRV54882,3.49650756146648,5.402677381872279,12.6410997921206,11.013385913221205,9.175464207588751,5.618842172406671,5.3981627015177525,0.7654678421395714,7.287687698414647,0.1264822134387351
PRV54883,0.6931471805599453,0.0,9.472781556562168,0.0,9.472781556562168,0.0,0.6931471805599453,0.6931471805599453,9.472781556562168,1.0
PRV54885,3.610917912644224,5.638354669333745,12.765691290604371,11.02518140064756,9.182272346862913,5.394925405067961,5.66988092298052,0.7388017699184094,7.172346856665866,0.1139240506329113
PRV54886,0.0,2.302585092994046,0.0,8.97979449089521,0.0,6.783576836236893,2.302585092994046,0.6931471805599453,6.783576836236893,0.0
PRV54887,0.0,4.969813299576001,0.0,10.795096171764786,0.0,5.835158282272535,4.844187086458591,0.7584294726503611,5.835158282272535,0.0
PRV54888,0.0,6.025865973825314,0.0,11.70256186957951,0.0,5.682516792144346,5.783825182329737,0.8218443763970074,5.682516792144346,0.0
PRV54889,2.079441541679836,3.912023005428146,11.38510345703214,9.439943018351132,9.439261486696005,5.551930737535543,3.8918202981106265,0.7731898882334818,7.493913634781259,0.125
PRV54890,1.6094379124341005,4.30406509320417,10.968215530759236,9.700207901150696,9.581972891547895,5.414150252278065,4.356708826689592,0.6931471805599453,6.873365475573877,0.0519480519480519
PRV54891,1.9459101490553128,3.80666248977032,11.184435286790633,9.33970057728189,9.39274525863144,5.559282050661104,3.80666248977032,0.7591051483517428,7.4197402304679745,0.12
PRV54892,0.0,3.912023005428146,0.0,9.275285060616564,0.0,5.387952848580893,3.8501476017100575,0.7252354951114459,5.387952848580893,0.0
PRV54893,0.0,2.19722457733622,0.0,7.5126175446745105,0.0,5.436991761235796,2.19722457733622,0.6931471805599453,5.436991761235796,0.0
PRV54894,4.934473933130692,4.5217885770490405,14.364614720407303,10.14096783995039,9.437440145085484,5.633650807420724,5.3471075307174685,0.7398846584116353,8.945560835006306,0.6026200873362445
PRV54895,1.3862943611198906,8.141481041457421,10.87806606028079,13.82011095986983,9.7794915060378,5.68233159197606,7.293017679772782,1.2056731958255862,5.732702488877324,0.0008731082654249
PRV54896,4.04305126783455,4.6443908991413725,13.28957298843418,10.16049132133844,9.264314355817278,5.529698738315268,5.030437921392435,0.7159123913329576,8.263750894358479,0.3522012578616352
PRV54898,2.302585092994046,0.0,11.184435286790633,0.0,8.987321812850125,0.0,2.302585092994046,0.6931471805599453,8.987321812850125,1.0
PRV54900,0.0,2.70805020110221,0.0,8.157943507105037,0.0,5.522603122441024,2.70805020110221,0.6931471805599453,5.522603122441024,0.0
PRV54901,2.19722457733622,2.8903717578961645,11.472113887062386,8.982309899088579,9.39274525863144,6.151104335854914,3.258096538021482,0.6931471805599453,8.333126112083821,0.32
PRV54902,0.6931471805599453,2.772588722239781,8.517393171418904,8.484876589939695,8.517393171418904,5.779714179623215,2.772588722239781,0.7259370033829363,6.423246963533519,0.0625
PRV54903,2.079441541679836,0.0,10.950824090522444,0.0,9.005019197238754,0.0,1.9459101490553128,0.7731898882334818,9.005019197238754,1.0
PRV54904,0.0,2.995732273553991,0.0,8.983565234427923,0.0,6.0413818953156015,2.995732273553991,0.6931471805599453,6.0413818953156015,0.0
PRV54905,1.6094379124341005,4.983606621708336,10.59665973278358,10.587114559711914,9.210440366976515,5.614008664970661,4.74493212836325,0.8359555837832692,6.282943930840021,0.0268456375838926
PRV54906,2.19722457733622,2.70805020110221,11.695255355062796,8.875007486048396,9.61587214452889,6.237766433565344,3.1354942159291497,0.6931471805599453,8.662253326512444,0.3636363636363636
PRV54907,0.0,5.14166355650266,0.0,11.0007823069704,0.0,5.867800280277712,4.795790545596741,0.8823891801984737,5.867800280277712,0.0
PRV54908,0.0,4.7535901911063645,0.0,10.44088694523715,0.0,5.699279598284732,4.700480365792417,0.7202981696258961,5.699279598284732,0.0
PRV54909,2.19722457733622,2.995732273553991,11.350418300109132,8.488999457045455,9.271059107010888,5.548256580649396,3.332204510175204,0.6931471805599453,8.110471738882259,0.2962962962962963
PRV54910,1.3862943611198906,5.3612921657094255,9.90353755128617,11.016676418156251,8.805025252619144,5.663549929018324,5.030437921392435,0.8814813272082939,5.932738557794127,0.013953488372093
PRV54911,0.0,4.454347296253507,0.0,10.147256921643994,0.0,5.707891667406335,4.418840607796598,0.711274565152502,5.707891667406335,0.0
PRV54914,2.70805020110221,5.963579343618446,11.599112335481124,11.551482496397046,8.960174263715237,5.594193865574285,5.3981627015177525,1.039312546386818,6.274152828029193,0.0348258706467661
PRV54916,2.833213344056216,4.5217885770490405,12.013706813470414,9.83900236330972,9.24120899563865,5.332931118761151,4.605170185988092,0.7327563186549911,7.449084726059965,0.1495327102803738
PRV54917,2.772588722239781,3.1354942159291497,11.599112335481124,8.146419323098003,8.891190565319938,5.061443622421925,3.610917912644224,0.706940502692281,8.019675025749775,0.4054054054054054
PRV54918,4.276666119016055,4.564348191467836,13.632790121628451,10.642109884868974,9.370194274569084,6.090476002703629,4.941642422609304,0.7858378434767199,8.570021090827462,0.4277108433734939
PRV54919,1.6094379124341005,5.1647859739235145,10.239995502805316,10.565427823471362,8.853808274977197,5.410824696572725,5.049856007249537,0.7647173730611972,5.929887927341444,0.0224719101123595
PRV54923,0.0,4.382026634673881,0.0,10.322230781590136,0.0,5.955345348396404,4.060443010546419,0.8696036179015019,5.955345348396404,0.0
PRV54924,3.091042453358316,5.030437921392435,12.367345048436391,10.69695506835746,9.322907713112482,5.676483398012274,4.976733742420574,0.7890884743012799,7.3870830773069,0.1213872832369942
PRV54925,3.688879454113936,4.430816798843313,13.030250281476574,10.03762501146536,9.3667719650255,5.622363318103364,4.584967478670572,0.814360751313118,8.275418130058947,0.319672131147541
PRV54926,2.19722457733622,3.688879454113936,11.23850177707664,9.171703488361263,9.15915233520675,5.512083756049649,3.828641396489095,0.7151260872787206,7.508075364542202,0.1702127659574468
PRV54927,0.0,4.634728988229636,0.0,10.025749432069084,0.0,5.4052354920310135,4.553876891600541,0.7348198769605133,5.4052354920310135,0.0
PRV54929,2.772588722239781,2.4849066497880004,12.165255859329688,8.636042325254618,9.45727857185611,6.239921360941605,3.295836866004329,0.6931471805599453,8.936186886933715,0.5769230769230769
PRV54930,1.791759469228055,5.332718793265369,10.165890277802454,11.120934175903928,8.556606193773073,5.796087260171497,5.231108616854587,0.7581896069739891,6.096859422365084,0.0236966824644549
PRV54931,3.218875824868201,3.367295829986474,12.396697137361691,8.785845337961213,9.218738343427225,5.45776014095706,3.9318256327243257,0.712949807856125,8.472324558750355,0.4615384615384615
PRV54932,0.6931471805599453,4.07753744390572,7.601402334583733,9.860632242229698,7.601402334583733,5.803159608290794,4.0943445622221,0.6931471805599453,5.88511484179838,0.0169491525423728
PRV54933,3.4011973816621555,3.58351893845611,12.495007682693725,8.732465848349879,9.127816715730024,5.182585796624723,3.9889840465642745,0.7918820212456342,8.3593105564993,0.453125
PRV54934,2.9444389791664403,3.9889840465642745,12.04355959836804,9.097283649683886,9.153287834884036,5.132797267677085,4.060443010546419,0.8089789960850671,7.83246679435815,0.2535211267605634
PRV54935,1.3862943611198906,4.465908118654584,8.006700845440367,9.915959454031448,6.90875477931522,5.465800697175728,4.356708826689592,0.7681823665028594,5.569244690289081,0.0337078651685393
PRV54936,4.882801922586371,4.51085950651685,13.925620676380198,10.057538227363054,9.050539792013858,5.561535966821444,5.3471075307174685,0.7214509567227971,8.548333135473014,0.5927601809954751
PRV54937,1.3862943611198906,3.5263605246161616,10.12667110305036,9.329100707697023,9.028138807982804,5.83543078225719,3.610917912644224,0.6931471805599453,6.91594388288769,0.0833333333333333
PRV54938,0.0,4.465908118654584,0.0,10.147648679072809,0.0,5.696625138982988,4.465908118654584,0.6931471805599453,5.696625138982988,0.0
PRV54939,0.0,7.2305631534092925,0.0,12.918534589301927,0.0,5.692071657858567,7.059617628291383,0.7823416129034553,5.692071657858567,0.0
PRV54941,0.0,2.9444389791664403,0.0,8.515391569469609,0.0,5.62842015488377,2.9444389791664403,0.6931471805599453,5.62842015488377,0.0
PRV54942,3.044522437723423,4.709530201312334,12.73080413304066,10.23892353814896,9.735128070758227,5.542332492347331,4.787491742782046,0.7383294033531783,7.943127348652745,0.1538461538461538
PRV54943,1.0986122886681098,3.091042453358316,9.798182590890704,8.603554357064281,9.105090961257083,5.562694256340403,3.091042453358316,0.7396671961948381,6.928111887499737,0.0869565217391304
PRV54944,0.0,4.795790545596741,0.0,10.561551448966805,0.0,5.777136194178941,4.7535901911063645,0.7146533857809089,5.777136194178941,0.0
PRV54945,0.0,3.6375861597263857,0.0,8.691314551644853,0.0,5.086427818281128,3.610917912644224,0.706940502692281,5.086427818281128,0.0
PRV54946,0.0,4.5217885770490405,0.0,10.426468994072131,0.0,5.918273314383548,4.5217885770490405,0.6931471805599453,5.918273314383548,0.0
PRV54947,0.0,3.295836866004329,0.0,8.939974177289633,0.0,5.685148395111308,3.218875824868201,0.7339691750802004,5.685148395111308,0.0
PRV54949,3.7612001156935615,5.916202062607435,12.948012371209098,11.563057585456228,9.210440366976515,5.653058008497868,5.929589143389895,0.7413022224469925,7.151181068431789,0.1019417475728155
PRV54950,1.791759469228055,2.6390573296152584,11.170449240431308,8.38958706681109,9.561067663645012,5.827360651808011,2.9444389791664403,0.6931471805599453,8.340429494399627,0.2777777777777778
PRV54952,2.5649493574615367,4.927253685157205,11.863589378812122,10.587871447425917,9.378760190267132,5.671314578922344,4.997212273764115,0.6999268675453241,7.106710654214873,0.0805369127516778
PRV54953,0.0,4.634728988229636,0.0,10.247112717290388,0.0,5.625714939228046,4.442651256490317,0.7949298748698875,5.625714939228046,0.0
PRV54954,0.0,4.276666119016055,0.0,9.802616942151154,0.0,5.543801057552662,4.276666119016055,0.6931471805599453,5.543801057552662,0.0
PRV54955,5.327876168789581,4.700480365792417,14.55649554458269,10.515722897840558,9.233582796133224,5.827298282004954,5.707110264748875,0.7162124534909414,8.824679764523253,0.6528662420382165
PRV54959,2.079441541679836,4.48863636973214,10.950824090522444,10.292518354180867,9.005019197238754,5.8181252559835865,4.532599493153256,0.7093200398055463,6.815235938003839,0.0736842105263157
PRV54960,0.0,5.267858159063328,0.0,10.847412906506923,0.0,5.588451094447537,5.236441962829949,0.7090626358658447,5.588451094447537,0.0
PRV54963,0.6931471805599453,4.204692619390966,9.472781556562168,9.727406483331627,9.472781556562168,5.541619987864036,4.219507705176107,0.6931471805599453,6.0988118936796,0.0149253731343283
PRV54965,2.302585092994046,4.59511985013459,11.695255355062796,10.357139468227569,9.498097441615604,5.775248475911262,4.663439094112067,0.702625924514489,7.256086162072699,0.0841121495327102
PRV54966,0.0,7.493873886783559,0.0,13.126377310784392,0.0,5.636629303455477,7.162397497355718,0.8726849334003008,5.636629303455477,0.0
PRV54967,0.0,3.951243718581428,0.0,9.995200360459329,0.0,6.065653048232044,3.951243718581428,0.6931471805599453,6.065653048232044,0.0
PRV54968,2.3978952727983707,3.688879454113936,11.6262630788088,9.669093450449065,9.32375833901174,6.007930795368955,3.737669618283368,0.7862376036259572,7.86694128322137,0.2040816326530612
PRV54970,1.9459101490553128,5.429345628954441,10.434145214930489,11.186793582143247,8.642532789389376,5.764970123569802,5.198497031265826,0.8304907420708224,6.123950597415217,0.0257510729613733
PRV54971,3.970291913552122,5.934894195619588,13.021439671201302,11.396739902673568,9.070308777863646,5.468709070424613,5.247024072160486,1.1847414423980485,7.140565708023793,0.1212121212121212
PRV54972,0.0,4.143134726391533,0.0,9.738082108118489,0.0,5.614539871328432,4.04305126783455,0.7453329337305156,5.614539871328432,0.0
PRV54973,2.302585092994046,4.795790545596741,10.66897865021924,10.161264387744689,8.471940097764385,5.378360074221573,4.820281565605037,0.7172447321390059,6.282179805494456,0.0697674418604651
PRV54975,0.0,4.890349128221754,0.0,10.50399847517414,0.0,5.624782993676192,4.812184355372417,0.7333132222852801,5.624782993676192,0.0
PRV54976,0.0,4.02535169073515,0.0,9.900533192709691,0.0,5.895904336048448,3.9889840465642745,0.7118393135720978,5.895904336048448,0.0
PRV54977,1.791759469228055,3.8918202981106265,11.264476926102368,9.318387276059315,9.65509029374725,5.45139604341396,3.737669618283368,0.8297227155656961,7.4282659266003055,0.0943396226415094
PRV54978,0.0,5.583496308781699,0.0,11.370912490923256,0.0,5.7942208866934175,4.844187086458591,1.132425653033888,5.7942208866934175,0.0
PRV54981,4.406719247264253,2.70805020110221,13.608487618541492,8.224431573221159,9.21413685989098,5.588852507982224,4.51085950651685,0.7205461547480597,9.059303261011456,0.8526315789473684
PRV54982,0.0,3.6375861597263857,0.0,9.381010986029276,0.0,5.773123633832301,3.5263605246161616,0.7519876805828787,5.773123633832301,0.0
PRV54983,0.0,4.844187086458591,0.0,10.64877641749902,0.0,5.815456352370619,4.762173934797756,0.7353475350503218,5.815456352370619,0.0
PRV54985,0.0,5.41164605185504,0.0,11.056288107779814,0.0,5.652615047573211,5.318119993844216,0.7412333672275832,5.652615047573211,0.0
PRV54986,5.0369526024136295,6.144185634125646,14.246189118611888,11.9518962686356,9.215850002648892,5.812845803850062,6.297109319933935,0.7609092826607642,7.916131225525464,0.2475728155339805
PRV54988,0.0,3.737669618283368,0.0,9.568783751310876,0.0,5.858002838466624,3.737669618283368,0.6931471805599453,5.858002838466624,0.0
PRV54990,1.6094379124341005,2.833213344056216,10.66897865021924,8.188966863648876,9.282754052485227,5.420534999272286,3.044522437723423,0.6931471805599453,7.754052639035757,0.2
PRV54991,0.0,4.875197323201151,0.0,9.960859832393998,0.0,5.099397274637081,4.836281906951478,0.712949807856125,5.099397274637081,0.0
PRV54992,0.0,2.9444389791664403,0.0,9.368283850042138,0.0,6.479362666230268,2.8903717578961645,0.7221347174331976,6.479362666230268,0.0
PRV54993,2.19722457733622,3.828641396489095,12.065666245536809,9.402694764470512,9.986264978993695,5.599655765447303,3.8918202981106265,0.7439195059333685,8.163064867315974,0.1509433962264151
PRV54995,0.0,2.833213344056216,0.0,8.709630081951286,0.0,5.939513141475882,2.833213344056216,0.6931471805599453,5.939513141475882,0.0
PRV54997,1.791759469228055,3.4011973816621555,10.373522431293592,8.958154135209242,8.764209507142004,5.594454969344024,3.1354942159291497,0.9343092373768334,7.065362164118891,0.1470588235294117
PRV54998,4.0943445622221,5.003946305945459,13.180634172318978,10.420523850078832,9.103206156181606,5.427684696077649,4.875197323201151,0.9525484798967792,7.909642055011736,0.2850241545893719
PRV54999,1.3862943611198906,2.079441541679836,10.59665973278358,6.846943139585379,9.498097441615604,4.907388944130765,2.3978952727983707,0.6931471805599453,8.31752199628717,0.3
PRV55000,4.465908118654584,6.520621127558696,13.794594330845912,12.137370803118724,9.34033382742868,5.621842688430522,6.56244409369372,0.7326670547048648,7.331194014996616,0.112565445026178
PRV55001,0.0,5.068904202220232,0.0,10.63106031411106,0.0,5.572250287832858,5.0369526024136295,0.7093549907867988,5.572250287832858,0.0
PRV55002,0.0,4.61512051684126,0.0,10.205848855956967,0.0,5.604330395684541,4.543294782270004,0.7300906957516295,5.604330395684541,0.0
PRV55003,1.791759469228055,4.276666119016055,10.929547069355774,10.001113231320568,9.320180837655714,5.741602785529707,4.30406509320417,0.713486864797068,6.932781597118968,0.0657894736842105
PRV55004,1.3862943611198906,7.781973234434385,10.545367754151744,13.408460694794885,9.446808094292654,5.630496475279033,6.900730664045173,1.229157034840766,5.684576001429785,0.0012505210504376
PRV55005,4.04305126783455,4.31748811353631,13.122365377402328,9.72800257300116,9.097123680397647,5.428278203128129,4.859812404361672,0.7009293210020002,8.288089606643176,0.4307692307692308
PRV55006,1.3862943611198906,3.6635616461296463,9.852246888342531,9.81197515203002,8.753739851753249,6.176414226308206,3.737669618283368,0.6931471805599453,6.81293522294997,0.073170731707317
PRV55007,0.0,2.70805020110221,0.0,8.11102783819368,0.0,5.475865644589334,2.6390573296152584,0.7308875085427923,5.475865644589334,0.0
PRV55010,0.0,5.66988092298052,0.0,11.103467395592086,0.0,5.4413686126496605,4.969813299576001,1.105580957984203,5.4413686126496605,0.0
PRV55011,0.0,4.04305126783455,0.0,9.528866827722943,0.0,5.507506868528272,4.007333185232471,0.7114963192281418,5.507506868528272,0.0
PRV55012,0.0,4.30406509320417,0.0,9.893487720457795,0.0,5.606657864379893,4.248495242049359,0.7217205530040014,5.606657864379893,0.0
PRV55013,0.0,4.430816798843313,0.0,9.787009914477434,0.0,5.372765212091438,4.3694478524670215,0.7246955382948712,5.372765212091438,0.0
PRV55016,0.0,4.990432586778736,0.0,10.54904509800314,0.0,5.569232951388066,4.465908118654584,0.9923900754128022,5.569232951388066,0.0
PRV55018,4.158883083359672,2.5649493574615367,13.324489195480057,8.279189777195004,9.18145577098132,5.797070409079758,4.290459441148391,0.713766467762681,9.013538479332224,0.84
PRV55019,5.068904202220232,4.852030263919617,14.418897678272636,10.2653838414975,9.356388513633547,5.42557419393554,5.402677381872279,0.8283739677697127,8.78214788998306,0.5543859649122806
PRV55022,4.343805421853684,4.127134385045092,13.465954500233115,9.380167531188448,9.13532753711636,5.27434375770759,4.820281565605037,0.7484972756431102,8.562832062487448,0.5547445255474452
PRV55023,3.555348061489413,3.4339872044851463,12.919024904363686,9.405166749908611,9.39274525863144,6.0063531596017325,3.970291913552122,0.8023464725249373,8.789636300946222,0.53125
PRV55024,1.3862943611198906,3.784189633918261,9.798182590890704,9.614538010517382,8.699681400989514,5.8561375233688615,3.828641396489095,0.7041970167465301,6.576409012533839,0.0652173913043478
PRV55026,0.0,5.60947179518496,0.0,11.250404188176947,0.0,5.648119481908945,5.480638923341991,0.7599060382721939,5.648119481908945,0.0
PRV55027,2.6390573296152584,4.969813299576001,11.93164237875414,10.596409707779776,9.3667719650255,5.637109587246508,4.997212273764115,0.7233002187306329,7.116154771456777,0.0833333333333333
PRV55028,3.044522437723423,5.318119993844216,12.200059603373044,10.66874607044333,9.204422898212146,5.360227745023958,4.477336814478207,1.2706641788246082,6.989574951244155,0.0896860986547085
PRV55029,2.70805020110221,5.488937726156687,11.81303746480054,11.39640288460621,9.174076426132157,5.914298920730368,5.3471075307174685,0.7975503002614442,6.779275531058088,0.0549019607843137
PRV55030,4.30406509320417,5.476463551931511,13.493928313146206,10.96648993456911,9.20356817727473,5.498304100124906,5.480638923341991,0.8334547262950059,7.831364502864394,0.2347266881028939
PRV55031,1.6094379124341005,3.367295829986474,10.62135173563291,8.366602832783736,9.235130540783402,5.040656310351114,3.4339872044851463,0.7259370033829363,7.256032561053113,0.125
PRV55032,0.6931471805599453,3.58351893845611,8.517393171418904,9.638284261844774,8.517393171418904,6.085150031185305,3.610917912644224,0.6931471805599453,6.338594078203183,0.0277777777777777
PRV55034,3.295836866004329,6.375024819828097,12.533219391759038,11.972758801672995,9.2752129719186,5.603125832281089,6.1463292576688975,0.8386771173432965,6.569563918455014,0.0424836601307189
PRV55035,0.0,2.70805020110221,0.0,8.258681496264236,0.0,5.622985514351683,2.70805020110221,0.6931471805599453,5.622985514351683,0.0
PRV55036,0.0,4.174387269895637,0.0,9.599743846536995,0.0,5.445119684605523,4.158883083359672,0.7010523600670585,5.445119684605523,0.0
PRV55037,2.4849066497880004,6.459904454377535,11.661354090741,12.19430872110993,9.263545020380487,5.739187945383542,6.107022887742255,0.895541227860245,6.182699140733636,0.0169491525423728
PRV55038,0.0,2.772588722239781,0.0,8.350193650720067,0.0,5.645446897643238,2.772588722239781,0.6931471805599453,5.645446897643238,0.0
PRV55039,3.4657359027997265,7.614805364711073,12.456835254920373,13.234264258169096,9.022964774685986,5.623568590791443,6.473890696352274,1.4305108967796814,5.985443052884668,0.0150631681243926
PRV55040,0.0,1.9459101490553128,0.0,8.799510901368867,0.0,7.00850518208228,1.9459101490553128,0.6931471805599453,7.00850518208228,0.0
PRV55041,1.791759469228055,2.833213344056216,10.968215530759236,8.679482094459956,9.358846580275406,5.909440711629391,3.044522437723423,0.7178397931503169,8.020567851972022,0.238095238095238
PRV55042,2.19722457733622,4.762173934797756,11.340962076644454,10.647826772357496,9.261603665913723,5.896964383979139,4.709530201312334,0.7548407495652851,6.927115050483903,0.064516129032258
PRV55043,0.0,4.787491742782046,0.0,10.475906740307126,0.0,5.700106257856919,4.74493212836325,0.714840005171205,5.700106257856919,0.0
PRV55044,0.0,2.302585092994046,0.0,6.976348070447749,0.0,4.786565387921915,2.302585092994046,0.6931471805599453,4.786565387921915,0.0
PRV55045,0.0,4.204692619390966,0.0,10.226693609806864,0.0,6.039388535389565,4.189654742026425,0.7008100533055143,6.039388535389565,0.0
PRV55048,4.418840607796598,2.5649493574615367,13.670485941982712,7.123672785204607,9.263860331844608,4.647590901872043,4.48863636973214,0.7266698725985887,9.12873101221196,0.8723404255319149
PRV55049,4.330733340286331,4.30406509320417,13.438634364432907,10.575181243876902,9.121254116641747,6.28655914726254,4.770684624465665,0.817555891188466,8.497125610103923,0.5067567567567568
PRV55050,0.0,5.214935757608986,0.0,10.811967862318308,0.0,5.606143538042528,4.927253685157205,0.8483400699656475,5.606143538042528,0.0
PRV55051,2.079441541679836,0.0,11.002116507732016,0.0,9.056306352010564,0.0,2.079441541679836,0.6931471805599453,9.056306352010564,1.0
PRV55052,0.0,3.912023005428146,0.0,9.0455836463617,0.0,5.159407102208482,3.4657359027997265,0.9480394301887354,5.159407102208482,0.0
PRV55053,0.0,4.007333185232471,0.0,9.498597279178806,0.0,5.513578077905721,3.4011973816621555,1.051544777810124,5.513578077905721,0.0
PRV55054,0.0,4.248495242049359,0.0,9.44549154241467,0.0,5.216745712854225,4.0943445622221,0.7744928200138977,5.216745712854225,0.0
PRV55056,0.0,4.61512051684126,0.0,10.603883397931984,0.0,6.001167322569367,4.5217885770490405,0.7414139215297799,6.001167322569367,0.0
PRV55057,0.0,5.8522024797744745,0.0,11.457000407880116,0.0,5.611327963785472,4.990432586778736,1.2169025523343535,5.611327963785472,0.0
PRV55058,0.0,5.429345628954441,0.0,11.058338387651428,0.0,5.636942727208431,5.10594547390058,0.8688411321611672,5.636942727208431,0.0
PRV55059,0.0,5.0369526024136295,0.0,10.857285992746686,0.0,5.829771881312183,4.442651256490317,1.0372433422918177,5.829771881312183,0.0
PRV55061,0.0,4.564348191467836,0.0,10.097861190354225,0.0,5.547846576543612,4.430816798843313,0.7629429424954872,5.547846576543612,0.0
PRV55062,0.0,3.4011973816621555,0.0,8.917444732471514,0.0,5.553894726262893,3.367295829986474,0.7108467576593462,5.553894726262893,0.0
PRV55063,0.0,2.3978952727983707,0.0,6.493753839851686,0.0,4.204692619390966,2.3978952727983707,0.6931471805599453,4.204692619390966,0.0
PRV55064,0.0,6.432940092739179,0.0,12.142871895843887,0.0,5.714837619529656,5.942799375126701,0.9685835265947892,5.714837619529656,0.0
PRV55067,0.6931471805599453,0.0,10.275085591132717,0.0,10.275085591132717,0.0,0.6931471805599453,0.6931471805599453,10.275085591132717,1.0
PRV55068,0.0,1.9459101490553128,0.0,7.8713112033234065,0.0,6.081457585634687,1.9459101490553128,0.6931471805599453,6.081457585634687,0.0
PRV55069,0.0,3.091042453358316,0.0,7.62608275807238,0.0,4.591264423672161,3.044522437723423,0.7178397931503169,4.591264423672161,0.0
PRV55070,0.0,3.044522437723423,0.0,8.0774471493312,0.0,5.087596335232384,2.995732273553991,0.7191226669632059,5.087596335232384,0.0
PRV55071,0.0,4.262679877041316,0.0,10.163194443157384,0.0,5.91735657495426,4.07753744390572,0.7915872533731978,5.91735657495426,0.0
PRV55072,0.0,3.8918202981106265,0.0,9.164401140034736,0.0,5.2981090115103,3.737669618283368,0.775064303027832,5.2981090115103,0.0
PRV55073,0.0,2.9444389791664403,0.0,8.790421306897867,0.0,5.902633333401366,2.8903717578961645,0.7221347174331976,5.902633333401366,0.0
PRV55074,0.0,0.6931471805599453,0.0,2.3978952727983707,0.0,2.3978952727983707,0.6931471805599453,0.6931471805599453,2.3978952727983707,0.0
PRV55076,0.0,1.791759469228055,0.0,6.647688373563329,0.0,5.043425116919247,1.791759469228055,0.6931471805599453,5.043425116919247,0.0
PRV55077,0.0,2.19722457733622,0.0,5.968707559985366,0.0,3.907010463604602,2.079441541679836,0.7621400520468967,3.907010463604602,0.0
PRV55078,0.0,0.6931471805599453,0.0,0.0,0.0,0.0,0.6931471805599453,0.6931471805599453,0.0,0.0
PRV55079,0.0,3.871201010907891,0.0,9.30027247947679,0.0,5.454320432990822,3.8501476017100575,0.703958096664161,5.454320432990822,0.0
PRV55080,0.0,2.19722457733622,0.0,8.480736654405622,0.0,6.402746040537586,2.19722457733622,0.6931471805599453,6.402746040537586,0.0
PRV55081,0.0,3.4339872044851463,0.0,8.846640813100485,0.0,5.449606814094262,3.367295829986474,0.7282385003712154,5.449606814094262,0.0
PRV55083,0.0,5.2832037287379885,0.0,10.829154192888762,0.0,5.554895693948484,5.030437921392435,0.8283219589281979,5.554895693948484,0.0
PRV55085,0.0,3.218875824868201,0.0,9.1248914101437,0.0,5.949339620807311,3.1354942159291497,0.7375989431307791,5.949339620807311,0.0
PRV55086,0.0,4.3694478524670215,0.0,9.594990340370426,0.0,5.243509130053042,4.110873864173311,0.832909122935104,5.243509130053042,0.0
PRV55087,0.0,5.308267697401205,0.0,10.686726776622612,0.0,5.387980696636335,5.043425116919247,0.8351651870617867,5.387980696636335,0.0
PRV55088,0.0,3.4657359027997265,0.0,9.632400353656184,0.0,6.200378301120111,3.4657359027997265,0.6931471805599453,6.200378301120111,0.0
PRV55089,0.0,0.6931471805599453,0.0,5.993961427306569,0.0,5.993961427306569,0.6931471805599453,0.6931471805599453,5.993961427306569,0.0
PRV55091,0.0,2.9444389791664403,0.0,8.46611040118692,0.0,5.579310450849021,2.9444389791664403,0.6931471805599453,5.579310450849021,0.0
PRV55092,0.0,2.19722457733622,0.0,6.493753839851686,0.0,4.42484663185681,2.19722457733622,0.6931471805599453,4.42484663185681,0.0
PRV55093,0.0,2.995732273553991,0.0,8.125926802707886,0.0,5.186797570529675,2.9444389791664403,0.7205461547480597,5.186797570529675,0.0
PRV55094,0.0,2.995732273553991,0.0,9.746892220313054,0.0,6.803505257608338,2.9444389791664403,0.7205461547480597,6.803505257608338,0.0
PRV55095,0.0,3.044522437723423,0.0,8.925454386826402,0.0,5.932245187448011,3.044522437723423,0.6931471805599453,5.932245187448011,0.0
PRV55096,0.0,3.332204510175204,0.0,8.585038738311304,0.0,5.294049010805349,3.295836866004329,0.7121953755306397,5.294049010805349,0.0
PRV55097,0.0,1.6094379124341005,0.0,6.580639137284949,0.0,5.198497031265826,1.6094379124341005,0.6931471805599453,5.198497031265826,0.0
PRV55098,0.0,3.332204510175204,0.0,8.849513965486398,0.0,5.557399898741568,2.8903717578961645,0.9509762898620452,5.557399898741568,0.0
PRV55099,0.0,4.584967478670572,0.0,10.094149233605084,0.0,5.523397186413717,4.007333185232471,1.02829579025065,5.523397186413717,0.0
PRV55103,0.0,4.3694478524670215,0.0,9.62251624577579,0.0,5.270893463274266,4.31748811353631,0.7198154276421066,5.270893463274266,0.0
PRV55104,0.0,3.970291913552122,0.0,9.60784051043005,0.0,5.660018121453047,3.8501476017100575,0.7563260821814769,5.660018121453047,0.0
PRV55106,0.0,1.791759469228055,0.0,8.261268150577648,0.0,6.652863029353347,1.791759469228055,0.6931471805599453,6.652863029353347,0.0
PRV55108,0.0,5.41164605185504,0.0,11.056288107779814,0.0,5.652615047573211,5.030437921392435,0.9030455051241344,5.652615047573211,0.0
PRV55110,0.0,3.713572066704308,0.0,9.206432747145165,0.0,5.521460917862246,3.1780538303479458,1.007640510462383,5.521460917862246,0.0
PRV55111,0.0,3.4011973816621555,0.0,8.31164394850298,0.0,4.951202490517863,3.258096538021482,0.7701082216960736,4.951202490517863,0.0
PRV55112,0.0,3.49650756146648,0.0,8.657129031713755,0.0,5.196769019776565,3.4657359027997265,0.7091475219063864,5.196769019776565,0.0
PRV55114,0.0,2.6390573296152584,0.0,8.407601514786142,0.0,5.845326551608624,2.6390573296152584,0.6931471805599453,5.845326551608624,0.0
PRV55116,0.0,5.652489180268651,0.0,11.31351064723008,0.0,5.667985003499605,4.969813299576001,1.0939393829687172,5.667985003499605,0.0
PRV55117,0.0,1.6094379124341005,0.0,6.68586094706836,0.0,5.303304908059076,1.6094379124341005,0.6931471805599453,5.303304908059076,0.0
PRV55118,1.0986122886681098,1.3862943611198906,9.210440366976515,6.398594934535208,8.517393171418904,5.303304908059076,1.791759469228055,0.6931471805599453,7.659642954564682,0.4
PRV55120,2.19722457733622,0.6931471805599453,10.968215530759236,5.303304908059076,8.888894669371593,5.303304908059076,2.302585092994046,0.6931471805599453,8.774570683603162,0.8888888888888888
PRV55121,3.044522437723423,0.0,12.06145719391125,0.0,9.065834695866451,0.0,3.044522437723423,0.6931471805599453,9.065834695866451,1.0
PRV55122,0.6931471805599453,0.0,8.517393171418904,0.0,8.517393171418904,0.0,0.6931471805599453,0.6931471805599453,8.517393171418904,1.0
PRV55123,0.0,1.0986122886681098,0.0,4.51085950651685,0.0,3.828641396489095,1.0986122886681098,0.6931471805599453,3.828641396489095,0.0
PRV55124,2.302585092994046,0.0,11.93164237875414,0.0,9.734470431265636,0.0,2.19722457733622,0.7537718023763802,9.734470431265636,1.0
PRV55126,1.0986122886681098,0.0,9.472781556562168,0.0,8.77971129020447,0.0,1.0986122886681098,0.6931471805599453,8.77971129020447,1.0
PRV55128,2.19722457733622,0.0,11.6172944892629,0.0,9.53791600808964,0.0,2.19722457733622,0.6931471805599453,9.53791600808964,1.0
PRV55129,0.6931471805599453,1.0986122886681098,9.210440366976515,6.398594934535208,9.210440366976515,5.707110264748875,1.3862943611198906,0.6931471805599453,8.170279970257688,0.3333333333333333
PRV55130,1.3862943611198906,0.0,10.239995502805316,0.0,9.141454637606987,0.0,1.3862943611198906,0.6931471805599453,9.141454637606987,1.0
PRV55131,1.0986122886681098,0.0,10.757924157061597,0.0,10.064798252418376,0.0,1.0986122886681098,0.6931471805599453,10.064798252418376,1.0
PRV55132,2.3978952727983707,0.0,11.58989576532275,0.0,9.287394001418471,0.0,2.3978952727983707,0.6931471805599453,9.287394001418471,1.0
PRV55133,1.0986122886681098,0.0,10.819798284210286,0.0,10.12667110305036,0.0,1.0986122886681098,0.6931471805599453,10.12667110305036,1.0
PRV55134,0.6931471805599453,0.0,9.305741456739437,0.0,9.305741456739437,0.0,0.6931471805599453,0.6931471805599453,9.305741456739437,1.0
PRV55135,1.3862943611198906,0.0,10.12667110305036,0.0,9.028138807982804,0.0,1.3862943611198906,0.6931471805599453,9.028138807982804,1.0
PRV55136,2.19722457733622,0.0,11.53273789613992,0.0,9.453364978883542,0.0,2.19722457733622,0.6931471805599453,9.453364978883542,1.0
PRV55137,1.0986122886681098,0.0,10.545367754151744,0.0,9.852246888342531,0.0,1.0986122886681098,0.6931471805599453,9.852246888342531,1.0
PRV55138,1.3862943611198906,0.0,10.12667110305036,0.0,9.028138807982804,0.0,1.3862943611198906,0.6931471805599453,9.028138807982804,1.0
PRV55140,2.302585092994046,0.0,11.350418300109132,0.0,9.153287834884036,0.0,2.302585092994046,0.6931471805599453,9.153287834884036,1.0
PRV55141,0.0,1.0986122886681098,0.0,4.51085950651685,0.0,3.828641396489095,1.0986122886681098,0.6931471805599453,3.828641396489095,0.0
PRV55143,0.6931471805599453,0.0,9.210440366976515,0.0,9.210440366976515,0.0,0.6931471805599453,0.6931471805599453,9.210440366976515,1.0
PRV55144,1.0986122886681098,0.0,10.62135173563291,0.0,9.928228944424577,0.0,1.0986122886681098,0.6931471805599453,9.928228944424577,1.0
PRV55145,2.70805020110221,0.0,11.870606902224589,0.0,9.23164047693259,0.0,2.70805020110221,0.6931471805599453,9.23164047693259,1.0
PRV55146,0.6931471805599453,0.0,8.699681400989514,0.0,8.699681400989514,0.0,0.6931471805599453,0.6931471805599453,8.699681400989514,1.0
PRV55147,1.9459101490553128,0.0,11.628047184686986,0.0,9.83633227734872,0.0,1.9459101490553128,0.6931471805599453,9.83633227734872,1.0
PRV55148,0.6931471805599453,0.0,8.853808274977197,0.0,8.853808274977197,0.0,0.6931471805599453,0.6931471805599453,8.853808274977197,1.0
PRV55149,2.833213344056216,0.0,11.884495917930655,0.0,9.112010637902976,0.0,2.833213344056216,0.6931471805599453,9.112010637902976,1.0
PRV55150,1.6094379124341005,1.0986122886681098,9.852246888342531,4.61512051684126,8.46611040118692,3.9318256327243257,1.9459101490553128,0.6931471805599453,8.065998231601899,0.6666666666666666
PRV55151,0.6931471805599453,0.0,9.210440366976515,0.0,9.210440366976515,0.0,0.6931471805599453,0.6931471805599453,9.210440366976515,1.0
PRV55152,2.3978952727983707,0.0,11.268315653289422,0.0,8.965845494750937,0.0,2.3978952727983707,0.6931471805599453,8.965845494750937,1.0
PRV55154,0.0,0.6931471805599453,0.0,6.803505257608338,0.0,6.803505257608338,0.6931471805599453,0.6931471805599453,6.803505257608338,0.0
PRV55155,2.302585092994046,0.0,11.127277689932466,0.0,8.930170751005322,0.0,2.302585092994046,0.6931471805599453,8.930170751005322,1.0
PRV55156,0.6931471805599453,0.0,8.699681400989514,0.0,8.699681400989514,0.0,0.6931471805599453,0.6931471805599453,8.699681400989514,1.0
PRV55157,1.3862943611198906,0.0,9.680406499268877,0.0,8.58191919497788,0.0,1.3862943611198906,0.6931471805599453,8.58191919497788,1.0
PRV55158,3.4011973816621555,6.507277712385012,12.727841176689148,12.050651992962134,9.360628429058105,5.548761959731212,6.282266746896006,0.8359983051332702,6.5918034298717725,0.0415472779369627
PRV55160,2.3978952727983707,0.0,11.695255355062796,0.0,9.39274525863144,0.0,2.3978952727983707,0.6931471805599453,9.39274525863144,1.0
PRV55161,1.0986122886681098,0.0,10.239995502805316,0.0,9.546884034617923,0.0,1.0986122886681098,0.6931471805599453,9.546884034617923,1.0
PRV55163,0.6931471805599453,6.375024819828097,9.472781556562168,11.956013857174836,9.472781556562168,5.586443026607112,5.902633333401366,0.9586676812088736,5.664621271373285,0.0017035775127768
PRV55164,2.8903717578961645,4.927253685157205,12.230770136157428,10.456251347665171,9.397634837455358,5.540175218782244,4.736198448394496,0.8598608396879089,7.351083202360436,0.1103896103896103
PRV55165,3.4339872044851463,5.356586274672012,12.549665896013254,10.776265172078537,9.148571345578551,5.428784234185619,5.43372200355424,0.7212571394918387,7.222387307030806,0.1244813278008298
PRV55166,0.0,4.290459441148391,0.0,9.890452970265668,0.0,5.617376974692073,4.262679877041316,0.7073318155519017,5.617376974692073,0.0
PRV55167,0.0,4.553876891600541,0.0,10.413342705547674,0.0,5.872836739838898,4.394449154672439,0.7770286645406475,5.872836739838898,0.0
PRV55168,0.0,4.90527477843843,0.0,10.85824871617286,0.0,5.9629652580109695,4.418840607796598,0.9685591604199116,5.9629652580109695,0.0
PRV55169,4.430816798843313,6.459904454377535,13.602071020040864,12.225684078079214,9.183331917241617,5.770464073936031,6.373319789577012,0.8031124626045197,7.247275175069711,0.1151178918169209
PRV55171,3.737669618283368,5.332718793265369,12.807655372286902,10.65398340661328,9.09419288831904,5.330934922733168,4.709530201312334,1.1772554159872228,7.408670417254969,0.1659919028340081
PRV55172,4.02535169073515,4.0943445622221,13.322853874813603,11.666513129191085,9.315609065236645,7.5894729844467745,4.59511985013459,0.7716187960014405,8.761464944452886,0.4824561403508772
PRV55173,0.0,3.258096538021482,0.0,9.03013657115323,0.0,5.814130531825066,3.218875824868201,0.713766467762681,5.814130531825066,0.0
PRV55175,3.1780538303479458,5.641907070938114,12.160033942617156,11.060384472475045,9.024654902698018,5.426422587224584,5.5909869805108565,0.7601405512557606,6.731614581263264,0.0756578947368421
PRV55176,0.6931471805599453,2.995732273553991,8.699681400989514,7.8826922062890254,8.699681400989514,4.945020170238084,3.044522437723423,0.6931471805599453,6.071891796220597,0.05
PRV55177,0.0,5.793013608384144,0.0,11.55618608362813,0.0,5.769343026858871,5.659482215759621,0.7623731251163587,5.769343026858871,0.0
PRV55178,1.0986122886681098,3.4011973816621555,9.210440366976515,9.04911472347696,8.517393171418904,5.685103353921132,3.4011973816621555,0.7270487322356266,6.393752570612707,0.064516129032258
PRV55179,2.833213344056216,4.07753744390572,11.92504173829169,10.237492462093485,9.152552348208788,6.179088115319368,4.204692619390966,0.7519876805828787,7.791098337737761,0.2162162162162162
PRV55180,2.079441541679836,4.795790545596741,11.156264806643742,10.556879877314014,9.210440366976515,5.772479005942436,4.727387818712341,0.7579646806364161,6.750935686443012,0.0551181102362204
PRV55181,3.58351893845611,6.003887067106539,12.718899265966332,11.281762342685816,9.163652995398452,5.285412675868432,5.808142489980444,0.8425534046468409,6.848636214589098,0.0797266514806378
PRV55182,0.0,4.634728988229636,0.0,10.16358000762854,0.0,5.542493085004403,4.3694478524670215,0.8362480242006186,5.542493085004403,0.0
PRV55183,3.091042453358316,4.574710978503383,12.384223015005311,9.83900236330972,9.33978425543901,5.279707777298865,4.51085950651685,0.832909122935104,7.698025292312224,0.1794871794871795
PRV55184,0.6931471805599453,4.02535169073515,0.0,9.66529381317554,0.0,5.661380950507279,3.828641396489095,0.8084580270709397,5.643425674115304,0.0178571428571428
PRV55185,1.791759469228055,5.308267697401205,10.736418414365376,11.099997579480698,9.12706745278236,5.799710585015753,4.262679877041316,1.3719056236677911,6.301729501721165,0.0242718446601941
PRV55187,0.0,4.836281906951478,0.0,10.28435254377606,0.0,5.460266133534054,4.624972813284271,0.8054144824310264,5.460266133534054,0.0
PRV55188,1.6094379124341005,5.318119993844216,10.463131911491969,10.557659989689752,9.076923258535832,5.249690982069427,4.727387818712341,1.04669223148975,5.8747271602224975,0.0193236714975845
PRV55189,3.610917912644224,4.584967478670572,12.663500657121004,10.08334774933398,9.08009247167472,5.512638610345279,4.7535901911063645,0.7684966178017321,7.846566451206934,0.2706766917293233
PRV55191,0.0,4.51085950651685,0.0,9.75794141390479,0.0,5.263265728489118,4.477336814478207,0.7102416139192453,5.263265728489118,0.0
PRV55192,2.772588722239781,5.476463551931511,11.898874704662957,11.178025990909331,9.190919671736578,5.7090626277274845,5.459585514144159,0.7329430077248883,6.762948816199946,0.0592885375494071
PRV55193,3.4657359027997265,2.6390573296152584,12.994532278619134,8.385032287813898,9.560613253472948,5.822818286514242,3.6635616461296463,0.7691330875378674,9.220344706771652,0.7045454545454546
PRV55194,5.135798437050262,5.53338948872752,14.294226747390526,11.372524818667134,9.164432116205392,5.845979912112032,5.910796644040527,0.7626833826769434,8.304282732413695,0.4014251781472684
PRV55195,2.833213344056216,4.127134385045092,12.371591321286903,9.280892027927129,9.599066156080047,5.175593868190423,4.248495242049359,0.749500117111077,8.072556511804464,0.2077922077922078
PRV55196,1.9459101490553128,5.123963979403259,11.6172944892629,10.591396035047872,9.825580063659602,5.477565342452385,5.0369526024136295,0.7564594599742722,6.771498458161181,0.0346820809248554
PRV55197,0.0,4.30406509320417,0.0,10.094562354324832,0.0,5.807072354876672,3.9318256327243257,0.9001613499442714,5.807072354876672,0.0
PRV55198,1.0986122886681098,4.204692619390966,8.987321812850125,9.566685261452934,8.294299608857235,5.3815716946599546,4.110873864173311,0.7576857016975165,5.794984405402933,0.0294117647058823
PRV55200,0.0,4.248495242049359,0.0,9.915959454031448,0.0,5.6852051832857535,4.02535169073515,0.812948380372566,5.6852051832857535,0.0
PRV55202,0.0,3.4339872044851463,0.0,9.3910773406399,0.0,5.9922975334118735,3.332204510175204,0.7472144018302211,5.9922975334118735,0.0
PRV55203,1.791759469228055,3.044522437723423,10.691967639914864,7.81237820598861,9.082620630373812,4.824305715904762,3.258096538021482,0.6931471805599453,7.528224234044097,0.2
PRV55205,3.6635616461296463,5.407171771460119,13.098072734013511,11.91879715707858,9.460562390929736,6.517591426217885,5.484796933490655,0.7339691750802004,7.805913372966635,0.1461538461538461
PRV55206,0.0,4.6443908991413725,0.0,10.40701662106948,0.0,5.775365301070861,4.532599493153256,0.7512109815147066,5.775365301070861,0.0
PRV55207,0.0,5.123963979403259,0.0,10.633713731337494,0.0,5.519710884452657,5.0238805208462765,0.7447715459652525,5.519710884452657,0.0
PRV55208,2.079441541679836,3.8501476017100575,11.127277689932466,9.024131268455037,9.18145577098132,5.200896264662403,3.9318256327243257,0.7227059828014898,7.272830689053563,0.1320754716981132
PRV55209,5.62040086571715,6.190315405853148,14.82932755775914,11.974146893333248,9.212655870956295,5.788942378288283,6.492239835020471,0.7683925935945934,8.24959230008782,0.3608923884514435
PRV55210,0.0,5.1647859739235145,0.0,10.829352306844555,0.0,5.673718180690566,4.23410650459726,1.2694300209805796,5.673718180690566,0.0
PRV55211,0.0,3.49650756146648,0.0,8.858084222199162,0.0,5.396747673688605,3.49650756146648,0.6931471805599453,5.396747673688605,0.0
PRV55213,1.3862943611198906,4.3694478524670215,11.112462823634855,9.502338118495564,10.013880384821976,5.151362953591374,4.204692619390966,0.8007778447523107,6.901202995381951,0.037037037037037
PRV55214,0.0,5.25227342804663,0.0,10.733806366995315,0.0,5.490893185769477,5.159055299214529,0.7411112397670718,5.490893185769477,0.0
PRV55215,4.969813299576001,8.086717920303906,14.121008727042582,13.73999035831733,9.158268710698485,5.657077826593175,7.878155336503324,0.8268917801737268,6.513698324528565,0.0421455938697318
PRV55216,1.791759469228055,4.330733340286331,10.518700218288163,10.015520756211904,8.909370405197466,5.701335037679722,3.970291913552122,0.9315582040049436,6.610864267445046,0.0625
PRV55218,0.0,4.553876891600541,0.0,9.9480306152868,0.0,5.409173392487746,4.418840607796598,0.7637647477738986,5.409173392487746,0.0
PRV55219,0.0,4.499809670330265,0.0,9.771726021353874,0.0,5.288096774458489,4.454347296253507,0.7164040427242127,5.288096774458489,0.0
PRV55220,0.0,4.634728988229636,0.0,10.05539285624928,0.0,5.4347489612824935,4.499809670330265,0.76363705831449,5.4347489612824935,0.0
PRV55224,0.0,3.1780538303479458,0.0,8.665785595466064,0.0,5.53407665590797,3.1780538303479458,0.6931471805599453,5.53407665590797,0.0
PRV55225,2.302585092994046,4.060443010546419,12.095146671399466,9.922848906014748,9.89796678555232,5.882540183608504,4.174387269895637,0.7086513670959106,8.01369419758215,0.1363636363636363
PRV55226,0.0,5.493061443340548,0.0,11.29838232387519,0.0,5.812426848742399,5.393627546352362,0.7443263131801477,5.812426848742399,0.0
PRV55227,0.0,3.8501476017100575,0.0,9.401043372798052,0.0,5.576113779968426,3.7612001156935615,0.7396671961948381,5.576113779968426,0.0
PRV55229,2.833213344056216,5.429345628954441,12.049424683420916,11.368142438021469,9.276923676119337,5.945801097597163,5.389071729816501,0.7489029802075595,6.966734393736229,0.0658436213991769
PRV55230,5.420534999272286,5.831882477283517,14.739114880217969,11.455201008605492,9.32310342115075,5.629840401259373,6.246106765481563,0.7405494194545293,8.439300530616531,0.3982300884955752
PRV55231,0.0,4.844187086458591,0.0,10.63274966676691,0.0,5.7994773808286455,4.605170185988092,0.8209805520698302,5.7994773808286455,0.0
PRV55232,3.367295829986474,4.382026634673881,12.535703677238834,10.38378180126494,9.203596252871378,6.016743588518073,4.564348191467836,0.7543908058006639,7.973197298635005,0.2616822429906542
PRV55233,0.6931471805599453,5.231108616854587,8.294299608857235,10.838423379279122,8.294299608857235,5.61630177934281,4.605170185988092,1.0608719606852626,5.686286276415553,0.0053475935828877
PRV55234,2.079441541679836,5.181783550292085,10.51328029770086,10.96476135554887,8.567533174403978,5.791651926583162,5.153291594497779,0.7274362540385774,6.2444201400184856,0.0380434782608695
PRV55235,0.0,5.081404364984463,0.0,11.017333221844828,0.0,5.944765944098742,4.77912349311153,0.8569364892249722,5.944765944098742,0.0
PRV55236,3.044522437723423,3.555348061489413,12.301387370778713,9.75620490038669,9.305741456739437,6.231754374904214,3.58351893845611,0.9332883082427262,8.388155391169471,0.3703703703703703
PRV55237,2.772588722239781,4.634728988229636,11.6172944892629,9.937937287265354,8.909370405197466,5.317831601628807,4.691347882229144,0.7339691750802004,7.026995941243198,0.1282051282051282
PRV55238,0.0,4.624972813284271,0.0,10.57773220059301,0.0,5.965156149641996,4.624972813284271,0.6931471805599453,5.965156149641996,0.0
PRV55239,0.0,5.087596335232384,0.0,10.81055588854814,0.0,5.732375967622184,5.043425116919247,0.7156200364120039,5.732375967622184,0.0
PRV55240,2.4849066497880004,5.030437921392435,11.246365410473755,10.674544398220233,8.848600675753529,5.654149850453791,4.983606621708336,0.753366040553,6.601521820644926,0.0674846625766871
PRV55242,2.3978952727983707,3.218875824868201,11.034905792929417,8.197263371414335,8.732465848349879,5.025523906590006,3.367295829986474,0.7949298748698875,7.565945584474226,0.2941176470588235
PRV55243,0.0,5.552959584921617,0.0,11.10090391026282,0.0,5.555685633916511,5.44673737166631,0.7478976953313535,5.555685633916511,0.0
PRV55244,0.0,3.258096538021482,0.0,8.922791623969637,0.0,5.707110264748875,3.258096538021482,0.6931471805599453,5.707110264748875,0.0
PRV55246,0.0,5.429345628954441,0.0,10.955898822303524,0.0,5.53488581778146,5.365976015021851,0.7254825612028818,5.53488581778146,0.0
PRV55247,1.3862943611198906,5.8664680569332965,9.862717639992916,11.598561730260323,8.764209507142004,5.7381473028411305,5.170483995038151,1.1080910326226534,5.891527482579126,0.0084507042253521
PRV55248,0.0,4.897839799950911,0.0,10.75280480115716,0.0,5.865274561341827,4.6443908991413725,0.8291028167959743,5.865274561341827,0.0
PRV55250,3.1780538303479458,5.631211781821365,12.476103599529845,11.313754755078138,9.340693349220638,5.689508421483619,4.762173934797756,1.2794960306924368,7.041987007709421,0.0764119601328903
PRV55252,0.0,3.828641396489095,0.0,9.562475024372697,0.0,5.75890177387728,3.688879454113936,0.7672551527136671,5.75890177387728,0.0
PRV55254,0.0,2.772588722239781,0.0,8.509362612301048,0.0,5.804130448490483,2.70805020110221,0.7282385003712154,5.804130448490483,0.0
PRV55255,0.0,2.5649493574615367,0.0,7.85979918056211,0.0,5.37912900928445,2.5649493574615367,0.6931471805599453,5.37912900928445,0.0
PRV55256,1.6094379124341005,3.218875824868201,10.203629181337648,8.875007486048396,8.81744592104187,5.700164827744282,3.332204510175204,0.7114963192281418,7.10713293103165,0.1428571428571428
PRV55257,0.0,4.927253685157205,0.0,10.486847768485331,0.0,5.570654198544759,4.31748811353631,1.047793040271897,5.570654198544759,0.0
PRV55258,0.6931471805599453,3.737669618283368,9.39274525863144,9.48804786328076,9.39274525863144,5.777501288635449,3.610917912644224,0.7731898882334818,6.398594934535208,0.0238095238095238
PRV55259,0.0,3.7612001156935615,0.0,9.53899642739739,0.0,5.804274013202524,3.737669618283368,0.7052685410922901,5.804274013202524,0.0
PRV55260,0.0,4.060443010546419,0.0,10.01283510937141,0.0,5.97229066947572,3.737669618283368,0.871395411966264,5.97229066947572,0.0
PRV55261,0.0,3.4339872044851463,0.0,8.472405008626103,0.0,5.077254981437652,2.995732273553991,0.9473813189441862,5.077254981437652,0.0
PRV55262,2.833213344056216,5.945420608606575,11.652696102959752,11.702396403917394,8.880237805862647,5.76273620411396,5.351858133476067,1.0614212603420297,6.38873919385948,0.0403022670025188
PRV55263,0.0,5.768320995793772,0.0,11.549749076600712,0.0,5.78761831688382,5.513428746164983,0.8292057415752058,5.78761831688382,0.0
PRV55264,0.0,6.270988431858299,0.0,11.901115548700872,0.0,5.63558744498197,5.723585101952381,1.004721865559431,5.63558744498197,0.0
PRV55265,0.0,5.308267697401205,0.0,10.675469018613882,0.0,5.376774431991632,4.276666119016055,1.3431221892546816,5.376774431991632,0.0
PRV55266,2.302585092994046,2.833213344056216,10.62135173563291,8.464003362902119,8.42432225645607,5.694573535570891,3.1354942159291497,0.7591051483517428,7.5123990609506786,0.36
PRV55267,0.0,4.976733742420574,0.0,10.491857380698828,0.0,5.5260061282812565,4.3694478524670215,1.0459685551826878,5.5260061282812565,0.0
PRV55268,0.0,3.8918202981106265,0.0,9.49634604004702,0.0,5.628669724377691,3.044522437723423,1.2237754316221157,5.628669724377691,0.0
PRV55269,1.3862943611198906,5.135798437050262,9.546884034617923,10.583828076826626,8.448414582687667,5.458174472511092,4.8283137373023015,0.8700778887190236,5.74296591818236,0.0174418604651162
PRV55270,0.6931471805599453,5.318119993844216,8.517393171418904,10.9714859825864,8.517393171418904,5.661745319576688,4.691347882229144,1.0608719606852626,5.739004504878742,0.0049019607843137
PRV55271,0.0,2.772588722239781,0.0,8.703008637464448,0.0,5.997280932429422,2.5649493574615367,0.8109302162163288,5.997280932429422,0.0
PRV55272,0.0,5.356586274672012,0.0,10.884460545216813,0.0,5.53653161636179,5.225746673713202,0.7610583861761557,5.53653161636179,0.0
PRV55273,0.0,2.9444389791664403,0.0,8.352554369474591,0.0,5.46618308755726,2.5649493574615367,0.9162907318741552,5.46618308755726,0.0
PRV55274,0.0,4.262679877041316,0.0,9.942756341456828,0.0,5.697572758021888,3.828641396489095,0.9382696385929304,5.697572758021888,0.0
PRV55275,0.0,4.007333185232471,0.0,9.423110302862831,0.0,5.4384013182642486,3.688879454113936,0.8690378470236095,5.4384013182642486,0.0
PRV55276,0.0,4.07753744390572,0.0,9.290167671835738,0.0,5.234973533784883,3.6635616461296463,0.9267620317414506,5.234973533784883,0.0
PRV55277,0.0,2.8903717578961645,0.0,8.343077871169383,0.0,5.513665909690344,2.833213344056216,0.723918839226699,5.513665909690344,0.0
PRV55278,0.0,3.828641396489095,0.0,8.881975184248867,0.0,5.081404364984463,3.5263605246161616,0.8602012652231115,5.081404364984463,0.0
PRV55279,0.0,4.406719247264253,0.0,10.26154653824702,0.0,5.869889609045835,3.912023005428146,0.9757141523449558,5.869889609045835,0.0
PRV55281,0.0,5.25227342804663,0.0,10.90285024541336,0.0,5.659298813649983,4.564348191467836,1.0986122886681098,5.659298813649983,0.0
PRV55283,0.0,3.610917912644224,0.0,9.424725681616492,0.0,5.844027392167529,3.4657359027997265,0.7707054149058199,5.844027392167529,0.0
PRV55285,0.0,2.079441541679836,0.0,6.274762021241939,0.0,4.340087945453552,2.079441541679836,0.6931471805599453,4.340087945453552,0.0
PRV55286,0.0,1.6094379124341005,0.0,6.3473892096560105,0.0,4.966335035199676,1.3862943611198906,0.8472978603872036,4.966335035199676,0.0
PRV55289,0.0,2.70805020110221,0.0,8.219056661060598,0.0,5.583496308781699,2.5649493574615367,0.7731898882334818,5.583496308781699,0.0
PRV55291,0.0,1.9459101490553128,0.0,7.692113339595466,0.0,5.902633333401366,1.6094379124341005,0.9162907318741552,5.902633333401366,0.0
PRV55292,0.0,1.9459101490553128,0.0,6.415096959171596,0.0,4.631487494305465,1.9459101490553128,0.6931471805599453,4.631487494305465,0.0
PRV55293,0.0,3.5263605246161616,0.0,8.618123909994678,0.0,5.127385248608813,3.258096538021482,0.8415671856782186,5.127385248608813,0.0
PRV55295,0.0,4.48863636973214,0.0,9.92235837328638,0.0,5.449281155446776,4.276666119016055,0.8062243251789161,5.449281155446776,0.0
PRV55296,0.0,4.060443010546419,0.0,9.453364978883542,0.0,5.414695907591521,3.9318256327243257,0.76080582903376,5.414695907591521,0.0
PRV55297,0.0,4.59511985013459,0.0,9.965569934832672,0.0,5.385150156163319,3.80666248977032,1.1716374236829996,5.385150156163319,0.0
PRV55298,0.0,4.060443010546419,0.0,9.664024052354822,0.0,5.624524059734547,3.49650756146648,1.022900466932413,5.624524059734547,0.0
PRV55299,0.0,2.9444389791664403,0.0,8.687948111838727,0.0,5.800438549683881,2.8903717578961645,0.7221347174331976,5.800438549683881,0.0
PRV55300,0.0,3.49650756146648,0.0,9.02653771890043,0.0,5.564520407322694,3.1780538303479458,0.8718389693033212,5.564520407322694,0.0
PRV55302,0.0,0.6931471805599453,0.0,5.993961427306569,0.0,5.993961427306569,0.6931471805599453,0.6931471805599453,5.993961427306569,0.0
PRV55304,0.0,5.3230099791384085,0.0,11.242834425715476,0.0,5.927370371678677,4.812184355372417,0.9828763366334512,5.927370371678677,0.0
PRV55305,0.0,1.3862943611198906,0.0,8.345455428161928,0.0,7.247317973310907,1.3862943611198906,0.6931471805599453,7.247317973310907,0.0
PRV55306,0.0,4.0943445622221,0.0,9.711176264112805,0.0,5.6371475957367645,3.555348061489413,1.0062389685370945,5.6371475957367645,0.0
PRV55307,0.0,4.709530201312334,0.0,10.096213132628804,0.0,5.400217356031417,4.442651256490317,0.8370413602200145,5.400217356031417,0.0
PRV55309,0.0,3.58351893845611,0.0,9.375939552625749,0.0,5.823468460458671,3.218875824868201,0.8994836135577738,5.823468460458671,0.0
PRV55312,0.0,4.5217885770490405,0.0,9.757362911053992,0.0,5.251697921585073,4.356708826689592,0.7801585575495752,5.251697921585073,0.0
PRV55313,0.0,5.262690188904886,0.0,10.957991201578174,0.0,5.703817196275621,4.867534450455582,0.9116287187683436,5.703817196275621,0.0
PRV55314,0.0,4.499809670330265,0.0,10.128269760518846,0.0,5.643141466937728,3.9889840465642745,0.985535144049139,5.643141466937728,0.0
PRV55316,0.0,4.189654742026425,0.0,9.648014489106362,0.0,5.4777501394361,3.828641396489095,0.8938178760220964,5.4777501394361,0.0
PRV55318,0.0,4.158883083359672,0.0,10.177362240256697,0.0,6.0365820645503945,3.828641396489095,0.8754687373538999,6.0365820645503945,0.0
PRV55319,0.0,2.8903717578961645,0.0,8.427487278331744,0.0,5.597768150540956,2.4849066497880004,0.9343092373768334,5.597768150540956,0.0
PRV55320,0.0,3.555348061489413,0.0,8.764209507142004,0.0,5.24299118318281,3.332204510175204,0.8150369981689822,5.24299118318281,0.0
PRV55322,0.0,3.367295829986474,0.0,8.891649112650057,0.0,5.56315110682119,3.218875824868201,0.7731898882334818,5.56315110682119,0.0
PRV55323,0.0,4.976733742420574,0.0,10.504272703223904,0.0,5.538372660334959,4.691347882229144,0.8472978603872036,5.538372660334959,0.0
PRV55324,0.0,3.258096538021482,0.0,8.926783114101351,0.0,5.711089049838639,3.218875824868201,0.713766467762681,5.711089049838639,0.0
PRV55325,0.0,3.737669618283368,0.0,9.614538010517382,0.0,5.903632434293747,3.044522437723423,1.1151415906193205,5.903632434293747,0.0
PRV55326,0.0,4.07753744390572,0.0,9.367429587218956,0.0,5.311846128415781,3.4339872044851463,1.076139432816051,5.311846128415781,0.0
PRV55329,0.0,1.0986122886681098,0.0,5.8888779583328805,0.0,5.198497031265826,1.0986122886681098,0.6931471805599453,5.198497031265826,0.0
PRV55330,0.0,1.6094379124341005,0.0,7.065613363597717,0.0,5.681877639268151,1.6094379124341005,0.6931471805599453,5.681877639268151,0.0
PRV55331,0.0,3.1780538303479458,0.0,8.45553053102413,0.0,5.324705253966967,2.995732273553991,0.7932306391169278,5.324705253966967,0.0
PRV55333,0.0,3.951243718581428,0.0,9.15915233520675,0.0,5.232575507310412,3.4657359027997265,0.9727320427791069,5.232575507310412,0.0
PRV55335,0.0,3.218875824868201,0.0,7.473637108496206,0.0,4.308559482792009,2.833213344056216,0.9162907318741552,4.308559482792009,0.0
PRV55337,0.0,2.6390573296152584,0.0,7.544861068658458,0.0,4.986237509834613,2.6390573296152584,0.6931471805599453,4.986237509834613,0.0
PRV55338,0.0,3.8501476017100575,0.0,9.08148374985118,0.0,5.257948168050913,3.80666248977032,0.7156200364120039,5.257948168050913,0.0
PRV55339,0.0,3.4339872044851463,0.0,8.97221007835365,0.0,5.574685679099544,3.367295829986474,0.7282385003712154,5.574685679099544,0.0
PRV55340,0.0,4.691347882229144,0.0,10.396077920037964,0.0,5.717210433247754,4.430816798843313,0.833432820250032,5.717210433247754,0.0
PRV55341,0.0,2.70805020110221,0.0,7.123672785204607,0.0,4.495036391577608,2.70805020110221,0.6931471805599453,4.495036391577608,0.0
PRV55342,0.0,2.302585092994046,0.0,7.80016307039296,0.0,5.606210479615949,2.19722457733622,0.7537718023763802,5.606210479615949,0.0
PRV55343,0.0,4.51085950651685,0.0,10.08334774933398,0.0,5.58724865840025,4.31748811353631,0.7958013346200287,5.58724865840025,0.0
PRV55344,0.0,2.70805020110221,0.0,9.02653771890043,0.0,6.389041482367141,2.19722457733622,1.01160091167848,6.389041482367141,0.0
PRV55345,0.0,2.772588722239781,0.0,8.897135342293316,0.0,6.190998232783058,2.70805020110221,0.7282385003712154,6.190998232783058,0.0
PRV55348,0.0,2.079441541679836,0.0,6.415096959171596,0.0,4.478958874850075,1.791759469228055,0.8754687373538999,4.478958874850075,0.0
PRV55350,0.0,3.4657359027997265,0.0,8.345455428161928,0.0,4.918567164989445,3.1780538303479458,0.8534898306351246,4.918567164989445,0.0
PRV55351,0.0,2.3978952727983707,0.0,7.409136443920128,0.0,5.111987788356544,2.19722457733622,0.8109302162163288,5.111987788356544,0.0
PRV55352,0.0,3.688879454113936,0.0,9.461176908307142,0.0,5.8005678672751335,3.332204510175204,0.8938178760220964,5.8005678672751335,0.0
PRV55353,0.0,2.5649493574615367,0.0,7.996653875462607,0.0,5.515442845536684,2.5649493574615367,0.6931471805599453,5.515442845536684,0.0
PRV55354,0.0,5.187385805840755,0.0,10.69174034652358,0.0,5.513972273671795,4.663439094112067,0.9914865474857142,5.513972273671795,0.0
PRV55355,0.0,0.6931471805599453,0.0,4.51085950651685,0.0,4.51085950651685,0.6931471805599453,0.6931471805599453,4.51085950651685,0.0
PRV55356,0.0,3.332204510175204,0.0,8.523374050491318,0.0,5.232691835075654,3.332204510175204,0.6931471805599453,5.232691835075654,0.0
PRV55357,0.0,5.087596335232384,0.0,10.525970823344906,0.0,5.448850152094668,4.672828834461906,0.9238095642881824,5.448850152094668,0.0
PRV55358,0.0,3.6375861597263857,0.0,9.596350792250211,0.0,5.987877038606716,3.555348061489413,0.736319352425154,5.987877038606716,0.0
PRV55359,0.0,4.736198448394496,0.0,10.777726367178412,0.0,6.052672028700696,3.970291913552122,1.1547017553191532,6.052672028700696,0.0
PRV55360,0.0,2.8903717578961645,0.0,8.493105395887147,0.0,5.663164707646101,2.8903717578961645,0.6931471805599453,5.663164707646101,0.0
PRV55361,0.0,4.454347296253507,0.0,10.0613883347884,0.0,5.622317186967915,4.0943445622221,0.8922758556702811,5.622317186967915,0.0
PRV55362,0.0,5.003946305945459,0.0,10.49601297178542,0.0,5.502856491355627,4.624972813284271,0.902332379623448,5.502856491355627,0.0
PRV55363,0.0,4.143134726391533,0.0,10.088763075406442,0.0,5.964159654515561,3.49650756146648,1.0775588794702773,5.964159654515561,0.0
PRV55364,0.0,0.6931471805599453,0.0,4.394449154672439,0.0,4.394449154672439,0.6931471805599453,0.6931471805599453,4.394449154672439,0.0
PRV55365,0.0,2.079441541679836,0.0,5.916202062607435,0.0,3.9863350383926974,1.791759469228055,0.8754687373538999,3.9863350383926974,0.0
PRV55366,0.0,4.68213122712422,0.0,9.918917890191484,0.0,5.251294331674294,3.9889840465642745,1.104881901681705,5.251294331674294,0.0
PRV55368,0.0,4.7535901911063645,0.0,10.117428893085538,0.0,5.377088362929404,4.624972813284271,0.7601578908429054,5.377088362929404,0.0
PRV55371,0.0,1.3862943611198906,0.0,5.802118375377063,0.0,4.709530201312334,1.3862943611198906,0.6931471805599453,4.709530201312334,0.0
PRV55372,0.0,2.5649493574615367,0.0,7.8713112033234065,0.0,5.390592642657207,2.079441541679836,0.9985288301111273,5.390592642657207,0.0
PRV55374,3.5263605246161616,0.0,12.721888795877376,0.0,9.225476751951868,0.0,3.4657359027997265,0.7248958788745256,9.225476751951868,1.0
PRV55375,2.70805020110221,0.0,11.904298410001251,0.0,9.26532897315687,0.0,2.70805020110221,0.6931471805599453,9.26532897315687,1.0
PRV55376,0.0,4.48863636973214,0.0,9.974458466406707,0.0,5.501165441863368,4.382026634673881,0.7485459599497335,5.501165441863368,0.0
PRV55377,0.0,1.6094379124341005,0.0,8.134760782418645,0.0,6.749345542234496,1.6094379124341005,0.6931471805599453,6.749345542234496,0.0
PRV55378,2.70805020110221,0.0,11.790564777297387,0.0,9.151605926935282,0.0,2.6390573296152584,0.7308875085427923,9.151605926935282,1.0
PRV55379,1.6094379124341005,0.0,10.491301994830229,0.0,9.105090961257083,0.0,1.6094379124341005,0.6931471805599453,9.105090961257083,1.0
PRV55381,3.044522437723423,3.258096538021482,12.01974909141692,8.94910546953925,9.024131268455037,5.733341276897746,3.713572066704308,0.7537718023763802,8.258681496264236,0.4444444444444444
PRV55382,2.19722457733622,0.0,11.767575435251748,0.0,9.688188155244967,0.0,2.19722457733622,0.6931471805599453,9.688188155244967,1.0
PRV55383,2.19722457733622,0.0,11.156264806643742,0.0,9.076923258535832,0.0,2.19722457733622,0.6931471805599453,9.076923258535832,1.0
PRV55384,0.0,0.6931471805599453,0.0,3.4339872044851463,0.0,3.4339872044851463,0.6931471805599453,0.6931471805599453,3.4339872044851463,0.0
PRV55385,2.19722457733622,0.0,11.156264806643742,0.0,9.076923258535832,0.0,2.079441541679836,0.7621400520468967,9.076923258535832,1.0
PRV55386,0.0,4.418840607796598,0.0,9.95280138908905,0.0,5.549929853386107,4.143134726391533,0.8426789145309092,5.549929853386107,0.0
PRV55387,1.9459101490553128,0.0,11.407576060361786,0.0,9.61587214452889,0.0,1.9459101490553128,0.6931471805599453,9.61587214452889,1.0
PRV55388,0.0,6.246106765481563,0.0,11.80694491376462,0.0,5.566601341520903,5.730099782973574,0.9848926474689828,5.566601341520903,0.0
PRV55390,0.0,3.295836866004329,0.0,10.049793255125712,0.0,6.792776001427704,2.833213344056216,0.965080896043587,6.792776001427704,0.0
PRV55392,3.1780538303479458,5.135798437050262,12.437188334739655,10.821995823851235,9.301781416240845,5.695444058959621,4.7535901911063645,0.9819156192239472,7.361686424662309,0.1197916666666666
PRV55395,0.0,2.5649493574615367,0.0,7.996653875462607,0.0,5.515442845536684,2.3978952727983707,0.7884573603642702,5.515442845536684,0.0
PRV55396,2.772588722239781,4.110873864173311,11.856522261533735,9.459619396895018,9.148571345578551,5.3698625337111325,4.158883083359672,0.784118958765672,7.626602694391896,0.2
PRV55397,0.0,1.9459101490553128,0.0,6.447305862541213,0.0,4.663439094112067,1.791759469228055,0.7884573603642702,4.663439094112067,0.0
PRV55398,0.0,2.6390573296152584,0.0,7.266128779556451,0.0,4.709530201312334,2.19722457733622,0.965080896043587,4.709530201312334,0.0
PRV55399,1.3862943611198906,3.218875824868201,10.34177474101152,8.474494436883122,9.243226964310402,5.301229787995071,2.70805020110221,1.074514737089049,7.190341054009169,0.1111111111111111
PRV55400,0.0,0.6931471805599453,0.0,5.303304908059076,0.0,5.303304908059076,0.6931471805599453,0.6931471805599453,5.303304908059076,0.0
PRV55401,0.0,3.912023005428146,0.0,9.35539264367532,0.0,5.467715640227409,3.1780538303479458,1.1411719030869056,5.467715640227409,0.0
PRV55402,0.0,3.80666248977032,0.0,9.782505655975346,0.0,6.000739582493732,3.091042453358316,1.1298648321722142,6.000739582493732,0.0
PRV55404,0.0,3.258096538021482,0.0,7.791935956938058,0.0,4.582924577040772,2.302585092994046,1.329135947279942,4.582924577040772,0.0
PRV55405,0.0,2.3978952727983707,0.0,7.912423121473705,0.0,5.613128106388071,0.6931471805599453,2.3978952727983707,5.613128106388071,0.0
PRV55408,0.0,2.833213344056216,0.0,8.548885638148727,0.0,5.779199113940956,2.4849066497880004,0.8979415932059586,5.779199113940956,0.0
PRV55409,0.0,1.791759469228055,0.0,5.638354669333745,0.0,4.04305126783455,1.6094379124341005,0.8109302162163288,4.04305126783455,0.0
PRV55410,0.0,4.04305126783455,0.0,9.64088826045181,0.0,5.61910603192236,3.5263605246161616,0.9921288082656596,5.61910603192236,0.0
PRV55411,0.0,3.688879454113936,0.0,9.391911647379434,0.0,5.731514033864427,3.1780538303479458,0.991640169115942,5.731514033864427,0.0
PRV55412,0.0,2.4849066497880004,0.0,7.57095858316901,0.0,5.178202067824741,1.6094379124341005,1.3217558399823195,5.178202067824741,0.0
PRV55413,0.0,1.6094379124341005,0.0,7.696667081526462,0.0,6.311734809152915,1.6094379124341005,0.6931471805599453,6.311734809152915,0.0
PRV55414,1.0986122886681098,2.3978952727983707,9.210440366976515,8.208219383496834,8.517393171418904,5.908082938168931,2.5649493574615367,0.6931471805599453,7.038929729532943,0.1666666666666666
PRV55416,1.0986122886681098,4.276666119016055,8.853808274977197,9.497847429113676,8.160803920954665,5.240404732978913,3.713572066704308,1.0385083645984043,5.632977786695357,0.0273972602739726
PRV55417,0.0,3.4339872044851463,0.0,8.219056661060598,0.0,4.825643508746422,2.5649493574615367,1.252762968495368,4.825643508746422,0.0
PRV55418,1.3862943611198906,1.9459101490553128,9.798182590890704,7.692113339595466,8.699681400989514,5.902633333401366,1.9459101490553128,0.9162907318741552,7.7161637998771715,0.3333333333333333
PRV55419,0.0,2.19722457733622,0.0,8.39638057119949,0.0,6.318517561812703,1.9459101490553128,0.8472978603872036,6.318517561812703,0.0
PRV55423,0.0,3.258096538021482,0.0,8.45765547870004,0.0,5.243861180751978,2.4849066497880004,1.1856236656577397,5.243861180751978,0.0
PRV55424,0.0,2.3978952727983707,0.0,6.7226297948554485,0.0,4.430816798843313,1.9459101490553128,0.9808292530117262,4.430816798843313,0.0
PRV55425,0.0,3.295836866004329,0.0,8.263848131368906,0.0,5.012172573415143,1.9459101490553128,1.6739764335716716,5.012172573415143,0.0
PRV55426,0.0,4.356708826689592,0.0,10.003830501232155,0.0,5.663456388898899,3.6635616461296463,1.1073459686368643,5.663456388898899,0.0
PRV55427,0.0,0.6931471805599453,0.0,3.9318256327243257,0.0,3.9318256327243257,0.6931471805599453,0.6931471805599453,3.9318256327243257,0.0
PRV55428,0.6931471805599453,0.0,8.853808274977197,0.0,8.853808274977197,0.0,0.6931471805599453,0.6931471805599453,8.853808274977197,1.0
PRV55430,2.079441541679836,0.0,11.277215789596893,0.0,9.331381586063362,0.0,1.9459101490553128,0.7731898882334818,9.331381586063362,1.0
PRV55431,1.0986122886681098,0.0,10.968215530759236,0.0,10.275085591132717,0.0,1.0986122886681098,0.6931471805599453,10.275085591132717,1.0
PRV55432,0.0,3.4011973816621555,0.0,8.91341571815747,0.0,5.549880805968689,3.1354942159291497,0.8407831793660098,5.549880805968689,0.0
PRV55433,3.49650756146648,4.02535169073515,12.714698852350995,9.150696519048669,9.249056149978856,5.149078844718156,4.356708826689592,0.7560610059705146,8.27697071395503,0.367816091954023
PRV55434,2.19722457733622,3.49650756146648,11.002116507732016,9.19023970026918,8.922791623969637,5.7276617484461445,3.688879454113936,0.705886206337375,7.465082736399547,0.2
PRV55435,4.859812404361672,3.1780538303479458,14.036091628928254,8.086717920303906,9.184163220503049,4.957968058572031,4.897839799950911,0.7586251099394523,9.021535059536625,0.847682119205298
PRV55436,0.0,2.4849066497880004,0.0,7.796057974316123,0.0,5.40226779759459,2.4849066497880004,0.6931471805599453,5.40226779759459,0.0
PRV55437,3.367295829986474,4.3694478524670215,12.862817736881576,9.585414998760278,9.530683226667511,5.23398395257968,4.634728988229636,0.7125652664170471,8.236670336162884,0.2641509433962264
PRV55438,0.0,5.393627546352362,0.0,11.158975376666715,0.0,5.773004645067771,4.30406509320417,1.3862943611198906,5.773004645067771,0.0
PRV55439,0.0,5.41610040220442,0.0,11.475130135474826,0.0,6.06579730266949,5.241747015059643,0.7845813865195772,6.06579730266949,0.0
PRV55441,2.079441541679836,3.258096538021482,10.985309671896765,9.09504174761272,9.039501210862689,5.878855602725328,3.4339872044851463,0.7259370033829363,7.660673776220748,0.21875
PRV55442,2.772588722239781,3.8501476017100575,11.52288569676448,9.844321241866911,8.814974098545433,6.018064141948049,4.02535169073515,0.7462570058738938,7.583631215753418,0.2459016393442623
PRV55443,3.4339872044851463,2.19722457733622,12.726950575147724,8.453401058328458,9.325839319606931,6.375450623539022,3.555348061489413,0.750305594399894,9.103305941484429,0.7894736842105263
PRV55444,4.74493212836325,2.70805020110221,14.084622008889008,8.403128235128264,9.348509895332391,5.7669808124348165,4.700480365792417,0.7767122589059876,9.236090352185602,0.890625
PRV55445,0.0,4.897839799950911,0.0,10.942013616092948,0.0,6.053998004937653,3.688879454113936,1.4839328306838069,6.053998004937653,0.0
PRV55446,0.0,4.59511985013459,0.0,10.049361215025671,0.0,5.468576670072236,4.477336814478207,0.754447706423741,5.468576670072236,0.0
PRV55447,0.0,4.204692619390966,0.0,10.042858113983936,0.0,5.856026576212877,4.110873864173311,0.7419373447293773,5.856026576212877,0.0
PRV55448,0.0,3.713572066704308,0.0,9.105090961257083,0.0,5.420534999272286,3.688879454113936,0.705886206337375,5.420534999272286,0.0
PRV55449,0.0,3.091042453358316,0.0,8.776630098427717,0.0,5.735188852481046,3.044522437723423,0.7178397931503169,5.735188852481046,0.0
PRV55450,0.6931471805599453,5.303304908059076,8.517393171418904,10.870680502337402,8.517393171418904,5.576138479152943,4.820281565605037,0.9685591604199116,5.661629439913158,0.0049751243781094
PRV55451,0.0,2.4849066497880004,0.0,6.7580945044277305,0.0,4.371746704054132,2.4849066497880004,0.6931471805599453,4.371746704054132,0.0
PRV55452,3.4657359027997265,3.4011973816621555,12.801334082366724,9.18307194482199,9.367429587218956,5.818649385154987,3.912023005428146,0.7995275841185171,8.733620908581717,0.5166666666666667
PRV55453,2.6390573296152584,6.663132695990803,11.53273789613992,12.16842788990322,8.967906177664076,5.510619755553927,5.811140992976701,1.2200589420775605,5.917760460483598,0.0163522012578616
PRV55454,1.791759469228055,5.8971538676367405,10.404293143019792,11.532345666209707,8.79497643168877,5.641486921339136,5.056245805348308,1.211635677071505,5.907373802103284,0.0135869565217391
PRV55455,0.0,5.924255797414532,0.0,11.46532009865055,0.0,5.547635463299815,4.983606621708336,1.2732414998389088,5.547635463299815,0.0
PRV55456,1.791759469228055,0.6931471805599453,11.127277689932466,8.101980731853192,9.517898598432753,8.101980731853192,1.9459101490553128,0.6931471805599453,9.382976285106446,0.8333333333333334
PRV55458,0.0,3.58351893845611,0.0,9.378478484253662,0.0,5.82600010738045,3.555348061489413,0.7077459799810979,5.82600010738045,0.0
PRV55459,0.0,5.84354441703136,0.0,11.651739131787249,0.0,5.8140784652145046,5.602118820879701,0.8215729691487677,5.8140784652145046,0.0
PRV55460,0.0,2.9444389791664403,0.0,8.14060704285845,0.0,5.255177873887419,2.833213344056216,0.7537718023763802,5.255177873887419,0.0
PRV55462,5.958424693029782,7.327780538421631,15.264803426884688,13.02525979040625,9.309056426780622,5.701480901923427,6.877296071497429,1.087891106950171,7.813129165884248,0.2024121657052962
PRV55463,0.0,5.552959584921617,0.0,11.205054290550551,0.0,5.659455100056916,5.3981627015177525,0.7738889445359797,5.659455100056916,0.0
PRV55464,0.0,3.4011973816621555,0.0,8.785845337961213,0.0,5.422821062905999,3.367295829986474,0.7108467576593462,5.422821062905999,0.0
PRV55465,2.302585092994046,5.802118375377063,11.451060699493429,11.62474408212658,9.253921224013544,5.828589047807891,4.804021044733257,1.3354359438864,6.410451392406198,0.0265486725663716
PRV55467,1.9459101490553128,7.544861068658458,10.915106645867503,13.150525087662343,9.123438079945664,5.609859339515192,6.556778356158042,1.3075251428308254,5.707950989503091,0.0031645569620253
PRV55468,0.0,3.332204510175204,0.0,9.213435576883484,0.0,5.920187322440151,3.258096538021482,0.7323678937132266,5.920187322440151,0.0
PRV55469,0.0,2.3978952727983707,0.0,7.65491704784832,0.0,5.356586274672012,2.3978952727983707,0.6931471805599453,5.356586274672012,0.0
PRV55470,0.0,6.154858094016418,0.0,11.813481807218112,0.0,5.6642156023059576,5.3230099791384085,1.195110117068091,5.6642156023059576,0.0
PRV55471,0.0,2.6390573296152584,0.0,7.421177528595393,0.0,4.863383836729269,2.6390573296152584,0.6931471805599453,4.863383836729269,0.0
PRV55472,3.091042453358316,1.0986122886681098,12.449022745701502,4.51085950651685,9.4045787359675,3.828641396489095,2.995732273553991,0.7932306391169278,9.31396764731,0.9130434782608696
PRV55473,0.0,1.9459101490553128,0.0,7.208600337960199,0.0,5.420534999272286,1.791759469228055,0.7884573603642702,5.420534999272286,0.0
PRV55474,0.0,4.394449154672439,0.0,9.766005509214866,0.0,5.388500790606016,4.31748811353631,0.7328875092094594,5.388500790606016,0.0
PRV55475,0.0,2.8903717578961645,0.0,8.216358332386156,0.0,5.387458826241036,2.8903717578961645,0.6931471805599453,5.387458826241036,0.0
PRV55477,0.0,3.8501476017100575,0.0,9.75794141390479,0.0,5.9318991467271,3.784189633918261,0.7274362540385774,5.9318991467271,0.0
PRV55479,0.0,6.511745329644728,0.0,11.99788543840602,0.0,5.491750080254388,5.762051382780177,1.1377925577454315,5.491750080254388,0.0
PRV55480,0.0,3.7612001156935615,0.0,9.591581091193484,0.0,5.856707914387358,3.7612001156935615,0.6931471805599453,5.856707914387358,0.0
PRV55481,0.6931471805599453,3.951243718581428,8.517393171418904,9.636326803305096,8.517393171418904,5.70776147602482,3.332204510175204,1.0736109864626924,5.970181979085714,0.0192307692307692
PRV55482,3.737669618283368,3.7612001156935615,13.122365377402328,9.132486932771318,9.408873307338204,5.399239475606931,4.290459441148391,0.7667589979031912,8.72201669779342,0.4939759036144578
PRV55483,4.189654742026425,2.4849066497880004,13.55855295114648,8.442685139241176,9.384248429207082,6.046942256425727,4.110873864173311,0.8183103235139513,9.233897552016929,0.8552631578947368
PRV55486,0.0,2.772588722239781,0.0,8.550821372396221,0.0,5.8454749195614175,2.772588722239781,0.6931471805599453,5.8454749195614175,0.0
PRV55487,0.0,4.3694478524670215,0.0,10.203629181337648,0.0,5.849768042365464,3.7612001156935615,1.0498221244986776,5.849768042365464,0.0
PRV55489,0.0,5.891644211825772,0.0,11.623938972319792,0.0,5.738277571294184,5.384495062789089,0.979676515131918,5.738277571294184,0.0
PRV55490,2.995732273553991,3.4657359027997265,11.93164237875414,9.093918908958932,8.987321812850125,5.66329644519874,3.8501476017100575,0.7357067949787413,8.076826031298808,0.38
PRV55491,0.0,5.87493073085203,0.0,11.659369380978829,0.0,5.790304686640724,5.198497031265826,1.0893098960057963,5.790304686640724,0.0
PRV55492,3.258096538021482,2.8903717578961645,12.52815976788113,8.696343057044556,9.309370895439136,5.8658012791122935,3.713572066704308,0.7178397931503169,8.812070742778332,0.5952380952380952
PRV55493,0.0,3.688879454113936,0.0,8.74369111054302,0.0,5.086170818241163,3.688879454113936,0.6931471805599453,5.086170818241163,0.0
PRV55494,0.6931471805599453,1.791759469228055,8.294299608857235,6.154858094016418,8.294299608857235,4.553876891600541,1.9459101490553128,0.6931471805599453,6.61472560020376,0.1666666666666666
PRV55495,3.218875824868201,3.332204510175204,12.53897064502647,8.205491613120236,9.360999248261296,4.916731532229815,3.951243718581428,0.6931471805599453,8.620354820706199,0.4705882352941176
PRV55496,3.737669618283368,3.828641396489095,12.502470376049184,9.04085606398372,8.789046996622353,5.239392687898007,4.3694478524670215,0.7431576011346067,8.079322605219833,0.4767441860465116
PRV55497,0.0,2.079441541679836,0.0,6.888572459565364,0.0,4.948759890378168,2.079441541679836,0.6931471805599453,4.948759890378168,0.0
PRV55498,0.0,3.332204510175204,0.0,7.9483852851118995,0.0,4.661690536226444,3.295836866004329,0.7121953755306397,4.661690536226444,0.0
PRV55499,0.0,3.5263605246161616,0.0,8.974744612722734,0.0,5.482278991835523,3.4011973816621555,0.7598385550586176,5.482278991835523,0.0
PRV55500,0.0,3.6635616461296463,0.0,9.619863900211849,0.0,5.984731403973185,3.6375861597263857,0.706570200892086,5.984731403973185,0.0
PRV55501,0.6931471805599453,2.5649493574615367,9.210440366976515,7.9865049385539955,9.210440366976515,5.5053315359323625,2.6390573296152584,0.6931471805599453,6.904133343068719,0.0769230769230769
PRV55503,0.6931471805599453,6.403574197934815,9.105090961257083,12.09949472246591,9.105090961257083,5.700920450409816,5.703782474656201,1.105278980026299,5.747957780934166,0.0016556291390728
PRV55505,0.0,6.175867270105761,0.0,11.761744560273572,0.0,5.591686362751744,5.6240175061873385,1.007640510462383,5.591686362751744,0.0
PRV55506,2.5649493574615367,1.0986122886681098,11.734475747705874,4.948759890378168,9.249657234353132,4.262679877041316,2.4849066497880004,0.8209805520698302,9.096643618940565,0.8571428571428571
PRV55507,1.3862943611198906,4.442651256490317,10.203629181337648,9.761405420601672,9.105090961257083,5.335360802728208,3.49650756146648,1.3133875903118029,6.235919616069625,0.0344827586206896
PRV55508,0.0,2.833213344056216,0.0,9.138951775888527,0.0,6.367972755128485,2.70805020110221,0.7621400520468967,6.367972755128485,0.0
PRV55509,3.367295829986474,2.4849066497880004,12.791080452981856,8.163656176168432,9.458951148682774,5.768605046356682,3.6635616461296463,0.7062192621272981,9.137353270426043,0.717948717948718
PRV55510,0.0,6.759255270663693,0.0,12.44984593297212,0.0,5.6951155243313005,6.674561391814426,0.7364439863132695,5.6951155243313005,0.0
PRV55511,0.0,1.791759469228055,0.0,8.166500319155052,0.0,6.558197802812269,1.791759469228055,0.6931471805599453,6.558197802812269,0.0
PRV55512,0.0,4.859812404361672,0.0,10.38378180126494,0.0,5.53567196095621,4.02535169073515,1.20215296760895,5.53567196095621,0.0
PRV55513,0.0,3.6635616461296463,0.0,9.437555622660446,0.0,5.802913098457911,3.610917912644224,0.7205461547480597,5.802913098457911,0.0
PRV55514,2.079441541679836,5.666426688112432,10.87806606028079,11.564863051756848,8.932269110229447,5.904623610138081,5.0369526024136295,1.07435531102255,6.287322848676869,0.023728813559322
PRV55515,0.0,6.131226489483141,0.0,11.781890970149078,0.0,5.656334546539696,5.204006687076795,1.2629711450878918,5.656334546539696,0.0
PRV55516,3.1354942159291497,4.919980925828125,12.220966184120163,10.857671193344656,9.130027173177766,5.947612537804277,4.691347882229144,0.9013650816574794,7.38676882962018,0.1392405063291139
PRV55518,2.4849066497880004,5.41610040220442,11.733674150882164,11.303080592924797,9.335859066687432,5.894181440219446,5.298317366548036,0.7797397093759124,6.776070205177663,0.0468085106382978
PRV55519,2.079441541679836,2.833213344056216,11.418625774449598,8.219056661060598,9.472781556562168,5.450501828921753,3.044522437723423,0.7654678421395714,8.323323471392849,0.3043478260869565
PRV55520,0.0,5.662960480135946,0.0,11.470967408709472,0.0,5.814463307069659,4.77912349311153,1.2332024426408743,5.814463307069659,0.0
PRV55521,0.0,6.423246963533519,0.0,11.968139008118328,0.0,5.550403854437784,5.556828061699537,1.2189759709179848,5.550403854437784,0.0
PRV55522,0.0,5.517452896464707,0.0,11.150103092826168,0.0,5.640218388996399,5.262690188904886,0.8292793548845253,5.640218388996399,0.0
PRV55523,0.0,5.717027701406222,0.0,11.330455897223192,0.0,5.6203410753421865,5.068904202220232,1.0708030099696817,5.6203410753421865,0.0
PRV55525,0.0,6.839476438228843,0.0,12.592188423587436,0.0,5.756945581126973,5.638354669333745,1.4660623057748006,5.756945581126973,0.0
PRV55527,0.0,1.0986122886681098,0.0,5.14166355650266,0.0,4.454347296253507,1.0986122886681098,0.6931471805599453,4.454347296253507,0.0
PRV55528,0.0,1.6094379124341005,0.0,6.78105762593618,0.0,5.3981627015177525,1.6094379124341005,0.6931471805599453,5.3981627015177525,0.0
PRV55530,0.0,4.276666119016055,0.0,9.783069799056989,0.0,5.524330037436117,4.219507705176107,0.7225610657662386,5.524330037436117,0.0
PRV55531,4.691347882229144,2.70805020110221,13.69221347284086,7.664346632098617,9.010203278978878,5.031371192575434,4.718498871295094,0.7415082522533665,8.890735568792248,0.8852459016393442
PRV55534,0.0,4.990432586778736,0.0,10.465414952351203,0.0,5.485933103583904,4.290459441148391,1.1078289437730338,5.485933103583904,0.0
PRV55535,0.0,3.7612001156935615,0.0,9.17895289873455,0.0,5.445505085620045,3.58351893845611,0.7884573603642702,5.445505085620045,0.0
PRV55536,2.4849066497880004,5.356586274672012,11.49171204297103,10.82875784719086,9.093918908958932,5.481053529324179,4.672828834461906,1.1295745142720766,6.506147586336413,0.0495495495495495
PRV55537,0.0,2.772588722239781,0.0,8.478660241699453,0.0,5.773515812670876,2.6390573296152584,0.7672551527136671,5.773515812670876,0.0
PRV55538,0.0,1.0986122886681098,0.0,4.394449154672439,0.0,3.713572066704308,1.0986122886681098,0.6931471805599453,3.713572066704308,0.0
PRV55539,0.0,1.3862943611198906,0.0,7.8713112033234065,0.0,6.773461691198764,1.3862943611198906,0.6931471805599453,6.773461691198764,0.0
PRV55540,3.1780538303479458,2.19722457733622,12.283038316285214,8.525359754082631,9.147645946549884,6.447305862541213,3.332204510175204,0.7646061445420902,8.872251991387888,0.7419354838709677
PRV55541,0.0,4.90527477843843,0.0,10.321572692000396,0.0,5.428101073722236,4.189654742026425,1.1189175548288552,5.428101073722236,0.0
PRV55543,1.6094379124341005,4.927253685157205,10.915106645867503,10.534785924769006,9.528866827722943,5.618415398678858,4.564348191467836,0.9099549134250692,6.488806050342878,0.0283687943262411
PRV55547,2.302585092994046,2.9444389791664403,11.81303746480054,8.394121193826242,9.61587214452889,5.507587345596375,3.295836866004329,0.7121953755306397,8.549603013732769,0.3333333333333333
PRV55548,0.0,6.333279628139691,0.0,11.980808096489708,0.0,5.652813782633607,5.66988092298052,1.079985440460942,5.652813782633607,0.0
PRV55549,0.0,3.367295829986474,0.0,8.895766604056085,0.0,5.567253396178763,2.4849066497880004,1.265666373331276,5.567253396178763,0.0
PRV55550,3.6375861597263857,3.091042453358316,13.019224835777257,7.696667081526462,9.40838674238681,4.661190386171004,4.007333185232471,0.7295148247308202,8.963773768218278,0.6379310344827587
PRV55551,0.0,4.5217885770490405,0.0,10.300954090533024,0.0,5.793114112580279,4.31748811353631,0.8018803806964109,5.793114112580279,0.0
PRV55552,1.6094379124341005,7.0925737159746784,11.571203807011967,12.709090870722626,10.184937747111393,5.62097341874668,6.306275286948016,1.1646350824992533,5.89478651679967,0.0033167495854063
PRV55554,0.0,4.3694478524670215,0.0,9.691592993399809,0.0,5.339631547616926,4.204692619390966,0.7801585575495752,5.339631547616926,0.0
PRV55555,2.079441541679836,3.784189633918261,10.518700218288163,9.822873848541882,8.57295221386622,6.063947445391314,3.828641396489095,0.7472144018302211,7.01211529430638,0.14
PRV55556,0.0,5.332718793265369,0.0,10.898238201670146,0.0,5.574145477001719,5.204006687076795,0.7599276617639561,5.574145477001719,0.0
PRV55557,1.6094379124341005,4.174387269895637,10.62135173563291,9.875653761606692,9.235130540783402,5.720004352308224,4.158883083359672,0.7320625968096188,6.791188415253488,0.0588235294117647
PRV55558,0.0,3.610917912644224,0.0,9.335297611380566,0.0,5.754862783400957,3.5263605246161616,0.7375989431307791,5.754862783400957,0.0
PRV55560,0.0,3.091042453358316,0.0,8.550821372396221,0.0,5.510159198103806,2.995732273553991,0.7444404749474959,5.510159198103806,0.0
PRV55561,0.0,3.218875824868201,0.0,9.031333316150056,0.0,5.856026576212877,3.1780538303479458,0.7146533857809089,5.856026576212877,0.0
PRV55562,0.0,2.8903717578961645,0.0,7.989899374942939,0.0,5.1620932762346055,2.70805020110221,0.7949298748698875,5.1620932762346055,0.0
PRV55563,0.0,2.9444389791664403,0.0,8.453401058328458,0.0,5.566646710484003,2.8903717578961645,0.7221347174331976,5.566646710484003,0.0
PRV55564,0.0,1.3862943611198906,0.0,5.017279836814924,0.0,3.9318256327243257,1.3862943611198906,0.6931471805599453,3.9318256327243257,0.0
PRV55565,0.0,3.1780538303479458,0.0,8.77043908654689,0.0,5.638354669333745,3.1354942159291497,0.7156200364120039,5.638354669333745,0.0
PRV55566,0.0,3.9889840465642745,0.0,9.75909741657673,0.0,5.791804870792016,3.871201010907891,0.7550225842780328,5.791804870792016,0.0
PRV55567,3.091042453358316,3.912023005428146,12.232232473915769,9.056139690898885,9.187807449385089,5.169904049536773,4.204692619390966,0.7230001437096264,8.024955638810763,0.3
PRV55569,0.0,2.302585092994046,0.0,7.300472814267799,0.0,5.108635455347789,2.079441541679836,0.826678573184468,5.108635455347789,0.0
PRV55570,0.0,2.3978952727983707,0.0,8.497194544909547,0.0,6.19644412779452,2.302585092994046,0.7472144018302211,6.19644412779452,0.0
PRV55571,0.0,4.127134385045092,0.0,9.514953305087944,0.0,5.40849413427403,3.951243718581428,0.7866732385707688,5.40849413427403,0.0
PRV55572,0.0,0.6931471805599453,0.0,2.3978952727983707,0.0,2.3978952727983707,0.6931471805599453,0.6931471805599453,2.3978952727983707,0.0
PRV55573,1.6094379124341005,2.079441541679836,10.275085591132717,6.447305862541213,8.888894669371593,4.51085950651685,2.4849066497880004,0.6931471805599453,7.899018544234165,0.3636363636363636
PRV55574,0.0,2.772588722239781,0.0,7.75833346749091,0.0,5.056245805348308,2.5649493574615367,0.8109302162163288,5.056245805348308,0.0
PRV55575,0.0,1.9459101490553128,0.0,6.154858094016418,0.0,4.373658385003365,1.6094379124341005,0.9162907318741552,4.373658385003365,0.0
PRV55576,1.3862943611198906,4.060443010546419,9.305741456739437,9.669725322073775,8.207310953201803,5.630205175885473,3.912023005428146,0.7995275841185171,6.10516518704081,0.05
PRV55577,0.0,1.0986122886681098,0.0,3.044522437723423,0.0,2.3978952727983707,1.0986122886681098,0.6931471805599453,2.3978952727983707,0.0
PRV55578,0.0,0.6931471805599453,0.0,5.303304908059076,0.0,5.303304908059076,0.6931471805599453,0.6931471805599453,5.303304908059076,0.0
PRV55579,0.0,5.1647859739235145,0.0,10.533987755195422,0.0,5.379526502432928,4.418840607796598,1.1384581972153094,5.379526502432928,0.0
PRV55580,0.0,4.204692619390966,0.0,9.872048483700748,0.0,5.685741930343177,3.295836866004329,1.2636920390275583,5.685741930343177,0.0
PRV55581,0.0,1.0986122886681098,0.0,4.262679877041316,0.0,3.58351893845611,1.0986122886681098,0.6931471805599453,3.58351893845611,0.0
PRV55582,0.0,3.218875824868201,0.0,8.97094039814245,0.0,5.795804425874847,3.1354942159291497,0.7375989431307791,5.795804425874847,0.0
PRV55583,1.3862943611198906,2.302585092994046,9.798182590890704,6.710523109452428,8.699681400989514,4.522995577799076,2.4849066497880004,0.7375989431307791,7.358406179712057,0.25
PRV55584,0.0,1.0986122886681098,0.0,6.398594934535208,0.0,5.707110264748875,1.0986122886681098,0.6931471805599453,5.707110264748875,0.0
PRV55585,0.0,4.74493212836325,0.0,10.389026137075234,0.0,5.656298474626727,4.454347296253507,0.8506535682341759,5.656298474626727,0.0
PRV55586,1.0986122886681098,0.0,10.645448706505872,0.0,9.952325334619427,0.0,1.0986122886681098,0.6931471805599453,9.952325334619427,1.0
PRV55587,0.0,2.079441541679836,0.0,7.456454555176209,0.0,5.514004617185792,2.079441541679836,0.6931471805599453,5.514004617185792,0.0
PRV55588,0.0,1.3862943611198906,0.0,8.24301946898925,0.0,7.144933219260151,1.3862943611198906,0.6931471805599453,7.144933219260151,0.0
PRV55589,0.0,3.044522437723423,0.0,7.714677473800927,0.0,4.727387818712341,2.9444389791664403,0.7472144018302211,4.727387818712341,0.0
PRV55590,0.0,1.791759469228055,0.0,7.824445930877619,0.0,6.2166061010848646,1.791759469228055,0.6931471805599453,6.2166061010848646,0.0
PRV55591,0.0,0.6931471805599453,0.0,0.0,0.0,0.0,0.6931471805599453,0.6931471805599453,0.0,0.0
PRV55592,0.0,4.770684624465665,0.0,10.005186372360962,0.0,5.24823791005988,3.970291913552122,1.1786549963416462,5.24823791005988,0.0
PRV55593,0.0,4.997212273764115,0.0,10.5921496903114,0.0,5.605376805817549,3.9889840465642745,1.3280254529959148,5.605376805817549,0.0
PRV55595,0.0,2.8903717578961645,0.0,7.867488568699128,0.0,5.040384445629324,2.833213344056216,0.723918839226699,5.040384445629324,0.0
PRV55596,0.0,3.49650756146648,0.0,9.45100945015621,0.0,5.98770749823027,3.218875824868201,0.8472978603872036,5.98770749823027,0.0
PRV55598,0.0,5.123963979403259,0.0,10.740540252898027,0.0,5.626133771985367,4.442651256490317,1.0946361402884703,5.626133771985367,0.0
PRV55599,0.0,0.6931471805599453,0.0,4.61512051684126,0.0,4.61512051684126,0.6931471805599453,0.6931471805599453,4.61512051684126,0.0
PRV55600,1.6094379124341005,0.0,10.12667110305036,0.0,8.740496729931813,0.0,1.6094379124341005,0.6931471805599453,8.740496729931813,1.0
PRV55601,0.0,2.19722457733622,0.0,7.340186835320115,0.0,5.2652775124698366,2.19722457733622,0.6931471805599453,5.2652775124698366,0.0
PRV55602,0.0,1.791759469228055,0.0,6.660575149839686,0.0,5.056245805348308,1.6094379124341005,0.8109302162163288,5.056245805348308,0.0
PRV55603,1.0986122886681098,0.0,9.61587214452889,0.0,8.922791623969637,0.0,1.0986122886681098,0.6931471805599453,8.922791623969637,1.0
PRV55604,2.8903717578961645,0.0,11.775297421715829,0.0,8.942207146062723,0.0,2.8903717578961645,0.6931471805599453,8.942207146062723,1.0
PRV55606,1.6094379124341005,0.0,10.59665973278358,0.0,9.210440366976515,0.0,1.3862943611198906,0.8472978603872036,9.210440366976515,1.0
PRV55607,0.0,0.6931471805599453,0.0,3.713572066704308,0.0,3.713572066704308,0.6931471805599453,0.6931471805599453,3.713572066704308,0.0
PRV55608,0.0,2.9444389791664403,0.0,8.909370405197466,0.0,6.021293000153372,2.9444389791664403,0.6931471805599453,6.021293000153372,0.0
PRV55609,0.0,2.3978952727983707,0.0,8.832149906002899,0.0,6.530877627725885,2.3978952727983707,0.6931471805599453,6.530877627725885,0.0
PRV55610,0.0,0.6931471805599453,0.0,7.438971592395862,0.0,7.438971592395862,0.6931471805599453,0.6931471805599453,7.438971592395862,0.0
PRV55612,0.0,0.6931471805599453,0.0,6.68586094706836,0.0,6.68586094706836,0.6931471805599453,0.6931471805599453,6.68586094706836,0.0
PRV55613,0.0,2.079441541679836,0.0,6.608000625296087,0.0,4.670155036077504,2.079441541679836,0.6931471805599453,4.670155036077504,0.0
PRV55614,0.0,4.30406509320417,0.0,10.293195838031854,0.0,6.005171545379411,4.23410650459726,0.7292521852020616,6.005171545379411,0.0
PRV55615,0.0,0.6931471805599453,0.0,3.9318256327243257,0.0,3.9318256327243257,0.6931471805599453,0.6931471805599453,3.9318256327243257,0.0
PRV55617,0.0,1.0986122886681098,0.0,5.564520407322694,0.0,4.875197323201151,1.0986122886681098,0.6931471805599453,4.875197323201151,0.0
PRV55618,0.0,2.6390573296152584,0.0,7.252053951852814,0.0,4.695573240628316,2.4849066497880004,0.7801585575495752,4.695573240628316,0.0
PRV55619,0.0,1.0986122886681098,0.0,4.110873864173311,0.0,3.4339872044851463,1.0986122886681098,0.6931471805599453,3.4339872044851463,0.0
PRV55620,0.0,2.772588722239781,0.0,7.518064181233078,0.0,4.817589773939326,2.70805020110221,0.7282385003712154,4.817589773939326,0.0
PRV55621,0.0,4.143134726391533,0.0,9.475086413144906,0.0,5.35262225057598,4.0943445622221,0.7182531016910216,5.35262225057598,0.0
PRV55622,0.0,0.6931471805599453,0.0,7.313886831633462,0.0,7.313886831633462,0.6931471805599453,0.6931471805599453,7.313886831633462,0.0
PRV55623,0.0,2.302585092994046,0.0,7.989899374942939,0.0,5.795382075063991,2.19722457733622,0.7537718023763802,5.795382075063991,0.0
PRV55624,0.0,1.0986122886681098,0.0,4.61512051684126,0.0,3.9318256327243257,1.0986122886681098,0.6931471805599453,3.9318256327243257,0.0
PRV55625,0.0,3.091042453358316,0.0,8.684570300824369,0.0,5.643425674115304,2.833213344056216,0.8383291904044432,5.643425674115304,0.0
PRV55626,0.0,2.302585092994046,0.0,6.698268054115413,0.0,4.51085950651685,2.302585092994046,0.6931471805599453,4.51085950651685,0.0
PRV55627,0.0,3.6635616461296463,0.0,8.696343057044556,0.0,5.064924097463605,3.49650756146648,0.7827593392496325,5.064924097463605,0.0
PRV55631,0.0,1.0986122886681098,0.0,5.993961427306569,0.0,5.303304908059076,1.0986122886681098,0.6931471805599453,5.303304908059076,0.0
PRV55632,0.0,0.6931471805599453,0.0,4.110873864173311,0.0,4.110873864173311,0.6931471805599453,0.6931471805599453,4.110873864173311,0.0
PRV55633,0.0,5.883322388488279,0.0,11.42617950729923,0.0,5.549532472702374,5.3471075307174685,0.9980250517629412,5.549532472702374,0.0
PRV55634,0.0,1.0986122886681098,0.0,8.160803920954665,0.0,7.467942332285852,1.0986122886681098,0.6931471805599453,7.467942332285852,0.0
PRV55635,0.0,4.0943445622221,0.0,9.509778075438817,0.0,5.436530578940712,4.07753744390572,0.7017309242513368,5.436530578940712,0.0
PRV55637,0.0,0.6931471805599453,0.0,5.707110264748875,0.0,5.707110264748875,0.6931471805599453,0.6931471805599453,5.707110264748875,0.0
PRV55638,0.0,1.791759469228055,0.0,5.8888779583328805,0.0,4.290459441148391,1.6094379124341005,0.8109302162163288,4.290459441148391,0.0
PRV55639,0.0,1.6094379124341005,0.0,6.089044875446846,0.0,4.709530201312334,1.6094379124341005,0.6931471805599453,4.709530201312334,0.0
PRV55640,0.0,4.174387269895637,0.0,9.38437770918244,0.0,5.230774336390167,3.912023005428146,0.8355675206017138,5.230774336390167,0.0
PRV55641,0.0,1.0986122886681098,0.0,6.734591659972948,0.0,6.042632833682381,1.0986122886681098,0.6931471805599453,6.042632833682381,0.0
PRV55642,0.0,1.0986122886681098,0.0,7.972810784121404,0.0,7.280008252884188,1.0986122886681098,0.6931471805599453,7.280008252884188,0.0
PRV55644,0.0,3.4011973816621555,0.0,8.529319371214077,0.0,5.167540796602359,3.295836866004329,0.7492366472109889,5.167540796602359,0.0
PRV55646,0.0,1.0986122886681098,0.0,5.707110264748875,0.0,5.017279836814924,1.0986122886681098,0.6931471805599453,5.017279836814924,0.0
PRV55648,0.0,1.0986122886681098,0.0,4.394449154672439,0.0,3.713572066704308,1.0986122886681098,0.6931471805599453,3.713572066704308,0.0
PRV55649,0.0,1.0986122886681098,0.0,4.61512051684126,0.0,3.9318256327243257,0.6931471805599453,1.0986122886681098,3.9318256327243257,0.0
PRV55650,0.0,1.6094379124341005,0.0,5.3981627015177525,0.0,4.02535169073515,1.6094379124341005,0.6931471805599453,4.02535169073515,0.0
PRV55652,0.0,3.367295829986474,0.0,8.722742874329398,0.0,5.394925405067961,3.332204510175204,0.7114963192281418,5.394925405067961,0.0
PRV55653,0.0,3.258096538021482,0.0,8.764209507142004,0.0,5.54907608489522,3.258096538021482,0.6931471805599453,5.54907608489522,0.0
PRV55654,0.0,6.361302477572996,0.0,12.181785075898826,0.0,5.8251627745428,5.926926025970411,0.9343092373768334,5.8251627745428,0.0
PRV55655,0.0,1.3862943611198906,0.0,5.442417710521793,0.0,4.352426164897591,1.3862943611198906,0.6931471805599453,4.352426164897591,0.0
PRV55656,0.0,3.4339872044851463,0.0,9.227295812625597,0.0,5.828945617610208,3.295836866004329,0.7672551527136671,5.828945617610208,0.0
PRV55657,0.0,0.6931471805599453,0.0,7.438971592395862,0.0,7.438971592395862,0.6931471805599453,0.6931471805599453,7.438971592395862,0.0
PRV55658,2.772588722239781,0.0,12.187913766539234,0.0,9.479934845629309,0.0,2.70805020110221,0.7282385003712154,9.479934845629309,1.0
PRV55659,3.044522437723423,0.0,12.33270970174018,0.0,9.33706112475534,0.0,2.9444389791664403,0.7472144018302211,9.33706112475534,1.0
PRV55660,1.6094379124341005,0.0,10.404293143019792,0.0,9.018089684104345,0.0,1.6094379124341005,0.6931471805599453,9.018089684104345,1.0
PRV55661,2.70805020110221,0.0,12.216027926866138,0.0,9.57703495129716,0.0,2.4849066497880004,0.8209805520698302,9.57703495129716,1.0
PRV55662,3.367295829986474,0.0,12.358798024384122,0.0,9.026709386826417,0.0,3.332204510175204,0.7114963192281418,9.026709386826417,1.0
PRV55663,2.079441541679836,0.0,10.491301994830229,0.0,8.545558493925508,0.0,2.079441541679836,0.6931471805599453,8.545558493925508,1.0
PRV55664,3.044522437723423,0.0,12.230770136157428,0.0,9.235130540783402,0.0,2.8903717578961645,0.7777045685880084,9.235130540783402,1.0
PRV55665,0.6931471805599453,0.0,9.105090961257083,0.0,9.105090961257083,0.0,0.6931471805599453,0.6931471805599453,9.105090961257083,1.0
PRV55666,2.995732273553991,0.0,11.736077016252436,0.0,8.791782025567167,0.0,2.995732273553991,0.6931471805599453,8.791782025567167,1.0
PRV55667,3.6635616461296463,0.0,12.853649597360048,0.0,9.216160245714336,0.0,3.5263605246161616,0.7661723155748352,9.216160245714336,1.0
PRV55668,1.6094379124341005,0.0,10.757924157061597,0.0,9.37169362233394,0.0,1.6094379124341005,0.6931471805599453,9.37169362233394,1.0
PRV55670,2.302585092994046,0.0,11.49273296168228,0.0,9.295590012834449,0.0,2.19722457733622,0.7537718023763802,9.295590012834449,1.0
PRV55671,1.0986122886681098,0.0,9.680406499268877,0.0,8.987321812850125,0.0,1.0986122886681098,0.6931471805599453,8.987321812850125,1.0
PRV55673,2.302585092994046,3.951243718581428,11.429554725537322,9.798182590890704,9.232417099997257,5.869130731164136,4.04305126783455,0.7282385003712154,7.514436388391649,0.15
PRV55674,0.0,2.302585092994046,0.0,8.515391569469609,0.0,6.319768594077351,2.19722457733622,0.7537718023763802,6.319768594077351,0.0
PRV55675,1.0986122886681098,4.406719247264253,11.302216779257382,9.789254458374703,10.609081944147828,5.3992793338709495,3.9889840465642745,0.9423629721839302,7.083256440916288,0.0240963855421686
PRV55676,4.7535901911063645,3.970291913552122,13.844681906514554,9.278092474027002,9.099860494525204,5.331603344181503,5.017279836814924,0.7482664797810249,8.737186396374739,0.688622754491018
PRV55677,0.0,4.442651256490317,0.0,9.75272280064639,0.0,5.32671969820851,4.382026634673881,0.7243023483397408,5.32671969820851,0.0
PRV55678,2.302585092994046,2.079441541679836,11.7652471635618,6.3818160174060985,9.568084743872936,4.446006964337289,2.833213344056216,0.6931471805599453,8.997348245155846,0.5625
PRV55679,2.302585092994046,5.3981627015177525,11.429554725537322,10.92018454800297,9.232417099997257,5.530510753382164,4.499809670330265,1.273415013048037,6.467922466295466,0.0393013100436681
PRV55680,1.791759469228055,5.308267697401205,10.12667110305036,10.67037299405789,8.517393171418904,5.371701907223336,4.290459441148391,1.3509549946745818,5.803290949017115,0.0242718446601941
PRV55682,1.9459101490553128,2.8903717578961645,10.950824090522444,8.655388690167637,9.15915233520675,5.824958440619594,2.995732273553991,0.7932306391169278,7.911626790922608,0.2608695652173913
PRV55683,0.0,3.367295829986474,0.0,8.31898612539206,0.0,4.993343796986195,2.3978952727983707,1.33500106673234,4.993343796986195,0.0
PRV55684,0.0,1.3862943611198906,0.0,6.018593214496234,0.0,4.924835304292923,1.3862943611198906,0.6931471805599453,4.924835304292923,0.0
PRV55687,1.791759469228055,4.343805421853684,10.34177474101152,10.316953898529778,8.732465848349879,5.988697564645588,3.8918202981106265,0.9886113934537812,6.62942848607336,0.0617283950617283
PRV55688,0.6931471805599453,3.8501476017100575,9.546884034617923,9.169622538697624,9.546884034617923,5.345657204139823,3.4011973816621555,0.963437510299857,6.220843934269601,0.0212765957446808
PRV55689,4.653960350157523,6.161207321695077,13.895984864793189,11.870397091473114,9.251688997033,5.714597634236527,5.891644211825772,0.9548719906733438,7.662523220789534,0.1802426343154246
PRV55690,2.772588722239781,4.343805421853684,11.944714374881176,9.582662261491093,9.236755078147633,5.257084103257848,4.330733340286331,0.7944996748202328,7.524430749213555,0.1648351648351648
PRV55691,1.3862943611198906,3.6375861597263857,9.741027444837728,8.529319371214077,8.642532789389376,4.925489497695817,2.772588722239781,1.2992829841302609,6.314453433391908,0.075
PRV55692,1.3862943611198906,5.010635294096256,9.99884318585288,10.184182773688342,8.900321798012031,5.185809820523943,4.382026634673881,1.072969858054772,5.768156508582282,0.0197368421052631
PRV55695,0.0,4.30406509320417,0.0,9.625821815359837,0.0,5.340103279910863,3.951243718581428,0.8884559328807112,5.340103279910863,0.0
PRV55697,0.0,3.295836866004329,0.0,8.91341571815747,0.0,5.6586778183439455,3.218875824868201,0.7339691750802004,5.6586778183439455,0.0
PRV55699,0.6931471805599453,3.4011973816621555,9.305741456739437,9.389406636049465,9.305741456739437,6.024449011721179,2.079441541679836,1.6650077635889111,6.641617236095072,0.0333333333333333
PRV55700,1.3862943611198906,3.332204510175204,11.156264806643742,9.475086413144906,10.057681088587902,6.18124280140371,3.295836866004329,0.7672551527136671,7.926121135522589,0.1
PRV55701,0.0,5.231108616854587,0.0,10.835671318412196,0.0,5.613559690504627,4.262679877041316,1.2966822024302034,5.613559690504627,0.0
PRV55702,0.0,2.70805020110221,0.0,8.200013648175434,0.0,5.564520407322694,2.70805020110221,0.6931471805599453,5.564520407322694,0.0
PRV55703,1.3862943611198906,4.02535169073515,9.952325334619427,9.525224101853109,8.853808274977197,5.521824488126204,3.828641396489095,0.828066498459316,6.39572202977826,0.0517241379310344
PRV55704,1.6094379124341005,3.555348061489413,9.99884318585288,8.717845704894916,8.612685172875459,5.196870750211347,3.49650756146648,0.7827593392496325,6.607645423360053,0.1052631578947368
PRV55705,0.0,5.537334267018537,0.0,11.065403224873476,0.0,5.535948351742395,4.7535901911063645,1.1631508098056809,5.535948351742395,0.0
PRV55706,0.6931471805599453,0.0,9.39274525863144,0.0,9.39274525863144,0.0,0.6931471805599453,0.6931471805599453,9.39274525863144,1.0
PRV55707,2.079441541679836,3.295836866004329,10.839600519357369,8.299285906897275,8.893808008134519,5.047387479706209,3.218875824868201,0.8649974374866045,7.419544075112304,0.2121212121212121
PRV55709,2.833213344056216,3.332204510175204,11.940158587995835,8.89439598980643,9.16766770768923,5.602118820879701,3.7612001156935615,0.704981638206948,8.22567742314528,0.3720930232558139
PRV55710,1.9459101490553128,3.555348061489413,10.491301994830229,9.4478600892349,8.699681400989514,5.9240985028801925,3.6375861597263857,0.7328875092094594,7.1049654482698426,0.15
PRV55711,0.0,1.791759469228055,0.0,6.493753839851686,0.0,4.890349128221754,1.791759469228055,0.6931471805599453,4.890349128221754,0.0
PRV55712,0.0,3.295836866004329,0.0,9.198369000194964,0.0,5.942799375126701,3.258096538021482,0.712949807856125,5.942799375126701,0.0
PRV55714,1.3862943611198906,2.995732273553991,9.99884318585288,8.941283763647567,8.900321798012031,5.999197726743153,2.8903717578961645,0.8303483020734304,7.206579590943592,0.1363636363636363
PRV55715,4.060443010546419,6.694562058521095,13.096021455450709,12.40168465831445,9.053085170502316,5.711669505709548,6.045005314036012,1.1158811636469388,6.740697195994479,0.0659722222222222
PRV55716,0.0,3.258096538021482,0.0,8.798001694924846,0.0,5.582744146279145,3.1780538303479458,0.7357067949787413,5.582744146279145,0.0
PRV55717,0.0,4.30406509320417,0.0,10.14096783995039,0.0,5.853343381210266,3.332204510175204,1.3093333199837625,5.853343381210266,0.0
PRV55719,0.0,3.1780538303479458,0.0,8.79497643168877,0.0,5.66280950255583,2.4849066497880004,1.128465251817791,5.66280950255583,0.0
PRV55720,1.6094379124341005,2.079441541679836,10.128669025875904,7.732369222284388,8.742494413284247,5.789086044967468,2.3978952727983707,0.7419373447293773,7.818247413255437,0.3636363636363636
PRV55721,0.0,1.791759469228055,0.0,6.018593214496234,0.0,4.418840607796598,1.791759469228055,0.6931471805599453,4.418840607796598,0.0
PRV55723,0.0,3.871201010907891,0.0,9.581972891547895,0.0,5.734992464063404,3.258096538021482,1.0577902941478543,5.734992464063404,0.0
PRV55724,0.0,3.4657359027997265,0.0,9.437555622660446,0.0,6.0059558138659845,3.4657359027997265,0.6931471805599453,6.0059558138659845,0.0
PRV55726,0.0,3.610917912644224,0.0,9.17895289873455,0.0,5.599039052507621,2.833213344056216,1.1786549963416462,5.599039052507621,0.0
PRV55727,0.0,4.23410650459726,0.0,9.71902370267014,0.0,5.50353652557784,3.58351893845611,1.079380926740222,5.50353652557784,0.0
PRV55728,0.0,2.079441541679836,0.0,8.19450550976564,0.0,6.250250990227589,1.791759469228055,0.8754687373538999,6.250250990227589,0.0
PRV55729,0.0,4.74493212836325,0.0,9.9480306152868,0.0,5.217221472889841,3.688879454113936,1.366876275262789,5.217221472889841,0.0
PRV55731,0.0,4.912654885736052,0.0,10.38625315033408,0.0,5.485104247568058,3.970291913552122,1.2798648982731593,5.485104247568058,0.0
PRV55732,2.5649493574615367,4.605170185988092,11.944714374881176,10.11297832739655,9.45987915064992,5.521824488126204,4.189654742026425,0.9960967251425146,7.384330734860872,0.1081081081081081
PRV55733,0.0,3.8501476017100575,0.0,9.593628035139645,0.0,5.76804921973557,3.784189633918261,0.7274362540385774,5.76804921973557,0.0
PRV55734,0.0,5.739792912179234,0.0,11.173121684915964,0.0,5.440880431202907,4.890349128221754,1.2085079594913273,5.440880431202907,0.0
PRV55735,0.0,4.543294782270004,0.0,10.38068400132164,0.0,5.850934836956279,4.430816798843313,0.7516433872415538,5.850934836956279,0.0
PRV55736,1.6094379124341005,5.424950017481403,10.308985993422082,11.263707409192737,8.922791623969637,5.846055050107057,4.74493212836325,1.104443208978903,6.15338003370114,0.017391304347826
PRV55737,2.995732273553991,5.476463551931511,12.08391066125752,11.345346697230422,9.139573371261273,5.875874483281459,5.170483995038151,0.9036396143205964,6.926363174406917,0.0739299610894941
PRV55739,2.995732273553991,4.219507705176107,12.259618151783464,10.070737771809798,9.315264476631103,5.868833022772266,4.330733340286331,0.7639162514481526,7.9118268591687775,0.2209302325581395
PRV55740,0.0,3.091042453358316,0.0,8.414274137408396,0.0,5.374175506943716,2.9444389791664403,0.7731898882334818,5.374175506943716,0.0
PRV55741,0.0,1.9459101490553128,0.0,7.107425474110705,0.0,5.319752647268102,1.9459101490553128,0.6931471805599453,5.319752647268102,0.0
PRV55742,1.9459101490553128,4.248495242049359,10.915106645867503,9.619199713152362,9.123438079945664,5.389601005382942,3.610917912644224,1.126011262856224,6.840546529288687,0.08
PRV55743,1.791759469228055,4.174387269895637,10.736418414365376,9.82720028436401,9.12706745278236,5.671711143656132,4.127134385045092,0.7566605862822712,6.841847705177458,0.072463768115942
PRV55744,0.0,1.0986122886681098,0.0,4.394449154672439,0.0,3.713572066704308,1.0986122886681098,0.6931471805599453,3.713572066704308,0.0
PRV55745,0.0,4.406719247264253,0.0,9.575747082838362,0.0,5.186833891373485,4.31748811353631,0.7393600237150767,5.186833891373485,0.0
PRV55748,0.0,2.3978952727983707,0.0,8.152198015861787,0.0,5.8522024797744745,2.3978952727983707,0.6931471805599453,5.8522024797744745,0.0
PRV55749,0.0,1.6094379124341005,0.0,6.018593214496234,0.0,4.639571612705423,1.6094379124341005,0.6931471805599453,4.639571612705423,0.0
PRV55750,0.0,1.791759469228055,0.0,6.493753839851686,0.0,4.890349128221754,1.791759469228055,0.6931471805599453,4.890349128221754,0.0
PRV55751,0.0,1.0986122886681098,0.0,7.155396301896734,0.0,6.46302945692067,1.0986122886681098,0.6931471805599453,6.46302945692067,0.0
PRV55752,0.0,6.335054251498059,0.0,11.9622224334046,0.0,5.632522381321854,5.8522024797744745,0.9641198195640364,5.632522381321854,0.0
PRV55753,2.19722457733622,3.49650756146648,11.362114203075018,8.853808274977197,9.282754052485227,5.392490536565286,3.610917912644224,0.7472144018302211,7.75190533307861,0.2
PRV55754,0.0,3.1354942159291497,0.0,8.558527054909215,0.0,5.471506439778719,3.091042453358316,0.7166776779701395,5.471506439778719,0.0
PRV55755,2.4849066497880004,4.330733340286331,11.775297421715829,10.162808729968926,9.377479068444284,5.848171377281505,4.31748811353631,0.7711087220296571,7.503302450777002,0.127906976744186
PRV55759,0.0,1.3862943611198906,0.0,5.484796933490655,0.0,4.394449154672439,1.3862943611198906,0.6931471805599453,4.394449154672439,0.0
PRV55760,0.0,1.3862943611198906,0.0,5.351858133476067,0.0,4.262679877041316,1.3862943611198906,0.6931471805599453,4.262679877041316,0.0
PRV55761,0.0,1.6094379124341005,0.0,5.351858133476067,0.0,3.979681653901961,0.6931471805599453,1.6094379124341005,3.979681653901961,0.0
PRV55762,0.0,2.302585092994046,0.0,7.039660349862076,0.0,4.8494227005125365,2.302585092994046,0.6931471805599453,4.8494227005125365,0.0
PRV55763,0.0,2.3978952727983707,0.0,7.300472814267799,0.0,5.003946305945459,2.19722457733622,0.8109302162163288,5.003946305945459,0.0
PRV55764,0.6931471805599453,3.367295829986474,8.294299608857235,8.670943791222156,8.294299608857235,5.3433590172124745,3.367295829986474,0.7108467576593462,5.828844192588568,0.0344827586206896
PRV55765,1.0986122886681098,2.9444389791664403,9.61587214452889,8.66406026722579,8.922791623969637,5.776619798608468,2.19722457733622,1.252762968495368,6.9474566458336895,0.1
PRV55766,0.0,1.9459101490553128,0.0,5.707110264748875,0.0,3.9318256327243257,1.3862943611198906,1.0986122886681098,3.9318256327243257,0.0
PRV55767,0.0,1.0986122886681098,0.0,4.394449154672439,0.0,3.713572066704308,1.0986122886681098,0.6931471805599453,3.713572066704308,0.0
PRV55768,0.0,4.174387269895637,0.0,10.1093221647277,0.0,5.952999798141757,3.555348061489413,1.0586069540544103,5.952999798141757,0.0
PRV55769,1.0986122886681098,2.6390573296152584,9.305741456739437,8.853808274977197,8.612685172875459,6.290571491075374,2.19722457733622,1.0560526742493137,7.090909822079984,0.1333333333333333
PRV55770,0.0,2.995732273553991,0.0,7.534228326274089,0.0,4.599363888335069,2.70805020110221,0.8574502318512216,4.599363888335069,0.0
PRV55771,0.0,4.30406509320417,0.0,9.804826765712155,0.0,5.518332742548412,3.4011973816621555,1.257676983297797,5.518332742548412,0.0
PRV55772,0.0,1.6094379124341005,0.0,6.19644412779452,0.0,4.816241156068032,1.6094379124341005,0.6931471805599453,4.816241156068032,0.0
PRV55774,1.6094379124341005,2.3978952727983707,10.778977123006351,7.565793282428515,9.39274525863144,5.267858159063328,2.5649493574615367,0.7731898882334818,8.179600327126321,0.2857142857142857
PRV55775,0.6931471805599453,2.6390573296152584,9.210440366976515,7.384610383176974,9.210440366976515,4.827082210053055,2.70805020110221,0.6931471805599453,6.72176987563486,0.0714285714285714
PRV55776,0.0,1.6094379124341005,0.0,4.51085950651685,0.0,3.157000421150113,1.6094379124341005,0.6931471805599453,3.157000421150113,0.0
PRV55777,0.0,2.8903717578961645,0.0,8.438366410870266,0.0,5.6086095403352445,2.4849066497880004,0.9343092373768334,5.6086095403352445,0.0
PRV55778,0.0,0.6931471805599453,0.0,3.713572066704308,0.0,3.713572066704308,0.6931471805599453,0.6931471805599453,3.713572066704308,0.0
PRV55779,0.0,2.079441541679836,0.0,7.836369760545124,0.0,5.892827410543968,1.9459101490553128,0.7731898882334818,5.892827410543968,0.0
PRV55780,1.9459101490553128,3.8501476017100575,11.461642696843066,9.562475024372697,9.669935857254984,5.736992966348889,3.555348061489413,0.9279867716373464,7.6503517471013,0.1153846153846153
PRV55782,0.0,1.9459101490553128,0.0,7.565793282428515,0.0,5.776619798608468,1.791759469228055,0.7884573603642702,5.776619798608468,0.0
PRV55783,1.6094379124341005,1.3862943611198906,10.62135173563291,7.621195162809845,9.235130540783402,6.523562306149512,2.079441541679836,0.6931471805599453,8.724137671961204,0.5714285714285714
PRV55785,0.0,2.302585092994046,0.0,8.427487278331744,0.0,6.232011335320876,2.19722457733622,0.7537718023763802,6.232011335320876,0.0
PRV55786,0.0,2.4849066497880004,0.0,7.659642954564682,0.0,5.266451359300246,2.3978952727983707,0.7419373447293773,5.266451359300246,0.0
PRV55787,0.0,0.6931471805599453,0.0,5.303304908059076,0.0,5.303304908059076,0.6931471805599453,0.6931471805599453,5.303304908059076,0.0
PRV55788,0.0,2.995732273553991,0.0,7.926963544862978,0.0,4.988999408461049,2.833213344056216,0.7827593392496325,4.988999408461049,0.0
PRV55789,0.0,3.1780538303479458,0.0,8.833608482690892,0.0,5.701315666469214,2.8903717578961645,0.8556661100577203,5.701315666469214,0.0
PRV55790,1.791759469228055,0.0,10.778977123006351,0.0,9.169622538697624,0.0,1.791759469228055,0.6931471805599453,9.169622538697624,1.0
PRV55791,2.3978952727983707,0.0,11.767575435251748,0.0,9.465060106725137,0.0,2.3978952727983707,0.6931471805599453,9.465060106725137,1.0
PRV55792,0.6931471805599453,0.0,8.853808274977197,0.0,8.853808274977197,0.0,0.6931471805599453,0.6931471805599453,8.853808274977197,1.0
PRV55793,1.9459101490553128,0.0,11.184435286790633,0.0,9.39274525863144,0.0,1.9459101490553128,0.6931471805599453,9.39274525863144,1.0
PRV55794,0.0,2.4849066497880004,0.0,7.848153086199526,0.0,5.454154934467519,2.4849066497880004,0.6931471805599453,5.454154934467519,0.0
PRV55795,0.0,2.3978952727983707,0.0,8.30671904320269,0.0,6.0063531596017325,2.302585092994046,0.7472144018302211,6.0063531596017325,0.0
PRV55796,0.0,2.079441541679836,0.0,6.769641976852503,0.0,4.83059684331687,2.079441541679836,0.6931471805599453,4.83059684331687,0.0
PRV55797,0.0,1.3862943611198906,0.0,6.966967138613983,0.0,5.870238089673838,1.3862943611198906,0.6931471805599453,5.870238089673838,0.0
PRV55798,0.0,1.9459101490553128,0.0,8.026496938945412,0.0,6.236369590203704,1.9459101490553128,0.6931471805599453,6.236369590203704,0.0
PRV55800,0.0,0.6931471805599453,0.0,3.9318256327243257,0.0,3.9318256327243257,0.6931471805599453,0.6931471805599453,3.9318256327243257,0.0
PRV55801,0.0,1.0986122886681098,0.0,4.262679877041316,0.0,3.58351893845611,1.0986122886681098,0.6931471805599453,3.58351893845611,0.0
PRV55802,0.0,0.6931471805599453,0.0,2.3978952727983707,0.0,2.3978952727983707,0.6931471805599453,0.6931471805599453,2.3978952727983707,0.0
PRV55803,0.0,1.0986122886681098,0.0,4.948759890378168,0.0,4.262679877041316,1.0986122886681098,0.6931471805599453,4.262679877041316,0.0
PRV55804,0.0,2.302585092994046,0.0,7.852050207265889,0.0,5.657932428545125,2.302585092994046,0.6931471805599453,5.657932428545125,0.0
PRV55805,0.0,2.19722457733622,0.0,8.25608813381491,0.0,6.178462651785838,2.079441541679836,0.7621400520468967,6.178462651785838,0.0
PRV55806,0.0,2.833213344056216,0.0,8.535229553902337,0.0,5.765582875561648,2.833213344056216,0.6931471805599453,5.765582875561648,0.0
PRV55807,0.0,2.8903717578961645,0.0,8.71292443512011,0.0,5.8823387818516,2.833213344056216,0.723918839226699,5.8823387818516,0.0
PRV55808,0.0,3.1354942159291497,0.0,8.453401058328458,0.0,5.366825271973107,2.3978952727983707,1.1631508098056809,5.366825271973107,0.0
PRV55809,2.3978952727983707,0.0,11.034905792929417,0.0,8.732465848349879,0.0,2.302585092994046,0.7472144018302211,8.732465848349879,1.0
PRV55810,0.6931471805599453,0.0,9.39274525863144,0.0,9.39274525863144,0.0,0.6931471805599453,0.6931471805599453,9.39274525863144,1.0
PRV55811,1.0986122886681098,0.0,10.62135173563291,0.0,9.928228944424577,0.0,1.0986122886681098,0.6931471805599453,9.928228944424577,1.0
PRV55812,2.8903717578961645,0.0,11.989165855127435,0.0,9.156051884398256,0.0,2.833213344056216,0.723918839226699,9.156051884398256,1.0
PRV55813,2.079441541679836,0.0,10.545367754151744,0.0,8.59961548321485,0.0,2.079441541679836,0.6931471805599453,8.59961548321485,1.0
PRV55814,0.0,1.6094379124341005,0.0,4.709530201312334,0.0,3.349904087274605,1.6094379124341005,0.6931471805599453,3.349904087274605,0.0
PRV55815,1.6094379124341005,0.0,9.39274525863144,0.0,8.006700845440367,0.0,1.6094379124341005,0.6931471805599453,8.006700845440367,1.0
PRV55816,0.6931471805599453,0.0,8.699681400989514,0.0,8.699681400989514,0.0,0.6931471805599453,0.6931471805599453,8.699681400989514,1.0
PRV55817,3.258096538021482,0.0,12.310437165348777,0.0,9.091669442258503,0.0,3.1780538303479458,0.7357067949787413,9.091669442258503,1.0
PRV55818,1.0986122886681098,2.19722457733622,8.517393171418904,6.431331081933479,7.824445930877619,4.363098624788363,2.3978952727983707,0.6931471805599453,6.333279628139691,0.2
PRV55819,0.0,5.293304824724492,0.0,10.787069125000578,0.0,5.502864835125626,4.499809670330265,1.1708458460274815,5.502864835125626,0.0
PRV55820,0.0,6.169610732491456,0.0,11.69816775227516,0.0,5.534598558553661,5.808142489980444,0.8906639481420031,5.534598558553661,0.0
PRV55821,2.6390573296152584,5.209486152841421,12.00762780434872,10.69128560469541,9.442751614495917,5.491386818042542,4.912654885736052,0.8938178760220964,6.973086754878738,0.0666666666666666
PRV55822,0.0,5.953243334287785,0.0,11.633114492793649,0.0,5.685862449152693,5.2832037287379885,1.084913444309948,5.685862449152693,0.0
PRV55826,1.6094379124341005,3.1354942159291497,11.472113887062386,9.248695325852646,10.085850775128716,6.15967181275614,3.258096538021482,0.712949807856125,8.31701468250272,0.1538461538461538
PRV55828,2.079441541679836,2.8903717578961645,10.043292972227004,8.286773231131251,8.097643647377655,5.457581003325139,3.218875824868201,0.6931471805599453,7.025316067721282,0.2916666666666667
PRV55830,2.19722457733622,1.0986122886681098,11.542493975902508,4.795790545596741,9.463120392418698,4.110873864173311,2.19722457733622,0.8109302162163288,9.24116051431607,0.8
PRV55831,0.0,6.698268054115413,0.0,12.367727952213096,0.0,5.674129017729282,6.156978985585555,1.0005382078803164,5.674129017729282,0.0
PRV55832,3.828641396489095,5.480638923341991,12.945628585536271,11.0365173708515,9.13907110193516,5.563878960196031,5.560681631015528,0.7402812582343977,7.43544632922371,0.1584507042253521
PRV55833,1.6094379124341005,4.948759890378168,10.778977123006351,10.754727632155957,9.39274525863144,5.816047669487557,4.442651256490317,0.9985288301111273,6.4917557111173965,0.0277777777777777
PRV55834,2.302585092994046,6.09807428216624,11.0186455364637,11.822254051948098,8.821552095919735,5.729675567582823,5.337538079701318,1.159521041755102,6.078629058067371,0.0198675496688741
PRV55835,2.079441541679836,5.572154032177765,11.112462823634855,11.192596226186202,9.166642221472324,5.627840761157337,4.941642422609304,1.07679324127347,6.253678671623307,0.0260223048327137
PRV55836,2.772588722239781,4.219507705176107,11.599112335481124,9.531771484474335,8.891190565319938,5.331853179707749,4.290459441148391,0.7602864833975739,7.312179194831211,0.1829268292682926
PRV55837,2.19722457733622,3.6375861597263857,11.87757552297847,9.338821533624722,9.798182590890704,5.731064568383673,3.80666248977032,0.7044467358138786,8.147191747583642,0.1777777777777777
PRV55839,1.3862943611198906,5.214935757608986,10.239995502805316,10.792016466624611,9.141454637606987,5.586265796966008,4.7535901911063645,0.9621781363856255,6.023421557057521,0.0161290322580645
PRV55842,0.0,4.812184355372417,0.0,10.81055588854814,0.0,6.008974287380195,3.784189633918261,1.344745358207018,6.008974287380195,0.0
PRV55843,0.0,5.365976015021851,0.0,10.752377002814772,0.0,5.395610214649187,4.672828834461906,1.1017520086727774,5.395610214649187,0.0
PRV55846,3.8501476017100575,4.406719247264253,13.09827763063364,10.067772421843932,9.269728423928548,5.676711521651824,4.836281906951478,0.7011153502091222,8.301496254567342,0.3622047244094488
PRV55847,0.0,5.225746673713202,0.0,10.608093826184968,0.0,5.392275281102348,4.663439094112067,1.0159205728229963,5.392275281102348,0.0
PRV55848,1.3862943611198906,3.610917912644224,10.275085591132717,8.519390774959724,9.17654226322596,4.942832190744893,3.49650756146648,0.7969439742415889,6.771994296441123,0.0769230769230769
PRV55849,4.859812404361672,3.8918202981106265,14.059241526585623,8.952993499320474,9.207310787415818,5.087853503807802,5.123963979403259,0.7197366347491848,8.89493355679126,0.7272727272727273
PRV55850,2.9444389791664403,5.389071729816501,12.759960632315702,11.127865743638717,9.86963772366073,5.746554859506061,5.0369526024136295,0.9331414222260108,7.475271975762944,0.0762711864406779
PRV55851,1.9459101490553128,3.688879454113936,10.373522431293592,9.36228862824824,8.58191919497788,5.701985990148919,3.58351893845611,0.826678573184468,6.878097582961876,0.1333333333333333
PRV55852,1.3862943611198906,4.060443010546419,9.99884318585288,9.18307194482199,8.900321798012031,5.145758985591269,3.49650756146648,1.0560526742493137,6.272562491682748,0.05
PRV55854,0.0,1.0986122886681098,0.0,7.808323050391055,0.0,7.115582126184454,1.0986122886681098,0.6931471805599453,7.115582126184454,0.0
PRV55855,0.0,4.74493212836325,0.0,10.049793255125712,0.0,5.318463931938751,4.356708826689592,0.908468006192946,5.318463931938751,0.0
PRV55856,0.0,4.007333185232471,0.0,9.402694764470512,0.0,5.418073762489596,3.713572066704308,0.8544153281560676,5.418073762489596,0.0
PRV55858,0.0,2.19722457733622,0.0,6.566672429803241,0.0,4.497028027368389,1.791759469228055,0.9555114450274363,4.497028027368389,0.0
PRV55859,0.0,2.772588722239781,0.0,8.493105395887147,0.0,5.7879193538624,1.9459101490553128,1.252762968495368,5.7879193538624,0.0
PRV55862,0.0,2.19722457733622,0.0,8.080546965824498,0.0,6.003269592557745,2.19722457733622,0.6931471805599453,6.003269592557745,0.0
PRV55863,0.0,1.791759469228055,0.0,6.478509642208569,0.0,4.875197323201151,1.791759469228055,0.6931471805599453,4.875197323201151,0.0
PRV55864,1.6094379124341005,4.454347296253507,11.082157933374816,9.923339198238727,9.69590972432601,5.484796933490655,3.7612001156935615,1.1375277049177832,6.867506621945191,0.0449438202247191
PRV55865,0.0,5.786897381366708,0.0,11.426833665039982,0.0,5.646533558983529,5.099866427824199,1.096565205046385,5.646533558983529,0.0
PRV55866,0.0,4.7535901911063645,0.0,10.3536391782667,0.0,5.612334392559593,4.330733340286331,0.9295359586241758,5.612334392559593,0.0
PRV55867,0.0,4.48863636973214,0.0,10.5830681213741,0.0,6.107933588538817,3.784189633918261,1.1139972075075892,6.107933588538817,0.0
PRV55868,0.0,4.454347296253507,0.0,9.709356537782677,0.0,5.27179219349103,3.688879454113936,1.1567199194753903,5.27179219349103,0.0
PRV55869,2.19722457733622,5.82600010738045,10.645448706505872,11.61359399043742,8.566173813637858,5.793590725699253,5.170483995038151,1.090964067829853,6.09133603715113,0.0231213872832369
PRV55870,0.0,4.04305126783455,0.0,10.000205831412565,0.0,5.977347511871927,3.6635616461296463,0.905708622543618,5.977347511871927,0.0
PRV55871,0.0,2.5649493574615367,0.0,8.407601514786142,0.0,5.925146666070334,1.791759469228055,1.2237754316221157,5.925146666070334,0.0
PRV55872,0.0,4.941642422609304,0.0,10.4376683094997,0.0,5.50723064976334,3.7612001156935615,1.4608274129824574,5.50723064976334,0.0
PRV55873,1.9459101490553128,3.951243718581428,10.66897865021924,9.06773940337716,8.877335450597279,5.14166355650266,3.6375861597263857,0.9323768696257796,6.810683900053915,0.1052631578947368
PRV55874,0.0,2.3978952727983707,0.0,7.2305631534092925,0.0,4.934473933130692,2.3978952727983707,0.6931471805599453,4.934473933130692,0.0
PRV55875,0.0,3.295836866004329,0.0,8.400884069015854,0.0,5.148388531410334,3.258096538021482,0.712949807856125,5.148388531410334,0.0
PRV55876,0.0,2.995732273553991,0.0,8.385032287813898,0.0,5.44469354218228,2.9444389791664403,0.7205461547480597,5.44469354218228,0.0
PRV55877,0.0,1.6094379124341005,0.0,7.00397413672268,0.0,5.62040086571715,1.6094379124341005,0.6931471805599453,5.62040086571715,0.0
PRV55879,0.0,1.0986122886681098,0.0,4.51085950651685,0.0,3.828641396489095,1.0986122886681098,0.6931471805599453,3.828641396489095,0.0
PRV55880,0.0,2.772588722239781,0.0,8.879193928110318,0.0,6.173091418219258,2.6390573296152584,0.7672551527136671,6.173091418219258,0.0
PRV55881,0.0,0.6931471805599453,0.0,3.4339872044851463,0.0,3.4339872044851463,0.6931471805599453,0.6931471805599453,3.4339872044851463,0.0
PRV55882,0.0,3.1780538303479458,0.0,8.77043908654689,0.0,5.638354669333745,3.1354942159291497,0.7156200364120039,5.638354669333745,0.0
PRV55883,0.0,2.19722457733622,0.0,8.609042845046117,0.0,6.530877627725885,2.19722457733622,0.6931471805599453,6.530877627725885,0.0
PRV55884,0.0,3.332204510175204,0.0,7.965892735084528,0.0,4.679040034554547,2.833213344056216,0.9886113934537812,4.679040034554547,0.0
PRV55885,0.0,2.19722457733622,0.0,7.384610383176974,0.0,5.309504555938601,2.19722457733622,0.6931471805599453,5.309504555938601,0.0
PRV55886,0.0,1.6094379124341005,0.0,5.831882477283517,0.0,4.454347296253507,1.6094379124341005,0.6931471805599453,4.454347296253507,0.0
PRV55887,1.9459101490553128,0.0,11.097425172408933,0.0,9.305741456739437,0.0,1.9459101490553128,0.6931471805599453,9.305741456739437,1.0
PRV55891,3.295836866004329,3.258096538021482,12.628070334272698,8.952993499320474,9.37005575983648,5.737217250742439,3.828641396489095,0.7576857016975165,8.721432911396137,0.5098039215686274
PRV55892,0.0,6.1092475827643655,0.0,11.686130593117902,0.0,5.582868149644152,5.4638318050256105,1.0683724034783917,5.582868149644152,0.0
PRV55893,3.295836866004329,6.380122536899765,12.273735966890268,11.980620180725529,9.01575624392965,5.605870724679993,5.697093486505405,1.1219078512716316,6.41104367433267,0.0422764227642276
PRV55895,0.0,0.6931471805599453,0.0,5.303304908059076,0.0,5.303304908059076,0.6931471805599453,0.6931471805599453,5.303304908059076,0.0
PRV55896,3.091042453358316,4.442651256490317,12.111767460549332,10.01283510937141,9.067354906294602,5.585731545976828,4.584967478670572,0.7335567188978219,7.573947169980169,0.2
PRV55897,2.302585092994046,6.161207321695077,11.870606902224589,11.579564902636337,9.673438266988308,5.424875506691274,5.198497031265826,1.302308705046798,6.252758976818774,0.0186721991701244
PRV55898,0.0,3.332204510175204,0.0,8.73568594451502,0.0,5.444019761489241,3.295836866004329,0.7121953755306397,5.444019761489241,0.0
PRV55900,2.19722457733622,2.4849066497880004,11.635151947212842,6.698268054115413,9.555772349968867,4.312627836654058,2.995732273553991,0.6931471805599453,8.698013622083925,0.4210526315789473
PRV55901,0.0,4.624972813284271,0.0,10.138599199626192,0.0,5.527423305469127,3.9318256327243257,1.1052568313867783,5.527423305469127,0.0
PRV55902,0.0,4.248495242049359,0.0,9.490317840042412,0.0,5.261337618815904,4.060443010546419,0.7932306391169278,5.261337618815904,0.0
PRV55903,3.1780538303479458,3.332204510175204,12.138869243416009,9.289243969571649,9.003492666996758,5.995806957035889,3.80666248977032,0.7591051483517428,8.283342522958339,0.46
PRV55904,0.0,3.367295829986474,0.0,8.730851903519232,0.0,5.402999080443495,3.332204510175204,0.7114963192281418,5.402999080443495,0.0
PRV55905,4.418840607796598,2.6390573296152584,13.571527617101584,8.74209519574531,9.164911746620913,6.179060630635207,4.442651256490317,0.7565690069974413,9.025727771692548,0.8631578947368421
PRV55906,0.0,3.091042453358316,0.0,8.326274787396764,0.0,5.286582110329616,3.044522437723423,0.7178397931503169,5.286582110329616,0.0
PRV55907,4.110873864173311,5.214935757608986,13.213119567155143,10.833306365889976,9.118882761487349,5.627404869845372,5.3230099791384085,0.7844386007693525,7.808991697392096,0.2469135802469135
PRV55908,3.1354942159291497,3.5263605246161616,12.574185427296197,8.66406026722579,9.4832156354064,5.173063310370639,3.8918202981106265,0.7635279773217448,8.586871888277255,0.4
PRV55909,0.0,4.68213122712422,0.0,10.075379913839544,0.0,5.407004119839792,4.5217885770490405,0.7774075241776853,5.407004119839792,0.0
PRV55910,0.0,5.921578419643816,0.0,11.500559318382662,0.0,5.585414590589967,5.010635294096256,1.2518037358079075,5.585414590589967,0.0
PRV55911,3.8501476017100575,5.267858159063328,12.904209855160254,11.057865619110094,9.075680392426392,5.79819729378244,4.919980925828125,1.0142711402343587,7.574788282614446,0.1924686192468619
PRV55912,4.110873864173311,3.871201010907891,13.507627138738266,9.621190952360683,9.41336284529417,5.774088903852141,4.61512051684126,0.7275486072772778,8.85524895330553,0.5607476635514018
PRV55913,0.0,7.145196134997171,0.0,12.830059976377363,0.0,5.689038695135896,6.376726947898627,1.150075926297704,5.689038695135896,0.0
PRV55914,3.091042453358316,3.7612001156935615,11.970356641103,9.446281681520253,8.92596077684615,5.711845122079552,4.143134726391533,0.7011793522572095,7.904662912623203,0.3333333333333333
PRV55915,0.0,3.49650756146648,0.0,9.090542808520588,0.0,5.628295346776073,3.332204510175204,0.7817005779013904,5.628295346776073,0.0
PRV55916,4.7535901911063645,2.5649493574615367,14.084392765185902,7.840312983320164,9.33954775562065,5.35972599467668,4.672828834461906,0.7875993594536336,9.242241051851217,0.905511811023622
PRV55917,0.0,3.9318256327243257,0.0,9.557540571952371,0.0,5.648974238161206,3.9318256327243257,0.6931471805599453,5.648974238161206,0.0
PRV55918,1.0986122886681098,2.19722457733622,9.741027444837728,6.634633357861686,9.04793908261736,4.564348191467836,2.3978952727983707,0.6931471805599453,7.482681828154651,0.2
PRV55919,0.0,3.091042453358316,0.0,8.707978826622321,0.0,5.666756177407011,2.995732273553991,0.7444404749474959,5.666756177407011,0.0
PRV55920,0.0,4.709530201312334,0.0,10.14843173380919,0.0,5.452208272377211,4.634728988229636,0.7316134613877413,5.452208272377211,0.0
PRV55921,0.0,4.0943445622221,0.0,9.958969561995133,0.0,5.884171845830533,4.04305126783455,0.7195804376281009,5.884171845830533,0.0
PRV55925,1.6094379124341005,2.8903717578961645,10.691967639914864,8.826294231241318,9.305741456739437,5.995427273362064,3.044522437723423,0.7178397931503169,7.791739245945214,0.1904761904761904
PRV55926,0.0,3.295836866004329,0.0,8.843759381917984,0.0,5.589263337452691,3.295836866004329,0.6931471805599453,5.589263337452691,0.0
PRV55927,0.0,5.3612921657094255,0.0,11.186932132354066,0.0,5.833264800358957,5.123963979403259,0.8195423926656713,5.833264800358957,0.0
PRV55928,0.0,2.5649493574615367,0.0,8.765770543987257,0.0,6.282578224861459,2.4849066497880004,0.7375989431307791,6.282578224861459,0.0
PRV55929,0.0,5.662960480135946,0.0,11.138828201411055,0.0,5.4834948876483045,5.375278407684165,0.8479620915640665,5.4834948876483045,0.0
PRV55930,2.079441541679836,3.6635616461296463,11.211833885608511,9.266815218904162,9.2660048132518,5.632719793417231,3.555348061489413,0.8430873278508602,7.539322520444257,0.1555555555555555
PRV55931,0.0,5.69035945432406,0.0,11.358619773129227,0.0,5.6750690776707735,4.691347882229144,1.316805334822463,5.6750690776707735,0.0
PRV55933,3.828641396489095,6.118097198041348,12.80929785378815,11.781661692982553,9.002755706556602,5.669218451939399,5.877735781779639,0.8750004629365394,6.905600348344263,0.0903614457831325
PRV55934,1.9459101490553128,6.473890696352274,10.545367754151744,12.284056311755132,8.753739851753249,5.814693246893927,5.389071729816501,1.3851469140634138,5.966943531585722,0.009188361408882
PRV55935,0.0,6.311734809152915,0.0,11.736316985537522,0.0,5.430780006441584,5.976350909297934,0.8752566707641963,5.430780006441584,0.0
PRV55936,0.0,3.218875824868201,0.0,8.657129031713755,0.0,5.483066529874935,3.218875824868201,0.6931471805599453,5.483066529874935,0.0
PRV55937,2.079441541679836,5.929589143389895,10.66897865021924,11.719215795210426,8.723208023069093,5.795328001280299,5.308267697401205,1.064882278291417,6.076079949584489,0.0183246073298429
PRV55938,0.0,2.302585092994046,0.0,7.244941546337007,0.0,5.053410934562461,2.302585092994046,0.6931471805599453,5.053410934562461,0.0
PRV55939,3.367295829986474,3.1780538303479458,12.590998254919084,8.969669103793757,9.25888560819403,5.836969605130759,3.713572066704308,0.8219800524029137,8.685730639906142,0.5490196078431373
PRV55940,0.0,3.49650756146648,0.0,8.947806093057054,0.0,5.486092774024455,3.4011973816621555,0.7435780341868372,5.486092774024455,0.0
PRV55941,0.0,4.060443010546419,0.0,9.597709395814938,0.0,5.5584524275389375,4.04305126783455,0.7020361279771913,5.5584524275389375,0.0
PRV55942,1.0986122886681098,4.394449154672439,9.39274525863144,9.329988334242078,8.699681400989514,4.954946388235667,4.3694478524670215,0.7184649885442351,5.651718665269698,0.024390243902439
PRV55943,3.555348061489413,6.533788837933344,12.559545969749747,12.202420986330894,9.033301308800802,5.673523330192011,6.253828811575473,0.8709627754331939,6.510834011923538,0.0471567267683772
PRV55944,2.4849066497880004,2.772588722239781,11.472113887062386,7.534228326274089,9.074322774420768,4.833632898779901,3.258096538021482,0.712949807856125,8.233564431644021,0.4230769230769231
PRV55945,0.0,3.044522437723423,0.0,8.527341522468053,0.0,5.535363823031238,2.995732273553991,0.7191226669632059,5.535363823031238,0.0
PRV55946,0.0,3.9318256327243257,0.0,10.025749432069084,0.0,6.115892125483034,3.9318256327243257,0.6931471805599453,6.115892125483034,0.0
PRV55948,1.6094379124341005,3.218875824868201,11.19822841866684,7.993282328101591,9.81197515203002,4.822966130975706,3.367295829986474,0.6931471805599453,7.906126201889736,0.1428571428571428
PRV55950,0.0,2.4849066497880004,0.0,8.918784137975802,0.0,6.5222264790740345,2.4849066497880004,0.6931471805599453,6.5222264790740345,0.0
PRV55951,3.6635616461296463,6.018593214496234,12.703816069256568,11.429554725537322,9.066342364871094,5.4178333171837325,5.87493073085203,0.8162369244713459,6.846658447477969,0.0848214285714285
PRV55953,0.0,2.6390573296152584,0.0,8.636042325254618,0.0,6.073221760507604,2.6390573296152584,0.6931471805599453,6.073221760507604,0.0
PRV55955,0.0,5.5093883366279774,0.0,11.054866216741466,0.0,5.553400654838349,5.4638318050256105,0.7162817559616022,5.553400654838349,0.0
PRV55956,2.19722457733622,2.70805020110221,11.050905878263569,7.0825485693553,8.971575439759016,4.454347296253507,2.9444389791664403,0.7985076962177716,7.978902934740989,0.3636363636363636
PRV55957,3.1354942159291497,4.454347296253507,12.277932735946903,10.259096928959387,9.186987997229345,5.819384484366224,4.61512051684126,0.7275486072772778,7.730236386897698,0.205607476635514
PRV55958,0.0,3.4339872044851463,0.0,8.989818381366925,0.0,5.592229988750454,3.367295829986474,0.7282385003712154,5.592229988750454,0.0
PRV55959,0.0,5.783825182329737,0.0,11.221382615969278,0.0,5.44495310733494,5.081404364984463,1.1069110914828049,5.44495310733494,0.0
PRV55963,0.0,3.871201010907891,0.0,9.051461866908694,0.0,5.206691879280363,3.784189633918261,0.7386095546367026,5.206691879280363,0.0
PRV55964,0.0,3.6375861597263857,0.0,9.0095696715137,0.0,5.403042545286963,3.5263605246161616,0.7519876805828787,5.403042545286963,0.0
PRV55965,0.0,3.5263605246161616,0.0,9.1248914101437,0.0,5.631863247642452,3.4339872044851463,0.7419373447293773,5.631863247642452,0.0
PRV55966,0.0,3.091042453358316,0.0,8.938662873666118,0.0,5.896761325924143,3.091042453358316,0.6931471805599453,5.896761325924143,0.0
PRV55968,0.0,5.003946305945459,0.0,10.886707695092223,0.0,5.892241315888891,4.330733340286331,1.0896836579238085,5.892241315888891,0.0
PRV55969,0.0,6.535241271013659,0.0,12.226566210544492,0.0,5.6961370436189895,6.269096283706261,0.8352988072332864,5.6961370436189895,0.0
PRV55970,2.833213344056216,3.218875824868201,12.269052139516225,9.036106025364846,9.496533837001504,5.860786223465865,3.6635616461296463,0.7191226669632059,8.619027497297505,0.4
PRV55971,4.624972813284271,6.253828811575473,13.87528870397407,11.921060339411945,9.260262380045615,5.672594664863372,5.762051382780177,1.0837815083611415,7.578574387929687,0.1629032258064516
PRV55972,2.995732273553991,4.5217885770490405,11.755094871382958,10.13145942870698,8.810797168411714,5.624176179677298,4.68213122712422,0.7070685190785533,7.235291605116751,0.1727272727272727
PRV55974,0.0,5.170483995038151,0.0,11.143469186666763,0.0,5.9811977376093015,3.951243718581428,1.4887093665479605,5.9811977376093015,0.0
PRV55977,0.0,7.172424577124845,0.0,12.824229541736516,0.0,5.656072372171393,6.637258031284457,0.9964545709148072,5.656072372171393,0.0
PRV55978,4.532599493153256,5.736572297479192,13.69998858916854,11.10632471226177,9.178302150687951,5.377598021423747,5.83773044716594,0.7758853076551541,7.778527844467503,0.2294264339152119
PRV55980,0.0,2.8903717578961645,0.0,9.071193240566023,0.0,6.23981707695536,2.8903717578961645,0.6931471805599453,6.23981707695536,0.0
PRV55981,2.772588722239781,3.688879454113936,11.53273789613992,9.004668301573977,8.824824939175638,5.345763526605328,4.007333185232471,0.6931471805599453,7.621013681193435,0.2777777777777778
PRV55982,0.0,1.6094379124341005,0.0,6.621405651764134,0.0,5.2390980068880655,1.6094379124341005,0.6931471805599453,5.2390980068880655,0.0
PRV55983,2.19722457733622,2.70805020110221,11.643962499267984,8.643120748014027,9.564582358673212,6.0063531596017325,3.091042453358316,0.7166776779701395,8.60163460220323,0.3636363636363636
PRV55984,0.0,5.973809611869261,0.0,11.744997042584112,0.0,5.776830604520246,5.645446897643238,0.8713230399741935,5.776830604520246,0.0
PRV55985,0.0,4.07753744390572,0.0,9.86635665419792,0.0,5.808867090188122,3.970291913552122,0.7492366472109889,5.808867090188122,0.0
PRV55986,0.0,5.4510384535657,0.0,11.088139913296622,0.0,5.644928912896971,5.3612921657094255,0.7392382877602123,5.644928912896971,0.0
PRV55989,0.0,1.0986122886681098,0.0,5.017279836814924,0.0,4.330733340286331,1.0986122886681098,0.6931471805599453,4.330733340286331,0.0
PRV55990,3.1354942159291497,5.3471075307174685,12.15425816271595,11.021918808236205,9.06332628717952,5.682977431233213,4.882801922586371,1.0164468886246194,6.992108363937466,0.0952380952380952
PRV55991,0.0,3.49650756146648,0.0,8.790421306897867,0.0,5.329392009613412,3.4657359027997265,0.7091475219063864,5.329392009613412,0.0
PRV55993,0.0,3.49650756146648,0.0,8.586905803827538,0.0,5.126935749792416,3.367295829986474,0.7621400520468967,5.126935749792416,0.0
PRV55995,0.0,3.8501476017100575,0.0,9.895505782794473,0.0,6.069129849050924,3.7612001156935615,0.7396671961948381,6.069129849050924,0.0
PRV55996,3.4011973816621555,4.248495242049359,12.373707715234994,10.226693609806864,9.006530270974723,5.995045085843478,4.51085950651685,0.7366322924996841,7.899600167102214,0.2959183673469387
PRV55997,0.0,5.7899601708972535,0.0,11.285284314603569,0.0,5.502459441951214,5.497168225293202,0.8508189907857825,5.502459441951214,0.0
PRV55999,0.0,5.726847747587197,0.0,11.214398127998244,0.0,5.494915609698674,4.795790545596741,1.2669476034873244,5.494915609698674,0.0
PRV56001,4.060443010546419,2.6390573296152584,13.171155446333852,8.18060094759445,9.128210839274333,5.619006359843417,4.219507705176107,0.7152883064371588,8.929567707825337,0.8142857142857143
PRV56002,2.4849066497880004,3.091042453358316,12.06105265381003,8.478660241699453,9.66321518247521,5.438286326830983,3.4657359027997265,0.7091475219063864,8.622914891838994,0.34375
PRV56003,2.19722457733622,1.6094379124341005,11.251573687764475,5.198497031265826,9.172223049863057,3.828641396489095,2.5649493574615367,0.6931471805599453,8.769144453912219,0.6666666666666666
PRV56004,0.0,1.791759469228055,0.0,8.152198015861787,0.0,6.543911845564792,1.791759469228055,0.6931471805599453,6.543911845564792,0.0
PRV56005,1.0986122886681098,4.290459441148391,9.39274525863144,9.886392257107492,8.699681400989514,5.6133308433375735,4.02535169073515,0.8524792191292013,6.061078847089865,0.027027027027027
PRV56006,0.0,6.994849985833071,0.0,12.575499437948936,0.0,5.585322604494425,6.2766434893416445,1.1160365004937371,5.585322604494425,0.0
PRV56007,4.248495242049359,2.5649493574615367,13.633750043756493,8.049107721326406,9.399725090065632,5.567708169027566,4.219507705176107,0.792519654373149,9.243143336887249,0.8518518518518519
PRV56008,0.0,7.223295679562314,0.0,13.07443494184013,0.0,5.85473722917556,6.532334292222349,1.0976399988491703,5.85473722917556,0.0
PRV56010,0.0,4.430816798843313,0.0,9.980494888896912,0.0,5.56544321456762,4.418840607796598,0.6992262266363275,5.56544321456762,0.0
PRV56011,0.0,7.949444420250626,0.0,13.516620577573969,0.0,5.571340364667757,7.060476365999801,1.2336817304199403,5.571340364667757,0.0
PRV56012,3.4011973816621555,2.772588722239781,12.679199517372098,8.491054533806542,9.311990910724152,5.785874363374673,3.737669618283368,0.7290791897860087,8.91019918794729,0.6590909090909091
PRV56013,0.0,4.51085950651685,0.0,10.216873920776164,0.0,5.720311776607412,4.465908118654584,0.7161366987846441,5.720311776607412,0.0
PRV56014,2.995732273553991,2.772588722239781,11.863589378812122,8.02322468471667,8.91927715128306,5.319752647268102,3.555348061489413,0.6931471805599453,8.358707639395917,0.5588235294117647
PRV56015,1.9459101490553128,4.969813299576001,10.859018228147889,10.611547975828367,9.067354906294602,5.652194694512271,4.7535901911063645,0.8310169747830661,6.433705892794941,0.0402684563758389
PRV56016,0.0,2.5649493574615367,0.0,8.756367559802975,0.0,6.273191422521089,2.5649493574615367,0.6931471805599453,6.273191422521089,0.0
PRV56017,2.4849066497880004,1.0986122886681098,12.25486757159303,4.110873864173311,9.857019916481782,3.4339872044851463,2.5649493574615367,0.7339691750802004,9.690261010880183,0.8461538461538461
PRV56018,3.258096538021482,3.871201010907891,12.30592250537653,9.895505782794473,9.087155271405804,6.047673929199442,4.276666119016055,0.7001647532185918,8.11552088154677,0.3472222222222222
PRV56019,0.0,6.492239835020471,0.0,12.137906218158472,0.0,5.650698583617627,5.594711379601839,1.2409665850549985,5.650698583617627,0.0
PRV56020,2.772588722239781,4.948759890378168,11.820417517632333,10.998275872479748,9.112470251651676,6.058956292468666,5.003946305945459,0.7165205317452541,7.142062095001819,0.0967741935483871
PRV56021,0.0,4.859812404361672,0.0,10.594657780211852,0.0,5.745803749751938,4.8283137373023015,0.7091475219063864,5.745803749751938,0.0
PRV56023,2.079441541679836,3.58351893845611,11.225256725762891,9.478151314785553,9.279426572441183,5.925401054268093,3.713572066704308,0.7178397931503169,7.648694393218895,0.1666666666666666
PRV56025,0.0,5.0369526024136295,0.0,10.706855916545168,0.0,5.679815633488411,5.003946305945459,0.7098979909847607,5.679815633488411,0.0
PRV56026,0.0,3.80666248977032,0.0,10.297251130669952,0.0,6.51451065026168,3.784189633918261,0.7047080029610213,6.51451065026168,0.0
PRV56027,0.0,3.258096538021482,0.0,9.087155271405804,0.0,5.870990393640108,3.218875824868201,0.713766467762681,5.870990393640108,0.0
PRV56028,1.6094379124341005,5.288267030694535,9.39274525863144,10.91091613578162,8.006700845440367,5.631284555404587,5.198497031265826,0.7498425242364906,5.808710060792669,0.0199004975124378
PRV56029,0.0,0.6931471805599453,0.0,4.61512051684126,0.0,4.61512051684126,0.6931471805599453,0.6931471805599453,4.61512051684126,0.0
PRV56030,0.0,5.3230099791384085,0.0,11.008264136172082,0.0,5.693501043243658,4.634728988229636,1.0986122886681098,5.693501043243658,0.0
PRV56031,2.302585092994046,2.3978952727983707,10.992066340225865,7.682943169878292,8.79497643168877,5.384495062789089,2.995732273553991,0.6931471805599453,8.083799582980824,0.4736842105263157
PRV56032,0.0,2.302585092994046,0.0,8.006700845440367,0.0,5.812138499293826,2.302585092994046,0.6931471805599453,5.812138499293826,0.0
PRV56033,1.6094379124341005,1.6094379124341005,10.819798284210286,5.081404364984463,9.433563920090563,3.713572066704308,2.19722457733622,0.6931471805599453,8.74369111054302,0.5
PRV56034,0.0,2.6390573296152584,0.0,7.333676395657684,0.0,4.776534494901624,2.6390573296152584,0.6931471805599453,4.776534494901624,0.0
PRV56036,0.0,3.912023005428146,0.0,9.48349239264364,0.0,5.595318129715258,3.8918202981106265,0.7035099675954919,5.595318129715258,0.0
PRV56037,0.0,1.791759469228055,0.0,7.518064181233078,0.0,5.910796644040527,1.791759469228055,0.6931471805599453,5.910796644040527,0.0
PRV56038,0.6931471805599453,1.9459101490553128,6.90875477931522,6.111467339502679,6.90875477931522,4.330733340286331,2.079441541679836,0.6931471805599453,5.338224657139891,0.1428571428571428
PRV56039,0.0,4.584967478670572,0.0,10.16665918330341,0.0,5.595630743773088,3.555348061489413,1.3488367985849905,5.595630743773088,0.0
PRV56040,0.0,2.6390573296152584,0.0,10.036750159040896,0.0,7.47232580487269,2.4849066497880004,0.7801585575495752,7.47232580487269,0.0
PRV56041,0.0,4.02535169073515,0.0,10.37477161168151,0.0,6.369122348513407,2.995732273553991,1.3596261140377297,6.369122348513407,0.0
PRV56044,2.833213344056216,5.501258210544727,12.556733038263904,11.109024133525743,9.784197131344804,5.61548860647568,4.343805421853684,1.486377819676873,7.207945337865586,0.0615384615384615
PRV56045,0.0,4.795790545596741,0.0,10.239280987394974,0.0,5.456033112539791,3.912023005428146,1.2380784168124468,5.456033112539791,0.0
PRV56046,2.70805020110221,1.9459101490553128,11.703554089007538,6.523562306149512,9.064604190749945,4.73911815849783,2.8903717578961645,0.7777045685880084,8.713582005421628,0.7
PRV56047,0.0,1.3862943611198906,0.0,4.110873864173311,0.0,3.044522437723423,1.3862943611198906,0.6931471805599453,3.044522437723423,0.0
PRV56048,0.0,2.833213344056216,0.0,8.906664409770052,0.0,6.136105870267234,2.833213344056216,0.6931471805599453,6.136105870267234,0.0
PRV56049,0.0,5.010635294096256,0.0,10.391484575362098,0.0,5.392070508073543,4.624972813284271,0.906340401020987,5.392070508073543,0.0
PRV56050,0.0,0.6931471805599453,0.0,3.713572066704308,0.0,3.713572066704308,0.6931471805599453,0.6931471805599453,3.713572066704308,0.0
PRV56051,0.0,1.6094379124341005,0.0,7.155396301896734,0.0,5.771441123130016,1.6094379124341005,0.6931471805599453,5.771441123130016,0.0
PRV56052,0.0,2.5649493574615367,0.0,7.989899374942939,0.0,5.508713345039744,2.3978952727983707,0.7884573603642702,5.508713345039744,0.0
PRV56054,0.0,3.828641396489095,0.0,9.84325972698564,0.0,6.038931084346905,3.295836866004329,1.004583339019833,6.038931084346905,0.0
PRV56055,0.0,2.302585092994046,0.0,8.405367376233981,0.0,6.20993050887108,2.19722457733622,0.7537718023763802,6.20993050887108,0.0
PRV56056,0.0,0.6931471805599453,0.0,3.713572066704308,0.0,3.713572066704308,0.6931471805599453,0.6931471805599453,3.713572066704308,0.0
PRV56057,2.302585092994046,0.0,11.48247656671073,0.0,9.28533445935033,0.0,2.302585092994046,0.6931471805599453,9.28533445935033,1.0
PRV56058,2.4849066497880004,0.0,11.407576060361786,0.0,9.009791891267726,0.0,2.4849066497880004,0.6931471805599453,9.009791891267726,1.0
PRV56060,0.0,0.6931471805599453,0.0,3.9318256327243257,0.0,3.9318256327243257,0.6931471805599453,0.6931471805599453,3.9318256327243257,0.0
PRV56062,0.0,3.258096538021482,0.0,8.74687531957003,0.0,5.531807209916391,3.218875824868201,0.713766467762681,5.531807209916391,0.0
PRV56063,0.0,2.4849066497880004,0.0,7.421177528595393,0.0,5.029248860610245,2.4849066497880004,0.6931471805599453,5.029248860610245,0.0
PRV56065,0.0,0.6931471805599453,0.0,4.262679877041316,0.0,4.262679877041316,0.6931471805599453,0.6931471805599453,4.262679877041316,0.0
PRV56066,0.0,2.19722457733622,0.0,8.296795865770052,0.0,6.219098003695044,2.19722457733622,0.6931471805599453,6.219098003695044,0.0
PRV56067,0.0,1.3862943611198906,0.0,7.1785454837637,0.0,6.081457585634687,1.3862943611198906,0.6931471805599453,6.081457585634687,0.0
PRV56068,0.0,3.737669618283368,0.0,9.666561963748132,0.0,5.955521383744756,3.6635616461296463,0.7318616927406358,5.955521383744756,0.0
PRV56071,0.0,1.3862943611198906,0.0,5.602118820879701,0.0,4.51085950651685,1.3862943611198906,0.6931471805599453,4.51085950651685,0.0
PRV56072,0.0,0.6931471805599453,0.0,4.394449154672439,0.0,4.394449154672439,0.6931471805599453,0.6931471805599453,4.394449154672439,0.0
PRV56073,0.0,2.5649493574615367,0.0,7.80016307039296,0.0,5.319752647268102,2.5649493574615367,0.6931471805599453,5.319752647268102,0.0
PRV56075,0.0,2.5649493574615367,0.0,8.013343181386672,0.0,5.532071096974262,2.5649493574615367,0.6931471805599453,5.532071096974262,0.0
PRV56076,0.0,1.3862943611198906,0.0,6.255750041753367,0.0,5.160969175396813,1.3862943611198906,0.6931471805599453,5.160969175396813,0.0
PRV56077,0.0,2.079441541679836,0.0,7.804251383528112,0.0,5.860786223465865,2.079441541679836,0.6931471805599453,5.860786223465865,0.0
PRV56078,0.0,1.6094379124341005,0.0,6.236369590203704,0.0,4.855928904335275,1.6094379124341005,0.6931471805599453,4.855928904335275,0.0
PRV56080,0.0,1.791759469228055,0.0,5.525452939131784,0.0,3.9318256327243257,1.791759469228055,0.6931471805599453,3.9318256327243257,0.0
PRV56083,0.0,1.3862943611198906,0.0,8.18060094759445,0.0,7.0825485693553,1.3862943611198906,0.6931471805599453,7.0825485693553,0.0
PRV56084,0.0,0.6931471805599453,0.0,3.9318256327243257,0.0,3.9318256327243257,0.6931471805599453,0.6931471805599453,3.9318256327243257,0.0
PRV56086,0.0,2.833213344056216,0.0,8.361941906144946,0.0,5.59285091394892,2.70805020110221,0.7621400520468967,5.59285091394892,0.0
PRV56087,0.0,0.6931471805599453,0.0,5.707110264748875,0.0,5.707110264748875,0.6931471805599453,0.6931471805599453,5.707110264748875,0.0
PRV56088,0.0,4.454347296253507,0.0,10.132652936168832,0.0,5.693335942284047,4.31748811353631,0.7648391090160619,5.693335942284047,0.0
PRV56089,0.0,0.6931471805599453,0.0,2.3978952727983707,0.0,2.3978952727983707,0.6931471805599453,0.6931471805599453,2.3978952727983707,0.0
PRV56090,0.0,2.5649493574615367,0.0,7.365812837209472,0.0,4.887839716616328,2.4849066497880004,0.7375989431307791,4.887839716616328,0.0
PRV56091,0.0,0.6931471805599453,0.0,5.303304908059076,0.0,5.303304908059076,0.6931471805599453,0.6931471805599453,5.303304908059076,0.0
PRV56092,0.0,1.791759469228055,0.0,8.373553741214627,0.0,6.765038976780541,1.6094379124341005,0.8109302162163288,6.765038976780541,0.0
PRV56093,0.0,2.079441541679836,0.0,7.635786861395585,0.0,5.692769674820799,2.079441541679836,0.6931471805599453,5.692769674820799,0.0
PRV56094,0.0,3.258096538021482,0.0,8.924123891686012,0.0,5.708438286192395,3.218875824868201,0.713766467762681,5.708438286192395,0.0
PRV56095,0.0,2.4849066497880004,0.0,8.499232866039245,0.0,6.103371768067608,2.3978952727983707,0.7419373447293773,6.103371768067608,0.0
PRV56098,0.0,3.091042453358316,0.0,7.951911381854188,0.0,4.914404055326688,2.9444389791664403,0.7731898882334818,4.914404055326688,0.0
PRV56099,0.0,1.3862943611198906,0.0,6.447305862541213,0.0,5.351858133476067,1.3862943611198906,0.6931471805599453,5.351858133476067,0.0
PRV56101,0.0,1.791759469228055,0.0,8.634264863002075,0.0,7.025538314638521,1.791759469228055,0.6931471805599453,7.025538314638521,0.0
PRV56102,2.19722457733622,3.367295829986474,11.277215789596893,8.960724500330858,9.19786285046507,5.631979536177696,3.58351893845611,0.7073318155519017,7.788142456509938,0.2222222222222222
PRV56103,4.23410650459726,3.8918202981106265,13.425428028998196,9.60649561075857,9.206019284805697,5.738452249691258,4.499809670330265,0.8343736094062684,8.693716360811079,0.5862068965517241
PRV56104,0.0,6.182084906716632,0.0,11.66359294262898,0.0,5.48771356290762,5.4510384535657,1.1255451710276978,5.48771356290762,0.0
PRV56105,3.4011973816621555,1.3862943611198906,12.48560031099168,4.262679877041316,9.11841033511566,3.1918471524802814,3.4011973816621555,0.7435780341868372,9.020246186413686,0.90625
PRV56106,1.0986122886681098,0.0,9.210440366976515,0.0,8.517393171418904,0.0,1.0986122886681098,0.6931471805599453,8.517393171418904,1.0
PRV56108,0.0,2.772588722239781,0.0,8.903951072058707,0.0,6.197800980105811,2.4849066497880004,0.8602012652231115,6.197800980105811,0.0
PRV56109,0.0,2.5649493574615367,0.0,7.749753406274437,0.0,5.269574897682382,2.4849066497880004,0.7375989431307791,5.269574897682382,0.0
PRV56111,0.0,4.543294782270004,0.0,9.906532910722088,0.0,5.378508946514233,3.9318256327243257,1.0508216248317612,5.378508946514233,0.0
PRV56113,0.0,3.828641396489095,0.0,9.696524881825722,0.0,5.8925645984531,3.4339872044851463,0.9162907318741552,5.8925645984531,0.0
PRV56114,0.0,3.737669618283368,0.0,9.486531677712463,0.0,5.775989686805789,3.295836866004329,0.946596081369484,5.775989686805789,0.0
PRV56115,0.0,1.0986122886681098,0.0,5.673323267171493,0.0,4.983606621708336,1.0986122886681098,0.6931471805599453,4.983606621708336,0.0
PRV56116,0.0,3.58351893845611,0.0,9.189218875354072,0.0,5.637337375248048,3.555348061489413,0.7077459799810979,5.637337375248048,0.0
PRV56117,0.0,2.70805020110221,0.0,7.259116128097101,0.0,4.629165691544308,2.5649493574615367,0.7731898882334818,4.629165691544308,0.0
PRV56118,2.70805020110221,0.0,11.661354090741,0.0,9.022408822846003,0.0,2.70805020110221,0.6931471805599453,9.022408822846003,1.0
PRV56119,2.4849066497880004,0.0,11.695255355062796,0.0,9.297443411431347,0.0,2.4849066497880004,0.6931471805599453,9.297443411431347,1.0
PRV56120,1.6094379124341005,0.0,10.491301994830229,0.0,9.105090961257083,0.0,1.6094379124341005,0.6931471805599453,9.105090961257083,1.0
PRV56121,2.833213344056216,0.0,12.34148164933907,0.0,9.568958426851504,0.0,2.833213344056216,0.6931471805599453,9.568958426851504,1.0
PRV56122,1.3862943611198906,0.0,9.90353755128617,0.0,8.805025252619144,0.0,1.3862943611198906,0.6931471805599453,8.805025252619144,1.0
PRV56123,3.713572066704308,0.0,13.118357364036902,0.0,9.429556219952412,0.0,3.6635616461296463,0.7191226669632059,9.429556219952412,1.0
PRV56124,1.9459101490553128,0.0,11.338583982516496,0.0,9.546884034617923,0.0,1.9459101490553128,0.6931471805599453,9.546884034617923,1.0
PRV56125,2.079441541679836,0.0,10.714439990727769,0.0,8.768663163155189,0.0,2.079441541679836,0.6931471805599453,8.768663163155189,1.0
PRV56126,1.9459101490553128,0.0,10.34177474101152,0.0,8.550176543898253,0.0,1.9459101490553128,0.6931471805599453,8.550176543898253,1.0
PRV56129,3.1780538303479458,0.0,12.45293662970407,0.0,9.317528347246842,0.0,3.091042453358316,0.7396671961948381,9.317528347246842,1.0
PRV56130,2.8903717578961645,0.0,11.695255355062796,0.0,8.86217533434086,0.0,2.833213344056216,0.723918839226699,8.86217533434086,1.0
PRV56131,2.772588722239781,0.0,11.856522261533735,0.0,9.148571345578551,0.0,2.6390573296152584,0.7672551527136671,9.148571345578551,1.0
PRV56133,2.772588722239781,0.0,11.87757552297847,0.0,9.169622538697624,0.0,2.70805020110221,0.7282385003712154,9.169622538697624,1.0
PRV56134,4.143134726391533,0.0,13.551546314212295,0.0,9.42449135299296,0.0,4.07753744390572,0.7270487322356266,9.42449135299296,1.0
PRV56135,1.3862943611198906,2.995732273553991,10.757924157061597,9.23317760587894,9.659354419774283,6.290496439665122,2.833213344056216,0.8649974374866045,7.864175401945792,0.1363636363636363
PRV56136,0.6931471805599453,2.079441541679836,8.699681400989514,7.02197642307216,8.699681400989514,5.081404364984463,2.19722457733622,0.6931471805599453,6.792344427470809,0.125
PRV56137,0.0,3.8918202981106265,0.0,9.689737246238511,0.0,5.821442045901044,3.4339872044851463,0.9555114450274363,5.821442045901044,0.0
PRV56138,0.0,3.610917912644224,0.0,9.485013189834325,0.0,5.904150093892362,3.1354942159291497,0.9694005571881036,5.904150093892362,0.0
PRV56139,1.3862943611198906,2.9444389791664403,10.518700218288163,8.988570876215118,9.42014198075244,6.100318952020064,2.70805020110221,0.9162907318741552,7.67058398274289,0.1428571428571428
PRV56140,2.833213344056216,2.772588722239781,11.759793355371237,7.8636512654486515,8.987321812850125,5.160969175396813,3.4339872044851463,0.7096764825111559,8.346144629175532,0.5161290322580645
PRV56141,0.0,3.688879454113936,0.0,9.584727524513486,0.0,5.923775769975175,3.367295829986474,0.8724881092157621,5.923775769975175,0.0
PRV56142,1.791759469228055,3.8918202981106265,11.643962499267984,9.775142686598905,10.034559673629849,5.906609933540235,3.951243718581428,0.7125652664170471,7.817557078671186,0.0943396226415094
PRV56143,0.0,3.4011973816621555,0.0,8.560444233410552,0.0,5.198497031265826,3.218875824868201,0.7922380832041762,5.198497031265826,0.0
PRV56145,0.0,3.970291913552122,0.0,10.027959280046968,0.0,6.078964586733857,3.713572066704308,0.832909122935104,6.078964586733857,0.0
PRV56146,0.0,3.091042453358316,0.0,9.358846580275406,0.0,6.3160466474994506,2.70805020110221,0.9162907318741552,6.3160466474994506,0.0
PRV56147,1.0986122886681098,1.9459101490553128,9.798182590890704,6.154858094016418,9.105090961257083,4.373658385003365,2.19722457733622,0.6931471805599453,7.744894572550854,0.25
PRV56148,0.0,4.969813299576001,0.0,10.083765355620846,0.0,5.126831990596664,4.262679877041316,1.112796923660066,5.126831990596664,0.0
PRV56149,0.0,3.332204510175204,0.0,8.721113147762688,0.0,5.429508058906881,2.833213344056216,0.9886113934537812,5.429508058906881,0.0
PRV56151,0.0,4.477336814478207,0.0,9.785885750455948,0.0,5.324802596278584,3.7612001156935615,1.122142786078304,5.324802596278584,0.0
PRV56152,0.0,2.9444389791664403,0.0,8.798001694924846,0.0,5.910194234383755,2.772588722239781,0.7884573603642702,5.910194234383755,0.0
PRV56153,0.0,2.302585092994046,0.0,7.252053951852814,0.0,5.060483099823824,2.302585092994046,0.6931471805599453,5.060483099823824,0.0
PRV56154,0.0,2.995732273553991,0.0,8.37816098272068,0.0,5.437850449784995,2.995732273553991,0.6931471805599453,5.437850449784995,0.0
PRV56156,1.791759469228055,4.174387269895637,10.373522431293592,9.590214130417438,8.764209507142004,5.435630661257053,3.8501476017100575,0.9162907318741552,6.51715736527586,0.072463768115942
PRV56157,0.0,3.6635616461296463,0.0,9.535390480896702,0.0,5.900473971733108,3.49650756146648,0.7827593392496325,5.900473971733108,0.0
PRV56158,0.0,3.6635616461296463,0.0,8.687948111838727,0.0,5.056580982157211,3.218875824868201,0.949080554697146,5.056580982157211,0.0
PRV56159,0.0,3.4339872044851463,0.0,8.87640491500694,0.0,5.479249069052937,3.4011973816621555,0.7102416139192453,5.479249069052937,0.0
PRV56161,2.6390573296152584,3.555348061489413,11.52288569676448,8.442685139241176,8.958055142950355,4.923409990482642,3.6375861597263857,0.8198988861990891,7.718089572991242,0.2765957446808511
PRV56163,0.0,2.079441541679836,0.0,8.064950891749143,0.0,6.120925165362023,1.9459101490553128,0.7731898882334818,6.120925165362023,0.0
PRV56164,0.0,3.332204510175204,0.0,8.625329850020815,0.0,5.33414915288703,3.332204510175204,0.6931471805599453,5.33414915288703,0.0
PRV56165,0.0,2.995732273553991,0.0,9.458059455856434,0.0,6.5150245330829,2.6390573296152584,0.90078654533819,6.5150245330829,0.0
PRV56166,1.0986122886681098,1.9459101490553128,8.987321812850125,6.580639137284949,8.294299608857235,4.795790545596741,2.19722457733622,0.6931471805599453,6.994849985833071,0.25
PRV56168,0.0,0.6931471805599453,0.0,3.044522437723423,0.0,3.044522437723423,0.6931471805599453,0.6931471805599453,3.044522437723423,0.0
PRV56169,0.0,3.1354942159291497,0.0,8.902591637374087,0.0,5.814401865431398,2.8903717578961645,0.8303483020734304,5.814401865431398,0.0
PRV56170,2.19722457733622,2.3978952727983707,11.184435286790633,7.223295679562314,9.105090961257083,4.927253685157205,2.833213344056216,0.7537718023763802,8.313143955602445,0.4444444444444444
PRV56171,0.0,2.772588722239781,0.0,7.039660349862076,0.0,4.343805421853684,2.5649493574615367,0.8109302162163288,4.343805421853684,0.0
PRV56172,1.3862943611198906,2.19722457733622,10.043292972227004,9.004668301573977,8.944767632519909,6.926086235666861,2.4849066497880004,0.6931471805599453,7.948706353630679,0.2727272727272727
PRV56173,1.9459101490553128,3.6635616461296463,11.52288569676448,8.651898894268529,9.731175730771472,5.020759311445735,3.6375861597263857,0.7835312420282143,7.794186436114506,0.1363636363636363
PRV56174,0.6931471805599453,2.302585092994046,8.006700845440367,6.311734809152915,8.006700845440367,4.12892489581888,2.3978952727983707,0.6931471805599453,5.87493073085203,0.1
PRV56176,0.0,3.091042453358316,0.0,8.982309899088579,0.0,5.9402965581525855,2.772588722239781,0.8754687373538999,5.9402965581525855,0.0
PRV56177,0.0,2.9444389791664403,0.0,7.8636512654486515,0.0,4.97979418857368,2.3978952727983707,1.029619417181158,4.97979418857368,0.0
PRV56179,0.6931471805599453,2.079441541679836,8.987321812850125,7.576097340623111,8.987321812850125,5.633257818340763,2.19722457733622,0.6931471805599453,7.126689985522292,0.125
PRV56181,0.0,2.5649493574615367,0.0,8.423102268016642,0.0,5.940609753056333,2.302585092994046,0.8472978603872036,5.940609753056333,0.0
PRV56182,0.0,3.951243718581428,0.0,9.517163087955348,0.0,5.5890096097687945,3.80666248977032,0.7696872576822797,5.5890096097687945,0.0
PRV56183,0.0,3.1780538303479458,0.0,8.352554369474591,0.0,5.222234200836061,2.995732273553991,0.7932306391169278,5.222234200836061,0.0
PRV56184,0.0,2.9444389791664403,0.0,7.912423121473705,0.0,5.028256895446075,2.302585092994046,1.0986122886681098,5.028256895446075,0.0
PRV56185,0.0,2.079441541679836,0.0,6.274762021241939,0.0,4.340087945453552,2.079441541679836,0.6931471805599453,4.340087945453552,0.0
PRV56186,0.0,2.5649493574615367,0.0,7.886457270977689,0.0,5.405675884868536,2.3978952727983707,0.7884573603642702,5.405675884868536,0.0
PRV56187,0.0,2.9444389791664403,0.0,8.511376306094673,0.0,5.624418548903762,2.70805020110221,0.826678573184468,5.624418548903762,0.0
PRV56189,0.0,1.9459101490553128,0.0,6.8679744089702925,0.0,5.081404364984463,1.791759469228055,0.7884573603642702,5.081404364984463,0.0
PRV56190,0.0,1.9459101490553128,0.0,6.673297967767654,0.0,4.887839716616328,1.6094379124341005,0.9162907318741552,4.887839716616328,0.0
PRV56191,0.0,4.143134726391533,0.0,9.938420239076152,0.0,5.814226819919118,3.6375861597263857,0.9842019374903656,5.814226819919118,0.0
PRV56193,0.0,2.70805020110221,0.0,8.493105395887147,0.0,5.856707914387358,2.5649493574615367,0.7731898882334818,5.856707914387358,0.0
PRV56194,0.0,2.19722457733622,0.0,7.682943169878292,0.0,5.60672076181307,1.791759469228055,0.9555114450274363,5.60672076181307,0.0
PRV56196,0.0,1.9459101490553128,0.0,6.608000625296087,0.0,4.822966130975706,1.9459101490553128,0.6931471805599453,4.822966130975706,0.0
PRV56198,0.0,3.091042453358316,0.0,8.77971129020447,0.0,5.738260579669779,2.5649493574615367,1.01160091167848,5.738260579669779,0.0
PRV56199,0.0,2.833213344056216,0.0,7.8636512654486515,0.0,5.096812990337308,2.6390573296152584,0.8023464725249373,5.096812990337308,0.0
PRV56200,0.0,4.07753744390572,0.0,9.441531454869692,0.0,5.385601694788831,3.737669618283368,0.8815477834302821,5.385601694788831,0.0
PRV56201,0.0,1.3862943611198906,0.0,4.795790545596741,0.0,3.713572066704308,1.0986122886681098,0.9162907318741552,3.713572066704308,0.0
PRV56202,0.6931471805599453,0.0,9.210440366976515,0.0,9.210440366976515,0.0,0.6931471805599453,0.6931471805599453,9.210440366976515,1.0
PRV56206,0.0,3.4657359027997265,0.0,8.738895704934043,0.0,5.309703906057875,3.4339872044851463,0.7096764825111559,5.309703906057875,0.0
PRV56207,1.3862943611198906,4.532599493153256,11.141876276228,9.929204031040763,10.043292972227004,5.411840132399075,4.532599493153256,0.7093200398055463,6.849401104065157,0.031578947368421
PRV56208,0.0,4.219507705176107,0.0,10.150777225678416,0.0,5.948658309158754,4.204692619390966,0.7006943861953282,5.948658309158754,0.0
PRV56209,0.0,5.247024072160486,0.0,10.95729422815692,0.0,5.71881877261493,5.231108616854587,0.7011793522572095,5.71881877261493,0.0
PRV56210,3.4657359027997265,4.787491742782046,12.33270970174018,10.229945527689226,8.898854646531047,5.455069701151475,4.976733742420574,0.713766467762681,7.437873596128536,0.2066666666666666
PRV56211,0.0,4.430816798843313,0.0,10.073272520325904,0.0,5.6578857109251,4.430816798843313,0.6931471805599453,5.6578857109251,0.0
PRV56212,0.0,2.8903717578961645,0.0,8.586905803827538,0.0,5.756672532753462,2.8903717578961645,0.6931471805599453,5.756672532753462,0.0
PRV56213,0.0,6.467698726104354,0.0,11.989538454196522,0.0,5.527371874031172,5.87493073085203,1.033635486836048,5.527371874031172,0.0
PRV56214,0.0,1.3862943611198906,0.0,6.566672429803241,0.0,5.470869131746186,1.3862943611198906,0.6931471805599453,5.470869131746186,0.0
PRV56216,0.0,6.1779441140506,0.0,11.969786862161808,0.0,5.796954668460669,5.8664680569332965,0.8614024665687456,5.796954668460669,0.0
PRV56217,0.0,3.828641396489095,0.0,9.202409001649904,0.0,5.400171742876576,3.6375861597263857,0.7958013346200287,5.400171742876576,0.0
PRV56218,1.9459101490553128,4.727387818712341,10.463131911491969,10.092495041920657,8.671515285122727,5.378579830293219,4.6443908991413725,0.763433713288117,6.2193088967435255,0.0508474576271186
PRV56219,1.6094379124341005,5.613128106388071,10.736418414365376,11.170026621880517,9.35018926709258,5.564380052505486,4.59511985013459,1.3419585472998388,6.048020593439906,0.0144404332129963
PRV56220,1.3862943611198906,2.5649493574615367,9.741027444837728,7.384610383176974,8.642532789389376,4.906508584887358,2.70805020110221,0.7282385003712154,7.12420984214555,0.2
PRV56221,2.9444389791664403,5.662960480135946,11.849404844423074,11.388959604986832,8.95915450685925,5.7327096148159455,5.365976015021851,0.888683076550058,6.61961408475664,0.0590163934426229
PRV56222,0.0,4.624972813284271,0.0,10.117428893085538,0.0,5.506337228235081,4.290459441148391,0.8766254754817236,5.506337228235081,0.0
PRV56224,1.6094379124341005,4.68213122712422,10.34177474101152,10.544051132937742,8.955577146281511,5.874011480370353,4.624972813284271,0.7414657578307531,6.43321524968899,0.036036036036036
PRV56225,3.9318256327243257,6.289715570908998,13.321215875492411,11.925703766372616,9.409273194575334,5.641392820249354,5.746203190540153,1.0593915755148284,7.166565354104203,0.0850340136054421
PRV56227,0.6931471805599453,3.258096538021482,8.294299608857235,8.480736654405622,8.294299608857235,5.266826699456666,3.218875824868201,0.7339691750802004,5.82962412040679,0.0384615384615384
PRV56228,0.0,5.572154032177765,0.0,11.092412706722495,0.0,5.52803468309015,5.010635294096256,1.0146469085507754,5.52803468309015,0.0
PRV56229,0.0,2.6390573296152584,0.0,8.398634855292102,0.0,5.836383947860166,2.5649493574615367,0.7339691750802004,5.836383947860166,0.0
PRV56231,3.49650756146648,5.476463551931511,12.766262554340948,10.977140943163043,9.300615168215964,5.508911919277375,5.293304824724492,0.8602012652231115,7.32302402584991,0.1185185185185185
PRV56232,0.0,3.58351893845611,0.0,9.188197007290492,0.0,5.636319045221148,3.555348061489413,0.7077459799810979,5.636319045221148,0.0
PRV56233,0.0,4.59511985013459,0.0,10.40095434309913,0.0,5.818931659282674,3.7612001156935615,1.203972804325936,5.818931659282674,0.0
PRV56234,0.0,4.262679877041316,0.0,9.986034813503691,0.0,5.740711185889307,4.04305126783455,0.8109302162163288,5.740711185889307,0.0
PRV56235,2.70805020110221,5.062595033026967,11.820417517632333,10.666650414667744,9.18145577098132,5.614034292915373,5.0369526024136295,0.750305594399894,6.953874097720885,0.0818713450292397
PRV56236,2.079441541679836,3.4011973816621555,10.714439990727769,9.312987208936326,8.768663163155189,5.948215039595248,3.58351893845611,0.7073318155519017,7.351657317382553,0.1944444444444444
PRV56237,0.0,5.293304824724492,0.0,10.463988662743825,0.0,5.181329469230815,4.882801922586371,0.9208604275642204,5.181329469230815,0.0
PRV56238,1.6094379124341005,3.332204510175204,11.112462823634855,8.808518618782816,9.726213236963687,5.516560039262536,3.4339872044851463,0.7096764825111559,7.774055772046546,0.1290322580645161
PRV56239,0.0,4.836281906951478,0.0,10.912011006422553,0.0,6.0859562102007,4.02535169073515,1.1856236656577397,6.0859562102007,0.0
PRV56241,0.0,4.948759890378168,0.0,10.362209026944724,0.0,5.424950017481403,4.59511985013459,0.8873031950009028,5.424950017481403,0.0
PRV56242,0.6931471805599453,4.912654885736052,8.853808274977197,10.678698474028431,8.853808274977197,5.7765050078145626,4.330733340286331,1.034370019939756,5.918182026030965,0.0073529411764705
PRV56243,4.3694478524670215,6.723832440821209,13.45325004373093,12.33129902177903,9.09665182705568,5.612324072997143,6.405228458030842,0.9182755158535412,6.923785619703972,0.0858085808580858
PRV56245,0.0,4.343805421853684,0.0,9.526682784921174,0.0,5.2014006337704,3.80666248977032,1.003302108863785,5.2014006337704,0.0
PRV56247,1.0986122886681098,3.218875824868201,9.39274525863144,9.037295651962438,8.699681400989514,5.861972603958559,3.091042453358316,0.8056251639866355,6.666956792429207,0.0769230769230769
PRV56248,0.0,6.840546529288687,0.0,12.5538768606357,0.0,5.717689603342158,6.169610732491456,1.084537460964473,5.717689603342158,0.0
PRV56249,4.04305126783455,6.961296045910167,13.265599278590988,12.605221179354364,9.240342903771849,5.648399467886402,6.502790045915623,0.9808292530117262,6.671257185633899,0.0504504504504504
PRV56251,0.0,3.4339872044851463,0.0,9.09952053687094,0.0,5.70155777963409,2.833213344056216,1.0560526742493137,5.70155777963409,0.0
PRV56252,0.0,2.9444389791664403,0.0,8.558527054909215,0.0,5.671412316847948,2.9444389791664403,0.6931471805599453,5.671412316847948,0.0
PRV56253,4.158883083359672,5.517452896464707,13.261257116913471,11.037804765825014,9.118230304441546,5.528340425497462,5.43372200355424,0.8603699419545564,7.62471789354684,0.202572347266881
PRV56255,0.0,4.634728988229636,0.0,10.558699193753036,0.0,5.936345574684235,4.23410650459726,0.9162907318741552,5.936345574684235,0.0
PRV56256,2.4849066497880004,3.80666248977032,11.338583982516496,8.802522498284421,8.940807748834517,5.02477724785301,3.9889840465642745,0.7118393135720978,7.408034576142952,0.2
PRV56257,2.8903717578961645,3.58351893845611,11.904974309480185,9.152817185732516,9.071869066958438,5.601063968461213,3.8918202981106265,0.7339691750802004,8.015886223725563,0.3269230769230769
PRV56258,0.0,4.262679877041316,0.0,10.170877627969896,0.0,5.925019447699829,4.262679877041316,0.6931471805599453,5.925019447699829,0.0
PRV56259,2.833213344056216,5.198497031265826,11.58989576532275,10.8594027621935,8.81744592104187,5.66988092298052,5.241747015059643,0.7142005897577777,6.706163524554742,0.0816326530612244
PRV56260,4.02535169073515,1.6094379124341005,13.21767537538882,6.236369590203704,9.210440366976515,4.855928904335275,3.9889840465642745,0.7482069577429727,9.14117012398413,0.9322033898305084
PRV56261,0.0,4.248495242049359,0.0,10.114194083746655,0.0,5.882837833663534,3.871201010907891,0.903442589396306,5.882837833663534,0.0
PRV56262,0.0,2.772588722239781,0.0,8.15507488781144,0.0,5.4510384535657,2.772588722239781,0.6931471805599453,5.4510384535657,0.0
PRV56263,1.0986122886681098,2.833213344056216,9.90353755128617,7.9865049385539955,9.210440366976515,5.219003559828312,2.8903717578961645,0.7221347174331976,7.151049980729277,0.1111111111111111
PRV56264,2.995732273553991,3.49650756146648,12.013706813470414,8.860924729719041,9.069376918602002,5.399575729872122,3.828641396489095,0.7576857016975165,8.124011160033671,0.3725490196078431
PRV56265,3.044522437723423,4.672828834461906,12.095146671399466,10.396994062531652,9.09952053687094,5.7367548736291685,4.007333185232471,1.203972804325936,7.427521766221842,0.1587301587301587
PRV56266,0.0,3.4339872044851463,0.0,9.17378011666438,0.0,5.775586206785184,3.295836866004329,0.7672551527136671,5.775586206785184,0.0
PRV56267,0.0,1.6094379124341005,0.0,5.860786223465865,0.0,4.483002552013883,1.6094379124341005,0.6931471805599453,4.483002552013883,0.0
PRV56268,4.127134385045092,6.959398512133975,13.395593014723184,12.55521781171196,9.284810456545236,5.600468869828384,6.773080375655535,0.8219422887655157,6.740715814811617,0.054806828391734
PRV56269,2.19722457733622,2.302585092994046,11.302216779257382,7.710205194432532,9.222861652529854,5.516560039262536,2.833213344056216,0.723918839226699,8.496354027101125,0.4705882352941176
PRV56270,0.0,6.950814768442584,0.0,12.577536196962324,0.0,5.631266763694543,6.186208623900494,1.1475660787889823,5.631266763694543,0.0
PRV56271,0.6931471805599453,4.532599493153256,8.699681400989514,10.334002932844076,8.699681400989514,5.815168280004849,4.189654742026425,0.8882077631313297,5.982092812276708,0.010752688172043
PRV56272,0.0,3.1354942159291497,0.0,8.603554357064281,0.0,5.51635700594407,2.70805020110221,0.9444616088408514,5.51635700594407,0.0
PRV56274,1.6094379124341005,1.6094379124341005,9.99884318585288,7.591357046698551,8.612685172875459,6.206575926724928,2.19722457733622,0.6931471805599453,8.005867442608565,0.5
PRV56275,0.0,4.394449154672439,0.0,10.114194083746655,0.0,5.735361887809524,3.555348061489413,1.209837923778334,5.735361887809524,0.0
PRV56276,0.6931471805599453,1.9459101490553128,9.472781556562168,5.968707559985366,9.472781556562168,4.189654742026425,2.079441541679836,0.6931471805599453,7.556875931221673,0.1428571428571428
PRV56277,0.0,2.995732273553991,0.0,8.607216694063826,0.0,5.666062389383448,2.8903717578961645,0.750305594399894,5.666062389383448,0.0
PRV56278,0.0,3.332204510175204,0.0,9.9480306152868,0.0,6.653436341680933,2.9444389791664403,0.9162907318741552,6.653436341680933,0.0
PRV56279,0.0,3.9889840465642745,0.0,9.785323194185484,0.0,5.817953123471729,3.4011973816621555,1.0394234172777792,5.817953123471729,0.0
PRV56280,0.0,3.688879454113936,0.0,9.042040056544485,0.0,5.382964840608321,3.49650756146648,0.7969439742415889,5.382964840608321,0.0
PRV56281,0.0,4.007333185232471,0.0,10.091252599948522,0.0,6.10446248989502,3.218875824868201,1.1786549963416462,6.10446248989502,0.0
PRV56282,0.0,1.6094379124341005,0.0,6.2166061010848646,0.0,4.836281906951478,1.6094379124341005,0.6931471805599453,4.836281906951478,0.0
PRV56283,0.0,1.3862943611198906,0.0,7.749753406274437,0.0,6.652002444102299,1.3862943611198906,0.6931471805599453,6.652002444102299,0.0
PRV56284,0.0,4.219507705176107,0.0,10.047198210202428,0.0,5.845359770226997,3.6375861597263857,1.033472986497148,5.845359770226997,0.0
PRV56285,2.6390573296152584,0.0,11.849404844423074,0.0,9.284541196961804,0.0,2.5649493574615367,0.7339691750802004,9.284541196961804,1.0
PRV56286,0.6931471805599453,0.0,10.043292972227004,0.0,10.043292972227004,0.0,0.6931471805599453,0.6931471805599453,10.043292972227004,1.0
PRV56287,0.0,4.68213122712422,0.0,10.263990161609186,0.0,5.594850340866611,4.430816798843313,0.8281834643638881,5.594850340866611,0.0
PRV56288,1.0986122886681098,0.0,10.085850775128716,0.0,9.39274525863144,0.0,1.0986122886681098,0.6931471805599453,9.39274525863144,1.0
PRV56289,1.791759469228055,0.0,10.239995502805316,0.0,8.630700432209832,0.0,1.791759469228055,0.6931471805599453,8.630700432209832,1.0
PRV56290,0.0,3.1780538303479458,0.0,9.35539264367532,0.0,6.221799569003196,2.833213344056216,0.8909729238898652,6.221799569003196,0.0
PRV56291,0.0,3.610917912644224,0.0,9.484253080341963,0.0,5.903392001217135,3.295836866004329,0.8690378470236095,5.903392001217135,0.0
PRV56293,0.0,1.3862943611198906,0.0,6.066108090103747,0.0,4.972125439334381,1.3862943611198906,0.6931471805599453,4.972125439334381,0.0
PRV56295,0.0,1.6094379124341005,0.0,7.090909822079984,0.0,5.707110264748875,1.6094379124341005,0.6931471805599453,5.707110264748875,0.0
PRV56297,0.0,3.367295829986474,0.0,8.87360810154911,0.0,5.545177444479562,3.1780538303479458,0.7963314167951762,5.545177444479562,0.0
PRV56299,0.0,1.791759469228055,0.0,5.771441123130016,0.0,4.174387269895637,1.791759469228055,0.6931471805599453,4.174387269895637,0.0
PRV56300,0.0,2.19722457733622,0.0,6.898714534329988,0.0,4.826311734631628,1.791759469228055,0.9555114450274363,4.826311734631628,0.0
PRV56301,0.0,1.3862943611198906,0.0,6.93828448401696,0.0,5.841610180451529,1.3862943611198906,0.6931471805599453,5.841610180451529,0.0
PRV56302,0.0,1.6094379124341005,0.0,7.313886831633462,0.0,5.929589143389895,1.6094379124341005,0.6931471805599453,5.929589143389895,0.0
PRV56303,0.0,1.0986122886681098,0.0,4.262679877041316,0.0,3.58351893845611,1.0986122886681098,0.6931471805599453,3.58351893845611,0.0
PRV56304,0.0,2.772588722239781,0.0,9.446281681520253,0.0,6.739336627357174,2.6390573296152584,0.7672551527136671,6.739336627357174,0.0
PRV56305,0.0,3.4011973816621555,0.0,8.343077871169383,0.0,4.982425007486015,2.5649493574615367,1.2286654169163074,4.982425007486015,0.0
PRV56306,0.0,2.079441541679836,0.0,7.244941546337007,0.0,5.303304908059076,1.791759469228055,0.8754687373538999,5.303304908059076,0.0
PRV56307,0.0,2.5649493574615367,0.0,7.193685818395112,0.0,4.717009667743627,2.5649493574615367,0.6931471805599453,4.717009667743627,0.0
PRV56308,0.0,2.772588722239781,0.0,8.523374050491318,0.0,5.818102731685499,2.302585092994046,0.9808292530117262,5.818102731685499,0.0
PRV56309,0.0,1.3862943611198906,0.0,7.186144304522325,0.0,6.089044875446846,1.3862943611198906,0.6931471805599453,6.089044875446846,0.0
PRV56310,0.0,0.6931471805599453,0.0,4.394449154672439,0.0,4.394449154672439,0.6931471805599453,0.6931471805599453,4.394449154672439,0.0
PRV56311,0.0,2.995732273553991,0.0,8.945202263959297,0.0,6.003107035865741,2.3978952727983707,1.0647107369924282,6.003107035865741,0.0
PRV56313,0.0,1.3862943611198906,0.0,4.61512051684126,0.0,3.5361166995615263,1.3862943611198906,0.6931471805599453,3.5361166995615263,0.0
PRV56314,0.0,2.19722457733622,0.0,8.227108234348146,0.0,6.149536101678477,2.19722457733622,0.6931471805599453,6.149536101678477,0.0
PRV56316,0.0,1.9459101490553128,0.0,8.400884069015854,0.0,6.610247312379065,1.791759469228055,0.7884573603642702,6.610247312379065,0.0
PRV56317,0.0,1.0986122886681098,0.0,2.3978952727983707,0.0,1.791759469228055,1.0986122886681098,0.6931471805599453,1.791759469228055,0.0
PRV56318,0.0,0.6931471805599453,0.0,5.303304908059076,0.0,5.303304908059076,0.6931471805599453,0.6931471805599453,5.303304908059076,0.0
PRV56319,0.0,2.6390573296152584,0.0,8.776630098427717,0.0,6.21353059504695,2.5649493574615367,0.7339691750802004,6.21353059504695,0.0
PRV56321,0.0,2.079441541679836,0.0,8.271548374755515,0.0,6.327171184610518,1.9459101490553128,0.7731898882334818,6.327171184610518,0.0
PRV56322,0.0,3.6375861597263857,0.0,8.824824939175638,0.0,5.21918640526957,3.332204510175204,0.8630462173553428,5.21918640526957,0.0
PRV56324,0.0,0.6931471805599453,0.0,4.61512051684126,0.0,4.61512051684126,0.6931471805599453,0.6931471805599453,4.61512051684126,0.0
PRV56328,0.0,2.772588722239781,0.0,7.650168700845001,0.0,4.948759890378168,2.6390573296152584,0.7672551527136671,4.948759890378168,0.0
PRV56329,2.70805020110221,0.0,12.08391066125752,0.0,9.444926774857976,0.0,2.6390573296152584,0.7308875085427923,9.444926774857976,1.0
PRV56330,0.0,2.833213344056216,0.0,8.049107721326406,0.0,5.281298361378442,2.772588722239781,0.7259370033829363,5.281298361378442,0.0
PRV56331,0.0,0.6931471805599453,0.0,2.3978952727983707,0.0,2.3978952727983707,0.6931471805599453,0.6931471805599453,2.3978952727983707,0.0
PRV56333,0.0,3.7612001156935615,0.0,9.358846580275406,0.0,5.624704909548313,3.5263605246161616,0.8209805520698302,5.624704909548313,0.0
PRV56334,0.0,2.19722457733622,0.0,6.508769136971682,0.0,4.43970574626056,2.19722457733622,0.6931471805599453,4.43970574626056,0.0
PRV56335,2.9444389791664403,0.0,11.95761769646754,0.0,9.067354906294602,0.0,2.9444389791664403,0.6931471805599453,9.067354906294602,1.0
PRV56336,3.091042453358316,0.0,12.37581963951765,0.0,9.331381586063362,0.0,3.091042453358316,0.6931471805599453,9.331381586063362,1.0
PRV56337,0.0,1.0986122886681098,0.0,5.198497031265826,0.0,4.51085950651685,1.0986122886681098,0.6931471805599453,4.51085950651685,0.0
PRV56338,2.3978952727983707,0.0,11.486591756518374,0.0,9.184099060770956,0.0,2.3978952727983707,0.6931471805599453,9.184099060770956,1.0
PRV56339,0.6931471805599453,0.0,9.105090961257083,0.0,9.105090961257083,0.0,0.6931471805599453,0.6931471805599453,9.105090961257083,1.0
PRV56340,1.3862943611198906,0.0,10.950824090522444,0.0,9.852246888342531,0.0,1.3862943611198906,0.6931471805599453,9.852246888342531,1.0
PRV56341,0.6931471805599453,0.0,9.798182590890704,0.0,9.798182590890704,0.0,0.6931471805599453,0.6931471805599453,9.798182590890704,1.0
PRV56342,1.791759469228055,0.0,10.859018228147889,0.0,9.249657234353132,0.0,1.791759469228055,0.6931471805599453,9.249657234353132,1.0
PRV56344,0.0,2.4849066497880004,0.0,8.166500319155052,0.0,5.771441123130016,2.3978952727983707,0.7419373447293773,5.771441123130016,0.0
PRV56345,0.0,6.35088571671474,0.0,11.809401259066489,0.0,5.464498289050963,5.497168225293202,1.210126669900314,5.464498289050963,0.0
PRV56346,0.0,3.7612001156935615,0.0,9.68352643191322,0.0,5.948407914786311,3.258096538021482,0.9858167945227652,5.948407914786311,0.0
PRV56347,2.302585092994046,3.7612001156935615,11.461642696843066,9.315690887584008,9.264502325601311,5.581704514716937,3.784189633918261,0.7820946665764416,7.640886455981181,0.1764705882352941
PRV56348,0.0,4.07753744390572,0.0,9.32375833901174,0.0,5.268391255477552,3.610917912644224,0.959775843813894,5.268391255477552,0.0
PRV56349,3.4657359027997265,3.4339872044851463,12.531776395271262,9.33087517360492,9.097897487779898,5.932245187448011,3.951243718581428,0.7866732385707688,8.461025222314474,0.5081967213114754
PRV56350,4.204692619390966,4.532599493153256,13.567050480716237,10.389948759849505,9.377479068444284,5.870953609324936,4.787491742782046,0.8448940130758091,8.545507518009156,0.4177215189873418
PRV56351,0.0,3.4011973816621555,0.0,9.298442820197728,0.0,5.933707576886951,2.8903717578961645,0.9954280524328788,5.933707576886951,0.0
PRV56352,1.6094379124341005,3.044522437723423,10.463131911491969,7.912423121473705,9.076923258535832,4.923623917106626,3.1354942159291497,0.7375989431307791,7.360792878980733,0.1666666666666666
PRV56353,0.0,4.574710978503383,0.0,10.286741134279072,0.0,5.725625502578653,3.8501476017100575,1.1271856611121658,5.725625502578653,0.0
PRV56354,1.3862943611198906,2.19722457733622,11.112462823634855,8.152198015861787,10.013880384821976,6.074771153234392,2.302585092994046,0.7985076962177716,8.765203176133284,0.2727272727272727
PRV56355,1.6094379124341005,4.718498871295094,10.66897865021924,10.40822467896156,9.282754052485227,5.70200913144039,3.58351893845611,1.455287232606842,6.496774990185863,0.0347826086956521
PRV56357,0.0,2.833213344056216,0.0,7.43307534889858,0.0,4.669318005811843,2.6390573296152584,0.8023464725249373,4.669318005811843,0.0
PRV56358,0.0,1.6094379124341005,0.0,5.484796933490655,0.0,4.110873864173311,1.6094379124341005,0.6931471805599453,4.110873864173311,0.0
PRV56360,0.0,4.3694478524670215,0.0,10.129068131883756,0.0,5.775427097795191,3.555348061489413,1.1921383466789333,5.775427097795191,0.0
PRV56361,2.079441541679836,4.68213122712422,10.87806606028079,10.869539405619758,8.932269110229447,6.198725627728973,3.951243718581428,1.1741198411762548,6.831821078885304,0.0614035087719298
PRV56362,0.0,4.110873864173311,0.0,9.488805094878352,0.0,5.398916565104153,3.951243718581428,0.7777045685880084,5.398916565104153,0.0
PRV56363,0.0,2.995732273553991,0.0,9.251578279992428,0.0,6.308865092241858,2.19722457733622,1.2163953243244932,6.308865092241858,0.0
PRV56364,0.0,4.382026634673881,0.0,10.350766163457704,0.0,5.983808733733795,3.367295829986474,1.3406243242867024,5.983808733733795,0.0
PRV56366,0.0,2.302585092994046,0.0,7.53955882930103,0.0,5.34657829016529,2.19722457733622,0.7537718023763802,5.34657829016529,0.0
PRV56367,0.0,3.828641396489095,0.0,9.263975921142093,0.0,5.46147498093208,2.70805020110221,1.4384801142904609,5.46147498093208,0.0
PRV56368,0.6931471805599453,3.5263605246161616,8.294299608857235,8.527341522468053,8.294299608857235,5.037149355980422,2.5649493574615367,1.3437347467010947,5.587909378609288,0.0294117647058823
PRV56369,0.0,0.6931471805599453,0.0,4.394449154672439,0.0,4.394449154672439,0.6931471805599453,0.6931471805599453,4.394449154672439,0.0
PRV56370,0.0,2.302585092994046,0.0,7.390798521735676,0.0,5.198497031265826,1.3862943611198906,1.3862943611198906,5.198497031265826,0.0
PRV56373,0.0,0.6931471805599453,0.0,2.3978952727983707,0.0,2.3978952727983707,0.6931471805599453,0.6931471805599453,2.3978952727983707,0.0
PRV56374,0.0,3.258096538021482,0.0,8.932080438103307,0.0,5.716369590161673,2.4849066497880004,1.1856236656577397,5.716369590161673,0.0
PRV56375,0.0,4.007333185232471,0.0,9.630431332279668,0.0,5.644923268884055,3.4011973816621555,1.051544777810124,5.644923268884055,0.0
PRV56376,0.0,3.044522437723423,0.0,9.285540604539118,0.0,6.29156913955832,2.3978952727983707,1.0986122886681098,6.29156913955832,0.0
PRV56377,0.0,0.6931471805599453,0.0,4.110873864173311,0.0,4.110873864173311,0.6931471805599453,0.6931471805599453,4.110873864173311,0.0
PRV56378,0.0,3.4657359027997265,0.0,8.407601514786142,0.0,4.98028693292325,2.995732273553991,0.9675840262617056,4.98028693292325,0.0
PRV56379,0.0,3.9889840465642745,0.0,9.712387577930592,0.0,5.745238230571422,3.295836866004329,1.1113513144455394,5.745238230571422,0.0
PRV56380,0.0,3.091042453358316,0.0,8.706324840138741,0.0,5.665107644227862,2.3978952727983707,1.1314021114911006,5.665107644227862,0.0
PRV56381,0.0,2.19722457733622,0.0,8.459775920546287,0.0,6.3818160174060985,0.6931471805599453,2.19722457733622,6.3818160174060985,0.0
PRV56384,1.0986122886681098,3.871201010907891,9.798182590890704,9.375091807576672,9.105090961257083,5.528837896243835,3.1780538303479458,1.1411719030869056,6.411751243581185,0.0408163265306122
PRV56385,0.0,3.1354942159291497,0.0,7.926963544862978,0.0,4.843471010523947,2.4849066497880004,1.0986122886681098,4.843471010523947,0.0
PRV56387,0.0,0.6931471805599453,0.0,4.51085950651685,0.0,4.51085950651685,0.6931471805599453,0.6931471805599453,4.51085950651685,0.0
PRV56388,0.0,2.079441541679836,0.0,8.575650760987806,0.0,6.630871833772582,1.9459101490553128,0.7731898882334818,6.630871833772582,0.0
PRV56389,0.0,2.772588722239781,0.0,8.782783017393202,0.0,6.076877424956113,2.6390573296152584,0.7672551527136671,6.076877424956113,0.0
PRV56390,1.0986122886681098,1.3862943611198906,10.59665973278358,5.3981627015177525,9.90353755128617,4.308559482792009,1.791759469228055,0.6931471805599453,8.992806059426483,0.4
PRV56391,0.0,1.0986122886681098,0.0,5.017279836814924,0.0,4.330733340286331,1.0986122886681098,0.6931471805599453,4.330733340286331,0.0
PRV56392,1.9459101490553128,2.70805020110221,10.545367754151744,8.258681496264236,8.753739851753249,5.622985514351683,2.3978952727983707,1.0986122886681098,7.646831391430482,0.3
PRV56393,0.0,2.3978952727983707,0.0,7.855932199718614,0.0,5.556828061699537,2.19722457733622,0.8109302162163288,5.556828061699537,0.0
PRV56394,0.0,3.49650756146648,0.0,9.675394271496003,0.0,6.211603589401893,2.70805020110221,1.1895840668738364,6.211603589401893,0.0
PRV56395,2.079441541679836,0.0,11.580593459194764,0.0,9.634739382809649,0.0,2.079441541679836,0.6931471805599453,9.634739382809649,1.0
PRV56396,3.49650756146648,3.951243718581428,12.502470376049184,9.92235837328638,9.036849707816982,5.992983001515486,4.276666119016055,0.7742727253723138,8.156942153467595,0.3855421686746988
PRV56397,0.0,3.871201010907891,0.0,9.169622538697624,0.0,5.324254663460495,3.784189633918261,0.7386095546367026,5.324254663460495,0.0
PRV56398,0.6931471805599453,2.9444389791664403,8.294299608857235,7.616283561580385,8.294299608857235,4.734247228263234,2.995732273553991,0.6931471805599453,5.763209268940474,0.0526315789473684
PRV56400,1.3862943611198906,1.9459101490553128,10.799595985047786,6.68586094706836,9.701024511040307,4.9003242732785735,2.302585092994046,0.6931471805599453,8.618726392239676,0.3333333333333333
PRV56401,0.0,4.969813299576001,0.0,10.217969771265723,0.0,5.260295933970237,3.688879454113936,1.5404450409471488,5.260295933970237,0.0
PRV56403,2.3978952727983707,3.218875824868201,11.112462823634855,9.364005219520331,8.81001204797317,6.187921833159686,3.4657359027997265,0.7404000654104909,7.746961668001172,0.2941176470588235
PRV56404,0.0,5.8971538676367405,0.0,11.787985716314305,0.0,5.896328594549452,4.969813299576001,1.2636920390275583,5.896328594549452,0.0
PRV56405,0.0,4.110873864173311,0.0,10.089593605747774,0.0,5.997695096858618,3.9889840465642745,0.7570959051602187,5.997695096858618,0.0
PRV56406,0.0,5.308267697401205,0.0,10.709315887371533,0.0,5.410468208505358,4.290459441148391,1.3328056761689044,5.410468208505358,0.0
PRV56407,1.791759469228055,3.58351893845611,10.404293143019792,8.77971129020447,8.79497643168877,5.229579564568908,3.688879454113936,0.705886206337375,6.896188642610672,0.125
PRV56408,1.3862943611198906,4.189654742026425,11.050905878263569,9.715409458629791,9.952325334619427,5.54487691855694,3.258096538021482,1.3137236682850553,7.065738939678151,0.0441176470588235
PRV56410,0.0,5.860786223465865,0.0,11.435299002490416,0.0,5.581130461888313,5.153291594497779,1.1101731110691857,5.581130461888313,0.0
PRV56411,1.6094379124341005,4.276666119016055,11.49273296168228,9.44549154241467,10.106469212026385,5.188329573114896,3.58351893845611,1.1451323043030026,7.297316815255089,0.0533333333333333
PRV56412,2.302585092994046,4.6443908991413725,11.373674891823535,10.100738771884387,9.17654226322596,5.470188062713948,4.356708826689592,0.8979415932059586,6.903029845974806,0.0803571428571428
PRV56413,0.0,2.5649493574615367,0.0,9.065430200180376,0.0,6.581794271986571,2.5649493574615367,0.6931471805599453,6.581794271986571,0.0
PRV56414,0.0,3.332204510175204,0.0,8.682877107057168,0.0,5.391436595783509,3.295836866004329,0.7121953755306397,5.391436595783509,0.0
PRV56415,0.0,3.737669618283368,0.0,9.679781342959442,0.0,5.968707559985366,3.737669618283368,0.6931471805599453,5.968707559985366,0.0
PRV56416,5.3706380281276624,7.229113877793302,14.664400436132688,12.918583631627916,9.29851555745922,5.693565973888528,6.54534966033442,1.191084348457989,7.453077729473762,0.1344221105527638
PRV56417,0.0,4.787491742782046,0.0,9.914971360477416,0.0,5.14166355650266,3.80666248977032,1.309560566888501,5.14166355650266,0.0
PRV56418,0.0,3.4011973816621555,0.0,9.189218875354072,0.0,5.824778733182816,3.332204510175204,0.7295148247308202,5.824778733182816,0.0
PRV56421,3.8501476017100575,4.477336814478207,13.096021455450709,10.075379913839544,9.267472456967116,5.613086155680146,4.61512051684126,0.8458682675776092,8.253546751930097,0.3458646616541353
PRV56423,1.0986122886681098,2.3978952727983707,9.546884034617923,7.307202314764738,8.853808274977197,5.010635294096256,2.3978952727983707,0.7884573603642702,7.163817677053457,0.1666666666666666
PRV56425,2.19722457733622,5.924255797414532,10.691967639914864,11.42355858869635,8.612685172875459,5.506039670246003,4.934473933130692,1.324650198008684,5.876367369806592,0.0209973753280839
PRV56426,0.0,6.07993319509559,0.0,11.753759610887355,0.0,5.6795305141998895,5.572154032177765,0.9798745990012756,5.6795305141998895,0.0
PRV56427,0.0,3.1780538303479458,0.0,9.25540933534376,0.0,6.122015960523423,3.044522437723423,0.7654678421395714,6.122015960523423,0.0
PRV56428,2.19722457733622,5.717027701406222,11.502885230075814,11.210887504768335,9.4235143922529,5.501231268712142,5.0238805208462765,1.1182850542668146,6.322646055471621,0.0257234726688102
PRV56430,0.0,3.6635616461296463,0.0,9.317489287493226,0.0,5.683221665275768,3.610917912644224,0.7205461547480597,5.683221665275768,0.0
PRV56432,1.9459101490553128,2.995732273553991,10.778977123006351,8.71292443512011,8.987321812850125,5.771441123130016,2.9444389791664403,0.8708283577973978,7.679806057137548,0.24
PRV56433,0.0,4.804021044733257,0.0,10.584334393133233,0.0,5.791576373678416,4.74493212836325,0.7233870657496635,5.791576373678416,0.0
PRV56435,1.6094379124341005,5.54907608489522,10.308985993422082,11.15669328014207,8.922791623969637,5.615150466971958,4.7535901911063645,1.181993897607161,5.955139637066726,0.0153846153846153
PRV56437,3.688879454113936,6.523562306149512,12.56444964015848,12.117793192144138,8.901020759034969,5.599401870884724,5.799092654460526,1.1585811141156157,6.48266704068002,0.0542420027816411
PRV56438,4.174387269895637,4.248495242049359,13.591117476312084,10.250652418696085,9.432313238306053,6.018945774082456,4.844187086458591,0.7205461547480597,8.735734287966244,0.4812030075187969
PRV56439,0.0,6.095824562432225,0.0,11.812741126795244,0.0,5.72244102574284,5.472270673671475,1.0540326570350211,5.72244102574284,0.0
PRV56440,0.0,4.499809670330265,0.0,10.28024449650755,0.0,5.794622343820349,4.290459441148391,0.8047382459684077,5.794622343820349,0.0
PRV56441,0.0,3.58351893845611,0.0,8.289288323000317,0.0,4.742444564891448,3.555348061489413,0.7077459799810979,4.742444564891448,0.0
PRV56442,4.406719247264253,7.1308988302963465,13.694473358254752,12.760391572691717,9.300114492857928,5.6338713045031925,6.416732282512326,1.1558616239974149,6.834035895285751,0.0609022556390977
PRV56444,0.0,7.183870715062453,0.0,12.856158346627693,0.0,5.676475526380652,6.673297967767654,0.980987468343122,5.676475526380652,0.0
PRV56445,3.49650756146648,3.1780538303479458,12.25486757159303,8.657129031713755,8.789279276243462,5.525452939131784,3.9318256327243257,0.7419373447293773,8.274797315906772,0.5818181818181818
PRV56447,0.0,5.14166355650266,0.0,10.837048295575237,0.0,5.70456648096841,4.624972813284271,0.9869983040384416,5.70456648096841,0.0
PRV56448,0.0,6.371611847231857,0.0,12.200813842230982,0.0,5.833838944028119,5.755742213586912,1.0487103956459871,5.833838944028119,0.0
PRV56449,2.6390573296152584,4.812184355372417,12.06105265381003,10.568260978408226,9.496172657703845,5.767347161114929,4.700480365792417,0.8058203430640581,7.359137527429704,0.0962962962962963
PRV56451,0.0,5.560681631015528,0.0,11.197543261876168,0.0,5.644245581511705,4.465908118654584,1.389197120777852,5.644245581511705,0.0
PRV56452,1.6094379124341005,4.672828834461906,10.203629181337648,10.4954598897216,8.81744592104187,5.834921069715666,4.418840607796598,0.8507761247635285,6.354528131067224,0.0363636363636363
PRV56453,0.0,4.7535901911063645,0.0,10.681687944129536,0.0,5.939370016484583,4.060443010546419,1.104443208978903,5.939370016484583,0.0
PRV56454,0.0,5.075173815233827,0.0,10.689920137152056,0.0,5.624607664185219,4.465908118654584,1.0469109142912192,5.624607664185219,0.0
PRV56455,0.0,2.6390573296152584,0.0,8.488999457045455,0.0,5.926515685381969,2.5649493574615367,0.7339691750802004,5.926515685381969,0.0
PRV56456,2.70805020110221,3.49650756146648,11.502885230075814,9.662116382947598,8.863959203644846,6.198351675902669,3.6375861597263857,0.8079226951523735,7.821922017648448,0.3043478260869565
PRV56458,2.079441541679836,3.871201010907891,10.59665973278358,9.50383054471094,8.650899568730047,5.657107094031483,3.8918202981106265,0.7537718023763802,6.897779762626632,0.1296296296296296
PRV56461,2.3978952727983707,4.663439094112067,11.51293546492023,10.468261443129174,9.210440366976515,5.817252873277408,4.6443908991413725,0.7497660745594532,7.070280730197776,0.0869565217391304
PRV56463,0.0,2.9444389791664403,0.0,7.415175109613295,0.0,4.534986129130987,2.8903717578961645,0.7221347174331976,4.534986129130987,0.0
PRV56464,0.0,4.442651256490317,0.0,9.610524895640422,0.0,5.185255312358464,4.3694478524670215,0.7308875085427923,5.185255312358464,0.0
PRV56466,0.0,4.04305126783455,0.0,9.010791269515602,0.0,4.992131822531696,3.828641396489095,0.8084580270709397,4.992131822531696,0.0
PRV56467,0.0,5.857933154483459,0.0,11.469192989105222,0.0,5.617750040070467,5.241747015059643,1.0495561316789157,5.617750040070467,0.0
PRV56468,1.791759469228055,3.4011973816621555,10.59665973278358,8.891649112650057,8.987321812850125,5.528196801465158,3.49650756146648,0.723918839226699,7.237989612884505,0.1470588235294117
PRV56469,3.610917912644224,4.564348191467836,12.901719200051184,10.294211203989256,9.318287539364109,5.743509132672286,4.804021044733257,0.7336385419146821,8.097948851407258,0.2748091603053435
PRV56470,1.791759469228055,3.49650756146648,10.239995502805316,8.937349848267392,8.630700432209832,5.475678725207119,3.295836866004329,0.8850381883700507,6.870502358184633,0.1351351351351351
PRV56471,0.0,3.784189633918261,0.0,9.258273025731484,0.0,5.50106834914298,3.091042453358316,1.1143606456362487,5.50106834914298,0.0
PRV56473,2.079441541679836,3.8918202981106265,11.050905878263569,9.025335217553026,9.105090961257083,5.1597734320999695,3.9318256327243257,0.7419373447293773,7.1682296468313975,0.1272727272727272
PRV56474,0.6931471805599453,3.4339872044851463,8.853808274977197,8.849513965486398,8.853808274977197,5.452468046375295,3.332204510175204,0.7646061445420902,6.112896830132779,0.032258064516129
PRV56475,0.0,3.555348061489413,0.0,9.321971188147367,0.0,5.798557752067456,2.9444389791664403,1.0608719606852626,5.798557752067456,0.0
PRV56476,0.6931471805599453,1.3862943611198906,8.699681400989514,6.55250788703459,8.699681400989514,5.456744603142555,1.6094379124341005,0.6931471805599453,7.424165281042028,0.25
PRV56477,0.0,2.302585092994046,0.0,8.403128235128264,0.0,6.207695371597232,2.19722457733622,0.7537718023763802,6.207695371597232,0.0
PRV56478,4.219507705176107,4.454347296253507,13.326937173123625,10.140573455973044,9.122352127233173,5.701230200766549,4.852030263919617,0.7870246953627744,8.343782342398951,0.4407894736842105
PRV56479,0.0,4.948759890378168,0.0,10.571086129249698,0.0,5.633002292595154,4.77912349311153,0.7822749604559527,5.633002292595154,0.0
PRV56480,0.0,3.091042453358316,0.0,8.045908742270779,0.0,5.007774061815224,2.995732273553991,0.7444404749474959,5.007774061815224,0.0
PRV56481,4.3694478524670215,3.9318256327243257,13.398480330934175,9.201400530406708,9.041888340944189,5.294309345150498,4.454347296253507,0.9186409092191088,8.561565874773436,0.609375
PRV56482,0.0,3.367295829986474,0.0,9.601097851212073,0.0,6.27071834407813,3.091042453358316,0.8472978603872036,6.27071834407813,0.0
PRV56483,1.0986122886681098,3.4339872044851463,9.39274525863144,9.5361127111751,8.699681400989514,6.13700685239864,3.4011973816621555,0.7435780341868372,6.695567122581889,0.0625
PRV56484,0.0,2.302585092994046,0.0,8.850947451970402,0.0,6.654868186140909,2.302585092994046,0.6931471805599453,6.654868186140909,0.0
PRV56485,0.6931471805599453,3.871201010907891,9.210440366976515,9.72859830755947,9.210440366976515,5.881186522947742,3.1354942159291497,1.157452788691043,6.326373061753012,0.0208333333333333
PRV56486,0.0,4.356708826689592,0.0,10.174315895415749,0.0,5.833404721364808,3.6375861597263857,1.125280535750271,5.833404721364808,0.0
PRV56487,0.6931471805599453,3.295836866004329,9.105090961257083,8.080546965824498,9.105090961257083,4.830158189100949,3.332204510175204,0.6931471805599453,6.118015615336836,0.037037037037037
PRV56489,0.0,3.091042453358316,0.0,9.143238568435446,0.0,6.1008526554004,3.044522437723423,0.7178397931503169,6.1008526554004,0.0
PRV56490,2.4849066497880004,1.3862943611198906,11.264476926102368,5.14166355650266,8.866709848571203,4.054679305829669,2.70805020110221,0.6931471805599453,8.627762972403413,0.7857142857142857
PRV56494,0.0,6.329720905522696,0.0,12.130438124177513,0.0,5.805511404079978,5.552959584921617,1.156563009964783,5.805511404079978,0.0
PRV56495,0.0,3.610917912644224,0.0,9.37169362233394,0.0,5.791148726941748,3.1780538303479458,0.9420432279765698,5.791148726941748,0.0
PRV56496,0.0,3.737669618283368,0.0,9.519367998447342,0.0,5.808728270183179,3.367295829986474,0.9019019944220554,5.808728270183179,0.0
PRV56497,0.0,3.4339872044851463,0.0,9.43675855582405,0.0,6.037870919922137,3.1780538303479458,0.8347976976229721,6.037870919922137,0.0
PRV56498,0.0,2.079441541679836,0.0,7.828436359157585,0.0,5.884912846080002,1.9459101490553128,0.7731898882334818,5.884912846080002,0.0
PRV56500,1.3862943611198906,5.003946305945459,9.852246888342531,10.73663577731889,8.753739851753249,5.742613298922874,4.31748811353631,1.1120353090002504,6.067336572621847,0.0198675496688741
PRV56501,1.9459101490553128,5.424950017481403,11.451060699493429,11.304559682568422,9.659354419774283,5.886792093599482,4.844187086458591,1.044251079449222,6.628212406982597,0.0258620689655172
PRV56502,0.0,2.079441541679836,0.0,7.252053951852814,0.0,5.310387090635367,1.9459101490553128,0.7731898882334818,5.310387090635367,0.0
PRV56504,0.0,4.204692619390966,0.0,9.746307288148506,0.0,5.5604485036103455,3.6635616461296463,1.0068047394149868,5.5604485036103455,0.0
PRV56507,2.079441541679836,3.58351893845611,12.001511614739403,11.485564545613576,10.05563827459676,7.930565854233965,3.295836866004329,0.9614111671546248,8.732081811969232,0.1666666666666666
PRV56508,0.0,5.181783550292085,0.0,10.79098778694702,0.0,5.618454323287733,4.442651256490317,1.13370360847938,5.618454323287733,0.0
PRV56509,0.0,4.770684624465665,0.0,10.654219444947,0.0,5.8947794909702615,4.02535169073515,1.1401612915809822,5.8947794909702615,0.0
PRV56510,0.0,2.302585092994046,0.0,6.68586094706836,0.0,4.498574339722272,2.079441541679836,0.826678573184468,4.498574339722272,0.0
PRV56511,0.0,3.1780538303479458,0.0,8.709630081951286,0.0,5.577759058391556,2.995732273553991,0.7932306391169278,5.577759058391556,0.0
PRV56512,0.0,3.332204510175204,0.0,9.21542741102474,0.0,5.9221740122760735,2.8903717578961645,0.9509762898620452,5.9221740122760735,0.0
PRV56514,0.0,1.9459101490553128,0.0,7.115582126184454,0.0,5.327876168789581,1.9459101490553128,0.6931471805599453,5.327876168789581,0.0
PRV56515,0.0,2.079441541679836,0.0,7.878912912297133,0.0,5.935272053171788,1.9459101490553128,0.7731898882334818,5.935272053171788,0.0
PRV56517,0.0,4.820281565605037,0.0,10.549831343981374,0.0,5.740838035468261,4.574710978503383,0.8247235383486646,5.740838035468261,0.0
PRV56518,0.0,1.0986122886681098,0.0,6.803505257608338,0.0,6.111467339502679,1.0986122886681098,0.6931471805599453,6.111467339502679,0.0
PRV56519,2.079441541679836,0.0,11.141876276228,0.0,9.196053078653817,0.0,2.079441541679836,0.6931471805599453,9.196053078653817,1.0
PRV56521,0.0,3.49650756146648,0.0,9.379323364330956,0.0,5.916202062607435,3.1354942159291497,0.8979415932059586,5.916202062607435,0.0
PRV56522,0.0,1.3862943611198906,0.0,7.438971592395862,0.0,6.341534391994578,1.3862943611198906,0.6931471805599453,6.341534391994578,0.0
PRV56523,0.0,3.091042453358316,0.0,8.805525052709516,0.0,5.763996181059394,3.044522437723423,0.7178397931503169,5.763996181059394,0.0
PRV56524,0.0,1.3862943611198906,0.0,4.795790545596741,0.0,3.713572066704308,1.3862943611198906,0.6931471805599453,3.713572066704308,0.0
PRV56525,0.0,4.204692619390966,0.0,9.84325972698564,0.0,5.657050796410718,3.828641396489095,0.9028677115420144,5.657050796410718,0.0
PRV56526,0.0,3.49650756146648,0.0,9.10731047165664,0.0,5.645005103953701,3.295836866004329,0.8023464725249373,5.645005103953701,0.0
PRV56527,0.0,4.060443010546419,0.0,9.903037451255743,0.0,5.862783527769926,3.4339872044851463,1.0647107369924282,5.862783527769926,0.0
PRV56528,0.0,3.091042453358316,0.0,7.783640596221253,0.0,4.747413519214636,2.6390573296152584,0.9614111671546248,4.747413519214636,0.0
PRV56529,0.0,3.555348061489413,0.0,8.511376306094673,0.0,4.991632346970641,3.4339872044851463,0.7576857016975165,4.991632346970641,0.0
PRV56530,0.0,1.3862943611198906,0.0,5.942799375126701,0.0,4.8494227005125365,1.3862943611198906,0.6931471805599453,4.8494227005125365,0.0
PRV56531,0.0,1.791759469228055,0.0,5.707110264748875,0.0,4.110873864173311,1.791759469228055,0.6931471805599453,4.110873864173311,0.0
PRV56533,2.772588722239781,0.0,11.440365524765756,0.0,8.732465848349879,0.0,2.772588722239781,0.6931471805599453,8.732465848349879,1.0
PRV56535,0.0,4.219507705176107,0.0,9.793728488543389,0.0,5.592711934337005,3.9318256327243257,0.8501509293696101,5.592711934337005,0.0
PRV56536,0.0,4.189654742026425,0.0,9.770013301136158,0.0,5.59927629480429,3.555348061489413,1.068759325518429,5.59927629480429,0.0
PRV56537,0.0,4.653960350157523,0.0,10.030604667595592,0.0,5.39073876244647,4.31748811353631,0.8777184570879155,5.39073876244647,0.0
PRV56538,0.0,3.1780538303479458,0.0,8.407601514786142,0.0,5.277004904372422,2.4849066497880004,1.128465251817791,5.277004904372422,0.0
PRV56539,0.0,0.6931471805599453,0.0,6.803505257608338,0.0,6.803505257608338,0.6931471805599453,0.6931471805599453,6.803505257608338,0.0
PRV56540,0.6931471805599453,0.0,0.0,0.0,0.0,0.0,0.6931471805599453,0.6931471805599453,0.0,1.0
PRV56541,4.007333185232471,0.0,13.277657974137664,0.0,9.28876467672482,0.0,3.9889840465642745,0.7025369209097845,9.28876467672482,1.0
PRV56543,1.6094379124341005,0.0,9.99884318585288,0.0,8.612685172875459,0.0,1.6094379124341005,0.6931471805599453,8.612685172875459,1.0
PRV56544,2.9444389791664403,1.0986122886681098,11.502885230075814,6.447305862541213,8.612685172875459,5.755742213586912,3.044522437723423,0.6931471805599453,8.513687052086949,0.9
PRV56545,0.6931471805599453,0.0,8.853808274977197,0.0,8.853808274977197,0.0,0.6931471805599453,0.6931471805599453,8.853808274977197,1.0
PRV56546,2.302585092994046,0.0,11.289794413577894,0.0,9.092669829992149,0.0,2.302585092994046,0.6931471805599453,9.092669829992149,1.0
PRV56547,2.079441541679836,0.0,11.002116507732016,0.0,9.056306352010564,0.0,2.079441541679836,0.6931471805599453,9.056306352010564,1.0
PRV56548,2.19722457733622,0.0,11.728044909070784,0.0,9.648659816955297,0.0,2.079441541679836,0.7621400520468967,9.648659816955297,1.0
PRV56549,1.0986122886681098,0.0,9.546884034617923,0.0,8.853808274977197,0.0,1.0986122886681098,0.6931471805599453,8.853808274977197,1.0
PRV56550,4.02535169073515,3.258096538021482,13.199326270390594,9.608512282590205,9.19209307997329,6.391246872080648,4.189654742026425,0.8023464725249373,8.844642702539662,0.6875
PRV56551,0.0,3.610917912644224,0.0,9.551871220788255,0.0,5.970836579312015,3.4339872044851463,0.7884573603642702,5.970836579312015,0.0
PRV56552,0.0,3.218875824868201,0.0,8.908018322784887,0.0,5.733071553362732,2.833213344056216,0.9162907318741552,5.733071553362732,0.0
PRV56553,0.0,4.189654742026425,0.0,9.590214130417438,0.0,5.420194573737083,3.6635616461296463,0.99714282850325,5.420194573737083,0.0
PRV56554,0.0,3.8918202981106265,0.0,9.533220655077928,0.0,5.665416951279435,3.8501476017100575,0.7146533857809089,5.665416951279435,0.0
PRV56555,4.0943445622221,2.3978952727983707,13.104201443434462,8.24301946898925,9.02678211858474,5.942799375126701,4.219507705176107,0.707962266345086,8.877941855463867,0.855072463768116
PRV56556,4.31748811353631,6.693323668269949,13.335862167174314,12.361070109591587,9.031914998974823,5.672427519354168,5.953243334287785,1.1913940221190755,6.877073460029675,0.084090909090909
PRV56557,0.0,4.189654742026425,0.0,10.02972364908127,0.0,5.858152910555106,4.060443010546419,0.7609697768987064,5.858152910555106,0.0
PRV56559,0.0,7.01571242048723,0.0,12.752258656353872,0.0,5.740659230640083,6.694562058521095,0.8667567967518784,5.740659230640083,0.0
PRV56560,5.517452896464707,7.633369649679584,14.773289046689753,13.314801917830772,9.259955080907758,5.685316000314798,6.824373670043086,1.257570297285299,7.236823544740754,0.1072200605274535
PRV56562,1.0986122886681098,3.58351893845611,10.545367754151744,9.273409063443166,9.852246888342531,5.721248106263834,3.1780538303479458,0.958850346292951,7.182249420339767,0.054054054054054
PRV56563,2.19722457733622,3.1354942159291497,11.418625774449598,8.681181041521688,9.339261152043022,5.593697009269722,3.332204510175204,0.7472144018302211,8.080443793268307,0.2666666666666666
PRV56566,0.6931471805599453,5.170483995038151,9.39274525863144,10.935087150721298,9.39274525863144,5.77339737486539,4.158883083359672,1.3333288255399778,5.960976051471793,0.0056818181818181
PRV56568,0.0,4.882801922586371,0.0,11.037804765825014,0.0,6.164695930996652,4.02535169073515,1.2184134884807305,6.164695930996652,0.0
PRV56570,2.6390573296152584,2.8903717578961645,11.904974309480185,7.9865049385539955,9.340106029265035,5.158717175796261,3.332204510175204,0.7472144018302211,8.523639038899626,0.4333333333333333
PRV56571,1.3862943611198906,2.19722457733622,10.203629181337648,8.416488487294606,9.105090961257083,6.338594078203183,2.19722457733622,0.8649974374866045,7.960831195063997,0.2727272727272727
PRV56572,0.0,3.044522437723423,0.0,8.266421472984554,0.0,5.27556037942542,2.995732273553991,0.7191226669632059,5.27556037942542,0.0
PRV56574,2.5649493574615367,3.9318256327243257,11.552155793461898,9.751559401061966,9.067354906294602,5.842384324093829,3.9318256327243257,0.8064758658669484,7.57840944219646,0.1935483870967742
PRV56575,4.736198448394496,6.576469569048224,13.772604100793789,12.188575458662774,9.045333185355604,5.617136188867366,6.236369590203704,0.9660141672265856,7.238496840894365,0.136144578313253
PRV56576,0.6931471805599453,5.455321115357702,8.294299608857235,11.053283962966008,8.294299608857235,5.605912512102719,4.68213122712422,1.1590536428216107,5.662841764637498,0.0042735042735042
PRV56577,2.19722457733622,5.655991810819852,10.839600519357369,11.02566987271667,8.760296220470051,5.377793111909378,5.513428746164983,0.7821808029303429,5.95251615182163,0.0273037542662116
PRV56578,2.079441541679836,4.31748811353631,11.652696102959752,10.074537489292018,9.706838126002816,5.773543819560573,4.30406509320417,0.746493161265238,7.446419419962691,0.0864197530864197
PRV56579,0.0,3.688879454113936,0.0,8.832149906002899,0.0,5.174119569463549,2.8903717578961645,1.1921383466789333,5.174119569463549,0.0
PRV56580,0.0,5.225746673713202,0.0,11.049158348190272,0.0,5.831723948430934,5.099866427824199,0.7584522789677121,5.831723948430934,0.0
PRV56581,0.0,2.079441541679836,0.0,7.65491704784832,0.0,5.711845122079552,2.079441541679836,0.6931471805599453,5.711845122079552,0.0
PRV56582,0.0,0.6931471805599453,0.0,3.4339872044851463,0.0,3.4339872044851463,0.6931471805599453,0.6931471805599453,3.4339872044851463,0.0
PRV56583,2.6390573296152584,2.4849066497880004,11.561725152903833,8.31164394850298,8.996890073538166,5.916202062607435,3.218875824868201,0.6931471805599453,8.421911344543865,0.5416666666666666
PRV56584,1.6094379124341005,3.951243718581428,9.952325334619427,9.658928824466434,8.566173813637858,5.730290750223272,3.6375861597263857,0.9108706644048158,6.50360748465324,0.0727272727272727
PRV56585,1.6094379124341005,1.3862943611198906,10.12667110305036,4.51085950651685,8.740496729931813,3.4339872044851463,2.079441541679836,0.6931471805599453,8.184593447008899,0.5714285714285714
PRV56586,0.0,1.6094379124341005,0.0,5.916202062607435,0.0,4.537961436294641,1.6094379124341005,0.6931471805599453,4.537961436294641,0.0
PRV56587,2.9444389791664403,6.1224928095143865,12.392556361841775,11.82752450357102,9.50225514058424,5.710536173777911,5.82600010738045,0.875222158632394,6.6847253575754415,0.0380549682875264
PRV56588,4.61512051684126,5.135798437050262,13.776770769148342,11.136062390867204,9.171703488361263,6.0086096260607125,5.529429087511423,0.7283758724436892,8.251201314218589,0.3717472118959107
PRV56589,1.6094379124341005,3.044522437723423,10.34177474101152,9.36314729221994,8.955577146281511,6.3690444517266105,3.218875824868201,0.6931471805599453,7.483291284116883,0.1666666666666666
PRV56590,0.0,3.5263605246161616,0.0,9.250618218474752,0.0,5.757179615013069,3.4657359027997265,0.7248958788745256,5.757179615013069,0.0
PRV56591,2.833213344056216,4.852030263919617,11.49273296168228,10.531055670783257,8.72029728739272,5.690226438455071,4.477336814478207,0.9721711902686117,6.854642147877601,0.1118881118881118
PRV56592,4.158883083359672,4.02535169073515,13.495857482920256,8.67265729404031,9.352808105191828,4.6745266277390005,4.605170185988092,0.7847775034058696,8.733340119959774,0.5338983050847458
PRV56593,0.0,3.8501476017100575,0.0,9.509778075438817,0.0,5.6844666853569095,3.8501476017100575,0.6931471805599453,5.6844666853569095,0.0
PRV56594,0.0,4.262679877041316,0.0,10.299945551484315,0.0,6.053768430444137,4.174387269895637,0.7389567165912395,6.053768430444137,0.0
PRV56595,0.0,4.04305126783455,0.0,9.66529381317554,0.0,5.643425674115304,3.8501476017100575,0.7963314167951762,5.643425674115304,0.0
PRV56596,0.0,2.9444389791664403,0.0,8.328692583545568,0.0,5.442417710521793,2.9444389791664403,0.6931471805599453,5.442417710521793,0.0
PRV56597,0.0,5.2574953720277815,0.0,10.861323217547431,0.0,5.6126885249389735,4.709530201312334,1.0066298989564595,5.6126885249389735,0.0
PRV56598,0.0,5.638354669333745,0.0,11.374593998975705,0.0,5.7430031878094825,5.272999558563747,0.8933491626317484,5.7430031878094825,0.0
PRV56601,0.6931471805599453,3.49650756146648,8.006700845440367,9.04911472347696,8.006700845440367,5.587014548601685,3.4657359027997265,0.7248958788745256,5.857326910148432,0.0303030303030303
PRV56602,0.0,4.983606621708336,0.0,10.929726261557809,0.0,5.955569332831553,3.912023005428146,1.3760378609527015,5.955569332831553,0.0
PRV56603,0.6931471805599453,1.3862943611198906,8.699681400989514,4.795790545596741,8.699681400989514,3.713572066704308,1.6094379124341005,0.6931471805599453,7.333676395657684,0.25
PRV56604,0.0,3.4011973816621555,0.0,9.188197007290492,0.0,5.823759780577841,3.332204510175204,0.7295148247308202,5.823759780577841,0.0
PRV56605,1.6094379124341005,4.653960350157523,10.165890277802454,10.13622493552166,8.77971129020447,5.49590639547278,3.5263605246161616,1.4522523289116882,6.164250039080597,0.037037037037037
PRV56606,2.302585092994046,4.02535169073515,11.302216779257382,9.514215624322716,9.105090961257083,5.510859465984876,3.295836866004329,1.241713132308783,7.29867765227397,0.140625
PRV56607,1.6094379124341005,4.23410650459726,10.165890277802454,10.03543644366541,8.77971129020447,5.818860329553839,3.8501476017100575,0.9420432279765698,6.520702943881098,0.0555555555555555
PRV56608,0.0,6.75343791859778,0.0,12.368408308235615,0.0,5.619765759569568,6.045005314036012,1.109636022350158,5.619765759569568,0.0
PRV56610,2.5649493574615367,2.9444389791664403,11.211833885608511,7.85979918056211,8.727075871413607,4.9759671651503785,3.367295829986474,0.7282385003712154,7.845416036592485,0.4
PRV56611,0.0,4.820281565605037,0.0,10.202517493681473,0.0,5.394846315546491,4.0943445622221,1.126469243171076,5.394846315546491,0.0
PRV56613,0.0,5.720311776607412,0.0,11.307019980767294,0.0,5.593708137332582,4.859812404361672,1.2163953243244932,5.593708137332582,0.0
PRV56614,2.772588722239781,2.4849066497880004,11.736077016252436,7.00397413672268,9.028138807982804,4.61512051684126,3.258096538021482,0.712949807856125,8.486940148245216,0.5769230769230769
PRV56615,1.3862943611198906,4.844187086458591,10.491301994830229,10.262943625547717,9.39274525863144,5.431015078423982,4.59511985013459,0.8399825388108307,6.218924351381269,0.0232558139534883
PRV56616,0.0,5.176149732573829,0.0,10.549307248688857,0.0,5.383399800990289,4.934473933130692,0.8221393007510486,5.383399800990289,0.0
PRV56618,0.0,4.912654885736052,0.0,10.380063288102246,0.0,5.478939950039656,4.59511985013459,0.8660709748951286,5.478939950039656,0.0
PRV56621,0.0,4.5217885770490405,0.0,10.371645729982715,0.0,5.863599956329562,4.406719247264253,0.7530453221410143,5.863599956329562,0.0
PRV56622,0.0,3.295836866004329,0.0,9.097283649683886,0.0,5.841982439697164,3.091042453358316,0.8056251639866355,5.841982439697164,0.0
PRV56624,2.079441541679836,2.772588722239781,12.117246896289505,8.403128235128264,10.1713695334028,5.698211429606745,3.091042453358316,0.7166776779701395,9.050395666425992,0.3181818181818182
PRV56625,0.0,3.610917912644224,0.0,9.212438170058329,0.0,5.632405811813974,3.49650756146648,0.7537718023763802,5.632405811813974,0.0
PRV56626,1.6094379124341005,4.51085950651685,10.69650269224425,9.974458466406707,9.310276200588785,5.478785354692668,4.219507705176107,0.8767117455934968,6.550533072860763,0.0425531914893617
PRV56628,2.302585092994046,4.532599493153256,11.3362002195732,10.189455656983572,9.13907110193516,5.67107960457445,4.454347296253507,0.7830954172228848,6.997840310291243,0.0891089108910891
PRV56630,4.158883083359672,4.574710978503383,13.248116346376763,10.316623166948512,9.105090961257083,5.755412517893048,4.762173934797756,0.8631809065602066,8.231419569250855,0.3962264150943396
PRV56632,2.079441541679836,4.204692619390966,10.5713425658087,10.162808729968926,8.62558624713006,5.975658468416256,3.1354942159291497,1.462834438242225,6.791575409622458,0.0958904109589041
PRV56633,0.0,1.791759469228055,0.0,6.398594934535208,0.0,4.795790545596741,1.3862943611198906,0.9808292530117262,4.795790545596741,0.0
PRV56634,0.0,5.332718793265369,0.0,10.930084549661103,0.0,5.605873451526423,4.820281565605037,0.9838733953929544,5.605873451526423,0.0
PRV56635,0.0,2.3978952727983707,0.0,7.7279755421055585,0.0,5.429345628954441,2.3978952727983707,0.6931471805599453,5.429345628954441,0.0
PRV56637,0.0,5.087596335232384,0.0,10.60289012725858,0.0,5.525452939131784,4.927253685157205,0.7771125606772795,5.525452939131784,0.0
PRV56638,0.0,3.295836866004329,0.0,8.886132618174951,0.0,5.631487453773491,3.218875824868201,0.7339691750802004,5.631487453773491,0.0
PRV56639,0.0,4.574710978503383,0.0,10.74507628970625,0.0,6.182773374902173,3.688879454113936,1.241713132308783,6.182773374902173,0.0
PRV56640,0.0,3.1780538303479458,0.0,8.898502209646642,0.0,5.766008541522461,3.1780538303479458,0.6931471805599453,5.766008541522461,0.0
PRV56641,0.0,0.6931471805599453,0.0,4.61512051684126,0.0,4.61512051684126,0.6931471805599453,0.6931471805599453,4.61512051684126,0.0
PRV56642,0.0,4.955827057601261,0.0,10.72394997039761,0.0,5.778266937900564,4.6443908991413725,0.8624392370635662,5.778266937900564,0.0
PRV56643,2.19722457733622,2.833213344056216,11.112462823634855,8.646641258603124,9.033125752550372,5.876684809533664,3.1354942159291497,0.7375989431307791,8.016235386848598,0.3333333333333333
PRV56645,0.0,4.174387269895637,0.0,10.031044885951005,0.0,5.87493073085203,3.970291913552122,0.8023464725249373,5.87493073085203,0.0
PRV56647,4.804021044733257,4.143134726391533,14.058143746421884,9.568783751310876,9.26244734350315,5.445902763188318,5.062595033026967,0.772699812261899,8.859963275429969,0.6612021857923497
PRV56648,0.0,3.912023005428146,0.0,9.611864390851084,0.0,5.723251579619969,3.8918202981106265,0.7035099675954919,5.723251579619969,0.0
PRV56649,2.079441541679836,5.560681631015528,11.695255355062796,11.18928455366418,9.74939520434088,5.636016098372232,4.820281565605037,1.1513949882460288,6.584957539841966,0.0263157894736842
PRV56651,0.0,4.276666119016055,0.0,9.832582139020351,0.0,5.573652400307404,3.6635616461296463,1.0537617225027578,5.573652400307404,0.0
PRV56653,0.0,4.290459441148391,0.0,9.955178267941482,0.0,5.681877639268151,3.688879454113936,1.0459685551826878,5.681877639268151,0.0
PRV56654,0.0,3.912023005428146,0.0,9.77684665156873,0.0,5.887746672506023,3.555348061489413,0.8924800831804365,5.887746672506023,0.0
PRV56655,0.0,5.529429087511423,0.0,11.147368333795482,0.0,5.625512210327417,4.653960350157523,1.227726890334043,5.625512210327417,0.0
PRV56656,0.0,3.7612001156935615,0.0,9.551160286590816,0.0,5.816402291995618,3.4011973816621555,0.8953840470548414,5.816402291995618,0.0
PRV56657,0.0,3.044522437723423,0.0,8.556606193773073,0.0,5.564520407322694,2.9444389791664403,0.7472144018302211,5.564520407322694,0.0
PRV56658,0.6931471805599453,4.248495242049359,9.90353755128617,9.62648162008158,9.90353755128617,5.396850279254432,4.248495242049359,0.7003674285334324,6.221158029285924,0.0142857142857142
PRV56659,1.0986122886681098,4.941642422609304,9.105090961257083,10.14843173380919,8.412054873292933,5.21934423056361,4.204692619390966,1.1430640512389434,5.505475675921369,0.0141843971631205
PRV56660,0.0,1.6094379124341005,0.0,5.198497031265826,0.0,3.828641396489095,1.6094379124341005,0.6931471805599453,3.828641396489095,0.0
PRV56662,1.3862943611198906,1.9459101490553128,9.546884034617923,7.1631723908466425,8.448414582687667,5.375278407684165,2.079441541679836,0.826678573184468,7.438318168431159,0.3333333333333333
PRV56663,2.6390573296152584,5.476463551931511,11.513135442923314,10.9957631399864,8.948306053070668,5.527459695884029,4.897839799950911,1.060293424365973,6.456794672927956,0.0517928286852589
PRV56664,0.6931471805599453,2.70805020110221,10.950824090522444,7.8636512654486515,10.950824090522444,5.229579564568908,2.4849066497880004,0.8602012652231115,8.287612298138022,0.0666666666666666
PRV56667,0.0,3.49650756146648,0.0,8.748463629942055,0.0,5.287635518201176,3.367295829986474,0.7621400520468967,5.287635518201176,0.0
PRV56668,3.970291913552122,3.091042453358316,13.335862167174314,8.405367376233981,9.384700836018997,5.365308235364315,4.189654742026425,0.7528664152615676,9.052713566093066,0.7123287671232876
PRV56669,3.4011973816621555,2.4849066497880004,12.536817799389974,8.558527054909215,9.169622538697624,6.162548960612182,3.49650756146648,0.8109302162163288,8.866616908640777,0.725
PRV56671,1.3862943611198906,3.713572066704308,10.12667110305036,9.243871855184976,9.028138807982804,5.558756702605943,3.4339872044851463,0.8892620594862357,6.712786642094174,0.0697674418604651
PRV56672,0.0,5.087596335232384,0.0,10.620863823642551,0.0,5.543356105170628,4.262679877041316,1.1939224684724346,5.543356105170628,0.0
PRV56673,1.0986122886681098,1.0986122886681098,10.645448706505872,6.46302945692067,9.952325334619427,5.771441123130016,1.6094379124341005,0.6931471805599453,9.274347501950476,0.5
PRV56674,0.0,3.8501476017100575,0.0,9.67161854490356,0.0,5.845810279027986,3.091042453358316,1.1601701816675432,5.845810279027986,0.0
PRV56675,0.0,5.780743515792329,0.0,11.499749035853595,0.0,5.725354110404569,5.153291594497779,1.0570632857552371,5.725354110404569,0.0
PRV56677,0.0,0.6931471805599453,0.0,3.044522437723423,0.0,3.044522437723423,0.6931471805599453,0.6931471805599453,3.044522437723423,0.0
PRV56679,0.0,3.258096538021482,0.0,8.335911094196945,0.0,5.122772794033106,2.995732273553991,0.8397506547518208,5.122772794033106,0.0
PRV56680,2.19722457733622,3.258096538021482,11.0186455364637,8.131824785007195,8.939318740417509,4.919980925828125,3.49650756146648,0.7086513670959106,7.576873641742709,0.2424242424242424
PRV56681,0.0,1.791759469228055,0.0,6.673297967767654,0.0,5.068904202220232,1.791759469228055,0.6931471805599453,5.068904202220232,0.0
PRV56682,1.3862943611198906,2.833213344056216,9.546884034617923,7.787796878181171,8.448414582687667,5.021410367264214,2.995732273553991,0.6931471805599453,6.762364365739897,0.1578947368421052
PRV56683,0.0,5.123963979403259,0.0,10.9129224838081,0.0,5.797948832336308,4.969813299576001,0.7737276672192847,5.797948832336308,0.0
PRV56684,2.833213344056216,4.343805421853684,11.970356641103,9.551871220788255,9.19786285046507,5.226453837309604,4.48863636973214,0.7156200364120039,7.53440259593941,0.1739130434782608
PRV56685,3.58351893845611,5.916202062607435,12.700467012538368,11.584231658662898,9.145222635506746,5.674158805445975,4.804021044733257,1.4695106671409688,6.980810669147056,0.0864197530864197
PRV56686,2.772588722239781,1.791759469228055,11.863589378812122,6.90875477931522,9.155637763705148,5.303304908059076,2.9444389791664403,0.7472144018302211,8.875007486048396,0.75
PRV56687,0.0,2.302585092994046,0.0,8.323851131338817,0.0,6.128565948549871,2.079441541679836,0.826678573184468,6.128565948549871,0.0
PRV56688,0.0,3.6375861597263857,0.0,8.969669103793757,0.0,5.363320306853356,2.995732273553991,1.080912711568709,5.363320306853356,0.0
PRV56689,0.0,7.492760300922379,0.0,13.133364640982713,0.0,5.644702089101438,6.680854678790215,1.1798139688492002,5.644702089101438,0.0
PRV56691,0.0,1.6094379124341005,0.0,5.831882477283517,0.0,4.454347296253507,1.6094379124341005,0.6931471805599453,4.454347296253507,0.0
PRV56693,0.0,5.924255797414532,0.0,11.421150030586032,0.0,5.503640881573804,5.713732805509369,0.8042856734976602,5.503640881573804,0.0
PRV56694,0.0,2.19722457733622,0.0,8.281723990411392,0.0,6.204052584482676,2.19722457733622,0.6931471805599453,6.204052584482676,0.0
PRV56696,2.079441541679836,3.332204510175204,11.082157933374816,8.347827345782498,9.136340086331751,5.058131264308942,3.5263605246161616,0.7081850579244859,7.619175659498131,0.2058823529411764
PRV56697,0.0,4.3694478524670215,0.0,9.979105098994715,0.0,5.625959523720978,3.610917912644224,1.1526795099383853,5.625959523720978,0.0
PRV56699,0.0,1.3862943611198906,0.0,6.311734809152915,0.0,5.216745712854225,1.3862943611198906,0.6931471805599453,5.216745712854225,0.0
PRV56700,0.0,1.791759469228055,0.0,6.46302945692067,0.0,4.859812404361672,1.791759469228055,0.6931471805599453,4.859812404361672,0.0
PRV56701,1.6094379124341005,2.995732273553991,10.373522431293592,8.45126704130007,8.987321812850125,5.510666019936376,3.1354942159291497,0.7156200364120039,7.375119558641874,0.1739130434782608
PRV56702,0.0,5.41610040220442,0.0,10.765343217715396,0.0,5.358395620645414,4.418840607796598,1.3168658546881278,5.358395620645414,0.0
PRV56703,3.091042453358316,3.332204510175204,12.101828173530544,8.677780256064185,9.057416716823932,5.386362159996176,3.8501476017100575,0.7146533857809089,8.262935149237531,0.4375
PRV56705,1.6094379124341005,2.5649493574615367,10.933124826700707,8.54110501146255,9.546884034617923,6.058344075947526,2.833213344056216,0.6931471805599453,8.2482674474469,0.25
PRV56706,3.4657359027997265,5.75890177387728,12.421188057397057,11.496399663012893,8.987321812850125,5.743854821171984,4.976733742420574,1.22663082821852,6.906910541888744,0.0893371757925072
PRV56707,0.0,2.9444389791664403,0.0,7.95892649305011,0.0,5.074479129551149,1.9459101490553128,1.3862943611198906,5.074479129551149,0.0
PRV56708,0.0,2.079441541679836,0.0,8.169336395928386,0.0,6.225124040150168,1.791759469228055,0.8754687373538999,6.225124040150168,0.0
PRV56710,2.3978952727983707,4.060443010546419,10.819798284210286,9.594990340370426,8.517393171418904,5.555743683416391,3.9889840465642745,0.8171998292299242,6.873704462435666,0.1492537313432835
PRV56711,2.19722457733622,4.02535169073515,11.440365524765756,9.612533466213929,9.360999248261296,5.608805572641996,3.688879454113936,0.9614111671546248,7.446872142841262,0.1269841269841269
PRV56712,1.0986122886681098,1.0986122886681098,8.517393171418904,5.739792912179234,7.824445930877619,5.049856007249537,1.0986122886681098,1.0986122886681098,7.191805765199868,0.5
PRV56713,4.02535169073515,4.77912349311153,13.056225711649638,10.371019379393823,9.04900790412974,5.603993352795764,4.955827057601261,0.8006330955300851,7.969257765610695,0.3179190751445087
PRV56715,1.3862943611198906,2.3978952727983707,9.680406499268877,7.890208213109961,8.58191919497788,5.5909869805108565,2.6390573296152584,0.6931471805599453,7.270419940998301,0.2307692307692307
PRV56716,0.0,4.8283137373023015,0.0,10.765554384199836,0.0,5.947866525568387,4.189654742026425,1.0673597451640051,5.947866525568387,0.0
PRV56717,0.6931471805599453,2.079441541679836,9.305741456739437,5.993961427306569,9.305741456739437,4.062903036387282,2.079441541679836,0.7621400520468967,7.262628600974241,0.125
PRV56718,0.0,4.962844630259907,0.0,10.392711531744355,0.0,5.441197528563316,4.356708826689592,1.045266307962817,5.441197528563316,0.0
PRV56719,2.3978952727983707,4.060443010546419,11.58989576532275,9.65509029374725,9.287394001418471,5.615622112476973,4.060443010546419,0.7772302977704868,7.520655128944654,0.1492537313432835
PRV56720,1.0986122886681098,2.3978952727983707,9.680406499268877,7.919719760924575,8.987321812850125,5.62040086571715,2.5649493574615367,0.6931471805599453,7.354682176897896,0.1666666666666666
PRV56721,0.0,5.313205979041787,0.0,11.004114477128445,0.0,5.699184461229642,5.209486152841421,0.7466358655109315,5.699184461229642,0.0
PRV56722,1.0986122886681098,3.1780538303479458,9.741027444837728,8.958154135209242,9.04793908261736,5.825486957914412,3.258096538021482,0.6931471805599453,6.8995214740550335,0.08
PRV56723,0.0,2.9444389791664403,0.0,7.9483852851118995,0.0,5.064000514635702,2.4849066497880004,0.9694005571881036,5.064000514635702,0.0
PRV56724,1.9459101490553128,3.044522437723423,11.302216779257382,8.488999457045455,9.510519035757246,5.497168225293202,3.295836866004329,0.6931471805599453,8.102679576458602,0.2307692307692307
PRV56725,0.0,5.676753802268282,0.0,11.506011619326117,0.0,5.835604216511437,4.890349128221754,1.1645702564599072,5.835604216511437,0.0
PRV56726,1.3862943611198906,2.6390573296152584,11.112462823634855,8.601718146485926,10.013880384821976,6.0389718374645245,2.833213344056216,0.6931471805599453,8.418146037815003,0.1875
PRV56728,0.0,3.7612001156935615,0.0,9.272469743441732,0.0,5.538645742616347,2.8903717578961645,1.244324099849503,5.538645742616347,0.0
PRV56729,0.0,5.393627546352362,0.0,11.157406994914858,0.0,5.771441123130016,5.19295685089021,0.7990661994436827,5.771441123130016,0.0
PRV56730,3.1780538303479458,3.4657359027997265,12.597104087640735,9.018089684104345,9.461684268421932,5.587731808548554,3.951243718581428,0.7221347174331976,8.635812091632257,0.4259259259259259
PRV56731,1.6094379124341005,2.833213344056216,11.552155793461898,8.648396877031582,10.165890277802454,5.878435816809977,3.044522437723423,0.6931471805599453,8.60995467149755,0.2
PRV56732,2.6390573296152584,2.772588722239781,12.050009304398564,7.507141079727608,9.485130078492164,4.806749559386461,3.295836866004329,0.7308875085427923,8.728541740087397,0.4642857142857143
PRV56733,2.5649493574615367,5.231108616854587,11.277215789596893,10.698762529141884,8.79244836885989,5.477183138200474,4.499809670330265,1.1708458460274815,6.43571320989252,0.0606060606060606
PRV56734,2.3978952727983707,2.5649493574615367,11.580593459194764,7.901377353792616,9.278092474027002,5.420534999272286,3.1354942159291497,0.6931471805599453,8.514662719744372,0.4545454545454545
PRV56735,0.0,6.023447592961033,0.0,11.802837549096656,0.0,5.784885113309533,5.655991810819852,0.8942962304918733,5.784885113309533,0.0
PRV56738,2.995732273553991,6.202535517187923,11.870606902224589,11.741502229613316,8.926293788382415,5.54490008603955,5.707110264748875,0.9957178655054768,6.264855533589603,0.037109375
PRV56739,0.6931471805599453,1.6094379124341005,9.305741456739437,5.017279836814924,9.305741456739437,3.6506582412937383,1.791759469228055,0.6931471805599453,7.710205194432532,0.2
PRV56740,0.0,3.828641396489095,0.0,9.073489189226986,0.0,5.271859307585015,3.6635616461296463,0.7812544480702122,5.271859307585015,0.0
PRV56741,0.0,3.258096538021482,0.0,8.634264863002075,0.0,5.419649651715562,3.258096538021482,0.6931471805599453,5.419649651715562,0.0
PRV56742,2.302585092994046,3.295836866004329,11.661354090741,8.46611040118692,9.464198475949525,5.213262117050956,3.49650756146648,0.7389567165912395,8.146419323098003,0.2571428571428571
PRV56743,0.0,5.976350909297934,0.0,11.751635231665803,0.0,5.780908425386908,5.796057750765372,0.7876255289008054,5.780908425386908,0.0
PRV56745,0.0,4.890349128221754,0.0,10.220522095264863,0.0,5.342479232030306,3.9889840465642745,1.2500639115262029,5.342479232030306,0.0
PRV56746,2.772588722239781,3.367295829986474,11.982935344196433,9.30846476996938,9.274972638719497,5.978704916722674,3.7612001156935615,0.704981638206948,8.2886455292799,0.3488372093023256
PRV56747,0.6931471805599453,2.772588722239781,9.39274525863144,8.784315349902657,9.39274525863144,6.07840647724179,2.833213344056216,0.6931471805599453,7.05542068912039,0.0625
PRV56748,4.770684624465665,5.849324779946859,14.092385189849278,11.480205973007298,9.330299196531072,5.637325608569517,5.891644211825772,0.8252925715765907,8.02579109459572,0.2526997840172786
PRV56749,2.4849066497880004,2.8903717578961645,11.58989576532275,7.701200180857446,9.19209307997329,4.875197323201151,3.295836866004329,0.7308875085427923,8.278192433672587,0.3928571428571428
PRV56750,0.6931471805599453,2.3978952727983707,10.12667110305036,7.208600337960199,10.12667110305036,4.912654885736052,2.4849066497880004,0.6931471805599453,7.781745651365582,0.0909090909090909
PRV56751,1.791759469228055,4.382026634673881,11.097425172408933,9.923829250194045,9.48804786328076,5.5581955832801775,3.951243718581428,0.9734491457141036,6.937013527509002,0.0595238095238095
PRV56752,0.6931471805599453,3.218875824868201,9.39274525863144,8.323851131338817,9.39274525863144,5.151362953591374,3.218875824868201,0.713766467762681,6.470489858324175,0.04
PRV56753,2.302585092994046,2.772588722239781,11.440365524765756,8.865170419651774,9.243226964310402,6.159095388491933,3.091042453358316,0.7621400520468967,8.335911094196945,0.375
PRV56754,2.302585092994046,4.61512051684126,10.896757843893464,9.906034306802704,8.699681400989514,5.305789381386738,4.262679877041316,0.938890563791396,6.522618833561534,0.0825688073394495
PRV56755,1.3862943611198906,2.772588722239781,10.839600519357369,8.058643712215618,9.741027444837728,5.355012710224582,2.8903717578961645,0.7221347174331976,8.009658443071181,0.1666666666666666
PRV56758,0.0,6.2766434893416445,0.0,12.013039928525783,0.0,5.741486997203919,5.8522024797744745,0.9283218136882576,5.741486997203919,0.0
PRV56759,1.0986122886681098,2.302585092994046,10.203629181337648,7.13966033596492,9.510519035757246,4.948759890378168,2.4849066497880004,0.6931471805599453,7.851696550450773,0.1818181818181818
PRV56760,0.0,6.467698726104354,0.0,12.145797025305598,0.0,5.683055937015976,6.001414877961151,0.9537920826781852,5.683055937015976,0.0
PRV56761,4.532599493153256,3.258096538021482,13.623139877437296,8.884748726451182,9.10146159720194,5.669191029886582,4.68213122712422,0.7388172173931337,8.869818751072685,0.7863247863247863
PRV56762,0.6931471805599453,3.6635616461296463,8.006700845440367,8.95040315983296,8.006700845440367,5.317603864800501,3.58351893845611,0.7487170317147561,5.619006359843417,0.0256410256410256
PRV56763,2.6390573296152584,2.6390573296152584,11.652696102959752,7.307202314764738,9.08785108697318,4.750269032291437,3.258096538021482,0.712949807856125,8.407687343592059,0.5
PRV56764,1.791759469228055,5.2832037287379885,10.819798284210286,10.729437735508842,9.210440366976515,5.455582724253896,4.941642422609304,0.8944716844795153,6.167558210138652,0.0248756218905472
PRV56765,0.0,3.1354942159291497,0.0,8.694669696546992,0.0,5.607138071838739,3.091042453358316,0.7166776779701395,5.607138071838739,0.0
PRV56766,1.0986122886681098,3.332204510175204,9.680406499268877,9.080345575359996,8.987321812850125,5.78746527280113,3.332204510175204,0.7295148247308202,6.751665939558957,0.0689655172413793
PRV56767,1.9459101490553128,2.5649493574615367,10.819798284210286,7.359467638255621,9.028138807982804,4.881538498539599,2.9444389791664403,0.6931471805599453,7.960672608388117,0.3333333333333333
PRV56768,1.6094379124341005,0.0,9.741027444837728,0.0,8.35490952835879,0.0,1.6094379124341005,0.6931471805599453,8.35490952835879,1.0
PRV56769,1.6094379124341005,2.995732273553991,10.373522431293592,8.045908742270779,8.987321812850125,5.1072205776755135,3.091042453358316,0.7396671961948381,7.331686514962425,0.1739130434782608
PRV56771,0.0,1.0986122886681098,0.0,6.133398042996649,0.0,5.442417710521793,1.0986122886681098,0.6931471805599453,5.442417710521793,0.0
PRV56772,1.791759469228055,4.189654742026425,10.491301994830229,9.389406636049465,8.881975184248867,5.220355825078324,4.007333185232471,0.8312975190407625,6.531085852609511,0.0714285714285714
PRV56773,2.079441541679836,3.610917912644224,10.778977123006351,9.725018565057663,8.833191963535402,6.1435893667416925,3.5263605246161616,0.8342257788198508,7.317444013150461,0.1627906976744186
PRV56774,0.6931471805599453,0.0,8.294299608857235,0.0,8.294299608857235,0.0,0.6931471805599453,0.6931471805599453,8.294299608857235,1.0
PRV56775,1.3862943611198906,2.772588722239781,10.239995502805316,8.756367559802975,9.141454637606987,6.050519309889297,2.9444389791664403,0.6931471805599453,7.554509419972372,0.1666666666666666
PRV56777,2.6390573296152584,3.4657359027997265,11.599112335481124,8.33110454805304,9.03427306269316,4.904318526871418,3.80666248977032,0.6931471805599453,7.852668805894653,0.2954545454545454
PRV56778,2.772588722239781,3.1780538303479458,11.643962499267984,9.0095696715137,8.936035096566041,5.8767610040736,3.6635616461296463,0.6931471805599453,8.07597545465474,0.3947368421052631
PRV56780,0.0,2.079441541679836,0.0,6.78105762593618,0.0,4.841934833254267,2.079441541679836,0.6931471805599453,4.841934833254267,0.0
PRV56782,0.0,5.666426688112432,0.0,11.407687164066097,0.0,5.74791011062961,4.700480365792417,1.2925883984580466,5.74791011062961,0.0
PRV56783,0.0,4.454347296253507,0.0,10.143724181276514,0.0,5.704370537007756,4.248495242049359,0.8028460978163697,5.704370537007756,0.0
PRV56784,0.0,2.995732273553991,0.0,8.842315546841863,0.0,5.900473971733108,2.9444389791664403,0.7205461547480597,5.900473971733108,0.0
PRV56788,0.0,5.181783550292085,0.0,10.821197277163698,0.0,5.648556390072751,4.762173934797756,0.9265824179107026,5.648556390072751,0.0
PRV56789,2.079441541679836,4.110873864173311,10.778977123006351,9.64930472862475,8.833191963535402,5.558756702605943,3.912023005428146,0.861769892995738,6.855314429311337,0.1044776119402985
PRV56790,0.0,4.5217885770490405,0.0,10.462846164547514,0.0,5.954555445834353,4.174387269895637,0.8845420335595747,5.954555445834353,0.0
PRV56791,0.0,5.455321115357702,0.0,11.112910477933845,0.0,5.665327133766881,5.093750200806762,0.8912894296687378,5.665327133766881,0.0
PRV56792,0.0,2.19722457733622,0.0,7.808323050391055,0.0,5.731721843345443,2.19722457733622,0.6931471805599453,5.731721843345443,0.0
PRV56793,1.3862943611198906,3.367295829986474,10.691967639914864,9.41987169587053,9.593400803726196,6.0898543954457205,3.4011973816621555,0.7270487322356266,7.505545504450263,0.0967741935483871
PRV56796,1.3862943611198906,4.499809670330265,10.799595985047786,10.020870508171171,9.701024511040307,5.536139180011188,4.477336814478207,0.7214776871861712,6.656810347646218,0.0326086956521739
PRV56797,0.0,1.791759469228055,0.0,7.13966033596492,0.0,5.53338948872752,1.791759469228055,0.6931471805599453,5.53338948872752,0.0
PRV56798,0.0,3.218875824868201,0.0,9.220389707829185,0.0,6.044610291317069,3.1354942159291497,0.7375989431307791,6.044610291317069,0.0
PRV56800,2.079441541679836,3.9318256327243257,11.429554725537322,9.086023537468805,9.48370979103792,5.17953383055807,3.8918202981106265,0.7827593392496325,7.478705089770433,0.1228070175438596
PRV56801,0.0,3.258096538021482,0.0,9.01322999770879,0.0,5.79727281774354,3.218875824868201,0.713766467762681,5.79727281774354,0.0
PRV56802,2.6390573296152584,0.0,12.128116509451258,0.0,9.563232014400356,0.0,2.4849066497880004,0.7801585575495752,9.563232014400356,1.0
PRV56803,2.19722457733622,6.669498089857879,11.51293546492023,12.29874753783079,9.433563920090563,5.634095043630516,6.0330862217988015,1.068516483291829,5.998405809514617,0.010062893081761
PRV56805,0.0,0.6931471805599453,0.0,4.262679877041316,0.0,4.262679877041316,0.6931471805599453,0.6931471805599453,4.262679877041316,0.0
PRV56807,0.0,4.5217885770490405,0.0,10.03192474171143,0.0,5.525015034062604,4.454347296253507,0.7278327385478354,5.525015034062604,0.0
PRV56808,3.871201010907891,2.772588722239781,12.973865689268807,7.867488568699128,9.123824810154344,5.1647859739235145,4.143134726391533,0.6931471805599453,8.852909381937948,0.7580645161290323
PRV56809,1.6094379124341005,3.713572066704308,10.34177474101152,9.56598478510039,8.955577146281511,5.87983441843656,3.737669618283368,0.7290791897860087,6.937181680579139,0.0909090909090909
PRV56810,0.0,2.70805020110221,0.0,8.973478148521036,0.0,6.336066909812445,2.70805020110221,0.6931471805599453,6.336066909812445,0.0
PRV56811,2.19722457733622,4.007333185232471,11.418625774449598,9.619199713152362,9.339261152043022,5.633730841821008,4.110873864173311,0.7096764825111559,7.44511603400982,0.1290322580645161
PRV56813,0.0,4.672828834461906,0.0,10.432379002113745,0.0,5.772028736262449,4.430816798843313,0.8229064072630444,5.772028736262449,0.0
PRV56816,0.0,2.772588722239781,0.0,8.859505484519133,0.0,6.153441663184704,2.772588722239781,0.6931471805599453,6.153441663184704,0.0
PRV56818,1.6094379124341005,2.833213344056216,10.691967639914864,7.340186835320115,9.305741456739437,4.577284982498556,2.8903717578961645,0.7777045685880084,7.731053144007127,0.2
PRV56819,3.218875824868201,0.6931471805599453,12.296831574998258,7.550135342488429,9.118882761487349,7.550135342488429,3.1780538303479458,0.7357067949787413,9.086702731518004,0.96
PRV56820,0.0,1.791759469228055,0.0,6.710523109452428,0.0,5.10594547390058,1.6094379124341005,0.8109302162163288,5.10594547390058,0.0
PRV56821,0.0,2.5649493574615367,0.0,8.058643712215618,0.0,5.5772109329667385,2.4849066497880004,0.7375989431307791,5.5772109329667385,0.0
PRV56823,0.0,2.9444389791664403,0.0,8.751632702472298,0.0,5.863946782354701,2.772588722239781,0.7884573603642702,5.863946782354701,0.0
PRV56824,0.0,4.919980925828125,0.0,10.769347775610916,0.0,5.859528519866547,4.836281906951478,0.7362066700203923,5.859528519866547,0.0
PRV56826,1.6094379124341005,3.044522437723423,9.798182590890704,7.962415680121064,8.412054873292933,4.973279507552487,3.218875824868201,0.6931471805599453,6.769163485049508,0.1666666666666666
PRV56828,0.0,4.962844630259907,0.0,10.60932882115496,0.0,5.656976256656396,4.882801922586371,0.7342744719838082,5.656976256656396,0.0
PRV56829,0.0,5.267858159063328,0.0,10.93793458372845,0.0,5.6786506464537885,4.564348191467836,1.1090835885354051,5.6786506464537885,0.0
PRV56830,0.0,2.079441541679836,0.0,8.791941988456118,0.0,6.846943139585379,2.079441541679836,0.6931471805599453,6.846943139585379,0.0
PRV56831,0.0,1.791759469228055,0.0,6.634633357861686,0.0,5.030437921392435,1.791759469228055,0.6931471805599453,5.030437921392435,0.0
PRV56832,0.0,2.4849066497880004,0.0,8.925454386826402,0.0,6.528887841302981,2.4849066497880004,0.6931471805599453,6.528887841302981,0.0
PRV56833,0.0,2.19722457733622,0.0,6.566672429803241,0.0,4.497028027368389,2.079441541679836,0.7621400520468967,4.497028027368389,0.0
PRV56834,0.6931471805599453,2.772588722239781,8.006700845440367,8.25608813381491,8.006700845440367,5.551666759919312,1.9459101490553128,1.2992829841302609,6.061748251777856,0.0625
PRV56835,0.0,4.6443908991413725,0.0,10.112167001239516,0.0,5.481568911480911,3.970291913552122,1.0921813983378192,5.481568911480911,0.0
PRV56836,0.0,1.3862943611198906,0.0,6.608000625296087,0.0,5.512083756049649,1.3862943611198906,0.6931471805599453,5.512083756049649,0.0
PRV56837,0.0,3.7612001156935615,0.0,9.750977193313805,0.0,6.015692475675122,3.332204510175204,0.9382696385929304,6.015692475675122,0.0
PRV56839,1.0986122886681098,2.3978952727983707,9.61587214452889,7.962415680121064,8.922791623969637,5.662960480135946,2.5649493574615367,0.6931471805599453,7.306643249507263,0.1666666666666666
PRV56840,0.0,4.499809670330265,0.0,9.85697229879466,0.0,5.372934839702697,3.5263605246161616,1.3075134832667763,5.372934839702697,0.0
PRV56843,0.0,1.0986122886681098,0.0,6.7580945044277305,0.0,6.066108090103747,1.0986122886681098,0.6931471805599453,6.066108090103747,0.0
PRV56845,0.0,2.302585092994046,0.0,6.398594934535208,0.0,4.214593690373678,2.302585092994046,0.6931471805599453,4.214593690373678,0.0
PRV56846,0.0,3.091042453358316,0.0,8.85666093701725,0.0,5.81498304679571,2.302585092994046,1.203972804325936,5.81498304679571,0.0
PRV56850,0.0,2.8903717578961645,0.0,8.444837529224097,0.0,5.6150584018936,1.9459101490553128,1.3437347467010947,5.6150584018936,0.0
PRV56851,0.0,3.044522437723423,0.0,8.906664409770052,0.0,5.91350300563827,2.079441541679836,1.349926716949016,5.91350300563827,0.0
PRV56852,0.0,3.044522437723423,0.0,7.581209826196346,0.0,4.59511985013459,2.302585092994046,1.1700712526502546,4.59511985013459,0.0
PRV56853,0.0,3.332204510175204,0.0,8.58316818033977,0.0,5.2921875061725,1.9459101490553128,1.7047480922384253,5.2921875061725,0.0
PRV56854,0.0,1.3862943611198906,0.0,6.398594934535208,0.0,5.303304908059076,1.3862943611198906,0.6931471805599453,5.303304908059076,0.0
PRV56855,0.0,1.6094379124341005,0.0,5.673323267171493,0.0,4.297285406218791,1.3862943611198906,0.8472978603872036,4.297285406218791,0.0
PRV56856,0.0,4.51085950651685,0.0,10.07200594918639,0.0,5.575949103146316,3.4657359027997265,1.3618033411115948,5.575949103146316,0.0
PRV56857,0.0,3.8501476017100575,0.0,9.70996348123418,0.0,5.8840487807720345,3.044522437723423,1.1939224684724346,5.8840487807720345,0.0
PRV56858,0.0,3.713572066704308,0.0,8.97094039814245,0.0,5.287003606647764,3.1780538303479458,1.007640510462383,5.287003606647764,0.0
PRV56860,0.0,1.3862943611198906,0.0,7.852050207265889,0.0,6.7542155236136345,1.3862943611198906,0.6931471805599453,6.7542155236136345,0.0
PRV56861,0.0,3.4657359027997265,0.0,8.623533227187563,0.0,5.194926236541499,3.1354942159291497,0.879249460193806,5.194926236541499,0.0
PRV56862,0.0,2.70805020110221,0.0,8.003363058629947,0.0,5.368642683268766,2.19722457733622,1.01160091167848,5.368642683268766,0.0
PRV56863,0.0,3.970291913552122,0.0,9.551871220788255,0.0,5.604245425494865,3.4011973816621555,1.0271533246859648,5.604245425494865,0.0
PRV56864,0.0,3.218875824868201,0.0,8.24301946898925,0.0,5.070998443823346,2.5649493574615367,1.0986122886681098,5.070998443823346,0.0
PRV56866,0.0,4.23410650459726,0.0,10.21027347878698,0.0,5.993227697726363,3.1780538303479458,1.3753652905877003,5.993227697726363,0.0
PRV56867,0.0,2.302585092994046,0.0,8.14060704285845,0.0,5.945711433096046,2.19722457733622,0.7537718023763802,5.945711433096046,0.0
PRV56868,0.0,2.9444389791664403,0.0,8.934718614016768,0.0,6.046583846329062,2.079441541679836,1.2729656758128876,6.046583846329062,0.0
PRV56869,0.0,3.610917912644224,0.0,9.325542301664866,0.0,5.745137660338116,3.218875824868201,0.9162907318741552,5.745137660338116,0.0
PRV56870,2.6390573296152584,0.0,11.686887175419702,0.0,9.122038652362953,0.0,2.6390573296152584,0.6931471805599453,9.122038652362953,1.0
PRV56871,0.0,2.4849066497880004,0.0,8.37816098272068,0.0,5.982561395044396,2.4849066497880004,0.6931471805599453,5.982561395044396,0.0
PRV56873,0.6931471805599453,0.6931471805599453,8.699681400989514,4.262679877041316,8.699681400989514,4.262679877041316,1.0986122886681098,0.6931471805599453,8.01829613851552,0.5
PRV56877,2.772588722239781,3.4011973816621555,12.001511614739403,8.910720661951359,9.293547298992568,5.547195880204868,3.555348061489413,0.8303483020734304,8.262031110664896,0.3409090909090909
PRV56878,0.0,3.295836866004329,0.0,8.804024902413179,0.0,5.549674528958562,2.19722457733622,1.4469189829363254,5.549674528958562,0.0
PRV56879,0.0,2.079441541679836,0.0,9.004668301573977,0.0,7.059494891255328,1.9459101490553128,0.7731898882334818,7.059494891255328,0.0
PRV56880,0.0,1.0986122886681098,0.0,5.564520407322694,0.0,4.875197323201151,1.0986122886681098,0.6931471805599453,4.875197323201151,0.0
PRV56881,0.0,4.3694478524670215,0.0,9.75272280064639,0.0,5.4004804682292376,3.4657359027997265,1.2573606777439974,5.4004804682292376,0.0
PRV56882,0.0,3.091042453358316,0.0,8.30671904320269,0.0,5.267121510779556,2.3978952727983707,1.1314021114911006,5.267121510779556,0.0
PRV56884,0.0,2.19722457733622,0.0,7.273092595999522,0.0,5.198497031265826,2.19722457733622,0.6931471805599453,5.198497031265826,0.0
PRV56885,2.302585092994046,0.6931471805599453,11.097425172408933,3.9318256327243257,8.900321798012031,3.9318256327243257,1.9459101490553128,0.9808292530117262,8.795733605950735,0.9
PRV56886,0.0,2.4849066497880004,0.0,7.215975002651466,0.0,4.825400406763944,1.3862943611198906,1.5404450409471488,4.825400406763944,0.0
PRV56887,0.0,3.610917912644224,0.0,9.11833472618016,0.0,5.538645742616347,2.4849066497880004,1.4522523289116882,5.538645742616347,0.0
PRV56888,0.0,2.3978952727983707,0.0,8.707978826622321,0.0,6.406879986069314,2.3978952727983707,0.6931471805599453,6.406879986069314,0.0
PRV56889,1.791759469228055,3.828641396489095,11.60824473564232,9.71420180194054,9.99884318585288,5.910194234383755,3.4011973816621555,1.0021520224805476,7.836764783264067,0.1
PRV56890,0.0,2.5649493574615367,0.0,8.359603270841466,0.0,5.877268819361627,1.791759469228055,1.2237754316221157,5.877268819361627,0.0
PRV56891,0.0,0.6931471805599453,0.0,2.3978952727983707,0.0,2.3978952727983707,0.6931471805599453,0.6931471805599453,2.3978952727983707,0.0
PRV56892,0.0,2.6390573296152584,0.0,8.064950891749143,0.0,5.503766835253245,1.791759469228055,1.2809338454620642,5.503766835253245,0.0
PRV56893,0.0,2.079441541679836,0.0,8.013343181386672,0.0,6.069417159966405,2.079441541679836,0.6931471805599453,6.069417159966405,0.0
PRV56894,0.0,3.295836866004329,0.0,8.380456667842767,0.0,5.128076390956352,3.1780538303479458,0.7563260821814769,5.128076390956352,0.0
PRV56895,2.6390573296152584,0.6931471805599453,11.884495917930655,0.0,9.319629315094804,0.0,2.70805020110221,0.6931471805599453,9.245528238850772,0.9285714285714286
PRV56896,1.3862943611198906,0.0,11.002116507732016,0.0,9.90353755128617,0.0,1.3862943611198906,0.6931471805599453,9.90353755128617,1.0
PRV56897,2.19722457733622,0.0,11.034905792929417,0.0,8.955577146281511,0.0,2.19722457733622,0.6931471805599453,8.955577146281511,1.0
PRV56900,1.0986122886681098,0.0,9.852246888342531,0.0,9.15915233520675,0.0,1.0986122886681098,0.6931471805599453,9.15915233520675,1.0
PRV56901,0.0,4.204692619390966,0.0,9.229260256828692,0.0,5.045963437134025,3.8918202981106265,0.8649974374866045,5.045963437134025,0.0
PRV56902,0.6931471805599453,0.0,8.294299608857235,0.0,8.294299608857235,0.0,0.6931471805599453,0.6931471805599453,8.294299608857235,1.0
PRV56903,1.0986122886681098,0.0,10.950824090522444,0.0,10.25769445336048,0.0,1.0986122886681098,0.6931471805599453,10.25769445336048,1.0
PRV56904,1.6094379124341005,0.0,10.239995502805316,0.0,8.853808274977197,0.0,1.6094379124341005,0.6931471805599453,8.853808274977197,1.0
PRV56905,0.0,2.772588722239781,0.0,8.71292443512011,0.0,6.007173840813162,2.6390573296152584,0.7672551527136671,6.007173840813162,0.0
PRV56906,1.9459101490553128,0.6931471805599453,10.839600519357369,7.00397413672268,9.04793908261736,7.00397413672268,2.079441541679836,0.6931471805599453,8.915144426666808,0.8571428571428571
PRV56907,0.0,2.772588722239781,0.0,8.669227347271736,0.0,5.963579343618446,2.772588722239781,0.6931471805599453,5.963579343618446,0.0
PRV56908,0.6931471805599453,0.6931471805599453,8.517393171418904,4.110873864173311,8.517393171418904,4.110873864173311,1.0986122886681098,0.6931471805599453,7.836369760545124,0.5
PRV56909,1.3862943611198906,1.6094379124341005,9.741027444837728,7.372118028337787,8.642532789389376,5.98770749823027,1.9459101490553128,0.7731898882334818,7.884845407314716,0.4285714285714285
PRV56910,1.6094379124341005,0.6931471805599453,10.524090921620362,4.110873864173311,9.137877200242468,4.110873864173311,1.791759469228055,0.6931471805599453,8.916371914881694,0.8
PRV56912,2.079441541679836,0.0,11.407576060361786,0.0,9.461732575010332,0.0,2.079441541679836,0.6931471805599453,9.461732575010332,1.0
PRV56914,1.9459101490553128,0.0,11.156264806643742,0.0,9.364576762415895,0.0,1.9459101490553128,0.6931471805599453,9.364576762415895,1.0
PRV56915,1.6094379124341005,0.0,10.33854382482173,0.0,8.952346543226227,0.0,1.6094379124341005,0.6931471805599453,8.952346543226227,1.0
PRV56916,2.4849066497880004,0.0,11.641327474774709,0.0,9.243520148083022,0.0,2.3978952727983707,0.7419373447293773,9.243520148083022,1.0
PRV56917,1.0986122886681098,1.9459101490553128,9.472781556562168,7.53955882930103,8.77971129020447,5.750453993965348,2.079441541679836,0.7621400520468967,7.528869256642251,0.25
PRV56918,2.079441541679836,0.0,11.863589378812122,0.0,9.917721482087735,0.0,2.079441541679836,0.6931471805599453,9.917721482087735,1.0
PRV56919,0.0,1.0986122886681098,0.0,3.4339872044851463,0.0,2.772588722239781,1.0986122886681098,0.6931471805599453,2.772588722239781,0.0
PRV56920,0.0,0.6931471805599453,0.0,4.394449154672439,0.0,4.394449154672439,0.6931471805599453,0.6931471805599453,4.394449154672439,0.0
PRV56923,0.0,3.737669618283368,0.0,8.704668113450987,0.0,4.997706548426126,3.332204510175204,0.9236708391717776,4.997706548426126,0.0
PRV56926,0.0,0.6931471805599453,0.0,3.044522437723423,0.0,3.044522437723423,0.6931471805599453,0.6931471805599453,3.044522437723423,0.0
PRV56928,0.0,3.49650756146648,0.0,8.784315349902657,0.0,5.32331481072132,3.367295829986474,0.7621400520468967,5.32331481072132,0.0
PRV56929,0.0,3.828641396489095,0.0,8.945202263959297,0.0,5.144259275026942,3.49650756146648,0.8780695190539572,5.144259275026942,0.0
PRV56930,0.0,3.218875824868201,0.0,8.807022955925477,0.0,5.632405811813974,2.995732273553991,0.8167611365271219,5.632405811813974,0.0
PRV56931,0.0,3.091042453358316,0.0,8.796490207333578,0.0,5.754988463645445,2.8903717578961645,0.8043728156701697,5.754988463645445,0.0
PRV56932,0.0,2.302585092994046,0.0,6.698268054115413,0.0,4.51085950651685,2.19722457733622,0.7537718023763802,4.51085950651685,0.0
PRV56933,0.0,2.5649493574615367,0.0,8.446985296372741,0.0,5.964435874720063,2.5649493574615367,0.6931471805599453,5.964435874720063,0.0
PRV56934,0.0,1.9459101490553128,0.0,6.111467339502679,0.0,4.330733340286331,1.9459101490553128,0.6931471805599453,4.330733340286331,0.0
PRV56935,0.0,3.218875824868201,0.0,9.48729005784892,0.0,6.310978322241885,2.772588722239781,0.9555114450274363,6.310978322241885,0.0
PRV56937,0.0,1.791759469228055,0.0,5.739792912179234,0.0,4.143134726391533,1.791759469228055,0.6931471805599453,4.143134726391533,0.0
PRV56938,0.0,3.1354942159291497,0.0,8.253488028345904,0.0,5.167898009630144,3.091042453358316,0.7166776779701395,5.167898009630144,0.0
PRV56939,0.0,2.833213344056216,0.0,8.533263371593732,0.0,5.763622475012218,2.772588722239781,0.7259370033829363,5.763622475012218,0.0
PRV56941,0.0,3.091042453358316,0.0,8.361941906144946,0.0,5.322080395060313,3.044522437723423,0.7178397931503169,5.322080395060313,0.0
PRV56942,0.0,3.218875824868201,0.0,8.848078421168667,0.0,5.673323267171493,3.1780538303479458,0.7146533857809089,5.673323267171493,0.0
PRV56944,0.0,1.3862943611198906,0.0,5.198497031265826,0.0,4.110873864173311,1.3862943611198906,0.6931471805599453,4.110873864173311,0.0
PRV56945,0.0,4.060443010546419,0.0,9.97119292889014,0.0,5.9307549436105305,3.737669618283368,0.871395411966264,5.9307549436105305,0.0
PRV56946,0.0,1.0986122886681098,0.0,4.795790545596741,0.0,4.110873864173311,0.6931471805599453,1.0986122886681098,4.110873864173311,0.0
PRV56947,0.0,1.3862943611198906,0.0,6.364750756851911,0.0,5.269574897682382,1.3862943611198906,0.6931471805599453,5.269574897682382,0.0
PRV56948,0.0,1.3862943611198906,0.0,6.508769136971682,0.0,5.413133040976618,1.3862943611198906,0.6931471805599453,5.413133040976618,0.0
PRV56949,0.0,4.653960350157523,0.0,10.372271688502106,0.0,5.7310982853031645,3.784189633918261,1.229232471085174,5.7310982853031645,0.0
PRV56950,0.0,1.3862943611198906,0.0,7.039660349862076,0.0,5.942799375126701,1.3862943611198906,0.6931471805599453,5.942799375126701,0.0
PRV56951,0.0,2.995732273553991,0.0,8.550821372396221,0.0,5.609857300201299,2.19722457733622,1.2163953243244932,5.609857300201299,0.0
PRV56953,0.0,3.044522437723423,0.0,7.962415680121064,0.0,4.973279507552487,2.995732273553991,0.7191226669632059,4.973279507552487,0.0
PRV56954,0.0,3.044522437723423,0.0,7.976251943745623,0.0,4.987025428457122,2.995732273553991,0.7191226669632059,4.987025428457122,0.0
PRV56956,0.0,1.791759469228055,0.0,7.941295570906532,0.0,6.333279628139691,1.791759469228055,0.6931471805599453,6.333279628139691,0.0
PRV56957,0.0,4.934473933130692,0.0,10.70101727068921,0.0,5.776844351188397,4.691347882229144,0.8232003088081431,5.776844351188397,0.0
PRV56958,0.0,2.6390573296152584,0.0,8.513385953073284,0.0,5.950842853039073,2.5649493574615367,0.7339691750802004,5.950842853039073,0.0
PRV56960,0.0,2.19722457733622,0.0,7.840312983320164,0.0,5.763622475012218,2.19722457733622,0.6931471805599453,5.763622475012218,0.0
PRV56963,0.0,1.9459101490553128,0.0,7.273092595999522,0.0,5.484796933490655,1.9459101490553128,0.6931471805599453,5.484796933490655,0.0
PRV56964,0.0,1.791759469228055,0.0,6.90875477931522,0.0,5.303304908059076,1.791759469228055,0.6931471805599453,5.303304908059076,0.0
PRV56965,0.0,1.3862943611198906,0.0,6.478509642208569,0.0,5.382964840608321,1.3862943611198906,0.6931471805599453,5.382964840608321,0.0
PRV56966,0.0,1.0986122886681098,0.0,5.484796933490655,0.0,4.795790545596741,1.0986122886681098,0.6931471805599453,4.795790545596741,0.0
PRV56967,0.0,4.5217885770490405,0.0,10.144117324857612,0.0,5.636789172555957,4.382026634673881,0.7663505845832402,5.636789172555957,0.0
PRV56969,0.0,0.6931471805599453,0.0,2.3978952727983707,0.0,2.3978952727983707,0.6931471805599453,0.6931471805599453,2.3978952727983707,0.0
PRV56970,0.0,1.0986122886681098,0.0,5.351858133476067,0.0,4.663439094112067,1.0986122886681098,0.6931471805599453,4.663439094112067,0.0
PRV56971,0.0,1.6094379124341005,0.0,5.993961427306569,0.0,4.61512051684126,1.6094379124341005,0.6931471805599453,4.61512051684126,0.0
PRV56972,0.0,3.8918202981106265,0.0,10.075800860133011,0.0,6.206575926724928,3.828641396489095,0.7259370033829363,6.206575926724928,0.0
PRV56973,0.0,2.8903717578961645,0.0,8.560444233410552,0.0,5.730290750223272,2.8903717578961645,0.6931471805599453,5.730290750223272,0.0
PRV56974,0.0,0.6931471805599453,0.0,4.394449154672439,0.0,4.394449154672439,0.6931471805599453,0.6931471805599453,4.394449154672439,0.0
PRV56976,0.0,1.9459101490553128,0.0,7.57095858316901,0.0,5.781771793517895,1.9459101490553128,0.6931471805599453,5.781771793517895,0.0
PRV56977,0.0,2.19722457733622,0.0,6.947937068614969,0.0,4.875197323201151,2.19722457733622,0.6931471805599453,4.875197323201151,0.0
PRV56978,0.0,4.795790545596741,0.0,10.087099942513005,0.0,5.304547916298673,4.584967478670572,0.8051863750370767,5.304547916298673,0.0
PRV56980,0.0,2.8903717578961645,0.0,8.029758520440822,0.0,5.201741680445943,2.8903717578961645,0.6931471805599453,5.201741680445943,0.0
PRV56981,0.0,2.079441541679836,0.0,6.566672429803241,0.0,4.629165691544308,2.079441541679836,0.6931471805599453,4.629165691544308,0.0
PRV56982,0.0,3.218875824868201,0.0,9.155989777226102,0.0,5.980361468763317,3.091042453358316,0.7621400520468967,5.980361468763317,0.0
PRV56984,0.0,1.3862943611198906,0.0,6.660575149839686,0.0,5.564520407322694,1.3862943611198906,0.6931471805599453,5.564520407322694,0.0
PRV56985,0.0,2.8903717578961645,0.0,7.57095858316901,0.0,4.74595462333986,2.8903717578961645,0.6931471805599453,4.74595462333986,0.0
PRV56986,0.0,1.0986122886681098,0.0,5.739792912179234,0.0,5.049856007249537,1.0986122886681098,0.6931471805599453,5.049856007249537,0.0
PRV56987,0.0,2.079441541679836,0.0,7.099201743553092,0.0,5.158233943932214,2.079441541679836,0.6931471805599453,5.158233943932214,0.0
PRV56988,0.0,0.6931471805599453,0.0,0.0,0.0,0.0,0.6931471805599453,0.6931471805599453,0.0,0.0
PRV56989,0.0,1.0986122886681098,0.0,4.709530201312334,0.0,4.02535169073515,1.0986122886681098,0.6931471805599453,4.02535169073515,0.0
PRV56990,0.0,4.02535169073515,0.0,9.02653771890043,0.0,5.025673171460796,2.4849066497880004,1.791759469228055,5.025673171460796,0.0
PRV56991,0.0,2.772588722239781,0.0,8.801017833540714,0.0,6.095073529727002,2.772588722239781,0.6931471805599453,6.095073529727002,0.0
PRV56992,0.0,1.0986122886681098,0.0,4.61512051684126,0.0,3.9318256327243257,1.0986122886681098,0.6931471805599453,3.9318256327243257,0.0
PRV56993,0.0,3.218875824868201,0.0,8.594339400592892,0.0,5.420534999272286,3.218875824868201,0.6931471805599453,5.420534999272286,0.0
PRV56995,0.0,2.3978952727983707,0.0,8.373553741214627,0.0,6.073044534100405,2.3978952727983707,0.6931471805599453,6.073044534100405,0.0
PRV56996,0.0,2.4849066497880004,0.0,7.621195162809845,0.0,5.22818748527401,2.4849066497880004,0.6931471805599453,5.22818748527401,0.0
PRV56997,0.0,3.258096538021482,0.0,7.687538766201629,0.0,4.4796069630127455,3.218875824868201,0.713766467762681,4.4796069630127455,0.0
PRV56998,0.0,1.0986122886681098,0.0,5.802118375377063,0.0,5.111987788356544,1.0986122886681098,0.6931471805599453,5.111987788356544,0.0
PRV56999,0.0,2.19722457733622,0.0,7.762596048540069,0.0,5.68612753941748,2.19722457733622,0.6931471805599453,5.68612753941748,0.0
PRV57000,0.0,4.127134385045092,0.0,9.847499042327271,0.0,5.739792912179234,4.02535169073515,0.7462570058738938,5.739792912179234,0.0
PRV57002,0.0,3.9318256327243257,0.0,9.254452946594505,0.0,5.3471075307174685,3.912023005428146,0.7032995520239632,5.3471075307174685,0.0
PRV57004,0.0,4.820281565605037,0.0,10.417537971057731,0.0,5.608995193346979,4.543294782270004,0.8426789145309092,5.608995193346979,0.0
PRV57005,0.0,1.0986122886681098,0.0,5.739792912179234,0.0,5.049856007249537,1.0986122886681098,0.6931471805599453,5.049856007249537,0.0
PRV57006,0.0,4.663439094112067,0.0,10.610562292793489,0.0,5.959162700443352,4.127134385045092,1.001113924183232,5.959162700443352,0.0
PRV57010,0.0,4.060443010546419,0.0,10.091252599948522,0.0,6.050519309889297,4.04305126783455,0.7020361279771913,6.050519309889297,0.0
PRV57011,0.0,2.8903717578961645,0.0,8.232440158470336,0.0,5.403471978656241,2.833213344056216,0.723918839226699,5.403471978656241,0.0
PRV57013,0.0,3.737669618283368,0.0,9.658290091690503,0.0,5.94727051185476,3.4657359027997265,0.8426789145309092,5.94727051185476,0.0
PRV57014,0.0,4.343805421853684,0.0,9.750977193313805,0.0,5.4246021712259385,3.8501476017100575,0.9753796482441616,5.4246021712259385,0.0
PRV57015,0.0,3.80666248977032,0.0,10.040244985890988,0.0,6.2579287867870885,3.688879454113936,0.7552789616669515,6.2579287867870885,0.0
PRV57016,2.833213344056216,0.0,12.194005125011843,0.0,9.421492310438014,0.0,2.772588722239781,0.7259370033829363,9.421492310438014,1.0
PRV57017,3.1780538303479458,0.0,12.49163121494444,0.0,9.356219670973008,0.0,3.091042453358316,0.7396671961948381,9.356219670973008,1.0
PRV57018,3.218875824868201,2.302585092994046,12.712893259942282,6.53813982376767,9.53490870409457,4.352426164897591,3.4657359027997265,0.7248958788745256,9.21855802950019,0.7272727272727273
PRV57020,1.9459101490553128,0.0,10.87806606028079,0.0,9.086400924445885,0.0,1.9459101490553128,0.6931471805599453,9.086400924445885,1.0
PRV57021,2.70805020110221,0.0,11.827743504053696,0.0,9.188781059755003,0.0,2.5649493574615367,0.7731898882334818,9.188781059755003,1.0
PRV57023,2.772588722239781,0.0,12.06105265381003,0.0,9.35308337382134,0.0,2.772588722239781,0.6931471805599453,9.35308337382134,1.0
PRV57024,2.302585092994046,0.0,11.795853756086933,0.0,9.5986894628395,0.0,2.302585092994046,0.6931471805599453,9.5986894628395,1.0
PRV57025,2.8903717578961645,3.49650756146648,11.8350162104899,8.801017833540714,9.001918800901855,5.339939041238856,3.828641396489095,0.7366322924996841,7.990521592268951,0.3469387755102041
PRV57030,2.833213344056216,3.737669618283368,12.149507585033072,9.668461179310146,9.37699822430353,5.957415802093585,3.9889840465642745,0.7301884522402944,8.187064999249058,0.2807017543859649
PRV57031,2.772588722239781,4.927253685157205,11.989165855127435,10.659633006160352,9.281202606226412,5.742839408723706,4.983606621708336,0.7169983963821253,7.200778326159577,0.0986842105263157
PRV57033,2.8903717578961645,3.610917912644224,12.216027926866138,9.637632201310456,9.382893787201846,6.05639361697147,3.912023005428146,0.7331525151736445,8.319124140187464,0.320754716981132
PRV57034,3.091042453358316,3.784189633918261,12.122696471358964,9.40351943877092,9.0782827227901,5.645775547716034,4.158883083359672,0.7010523600670585,8.027976161246363,0.328125
PRV57036,0.0,3.044522437723423,0.0,9.071193240566023,0.0,6.077642243349034,3.044522437723423,0.6931471805599453,6.077642243349034,0.0
PRV57038,0.0,3.5263605246161616,0.0,8.75004942158424,0.0,5.258599560167417,3.5263605246161616,0.6931471805599453,5.258599560167417,0.0
PRV57039,0.0,1.791759469228055,0.0,6.814542897259958,0.0,5.209486152841421,1.6094379124341005,0.8109302162163288,5.209486152841421,0.0
PRV57041,0.0,3.295836866004329,0.0,8.550821372396221,0.0,5.297547839769008,3.091042453358316,0.8056251639866355,5.297547839769008,0.0
PRV57043,0.0,0.6931471805599453,0.0,3.9318256327243257,0.0,3.9318256327243257,0.6931471805599453,0.6931471805599453,3.9318256327243257,0.0
PRV57046,0.0,4.584967478670572,0.0,10.267818117285737,0.0,5.6964359674050105,4.04305126783455,1.0050862306572863,5.6964359674050105,0.0
PRV57047,0.0,2.833213344056216,0.0,8.326274787396764,0.0,5.557310570755944,2.833213344056216,0.6931471805599453,5.557310570755944,0.0
PRV57048,0.0,1.791759469228055,0.0,5.3981627015177525,0.0,3.80666248977032,1.791759469228055,0.6931471805599453,3.80666248977032,0.0
PRV57049,2.9444389791664403,1.6094379124341005,12.491255347155263,6.329720905522696,9.600947496751148,4.948759890378168,3.1354942159291497,0.6931471805599453,9.402394714209844,0.8181818181818182
PRV57051,0.0,1.3862943611198906,0.0,7.293697720601438,0.0,6.19644412779452,1.3862943611198906,0.6931471805599453,6.19644412779452,0.0
PRV57052,0.0,2.6390573296152584,0.0,8.951699168308815,0.0,6.3883028071474985,2.6390573296152584,0.6931471805599453,6.3883028071474985,0.0
PRV57053,0.0,3.1780538303479458,0.0,9.34145634983372,0.0,6.207889929804797,2.833213344056216,0.8909729238898652,6.207889929804797,0.0
PRV57054,0.0,3.332204510175204,0.0,8.55468163582723,0.0,5.263840937018064,2.9444389791664403,0.9162907318741552,5.263840937018064,0.0
PRV57056,0.0,2.3978952727983707,0.0,7.131698510466912,0.0,4.836281906951478,2.3978952727983707,0.6931471805599453,4.836281906951478,0.0
PRV57057,0.0,3.295836866004329,0.0,9.264923249746474,0.0,6.009191114396451,2.3978952727983707,1.2809338454620642,6.009191114396451,0.0
PRV57058,0.0,3.4011973816621555,0.0,9.261128538808288,0.0,5.896490517695335,2.19722457733622,1.5314763709643886,5.896490517695335,0.0
PRV57059,0.0,2.302585092994046,0.0,8.35490952835879,0.0,6.159565092586994,2.302585092994046,0.6931471805599453,6.159565092586994,0.0
PRV57061,0.0,0.6931471805599453,0.0,4.61512051684126,0.0,4.61512051684126,0.6931471805599453,0.6931471805599453,4.61512051684126,0.0
PRV57062,0.0,4.07753744390572,0.0,9.681655640646714,0.0,5.624764146341486,3.7612001156935615,0.8675005677047231,5.624764146341486,0.0
PRV57063,0.0,0.6931471805599453,0.0,3.713572066704308,0.0,3.713572066704308,0.6931471805599453,0.6931471805599453,3.713572066704308,0.0
PRV57067,0.0,2.9444389791664403,0.0,8.02322468471667,0.0,5.138409404590982,2.6390573296152584,0.8690378470236095,5.138409404590982,0.0
PRV57069,1.0986122886681098,0.0,8.294299608857235,0.0,7.601402334583733,0.0,1.0986122886681098,0.6931471805599453,7.601402334583733,1.0
PRV57072,1.6094379124341005,0.0,10.308985993422082,0.0,8.922791623969637,0.0,1.6094379124341005,0.6931471805599453,8.922791623969637,1.0
PRV57073,2.3978952727983707,0.0,11.58989576532275,0.0,9.287394001418471,0.0,2.302585092994046,0.7472144018302211,9.287394001418471,1.0
PRV57074,2.079441541679836,0.0,10.985309671896765,0.0,9.039501210862689,0.0,2.079441541679836,0.6931471805599453,9.039501210862689,1.0
PRV57075,1.0986122886681098,0.0,9.680406499268877,0.0,8.987321812850125,0.0,1.0986122886681098,0.6931471805599453,8.987321812850125,1.0
PRV57076,1.0986122886681098,0.0,9.210440366976515,0.0,8.517393171418904,0.0,1.0986122886681098,0.6931471805599453,8.517393171418904,1.0
PRV57077,1.3862943611198906,0.0,10.275085591132717,0.0,9.17654226322596,0.0,1.0986122886681098,0.9162907318741552,9.17654226322596,1.0
PRV57078,2.3978952727983707,0.0,11.225256725762891,0.0,8.922791623969637,0.0,2.302585092994046,0.7472144018302211,8.922791623969637,1.0
PRV57080,0.6931471805599453,0.0,10.950824090522444,0.0,10.950824090522444,0.0,0.6931471805599453,0.6931471805599453,10.950824090522444,1.0
PRV57081,3.6375861597263857,0.0,12.933623668263472,0.0,9.322792708150466,0.0,3.555348061489413,0.736319352425154,9.322792708150466,1.0
PRV57082,1.791759469228055,0.0,11.51293546492023,0.0,9.90353755128617,0.0,1.791759469228055,0.6931471805599453,9.90353755128617,1.0
PRV57084,2.079441541679836,0.6931471805599453,11.034905792929417,3.713572066704308,9.089092411824632,3.713572066704308,2.19722457733622,0.6931471805599453,8.956222016362542,0.875
PRV57085,1.791759469228055,0.0,10.645448706505872,0.0,9.036106025364846,0.0,1.791759469228055,0.6931471805599453,9.036106025364846,1.0
PRV57086,1.9459101490553128,0.0,10.87806606028079,0.0,9.086400924445885,0.0,1.9459101490553128,0.6931471805599453,9.086400924445885,1.0
PRV57087,1.6094379124341005,0.0,10.34177474101152,0.0,8.955577146281511,0.0,1.6094379124341005,0.6931471805599453,8.955577146281511,1.0
PRV57088,1.9459101490553128,1.6094379124341005,10.819798284210286,6.3818160174060985,9.028138807982804,5.000584958242754,2.3978952727983707,0.6931471805599453,8.52912176228151,0.6
PRV57089,1.3862943611198906,0.0,9.952325334619427,0.0,8.853808274977197,0.0,1.3862943611198906,0.6931471805599453,8.853808274977197,1.0
PRV57091,1.6094379124341005,0.0,10.736418414365376,0.0,9.35018926709258,0.0,1.3862943611198906,0.8472978603872036,9.35018926709258,1.0
PRV57092,1.0986122886681098,0.0,8.853808274977197,0.0,8.160803920954665,0.0,1.0986122886681098,0.6931471805599453,8.160803920954665,1.0
PRV57093,0.6931471805599453,0.0,8.517393171418904,0.0,8.517393171418904,0.0,0.6931471805599453,0.6931471805599453,8.517393171418904,1.0
PRV57094,1.3862943611198906,0.0,10.778977123006351,0.0,9.680406499268877,0.0,1.3862943611198906,0.6931471805599453,9.680406499268877,1.0
PRV57096,2.4849066497880004,0.0,11.982935344196433,0.0,9.58510256905442,0.0,2.4849066497880004,0.6931471805599453,9.58510256905442,1.0
PRV57097,1.3862943611198906,0.0,9.952325334619427,0.0,8.853808274977197,0.0,1.3862943611198906,0.6931471805599453,8.853808274977197,1.0
PRV57098,3.912023005428146,0.0,13.102162710901052,0.0,9.210440366976515,0.0,3.871201010907891,0.7142005897577777,9.210440366976515,1.0
PRV57099,0.0,2.70805020110221,0.0,8.77043908654689,0.0,6.133398042996649,2.6390573296152584,0.7308875085427923,6.133398042996649,0.0
PRV57100,0.0,3.258096538021482,0.0,8.933400396056303,0.0,5.717685379825192,2.9444389791664403,0.8708283577973978,5.717685379825192,0.0
PRV57101,3.4339872044851463,5.455321115357702,12.600143080224452,11.199323694032696,9.199043468233883,5.751454771926226,5.356586274672012,0.8093491882190101,7.248950186521044,0.1140684410646387
PRV57102,1.6094379124341005,2.5649493574615367,11.034905792929417,7.280008252884188,9.648659816955297,4.802653990521724,2.833213344056216,0.6931471805599453,8.28567088617466,0.25
PRV57103,3.4011973816621555,7.611347717403621,12.628070334272698,13.284092695240853,9.260866303050284,5.67666902992436,6.690842277418564,1.2665270820345336,6.079269593929039,0.0141532454856027
PRV57104,2.3978952727983707,4.836281906951478,11.798111925972618,10.262245325878965,9.495594499353295,5.438253206845554,4.127134385045092,1.167240795057206,7.088625165328274,0.074074074074074
PRV57105,0.0,1.6094379124341005,0.0,6.293419278846481,0.0,4.912654885736052,1.3862943611198906,0.8472978603872036,4.912654885736052,0.0
PRV57107,0.0,2.6390573296152584,0.0,8.596189197642735,0.0,6.033455089379523,2.5649493574615367,0.7339691750802004,6.033455089379523,0.0
PRV57108,1.791759469228055,3.80666248977032,11.002116507732016,9.485772721999046,9.39274525863144,5.70484251867157,3.828641396489095,0.7366322924996841,7.3093899309997,0.1020408163265306
PRV57109,1.9459101490553128,4.394449154672439,11.156264806643742,9.72859830755947,9.364576762415895,5.351265540866132,4.3694478524670215,0.7431576011346067,6.917889797338704,0.0697674418604651
PRV57110,0.6931471805599453,2.9444389791664403,9.61587214452889,7.5126175446745105,9.61587214452889,4.631487494305465,2.995732273553991,0.6931471805599453,6.787607607671945,0.0526315789473684
PRV57112,3.4339872044851463,4.875197323201151,12.42525235117791,10.524359695475658,9.024171423453334,5.660285966640132,4.90527477843843,0.7857399673877702,7.48990106399417,0.1875
PRV57113,1.0986122886681098,1.791759469228055,10.239995502805316,5.860786223465865,9.546884034617923,4.262679877041316,2.079441541679836,0.6931471805599453,8.30671904320269,0.2857142857142857
PRV57115,0.6931471805599453,2.4849066497880004,9.210440366976515,8.30671904320269,9.210440366976515,5.911289254887928,2.5649493574615367,0.6931471805599453,7.066324752971107,0.0833333333333333
PRV57116,0.0,2.079441541679836,0.0,6.3818160174060985,0.0,4.446006964337289,2.079441541679836,0.6931471805599453,4.446006964337289,0.0
PRV57117,4.219507705176107,4.820281565605037,13.157732451741689,10.444968464561736,8.953167237115832,5.636327328509613,4.948759890378168,0.8574502318512216,7.975293231602368,0.3526315789473684
PRV57118,0.0,2.6390573296152584,0.0,7.816416983691801,0.0,5.256292726062021,2.3978952727983707,0.832909122935104,5.256292726062021,0.0
PRV57119,0.0,1.791759469228055,0.0,7.193685818395112,0.0,5.58724865840025,1.6094379124341005,0.8109302162163288,5.58724865840025,0.0
PRV57120,2.6390573296152584,3.58351893845611,12.08954444723597,9.11063052782717,9.52466250285372,5.559031919340858,3.8501476017100575,0.7146533857809089,8.268186811826286,0.2708333333333333
PRV57121,1.3862943611198906,3.58351893845611,10.12667110305036,9.256364810287462,9.028138807982804,5.704258551789687,2.833213344056216,1.2163953243244932,6.839927142461824,0.0789473684210526
PRV57122,0.6931471805599453,2.6390573296152584,8.987321812850125,7.669028288589683,8.987321812850125,5.109668139902826,2.6390573296152584,0.7308875085427923,6.586565665892081,0.0714285714285714
PRV57124,2.302585092994046,3.912023005428146,11.51293546492023,8.845201135339584,9.315790883584253,4.960272465366503,4.02535169073515,0.7200546334798696,7.520122411134149,0.1551724137931034
PRV57125,0.0,5.916202062607435,0.0,11.471592923476376,0.0,5.561928254904378,5.043425116919247,1.2245390819074131,5.561928254904378,0.0
PRV57126,2.3978952727983707,3.5263605246161616,11.251573687764475,8.634264863002075,8.94910546953925,5.143434095208811,3.7612001156935615,0.704981638206948,7.561327264963032,0.2325581395348837
PRV57127,2.19722457733622,2.70805020110221,11.251573687764475,8.418697944667139,9.172223049863057,5.782505630785729,3.1354942159291497,0.6931471805599453,8.217953679221507,0.3636363636363636
PRV57128,0.0,4.110873864173311,0.0,9.910016194498828,0.0,5.818598149084783,4.04305126783455,0.7282385003712154,5.818598149084783,0.0
PRV57129,3.49650756146648,5.525452939131784,12.731395672272525,10.990212802809811,9.26575142673973,5.472942716707521,5.501258210544727,0.768132987444508,7.251727184857394,0.1134751773049645
PRV57130,0.0,1.3862943611198906,0.0,5.564520407322694,0.0,4.473541743509655,1.0986122886681098,0.9162907318741552,4.473541743509655,0.0
PRV57131,0.0,1.0986122886681098,0.0,6.78105762593618,0.0,6.089044875446846,0.6931471805599453,1.0986122886681098,6.089044875446846,0.0
PRV57132,0.0,2.302585092994046,0.0,8.279189777195004,0.0,6.08399308395043,1.6094379124341005,1.1786549963416462,6.08399308395043,0.0
PRV57133,0.0,2.70805020110221,0.0,7.409136443920128,0.0,4.777922291765895,1.6094379124341005,1.5040773967762742,4.777922291765895,0.0
PRV57134,0.0,2.833213344056216,0.0,7.962415680121064,0.0,5.195038017094035,2.772588722239781,0.7259370033829363,5.195038017094035,0.0
PRV57136,0.0,3.784189633918261,0.0,9.016876974763385,0.0,5.260760384904701,3.295836866004329,0.9760099665757772,5.260760384904701,0.0
PRV57137,0.0,3.784189633918261,0.0,9.20943996673302,0.0,5.452434823232051,3.091042453358316,1.1143606456362487,5.452434823232051,0.0
PRV57138,0.0,1.9459101490553128,0.0,8.15507488781144,0.0,6.364750756851911,1.9459101490553128,0.6931471805599453,6.364750756851911,0.0
PRV57139,0.0,2.833213344056216,0.0,8.657129031713755,0.0,5.887145155958566,2.6390573296152584,0.8023464725249373,5.887145155958566,0.0
PRV57140,0.0,1.0986122886681098,0.0,6.111467339502679,0.0,5.420534999272286,1.0986122886681098,0.6931471805599453,5.420534999272286,0.0
PRV57141,2.772588722239781,1.0986122886681098,12.07254696717504,6.274762021241939,9.364576762415895,5.583496308781699,2.70805020110221,0.7949298748698875,9.24244874824595,0.8823529411764706
PRV57142,0.0,2.5649493574615367,0.0,8.820404065485645,0.0,6.337120672897584,2.079441541679836,0.9985288301111273,6.337120672897584,0.0
PRV57143,0.0,0.6931471805599453,0.0,4.61512051684126,0.0,4.61512051684126,0.6931471805599453,0.6931471805599453,4.61512051684126,0.0
PRV57144,2.19722457733622,0.0,11.156264806643742,0.0,9.076923258535832,0.0,2.19722457733622,0.6931471805599453,9.076923258535832,1.0
PRV57145,1.6094379124341005,0.0,11.156264806643742,0.0,9.770013301136158,0.0,1.6094379124341005,0.6931471805599453,9.770013301136158,1.0
PRV57146,2.302585092994046,0.0,11.542493975902508,0.0,9.34534706469904,0.0,2.302585092994046,0.6931471805599453,9.34534706469904,1.0
PRV57147,0.0,2.5649493574615367,0.0,8.333510708982942,0.0,5.851244166332663,2.5649493574615367,0.6931471805599453,5.851244166332663,0.0
PRV57148,2.772588722239781,4.23410650459726,12.078699395420928,10.11662117122102,9.370728700020454,5.899816770158458,4.204692619390966,0.8142915639190336,7.791786649723257,0.180722891566265
PRV57149,0.0,4.969813299576001,0.0,10.217969771265723,0.0,5.260295933970237,4.867534450455582,0.7459896619343251,5.260295933970237,0.0
PRV57150,0.0,5.117993812416755,0.0,10.52301510322231,0.0,5.415457625386531,4.820281565605037,0.8542423327400147,5.415457625386531,0.0
PRV57151,0.0,6.246106765481563,0.0,12.037837409036287,0.0,5.796706756629205,5.44673737166631,1.1723078896819674,5.796706756629205,0.0
PRV57152,0.0,5.993961427306569,0.0,11.537432694524568,0.0,5.549853992363464,5.950642552587727,0.7150977068101572,5.549853992363464,0.0
PRV57153,0.0,4.553876891600541,0.0,10.2985992485648,0.0,5.758431833282549,4.532599493153256,0.703958096664161,5.758431833282549,0.0
PRV57154,0.0,3.970291913552122,0.0,9.590897844378162,0.0,5.6431338140893,3.688879454113936,0.8472978603872036,5.6431338140893,0.0
PRV57156,0.0,5.375278407684165,0.0,11.164374574221812,0.0,5.796764364700935,4.663439094112067,1.1143606456362487,5.796764364700935,0.0
PRV57157,2.833213344056216,4.948759890378168,11.951186847493476,10.476188780020186,9.178694894140635,5.5384584942308175,4.51085950651685,1.0055218656020977,7.108160204864948,0.1025641025641025
PRV57158,3.4339872044851463,5.488937726156687,12.727841176689148,11.220043228404824,9.326729844481743,5.738457816321315,4.934473933130692,1.086461470885597,7.326370930779658,0.1107011070110701
PRV57159,0.0,5.43372200355424,0.0,11.039893254197803,0.0,5.614184022012936,4.77912349311153,1.0757541505920596,5.614184022012936,0.0
PRV57160,0.0,4.624972813284271,0.0,10.511920715155128,0.0,5.899517517450083,4.584967478670572,0.7135560521911525,5.899517517450083,0.0
PRV57161,0.0,1.9459101490553128,0.0,7.300472814267799,0.0,5.512083756049649,1.9459101490553128,0.6931471805599453,5.512083756049649,0.0
PRV57162,2.079441541679836,4.584967478670572,12.001511614739403,10.394549148260978,10.05563827459676,5.822771350387263,3.951243718581428,1.1115994841949208,7.540376390561465,0.0673076923076923
PRV57165,1.3862943611198906,3.555348061489413,10.434145214930489,8.651898894268529,9.335591746331804,5.131290019495332,3.49650756146648,0.7683706017975328,6.979623292563288,0.081081081081081
PRV57166,3.4011973816621555,4.812184355372417,12.380030154325455,10.945547126244623,9.012851963983678,6.143657808929093,4.859812404361672,0.7791815179017485,7.576945586163003,0.1920529801324503
PRV57167,0.0,5.476463551931511,0.0,11.083695189061784,0.0,5.6150584018936,4.634728988229636,1.203972804325936,5.6150584018936,0.0
PRV57168,0.0,4.330733340286331,0.0,10.52247675969231,0.0,6.206979071257701,4.219507705176107,0.7511344382102946,6.206979071257701,0.0
PRV57169,2.8903717578961645,2.70805020110221,11.970356641103,8.263848131368906,9.137244557101676,5.628134856316887,3.295836866004329,0.7849547298130681,8.560814876047347,0.5483870967741935
PRV57170,0.0,6.363028103540465,0.0,12.03386576251999,0.0,5.675990504429698,5.4510384535657,1.251530682449103,5.675990504429698,0.0
PRV57171,1.3862943611198906,5.241747015059643,8.853808274977197,10.772497979828982,7.755481618987408,5.539969424875121,4.204692619390966,1.3594213428687942,5.66064905576147,0.0157068062827225
PRV57172,4.48863636973214,7.422373700986824,13.70480355304804,13.10399775711883,9.227563918725725,5.685620128157895,6.406879986069314,1.363304842895192,6.670204462376204,0.05
PRV57173,4.574710978503383,7.029972911706386,13.827440116971353,12.658456326202502,9.263185794522707,5.63295000248645,6.844815479208263,0.8355014769468342,6.988213598864081,0.0783673469387755
PRV57174,2.5649493574615367,3.7612001156935615,11.19822841866684,10.040244985890988,8.713472440394675,6.304361743700819,3.8918202981106265,0.7537718023763802,7.4829527433286,0.2222222222222222
PRV57175,0.0,4.3694478524670215,0.0,10.39209824173096,0.0,6.037748520901177,4.343805421853684,0.7062192621272981,6.037748520901177,0.0
PRV57176,1.6094379124341005,4.852030263919617,10.281958234245314,10.38347245275044,8.895766604056085,5.543176181476929,4.663439094112067,0.8098714548680866,6.154047405859949,0.0305343511450381
PRV57177,4.30406509320417,6.198478716492308,13.499430382731967,11.689991569368228,9.209069702003225,5.497643889249764,5.552959584921617,1.1614470245572086,7.316682472257729,0.1294326241134751
PRV57179,3.295836866004329,5.198497031265826,12.577639650232571,10.76766360014283,9.319629315094804,5.578471172579026,4.948759890378168,0.90479635244842,7.401936351437518,0.1262135922330097
PRV57181,0.0,4.804021044733257,0.0,10.370706056919774,0.0,5.578668917249671,3.8918202981106265,1.2586977040151826,5.578668917249671,0.0
PRV57182,1.791759469228055,4.276666119016055,10.950824090522444,9.90353755128617,9.34145634983372,5.644351389118177,4.158883083359672,0.7913392067391591,6.921813886759462,0.0657894736842105
PRV57183,0.0,3.970291913552122,0.0,9.485772721999046,0.0,5.5383936693120965,3.828641396489095,0.768048488733063,5.5383936693120965,0.0
PRV57184,1.0986122886681098,4.736198448394496,10.373522431293592,10.461988433479377,9.680406499268877,5.737799063962588,4.330733340286331,0.9295359586241758,6.368634546930575,0.017391304347826
PRV57185,2.079441541679836,5.19295685089021,11.661354090741,10.63106031411106,9.715495664040098,5.447964705257992,4.634728988229636,1.0379876668516748,6.7419799462595655,0.0376344086021505
PRV57186,0.0,3.7612001156935615,0.0,9.381010986029276,0.0,5.646792113921429,3.610917912644224,0.7731898882334818,5.646792113921429,0.0
PRV57187,0.0,4.74493212836325,0.0,10.463417576808428,0.0,5.730441488085391,4.59511985013459,0.7716187960014405,5.730441488085391,0.0
PRV57188,1.791759469228055,2.833213344056216,10.62135173563291,8.821879862683842,9.012011377036412,6.051500760552042,2.9444389791664403,0.7731898882334818,7.730279401039386,0.238095238095238
PRV57189,1.6094379124341005,5.53338948872752,10.950824090522444,10.9207270827385,9.564582358673212,5.395825705829206,4.852030263919617,1.103847902722055,6.086117550792103,0.015625
PRV57190,0.0,4.430816798843313,0.0,10.079581424158675,0.0,5.664172930898016,4.158883083359672,0.8404718953168038,5.664172930898016,0.0
PRV57191,5.225746673713202,7.182352111885263,14.53821702620254,12.806092512099744,9.31795051748038,5.628099703637076,6.665683717782408,1.069274550425493,7.388505126898752,0.1233333333333333
PRV57192,0.0,6.0112671744041615,0.0,11.841516728140563,0.0,5.835622224319032,5.225746673713202,1.1631508098056809,5.835622224319032,0.0
PRV57193,0.0,5.976350909297934,0.0,11.547529769657158,0.0,5.577499677699153,5.147494476813453,1.1933906949953992,5.577499677699153,0.0
PRV57194,1.0986122886681098,3.367295829986474,9.99884318585288,7.72356247227797,9.305741456739437,4.403228842324484,3.295836866004329,0.7672551527136671,6.696622640334063,0.0666666666666666
PRV57196,2.3978952727983707,4.07753744390572,11.373674891823535,8.965845494750937,9.071193240566023,4.912654885736052,3.7612001156935615,0.962810747509048,7.24105020438424,0.1470588235294117
PRV57197,2.19722457733622,4.532599493153256,11.49273296168228,9.77229627684378,9.41336284529417,5.2556821349036005,3.9318256327243257,1.0986122886681098,7.053067010142192,0.08
PRV57198,1.3862943611198906,3.951243718581428,9.680406499268877,9.48804786328076,8.58191919497788,5.56000266754031,3.784189633918261,0.8135108628098204,6.294787548882759,0.0555555555555555
PRV57199,0.0,2.079441541679836,0.0,7.58629630715272,0.0,5.643425674115304,2.079441541679836,0.6931471805599453,5.643425674115304,0.0
PRV57200,0.0,3.258096538021482,0.0,9.405166749908611,0.0,6.18826412308259,3.218875824868201,0.713766467762681,6.18826412308259,0.0
PRV57202,0.0,5.111987788356544,0.0,10.616706931897728,0.0,5.51477192971145,4.454347296253507,1.07880966137193,5.51477192971145,0.0
PRV57203,1.0986122886681098,3.828641396489095,10.545367754151744,8.937349848267392,9.852246888342531,5.136451818321464,3.871201010907891,0.6931471805599453,6.878764613192851,0.0425531914893617
PRV57204,3.091042453358316,4.727387818712341,12.128116509451258,10.517889100523476,9.083702173408382,5.802388084362704,4.406719247264253,0.9715268603494128,7.420547388998626,0.1578947368421052
PRV57205,2.5649493574615367,4.406719247264253,11.691080018519528,9.691592993399809,9.206265413934153,5.302075727153284,4.477336814478207,0.7270487322356266,7.286140159389043,0.1290322580645161
PRV57206,2.079441541679836,6.182084906716632,11.443586104891608,11.863589378812122,9.497740261761036,5.686961319676054,5.43372200355424,1.1471239400937834,6.176291466260421,0.0142857142857142
PRV57207,0.0,4.30406509320417,0.0,9.836866865194231,0.0,5.550248043265029,3.912023005428146,0.91220074662263,5.550248043265029,0.0
PRV57208,2.3978952727983707,4.6443908991413725,12.185875040240456,10.26049744037489,9.883335864325277,5.62933090352392,4.700480365792417,0.7113294996431357,7.595102486327851,0.0884955752212389
PRV57209,2.772588722239781,6.997595982981927,11.904974309480185,12.72795986365538,9.197018697859692,5.734513100015548,6.336825731146441,1.086721542146588,6.083956515965514,0.0135379061371841
PRV57210,2.3978952727983707,3.5263605246161616,11.790564777297387,8.521384396034705,9.48804786328076,5.031229843825428,3.58351893845611,0.8013607652001781,8.066995837430843,0.2325581395348837
PRV57211,2.19722457733622,4.6443908991413725,10.819798284210286,10.371332603727652,8.740496729931813,5.739792912179234,4.653960350157523,0.7262471289862901,6.605444199975707,0.072072072072072
PRV57212,0.0,4.624972813284271,0.0,10.453658881643552,0.0,5.841418468172729,4.110873864173311,0.9870598027623624,5.841418468172729,0.0
PRV57213,0.0,4.418840607796598,0.0,10.4353209594591,0.0,6.030978369270602,4.343805421853684,0.7318616927406358,6.030978369270602,0.0
PRV57215,2.19722457733622,1.3862943611198906,10.757924157061597,7.58629630715272,8.678631537293768,6.488698217354505,2.302585092994046,0.7985076962177716,8.401292473995904,0.7272727272727273
PRV57216,2.3978952727983707,4.290459441148391,11.39640288460621,9.75620490038669,9.093918908958932,5.483643663843745,4.143134726391533,0.8426789145309092,7.167696347215485,0.1219512195121951
PRV57217,2.302585092994046,3.9889840465642745,11.580593459194764,9.397732385583245,9.383443644720128,5.4317426214646805,4.0943445622221,0.7182531016910216,7.560769071963659,0.1451612903225806
PRV57218,0.0,6.025865973825314,0.0,11.721815921806328,0.0,5.701706066982889,5.655991810819852,0.895729922493722,5.701706066982889,0.0
PRV57219,0.0,3.8501476017100575,0.0,9.378478484253662,0.0,5.553633439394555,3.610917912644224,0.8232003088081431,5.553633439394555,0.0
PRV57223,3.555348061489413,3.044522437723423,12.525620323525118,8.562357743370612,8.999379660523418,5.570251082031678,3.912023005428146,0.7429086901190091,8.55564437779049,0.6296296296296297
PRV57224,1.0986122886681098,5.3612921657094255,9.99884318585288,10.950122102111523,9.305741456739437,5.597233272356993,4.976733742420574,0.9107196868246996,5.91342722605578,0.0093457943925233
PRV57225,3.871201010907891,4.882801922586371,12.941802669405789,9.909519324767848,9.091765267396864,5.040762130830297,4.983606621708336,0.800918580802082,7.807500903536732,0.2640449438202247
PRV57227,3.091042453358316,3.4657359027997265,12.133507329024972,8.665785595466064,9.089092411824632,5.23695658673701,3.9318256327243257,0.712949807856125,8.213235801850383,0.4038461538461538
PRV57228,3.555348061489413,6.206575926724928,12.433212202169727,11.762679788030711,8.90698314249146,5.561962861171576,5.823045895483019,0.9438019782100736,6.576672275042303,0.0642722117202268
PRV57230,3.332204510175204,5.043425116919247,12.432813717998226,10.792838649154332,9.137080473155024,5.759024671810701,5.081404364984463,0.7567086620496899,7.412210377731798,0.149171270718232
PRV57231,2.9444389791664403,3.4339872044851463,12.056998226329709,8.853808274977197,9.166725128112862,5.456744603142555,3.7612001156935615,0.7621400520468967,8.225882320610378,0.375
PRV57232,0.0,2.079441541679836,0.0,6.814542897259958,0.0,4.875197323201151,2.079441541679836,0.6931471805599453,4.875197323201151,0.0
PRV57233,0.0,4.948759890378168,0.0,10.64354217367223,0.0,5.705210026647387,4.07753744390572,1.227824020148116,5.705210026647387,0.0
PRV57234,2.302585092994046,2.772588722239781,11.338583982516496,8.537191877922927,9.141454637606987,5.831882477283517,3.1780538303479458,0.7146533857809089,8.219730107109351,0.375
PRV57235,1.3862943611198906,2.5649493574615367,10.165890277802454,7.252053951852814,9.067354906294602,4.774912960575186,2.6390573296152584,0.7672551527136671,7.51116008404122,0.2
PRV57236,0.0,4.477336814478207,0.0,9.861153999520049,0.0,5.399721791325304,3.688879454113936,1.1727202608218317,5.399721791325304,0.0
PRV57238,0.6931471805599453,3.80666248977032,9.210440366976515,8.845201135339584,9.210440366976515,5.067187463601177,3.4011973816621555,0.9367692632176956,5.933423390824364,0.0222222222222222
PRV57239,0.0,3.367295829986474,0.0,8.729235349659273,0.0,5.401389551687851,2.995732273553991,0.905708622543618,5.401389551687851,0.0
PRV57240,0.0,4.290459441148391,0.0,10.118235963061956,0.0,5.844429693335606,3.4657359027997265,1.2007417837444896,5.844429693335606,0.0
PRV57241,0.0,4.0943445622221,0.0,10.172789235831422,0.0,6.097464688670013,3.80666248977032,0.8505393543113746,6.097464688670013,0.0
PRV57242,0.0,4.6443908991413725,0.0,10.37039263624398,0.0,5.738855939157971,3.80666248977032,1.206242952860475,5.738855939157971,0.0
PRV57244,0.0,1.6094379124341005,0.0,6.415096959171596,0.0,5.033700567027251,1.6094379124341005,0.6931471805599453,5.033700567027251,0.0
PRV57245,0.0,4.532599493153256,0.0,10.397909366476442,0.0,5.878892097521782,3.332204510175204,1.4832866271072005,5.878892097521782,0.0
PRV57246,0.0,1.9459101490553128,0.0,8.31898612539206,0.0,6.528445128350824,1.9459101490553128,0.6931471805599453,6.528445128350824,0.0
PRV57247,0.0,2.4849066497880004,0.0,6.8679744089702925,0.0,4.4804311954929545,2.302585092994046,0.7985076962177716,4.4804311954929545,0.0
PRV57248,0.0,1.9459101490553128,0.0,5.3981627015177525,0.0,3.628775530044231,1.9459101490553128,0.6931471805599453,3.628775530044231,0.0
PRV57250,0.0,3.1780538303479458,0.0,9.454148923733976,0.0,6.320377226238872,2.833213344056216,0.8909729238898652,6.320377226238872,0.0
PRV57251,2.772588722239781,0.0,11.95761769646754,0.0,9.249657234353132,0.0,2.70805020110221,0.7282385003712154,9.249657234353132,1.0
PRV57252,1.3862943611198906,0.0,9.798182590890704,0.0,8.699681400989514,0.0,1.3862943611198906,0.6931471805599453,8.699681400989514,1.0
PRV57253,0.0,3.80666248977032,0.0,9.2975267336551,0.0,5.517270331425405,3.610917912644224,0.7985076962177716,5.517270331425405,0.0
PRV57255,0.0,3.555348061489413,0.0,8.837971491357209,0.0,5.316388391679939,3.1780538303479458,0.9075570519054004,5.316388391679939,0.0
PRV57256,0.0,2.19722457733622,0.0,7.544861068658458,0.0,5.469114437490037,2.19722457733622,0.6931471805599453,5.469114437490037,0.0
PRV57257,0.0,2.8903717578961645,0.0,8.501267040865978,0.0,5.671299794202647,2.4849066497880004,0.9343092373768334,5.671299794202647,0.0
PRV57259,0.0,3.8918202981106265,0.0,9.70814154461942,0.0,5.8397934295127865,3.6635616461296463,0.8167611365271219,5.8397934295127865,0.0
PRV57261,0.0,2.3978952727983707,0.0,7.378383712996714,0.0,5.081404364984463,2.302585092994046,0.7472144018302211,5.081404364984463,0.0
PRV57262,0.0,3.218875824868201,0.0,8.333510708982942,0.0,5.160969175396813,2.833213344056216,0.9162907318741552,5.160969175396813,0.0
PRV57263,0.0,3.970291913552122,0.0,10.3133098210857,0.0,6.363757280597069,3.1354942159291497,1.213022639845854,6.363757280597069,0.0
PRV57264,0.0,2.19722457733622,0.0,7.923348211930154,0.0,5.846438775057725,1.9459101490553128,0.8472978603872036,5.846438775057725,0.0
PRV57265,0.0,0.6931471805599453,0.0,5.303304908059076,0.0,5.303304908059076,0.6931471805599453,0.6931471805599453,5.303304908059076,0.0
PRV57266,0.0,3.555348061489413,0.0,9.19634286233233,0.0,5.673323267171493,3.49650756146648,0.723918839226699,5.673323267171493,0.0
PRV57269,0.0,3.6375861597263857,0.0,8.579416534596369,0.0,4.975241483236736,2.8903717578961645,1.1557707025080584,4.975241483236736,0.0
PRV57270,0.0,2.302585092994046,0.0,6.90875477931522,0.0,4.719490443017389,2.302585092994046,0.6931471805599453,4.719490443017389,0.0
PRV57272,0.0,3.258096538021482,0.0,9.079206103951382,0.0,5.8630628323034575,2.9444389791664403,0.8708283577973978,5.8630628323034575,0.0
PRV57273,0.0,2.302585092994046,0.0,6.994849985833071,0.0,4.804931377067402,1.9459101490553128,0.9162907318741552,4.804931377067402,0.0
PRV57274,0.0,1.6094379124341005,0.0,4.875197323201151,0.0,3.5115454388310208,1.6094379124341005,0.6931471805599453,3.5115454388310208,0.0
PRV57275,0.0,4.127134385045092,0.0,9.335297611380566,0.0,5.229704984726601,3.737669618283368,0.9114007465799632,5.229704984726601,0.0
PRV57276,0.0,2.6390573296152584,0.0,8.412054873292933,0.0,5.849768042365464,2.302585092994046,0.8938178760220964,5.849768042365464,0.0
PRV57277,0.0,2.079441541679836,0.0,7.131698510466912,0.0,5.190573059534934,2.079441541679836,0.6931471805599453,5.190573059534934,0.0
PRV57278,0.0,2.079441541679836,0.0,6.85751406254539,0.0,4.917893242397641,2.079441541679836,0.6931471805599453,4.917893242397641,0.0
PRV57280,0.0,1.3862943611198906,0.0,5.14166355650266,0.0,4.054679305829669,1.3862943611198906,0.6931471805599453,4.054679305829669,0.0
PRV57282,0.0,3.737669618283368,0.0,9.03013657115323,0.0,5.321342915165761,3.258096538021482,0.9707789171582248,5.321342915165761,0.0
PRV57283,0.0,0.6931471805599453,0.0,6.803505257608338,0.0,6.803505257608338,0.6931471805599453,0.6931471805599453,6.803505257608338,0.0
PRV57284,2.995732273553991,1.6094379124341005,11.982935344196433,7.359467638255621,9.0386088579993,5.975081067857458,3.1354942159291497,0.7156200364120039,8.857341891370098,0.8260869565217391
PRV57285,2.19722457733622,0.0,11.326607934898927,0.0,9.24725072599628,0.0,2.19722457733622,0.6931471805599453,9.24725072599628,1.0
PRV57286,0.0,1.0986122886681098,0.0,3.044522437723423,0.0,2.3978952727983707,1.0986122886681098,0.6931471805599453,2.3978952727983707,0.0
PRV57287,0.0,5.66988092298052,0.0,11.294657508602768,0.0,5.631806909233389,4.68213122712422,1.3085853767925744,5.631806909233389,0.0
PRV57288,0.0,4.543294782270004,0.0,10.227417172661774,0.0,5.698139341948122,3.871201010907891,1.091494820899246,5.698139341948122,0.0
PRV57289,0.0,2.3978952727983707,0.0,8.670943791222156,0.0,6.369900982828227,2.079441541679836,0.8873031950009028,6.369900982828227,0.0
PRV57290,1.0986122886681098,0.0,10.915106645867503,0.0,10.221977646629885,0.0,1.0986122886681098,0.6931471805599453,10.221977646629885,1.0
PRV57291,0.0,1.3862943611198906,0.0,7.244941546337007,0.0,6.147755791434351,1.3862943611198906,0.6931471805599453,6.147755791434351,0.0
PRV57293,2.5649493574615367,0.0,11.51293546492023,0.0,9.028138807982804,0.0,2.3978952727983707,0.7884573603642702,9.028138807982804,1.0
PRV57294,1.0986122886681098,0.0,9.39274525863144,0.0,8.699681400989514,0.0,1.0986122886681098,0.6931471805599453,8.699681400989514,1.0
PRV57295,2.70805020110221,0.0,12.06105265381003,0.0,9.422070465445907,0.0,2.6390573296152584,0.7308875085427923,9.422070465445907,1.0
PRV57297,2.19722457733622,0.0,10.87806606028079,0.0,8.798756582859841,0.0,2.19722457733622,0.6931471805599453,8.798756582859841,1.0
PRV57298,1.3862943611198906,0.0,9.546884034617923,0.0,8.448414582687667,0.0,1.3862943611198906,0.6931471805599453,8.448414582687667,1.0
PRV57299,1.9459101490553128,0.0,10.59665973278358,0.0,8.805025252619144,0.0,1.9459101490553128,0.6931471805599453,8.805025252619144,1.0
PRV57301,1.6094379124341005,3.367295829986474,10.239995502805316,9.553291574695104,8.853808274977197,6.2230013477802135,3.49650756146648,0.6931471805599453,7.182589545701702,0.125
PRV57302,1.0986122886681098,1.0986122886681098,9.546884034617923,5.081404364984463,8.853808274977197,4.394449154672439,1.6094379124341005,0.6931471805599453,8.172164452111904,0.5
PRV57303,2.4849066497880004,4.553876891600541,11.461642696843066,9.992459506338392,9.063852680554907,5.453409851977258,4.532599493153256,0.7614151516889481,7.015669673570344,0.1047619047619047
PRV57304,1.3862943611198906,4.51085950651685,10.645448706505872,10.186445986151496,9.546884034617923,5.689984008477713,3.49650756146648,1.3625778345025743,6.603929254456155,0.032258064516129
PRV57305,0.0,6.516193076042964,0.0,12.07682349955715,0.0,5.565938444996501,5.840641657373398,1.087864749944528,5.565938444996501,0.0
PRV57306,0.0,7.747596838692885,0.0,13.352619176615622,0.0,5.60912363056288,7.249925536717988,0.972801380087807,5.60912363056288,0.0
PRV57307,2.5649493574615367,3.295836866004329,11.818209214992564,8.706324840138741,9.333383622486316,5.452358150227044,3.58351893845611,0.7351113796589774,8.224431573221159,0.3157894736842105
PRV57308,0.0,1.9459101490553128,0.0,8.03947991910045,0.0,6.249331534480577,1.9459101490553128,0.6931471805599453,6.249331534480577,0.0
PRV57309,2.5649493574615367,3.1780538303479458,11.472113887062386,9.414178772232386,8.987321812850125,6.280477255609945,3.58351893845611,0.6931471805599453,8.037266202382183,0.3428571428571428
PRV57310,4.189654742026425,4.060443010546419,13.407543823396258,9.038483865029992,9.233252789326588,5.002060624773855,4.605170185988092,0.803042851383163,8.616284588956727,0.5327868852459017
PRV57311,0.0,5.82600010738045,0.0,11.35441027450788,0.0,5.535305466695766,5.068904202220232,1.1439808936979607,5.535305466695766,0.0
PRV57312,0.0,5.814130531825066,0.0,11.4221360510875,0.0,5.61463490363773,4.927253685157205,1.2348771681882929,5.61463490363773,0.0
PRV57313,0.0,5.998936561946683,0.0,11.532443738116108,0.0,5.539916428077674,5.796057750765372,0.800030925758293,5.539916428077674,0.0
PRV57314,0.0,3.8918202981106265,0.0,9.633710883953182,0.0,5.765582875561648,3.8501476017100575,0.7146533857809089,5.765582875561648,0.0
PRV57315,0.0,3.1354942159291497,0.0,8.692993531219926,0.0,5.605467785831578,3.1354942159291497,0.6931471805599453,5.605467785831578,0.0
PRV57316,3.688879454113936,3.8501476017100575,12.840003118946523,8.97727273946428,9.17654226322596,5.154296367252495,4.3694478524670215,0.7370413741171705,8.418360343708262,0.4588235294117647
PRV57317,4.442651256490317,5.926926025970411,13.630386277206297,11.465110325309874,9.199669352918216,5.544759576436208,5.8664680569332965,0.8334030720683874,7.612610939565052,0.1834061135371179
PRV57318,0.0,5.017279836814924,0.0,10.696050111394271,0.0,5.688781633642844,4.882801922586371,0.7631573461325942,5.688781633642844,0.0
PRV57319,2.833213344056216,5.575949103146316,11.580593459194764,11.162814644244133,8.80814491273564,5.594372085048502,5.541263545158426,0.7411871571473079,6.456859679259707,0.057347670250896
PRV57320,2.3978952727983707,3.367295829986474,11.440365524765756,9.33353098253138,9.137877200242468,6.003710684709045,3.6635616461296463,0.6931471805599453,7.917900586327916,0.2631578947368421
PRV57321,2.772588722239781,4.248495242049359,11.995357787034976,9.876167741881163,9.287394001418471,5.645549314685523,4.110873864173311,0.8754687373538999,7.678436528706145,0.1785714285714285
PRV57322,2.079441541679836,3.295836866004329,10.87806606028079,8.960724500330858,8.932269110229447,5.705831655701137,3.4657359027997265,0.7248958788745256,7.519215724428039,0.2121212121212121
PRV57324,3.1354942159291497,4.564348191467836,12.144202560946876,10.14843173380919,9.053271802883913,5.598227008222828,4.727387818712341,0.7152231322591451,7.510000072498127,0.188034188034188
PRV57325,0.0,3.737669618283368,0.0,9.357121103184378,0.0,5.646997018518566,3.688879454113936,0.7184649885442351,5.646997018518566,0.0
PRV57326,1.791759469228055,0.0,10.518700218288163,0.0,8.909370405197466,0.0,1.791759469228055,0.6931471805599453,8.909370405197466,1.0
PRV57327,0.0,1.3862943611198906,0.0,5.25227342804663,0.0,4.164077900236776,1.3862943611198906,0.6931471805599453,4.164077900236776,0.0
PRV57328,0.0,3.6635616461296463,0.0,8.586905803827538,0.0,4.9561976338515645,3.6635616461296463,0.6931471805599453,4.9561976338515645,0.0
PRV57329,0.0,3.610917912644224,0.0,9.347577390281268,0.0,5.7671049789671285,3.58351893845611,0.7073318155519017,5.7671049789671285,0.0
PRV57330,2.5649493574615367,3.1354942159291497,11.002116507732016,9.653165488841426,8.517393171418904,6.563470787829081,3.367295829986474,0.7949298748698875,7.706903946204686,0.3529411764705882
PRV57331,2.833213344056216,4.836281906951478,12.07254696717504,10.650199196425806,9.300043955057962,5.824819469699035,4.859812404361672,0.742681115682222,7.340462937313945,0.1134751773049645
PRV57332,0.0,4.59511985013459,0.0,10.023978030870753,0.0,5.443300790762862,4.499809670330265,0.7424722471224467,5.443300790762862,0.0
PRV57333,0.0,6.912742820493176,0.0,12.58115070849832,0.0,5.672843969402007,6.584791392385716,0.8707318559879139,5.672843969402007,0.0
PRV57334,3.688879454113936,3.4011973816621555,13.001327306361068,8.865170419651774,9.337851435140056,5.501821035943009,4.110873864173311,0.7576857016975165,8.79782399138719,0.5735294117647058
PRV57335,1.3862943611198906,6.690842277418564,10.5713425658087,12.411748521425135,9.472781556562168,5.725412521049432,5.726847747587197,1.291229249323164,5.868593076142773,0.0037174721189591
PRV57336,0.0,4.912654885736052,0.0,10.247821660640062,0.0,5.347283882009699,4.770684624465665,0.7672551527136671,5.347283882009699,0.0
PRV57339,0.0,6.129050210060545,0.0,11.56296247055736,0.0,5.440430823319376,5.236441962829949,1.2381416999411858,5.440430823319376,0.0
PRV57340,2.8903717578961645,3.218875824868201,12.19602736016897,8.757940876678804,9.362894820520678,5.583496308781699,3.688879454113936,0.7184649885442351,8.514266962963317,0.4146341463414634
PRV57341,4.356708826689592,4.61512051684126,13.561909087824318,10.605371456538457,9.218201599193142,6.002651736498547,5.068904202220232,0.7515354987980997,8.43666552624515,0.4350282485875706
PRV57343,0.0,4.330733340286331,0.0,10.521129631565318,0.0,6.205634623623084,4.02535169073515,0.8602012652231115,6.205634623623084,0.0
PRV57344,3.258096538021482,6.1224928095143865,12.358798024384122,12.184343263233146,9.140025198061156,6.066363023057762,5.247024072160486,1.264037045068586,6.795845586428548,0.0520833333333333
PRV57345,3.784189633918261,3.828641396489095,12.999067423500716,10.057109521191691,9.23796232570226,6.252331965364207,4.418840607796598,0.7290791897860087,8.57333290473878,0.4886363636363636
PRV57346,0.0,6.278521424165844,0.0,11.921259786279958,0.0,5.648139939155686,6.104793232414985,0.7839730479169416,5.648139939155686,0.0
PRV57347,2.8903717578961645,4.859812404361672,11.669937760751914,10.259797429846149,8.836861158314077,5.412203931925297,4.955827057601261,0.7072319204416844,6.912605566263815,0.1172413793103448
PRV57348,0.0,6.825460036255307,0.0,12.452037791879864,0.0,5.631250740077599,6.459904454377535,0.8928199430859037,5.631250740077599,0.0
PRV57350,2.302585092994046,3.6375861597263857,11.082157933374816,8.762646029650282,8.885056423495103,5.157345232727062,3.737669618283368,0.752336051950276,7.347915826452295,0.1956521739130435
PRV57351,0.0,3.555348061489413,0.0,9.912496846693715,0.0,6.387770188018447,3.49650756146648,0.723918839226699,6.387770188018447,0.0
PRV57352,1.3862943611198906,3.737669618283368,9.61587214452889,9.21542741102474,8.517393171418904,5.505827149760221,3.737669618283368,0.7290791897860087,6.346194418801384,0.0681818181818181
PRV57354,0.0,3.1354942159291497,0.0,9.04911472347696,0.0,5.960536626232925,3.091042453358316,0.7166776779701395,5.960536626232925,0.0
PRV57355,0.0,3.555348061489413,0.0,9.695294188174604,0.0,6.170963496640441,3.091042453358316,0.962810747509048,6.170963496640441,0.0
PRV57356,0.0,4.219507705176107,0.0,10.067772421843932,0.0,5.865875940522832,3.258096538021482,1.3029127521808397,5.865875940522832,0.0
PRV57357,2.772588722239781,0.6931471805599453,11.635151947212842,7.438971592395862,8.927225631145479,7.438971592395862,2.6390573296152584,0.8023464725249373,8.877626065482294,0.9375
PRV57358,0.0,4.356708826689592,0.0,9.409273194575334,0.0,5.071677450327156,3.49650756146648,1.2256119794294171,5.071677450327156,0.0
PRV57359,0.0,4.634728988229636,0.0,10.44555018122396,0.0,5.823509878787944,4.219507705176107,0.9252060955321074,5.823509878787944,0.0
PRV57361,0.0,4.110873864173311,0.0,9.841133310789152,0.0,5.749923630654056,3.49650756146648,1.0560526742493137,5.749923630654056,0.0
PRV57363,0.0,1.0986122886681098,0.0,5.993961427306569,0.0,5.303304908059076,1.0986122886681098,0.6931471805599453,5.303304908059076,0.0
PRV57364,1.3862943611198906,2.079441541679836,10.645448706505872,6.478509642208569,9.546884034617923,4.5417738694292975,2.302585092994046,0.7472144018302211,8.358431899031295,0.3
PRV57365,0.0,5.214935757608986,0.0,10.955375042698002,0.0,5.749062277929085,4.442651256490317,1.1564318595569358,5.749062277929085,0.0
PRV57366,0.0,2.5649493574615367,0.0,8.509362612301048,0.0,6.0266708028426015,2.079441541679836,0.9985288301111273,6.0266708028426015,0.0
PRV57367,0.0,2.4849066497880004,0.0,8.996032669324372,0.0,6.599375633435077,2.19722457733622,0.8649974374866045,6.599375633435077,0.0
PRV57368,0.0,3.1354942159291497,0.0,8.160803920954665,0.0,5.075741835697835,3.1354942159291497,0.6931471805599453,5.075741835697835,0.0
PRV57369,2.4849066497880004,2.8903717578961645,11.669937760751914,7.762596048540069,9.27212795365621,4.936165265457768,3.332204510175204,0.7114963192281418,8.357845698182103,0.3928571428571428
PRV57371,0.0,0.6931471805599453,0.0,4.262679877041316,0.0,4.262679877041316,0.6931471805599453,0.6931471805599453,4.262679877041316,0.0
PRV57372,2.772588722239781,2.8903717578961645,11.686887175419702,8.46611040118692,8.978954613467938,5.636259111148609,3.367295829986474,0.7621400520468967,8.260541330062235,0.46875
PRV57373,0.0,1.0986122886681098,0.0,6.68586094706836,0.0,5.993961427306569,1.0986122886681098,0.6931471805599453,5.993961427306569,0.0
PRV57374,0.0,1.9459101490553128,0.0,6.68586094706836,0.0,4.9003242732785735,1.791759469228055,0.7884573603642702,4.9003242732785735,0.0
PRV57375,1.9459101490553128,4.330733340286331,10.736418414365376,10.174315895415749,8.944767632519909,5.859645972487134,3.58351893845611,1.198242129616951,6.794144084637411,0.074074074074074
PRV57376,0.0,3.044522437723423,0.0,8.529319371214077,0.0,5.537334267018537,2.9444389791664403,0.7472144018302211,5.537334267018537,0.0
PRV57378,0.0,3.58351893845611,0.0,8.821879862683842,0.0,5.27153328264122,3.4011973816621555,0.7915872533731978,5.27153328264122,0.0
PRV57379,1.3862943611198906,3.258096538021482,10.691967639914864,9.423918318420691,9.593400803726196,6.206979071257701,3.295836866004329,0.7308875085427923,7.608161761223672,0.1071428571428571
PRV57380,0.0,4.477336814478207,0.0,10.038062150832348,0.0,5.575905563361832,4.174387269895637,0.8583967534552525,5.575905563361832,0.0
PRV57381,0.0,3.912023005428146,0.0,9.833118734869243,0.0,5.943870096359676,2.5649493574615367,1.6259672143853108,5.943870096359676,0.0
PRV57382,1.791759469228055,4.31748811353631,11.350418300109132,9.603125426926972,9.741027444837728,5.303976996262343,3.828641396489095,1.013619075834717,7.14236699599695,0.0632911392405063
PRV57385,0.0,4.51085950651685,0.0,9.995656440007505,0.0,5.499896739946406,3.737669618283368,1.161625256496844,5.499896739946406,0.0
PRV57386,0.0,0.6931471805599453,0.0,5.707110264748875,0.0,5.707110264748875,0.6931471805599453,0.6931471805599453,5.707110264748875,0.0
PRV57388,0.0,2.302585092994046,0.0,7.415175109613295,0.0,5.222755346325616,2.079441541679836,0.826678573184468,5.222755346325616,0.0
PRV57389,0.0,1.9459101490553128,0.0,8.24564690087386,0.0,6.455198563340122,1.6094379124341005,0.9162907318741552,6.455198563340122,0.0
PRV57390,0.0,4.02535169073515,0.0,9.291090521661292,0.0,5.2887260621462495,3.7612001156935615,0.8370413602200145,5.2887260621462495,0.0
PRV57391,0.0,2.995732273553991,0.0,8.472405008626103,0.0,5.531723862691805,2.6390573296152584,0.90078654533819,5.531723862691805,0.0
PRV57392,0.0,1.0986122886681098,0.0,4.262679877041316,0.0,3.58351893845611,1.0986122886681098,0.6931471805599453,3.58351893845611,0.0
PRV57393,0.0,1.791759469228055,0.0,7.937731775260109,0.0,6.329720905522696,1.791759469228055,0.6931471805599453,6.329720905522696,0.0
PRV57394,0.0,2.833213344056216,0.0,8.799510901368867,0.0,6.029181726674758,2.772588722239781,0.7259370033829363,6.029181726674758,0.0
PRV57396,0.0,0.6931471805599453,0.0,0.0,0.0,0.0,0.6931471805599453,0.6931471805599453,0.0,0.0
PRV57397,2.079441541679836,0.0,11.082157933374816,0.0,9.136340086331751,0.0,2.079441541679836,0.6931471805599453,9.136340086331751,1.0
PRV57398,1.3862943611198906,0.0,10.831726617926124,0.0,9.7331538533875,0.0,1.3862943611198906,0.6931471805599453,9.7331538533875,1.0
PRV57399,0.6931471805599453,0.0,10.950824090522444,0.0,10.950824090522444,0.0,0.6931471805599453,0.6931471805599453,10.950824090522444,1.0
PRV57400,2.19722457733622,0.0,11.112462823634855,0.0,9.033125752550372,0.0,1.9459101490553128,0.8472978603872036,9.033125752550372,1.0
PRV57401,2.19722457733622,0.0,11.082157933374816,0.0,9.002824076547672,0.0,2.19722457733622,0.6931471805599453,9.002824076547672,1.0
PRV57402,0.0,0.6931471805599453,0.0,3.044522437723423,0.0,3.044522437723423,0.6931471805599453,0.6931471805599453,3.044522437723423,0.0
PRV57403,2.772588722239781,0.0,12.055255569732177,0.0,9.347286760193196,0.0,2.6390573296152584,0.7672551527136671,9.347286760193196,1.0
PRV57404,2.302585092994046,3.6375861597263857,11.034905792929417,9.41336284529417,8.837810237446451,5.805379159223347,3.784189633918261,0.7274362540385774,7.387170996966749,0.1956521739130435
PRV57405,0.0,3.49650756146648,0.0,8.646641258603124,0.0,5.186337770810329,3.332204510175204,0.7817005779013904,5.186337770810329,0.0
PRV57406,3.8501476017100575,3.1354942159291497,13.100119813444692,9.708749225727084,9.271570437073306,6.618981701965013,4.07753744390572,0.7758388964050587,8.913851001434823,0.6764705882352942
PRV57407,0.0,5.384495062789089,0.0,11.048681218592824,0.0,5.672214127749891,4.6443908991413725,1.1335920075641364,5.672214127749891,0.0
PRV57408,0.0,4.02535169073515,0.0,9.065430200180376,0.0,5.064319666969818,3.9318256327243257,0.7419373447293773,5.064319666969818,0.0
PRV57409,3.218875824868201,3.871201010907891,12.235636302128867,9.44311737225863,9.057694115491978,5.596607863773574,4.174387269895637,0.7463916950787576,8.032735176513391,0.3380281690140845
PRV57410,0.0,5.488937726156687,0.0,10.963203075574292,0.0,5.482556171383748,4.836281906951478,1.074319596099065,5.482556171383748,0.0
PRV57411,0.0,3.4011973816621555,0.0,9.054972284742483,0.0,5.690941763779751,3.332204510175204,0.7295148247308202,5.690941763779751,0.0
PRV57412,2.302585092994046,5.66988092298052,10.985309671896765,11.42279285837102,8.788220676291115,5.759512854089659,4.68213122712422,1.331058232644633,6.225806902050817,0.0302013422818791
PRV57413,0.0,3.970291913552122,0.0,9.799847777776368,0.0,5.851428528715885,3.4657359027997265,0.9848534033114515,5.851428528715885,0.0
PRV57414,2.9444389791664403,2.3978952727983707,12.269052139516225,7.808323050391055,9.378760190267132,5.5093883366279774,3.258096538021482,0.7514160886839212,8.948455992345542,0.6428571428571429
PRV57415,0.0,4.465908118654584,0.0,10.573647540450066,0.0,6.121472297128646,3.737669618283368,1.1306150197542837,6.121472297128646,0.0
PRV57416,0.0,2.079441541679836,0.0,7.090909822079984,0.0,5.149983072042218,1.9459101490553128,0.7731898882334818,5.149983072042218,0.0
PRV57417,0.0,2.302585092994046,0.0,7.8713112033234065,0.0,5.677134247393662,2.302585092994046,0.6931471805599453,5.677134247393662,0.0
PRV57419,0.0,2.8903717578961645,0.0,8.497194544909547,0.0,5.667240523355724,2.8903717578961645,0.6931471805599453,5.667240523355724,0.0
PRV57421,0.0,3.58351893845611,0.0,8.997270906233448,0.0,5.446121418459278,3.5263605246161616,0.7230001437096264,5.446121418459278,0.0
PRV57422,0.0,4.653960350157523,0.0,10.422906150720138,0.0,5.781574129901194,4.110873864173311,1.0055218656020977,5.781574129901194,0.0
PRV57423,0.0,3.871201010907891,0.0,9.97025795616998,0.0,6.122259486290667,3.737669618283368,0.7637647477738986,6.122259486290667,0.0
PRV57424,0.0,3.6635616461296463,0.0,9.38353709043758,0.0,5.749057696718189,3.367295829986474,0.8574502318512216,5.749057696718189,0.0
PRV57425,3.49650756146648,4.532599493153256,12.651402490133291,10.419927387086586,9.185765877409604,5.900849847999068,4.624972813284271,0.8009798853631607,7.933461519711691,0.2580645161290322
PRV57426,0.0,4.110873864173311,0.0,9.695294188174604,0.0,5.604575824572753,3.5263605246161616,1.0360919316867756,5.604575824572753,0.0
PRV57427,2.70805020110221,2.833213344056216,11.60824473564232,8.186185994226083,8.969305579788081,5.417765681523481,3.332204510175204,0.7472144018302211,8.239417444448963,0.4666666666666667
PRV57429,0.0,5.043425116919247,0.0,10.63323181522976,0.0,5.599959977181015,4.394449154672439,1.0732944806838198,5.599959977181015,0.0
PRV57431,0.0,3.218875824868201,0.0,9.517898598432753,0.0,6.341534391994578,2.995732273553991,0.8167611365271219,6.341534391994578,0.0
PRV57432,0.0,3.8918202981106265,0.0,9.504575923397804,0.0,5.636870769373074,3.737669618283368,0.775064303027832,5.636870769373074,0.0
PRV57433,2.833213344056216,4.007333185232471,11.744045122410055,9.648659816955297,8.971575439759016,5.663089072690614,4.158883083359672,0.7472144018302211,7.612054331339184,0.2285714285714285
PRV57434,0.0,5.75890177387728,0.0,11.338464929228104,0.0,5.586466102247483,5.0238805208462765,1.129049420853973,5.586466102247483,0.0
PRV57435,0.0,3.258096538021482,0.0,8.488999457045455,0.0,5.275048739608683,3.091042453358316,0.784118958765672,5.275048739608683,0.0
PRV57436,0.0,3.737669618283368,0.0,9.30118605527576,0.0,5.591259968364593,3.49650756146648,0.8247235383486646,5.591259968364593,0.0
PRV57437,1.9459101490553128,3.091042453358316,10.896757843893464,9.123801610558944,9.105090961257083,6.081457585634687,3.332204510175204,0.6931471805599453,7.758175244649531,0.2222222222222222
PRV57438,1.6094379124341005,2.3978952727983707,9.99884318585288,7.687538766201629,8.612685172875459,5.389071729816501,2.4849066497880004,0.8209805520698302,7.454802617904535,0.2857142857142857
PRV57440,0.0,1.6094379124341005,0.0,5.802118375377063,0.0,4.42484663185681,1.3862943611198906,0.8472978603872036,4.42484663185681,0.0
PRV57441,0.0,4.31748811353631,0.0,10.190957102406584,0.0,5.889626349327249,3.688879454113936,1.063826172582694,5.889626349327249,0.0
PRV57443,0.0,3.970291913552122,0.0,10.427949773825029,0.0,6.478214195047144,3.1354942159291497,1.213022639845854,6.478214195047144,0.0
PRV57444,0.0,2.6390573296152584,0.0,8.929435283803425,0.0,6.3660738583944925,2.6390573296152584,0.6931471805599453,6.3660738583944925,0.0
PRV57445,1.0986122886681098,3.367295829986474,8.987321812850125,9.557540571952371,8.294299608857235,6.227242236239759,3.044522437723423,0.9162907318741552,6.605748879242203,0.0666666666666666
PRV57446,0.0,2.19722457733622,0.0,8.630700432209832,0.0,6.55250788703459,2.079441541679836,0.7621400520468967,6.55250788703459,0.0
PRV57447,0.0,2.302585092994046,0.0,8.352554369474591,0.0,6.157214362778592,2.302585092994046,0.6931471805599453,6.157214362778592,0.0
PRV57448,0.0,5.327876168789581,0.0,10.857478611593107,0.0,5.538389979962695,4.736198448394496,1.0346635640678363,5.538389979962695,0.0
PRV57449,0.0,4.6443908991413725,0.0,10.253475186175006,0.0,5.622333708827368,4.060443010546419,1.0321225473992768,5.622333708827368,0.0
PRV57450,0.0,2.4849066497880004,0.0,8.46611040118692,0.0,6.070317736396148,2.4849066497880004,0.6931471805599453,6.070317736396148,0.0
PRV57452,0.0,1.3862943611198906,0.0,4.795790545596741,0.0,3.713572066704308,1.3862943611198906,0.6931471805599453,3.713572066704308,0.0
PRV57453,0.0,2.8903717578961645,0.0,7.955425088912672,0.0,5.127808121827154,2.772588722239781,0.7576857016975165,5.127808121827154,0.0
PRV57454,0.0,3.7612001156935615,0.0,8.632484235750972,0.0,4.90209512552105,3.4011973816621555,0.8953840470548414,4.90209512552105,0.0
PRV57455,0.0,1.9459101490553128,0.0,7.664346632098617,0.0,5.87493073085203,1.9459101490553128,0.6931471805599453,5.87493073085203,0.0
PRV57456,0.0,2.833213344056216,0.0,7.762596048540069,0.0,4.996367322298551,2.772588722239781,0.7259370033829363,4.996367322298551,0.0
PRV57459,0.0,2.4849066497880004,0.0,8.434028950155469,0.0,6.038304759408335,2.302585092994046,0.7985076962177716,6.038304759408335,0.0
PRV57460,0.0,3.610917912644224,0.0,8.967121656230923,0.0,5.3880565013029065,3.367295829986474,0.826678573184468,5.3880565013029065,0.0
PRV57461,0.0,0.6931471805599453,0.0,0.0,0.0,0.0,0.6931471805599453,0.6931471805599453,0.0,0.0
PRV57462,0.0,2.3978952727983707,0.0,7.353081920515432,0.0,5.056245805348308,2.3978952727983707,0.6931471805599453,5.056245805348308,0.0
PRV57463,0.0,3.367295829986474,0.0,8.910720661951359,0.0,5.582152764309812,3.295836866004329,0.7308875085427923,5.582152764309812,0.0
PRV57464,0.0,1.0986122886681098,0.0,4.394449154672439,0.0,3.713572066704308,1.0986122886681098,0.6931471805599453,3.713572066704308,0.0
PRV57465,0.0,3.1354942159291497,0.0,7.912423121473705,0.0,4.829040745694918,2.995732273553991,0.7691330875378674,4.829040745694918,0.0
PRV57467,0.0,0.6931471805599453,0.0,3.713572066704308,0.0,3.713572066704308,0.6931471805599453,0.6931471805599453,3.713572066704308,0.0
PRV57468,0.0,2.5649493574615367,0.0,7.741099090035366,0.0,5.260961580004268,2.19722457733622,0.9162907318741552,5.260961580004268,0.0
PRV57469,0.0,4.07753744390572,0.0,10.001113231320568,0.0,5.943251802406734,3.6375861597263857,0.9429589789563164,5.943251802406734,0.0
PRV57470,0.0,2.5649493574615367,0.0,7.384610383176974,0.0,4.906508584887358,2.4849066497880004,0.7375989431307791,4.906508584887358,0.0
PRV57471,0.0,1.0986122886681098,0.0,5.860786223465865,0.0,5.170483995038151,1.0986122886681098,0.6931471805599453,5.170483995038151,0.0
PRV57472,0.0,1.6094379124341005,0.0,7.438971592395862,0.0,6.054439346269371,1.6094379124341005,0.6931471805599453,6.054439346269371,0.0
PRV57473,0.0,0.6931471805599453,0.0,4.51085950651685,0.0,4.51085950651685,0.6931471805599453,0.6931471805599453,4.51085950651685,0.0
PRV57474,0.0,1.6094379124341005,0.0,6.7226297948554485,0.0,5.339939041238856,1.6094379124341005,0.6931471805599453,5.339939041238856,0.0
PRV57475,0.0,3.1780538303479458,0.0,9.14216859187285,0.0,6.009026815009739,2.833213344056216,0.8909729238898652,6.009026815009739,0.0
PRV57476,0.0,4.983606621708336,0.0,10.75941237912384,0.0,5.785733175276596,4.04305126783455,1.2779532173239263,5.785733175276596,0.0
PRV57477,0.0,4.454347296253507,0.0,10.03192474171143,0.0,5.592960448972852,3.7612001156935615,1.106517468175223,5.592960448972852,0.0
PRV57479,0.0,2.995732273553991,0.0,8.884748726451182,0.0,5.942799375126701,2.8903717578961645,0.750305594399894,5.942799375126701,0.0
PRV57481,4.143134726391533,0.0,13.561909087824318,0.0,9.434853307835892,0.0,3.970291913552122,0.7849547298130681,9.434853307835892,1.0
PRV57484,0.0,2.302585092994046,0.0,6.994849985833071,0.0,4.804931377067402,1.9459101490553128,0.9162907318741552,4.804931377067402,0.0
PRV57485,0.0,2.3978952727983707,0.0,7.421177528595393,0.0,5.123963979403259,2.3978952727983707,0.6931471805599453,5.123963979403259,0.0
PRV57486,0.0,3.58351893845611,0.0,8.39638057119949,0.0,4.848676431821185,2.995732273553991,1.0445450673978338,4.848676431821185,0.0
PRV57487,2.772588722239781,0.0,11.849404844423074,0.0,9.141454637606987,0.0,2.70805020110221,0.7282385003712154,9.141454637606987,1.0
PRV57488,0.0,1.791759469228055,0.0,6.293419278846481,0.0,4.691347882229144,1.791759469228055,0.6931471805599453,4.691347882229144,0.0
PRV57489,2.8903717578961645,0.0,12.111767460549332,0.0,9.278642024234,0.0,2.8903717578961645,0.6931471805599453,9.278642024234,1.0
PRV57490,3.091042453358316,0.0,12.212059687374296,0.0,9.167636647795192,0.0,2.995732273553991,0.7444404749474959,9.167636647795192,1.0
PRV57491,0.0,4.762173934797756,0.0,10.336275956293182,0.0,5.586408837943253,4.143134726391533,1.0546491652469936,5.586408837943253,0.0
PRV57492,3.610917912644224,4.406719247264253,12.712893259942282,9.682279626689674,9.129479737298944,5.292808392818548,4.564348191467836,0.8027093830714717,7.998206148560369,0.3076923076923077
PRV57495,3.6375861597263857,4.343805421853684,12.866182555987908,9.512738628263644,9.255357662032756,5.187532810618675,4.605170185988092,0.7614664245374225,8.17343821673261,0.3274336283185841
PRV57496,0.0,3.6635616461296463,0.0,8.955577146281511,0.0,5.322753206765705,3.610917912644224,0.7205461547480597,5.322753206765705,0.0
PRV57499,0.0,2.9444389791664403,0.0,9.098402718735318,0.0,6.20993050887108,2.9444389791664403,0.6931471805599453,6.20993050887108,0.0
PRV57500,0.0,4.382026634673881,0.0,10.169345706257875,0.0,5.802882930634307,4.3694478524670215,0.6995369786587163,5.802882930634307,0.0
PRV57501,0.0,4.174387269895637,0.0,9.370842268630213,0.0,5.217310652703159,4.158883083359672,0.7010523600670585,5.217310652703159,0.0
PRV57502,4.74493212836325,4.990432586778736,13.954577476257446,10.786242183190828,9.218477352215928,5.805629977589248,5.4638318050256105,0.7449722484245314,8.435323816401294,0.4384615384615384
PRV57504,0.0,3.367295829986474,0.0,8.684570300824369,0.0,5.356923145148501,3.367295829986474,0.6931471805599453,5.356923145148501,0.0
PRV57507,0.0,4.727387818712341,0.0,10.193953247114496,0.0,5.479596713763548,4.574710978503383,0.7731898882334818,5.479596713763548,0.0
PRV57509,0.0,4.07753744390572,0.0,9.36657459400682,0.0,5.310995281772091,3.9889840465642745,0.7392382877602123,5.310995281772091,0.0
PRV57510,3.784189633918261,5.3230099791384085,12.952810354813186,11.08169629547538,9.191709755281604,5.766695901533294,5.3706380281276624,0.7674220279747971,7.587117600037007,0.1740890688259109
PRV57512,0.0,4.691347882229144,0.0,10.09950653645368,0.0,5.421763349752248,4.442651256490317,0.826678573184468,5.421763349752248,0.0
PRV57514,0.0,3.951243718581428,0.0,9.617870014133226,0.0,5.68936531963636,3.80666248977032,0.7696872576822797,5.68936531963636,0.0
PRV57515,2.995732273553991,4.248495242049359,11.891368749982083,9.99747868095637,8.947053050043252,5.766462385589432,4.394449154672439,0.7419373447293773,7.554727622421469,0.2159090909090909
PRV57516,0.0,2.3978952727983707,0.0,7.736743682453495,0.0,5.438079308923196,2.3978952727983707,0.6931471805599453,5.438079308923196,0.0
PRV57517,0.0,4.110873864173311,0.0,9.914971360477416,0.0,5.82353887059776,4.04305126783455,0.7282385003712154,5.82353887059776,0.0
PRV57518,1.0986122886681098,4.564348191467836,10.463131911491969,10.40822467896156,9.770013301136158,5.857180991980905,3.871201010907891,1.119665697865942,6.555884681410801,0.0206185567010309
PRV57519,2.5649493574615367,4.983606621708336,11.635151947212842,10.318275732105144,9.150342636958486,5.346286175435154,4.962844630259907,0.7446165157894258,6.817405388043838,0.0764331210191082
PRV57520,0.0,3.1780538303479458,0.0,8.655388690167637,0.0,5.523719235507516,3.1780538303479458,0.6931471805599453,5.523719235507516,0.0
PRV57521,2.5649493574615367,4.605170185988092,11.440365524765756,10.24533815691556,8.955577146281511,5.653693487583377,4.663439094112067,0.7213180575266417,6.99617032502192,0.1081081081081081
PRV57522,0.0,3.713572066704308,0.0,9.025335217553026,0.0,5.341137363730965,3.713572066704308,0.6931471805599453,5.341137363730965,0.0
PRV57523,2.772588722239781,4.919980925828125,11.775297421715829,10.595659257474392,9.067354906294602,5.686376971959743,4.867534450455582,0.7749771988075775,7.0269266073206,0.0993377483443708
PRV57525,3.091042453358316,4.465908118654584,12.190964083849376,9.730383384791782,9.146543163300208,5.281076571235365,4.3694478524670215,0.863646998388733,7.600561279851583,0.1962616822429906
PRV57526,1.0986122886681098,5.303304908059076,10.87806606028079,10.938645176925998,10.184937747111393,5.6438555260758525,5.043425116919247,0.8379781284384014,6.295521713874144,0.0099009900990099
PRV57527,3.951243718581428,4.74493212836325,13.350297037805756,10.53212287826962,9.418551019619724,5.798933152107528,4.912654885736052,0.7985076962177716,8.302596346070494,0.3090909090909091
PRV57528,2.6390573296152584,5.963579343618446,11.233224789593368,11.73943135727524,8.66843414759502,5.781506874608024,5.846438775057725,0.7711811831724011,6.219191096633515,0.0324189526184538
PRV57529,0.0,5.69035945432406,0.0,11.229779754319612,0.0,5.54669906165648,5.241747015059643,0.9435746908226236,5.54669906165648,0.0
PRV57530,3.970291913552122,6.056784013228625,12.874160958936733,11.65694788382998,8.923047967183841,5.606181723573583,5.971261839790462,0.7986355652800261,6.964815594100754,0.1087866108786611
PRV57531,0.0,4.23410650459726,0.0,9.71902370267014,0.0,5.50353652557784,3.784189633918261,0.9483300856187716,5.50353652557784,0.0
PRV57532,0.0,5.863631175598097,0.0,11.622326805487551,0.0,5.764672968058227,5.062595033026967,1.1742356422301738,5.764672968058227,0.0
PRV57533,3.1354942159291497,4.465908118654584,12.53897064502647,9.9311513565186,9.448003457383043,5.480929578772027,4.430816798843313,0.833432820250032,7.928299247039739,0.2037037037037037
PRV57534,0.0,5.030437921392435,0.0,10.566716616308788,0.0,5.546718197698955,4.770684624465665,0.832537444804083,5.546718197698955,0.0
PRV57536,0.0,4.382026634673881,0.0,9.8288178841991,0.0,5.463563586264782,4.276666119016055,0.7479554170549404,5.463563586264782,0.0
PRV57539,0.0,3.5263605246161616,0.0,9.271529540288606,0.0,5.7780275225517,3.49650756146648,0.7086513670959106,5.7780275225517,0.0
PRV57540,0.0,3.688879454113936,0.0,8.917444732471514,0.0,5.258963311171743,3.49650756146648,0.7969439742415889,5.258963311171743,0.0
PRV57541,0.0,3.4657359027997265,0.0,9.18512512283512,0.0,5.754209802805347,3.218875824868201,0.8292793548845253,5.754209802805347,0.0
PRV57542,0.0,3.6375861597263857,0.0,8.581294116822761,0.0,4.977106459532605,3.58351893845611,0.7213180575266417,4.977106459532605,0.0
PRV57543,3.8501476017100575,5.733341276897746,12.978495316450784,11.330935853076468,9.149957840418754,5.604512082600236,5.793013608384144,0.7336021352522589,7.285947895800565,0.1299435028248587
PRV57544,0.0,3.970291913552122,0.0,9.243871855184976,0.0,5.297547839769008,3.871201010907891,0.7449722484245314,5.297547839769008,0.0
PRV57545,0.6931471805599453,4.110873864173311,10.239995502805316,9.427948631791716,10.239995502805316,5.338339040897522,4.007333185232471,0.7559480817989757,6.497961142004081,0.0163934426229508
PRV57546,0.0,2.9444389791664403,0.0,8.577535420422398,0.0,5.69035945432406,2.9444389791664403,0.6931471805599453,5.69035945432406,0.0
PRV57547,2.9444389791664403,4.23410650459726,12.278397958261774,9.85644835453034,9.388105266639466,5.640445845336293,4.382026634673881,0.7364976214335591,7.909438248289279,0.2093023255813953
PRV57548,4.68213122712422,4.6443908991413725,13.85328888522514,10.327152697288245,9.180562115749831,5.695756827627076,5.198497031265826,0.7731898882334818,8.535369847677732,0.5095238095238095
PRV57549,0.0,6.251903883165888,0.0,11.990159144299684,0.0,5.743386739627704,5.783825182329737,0.9550364984499974,5.743386739627704,0.0
PRV57550,0.0,3.4011973816621555,0.0,8.711278615130434,0.0,5.348584272309982,3.1354942159291497,0.8407831793660098,5.348584272309982,0.0
PRV57551,0.0,4.890349128221754,0.0,10.653274957143324,0.0,5.773562914717469,4.61512051684126,0.8415671856782186,5.773562914717469,0.0
PRV57552,0.0,2.4849066497880004,0.0,7.75833346749091,0.0,5.364700775741699,2.4849066497880004,0.6931471805599453,5.364700775741699,0.0
PRV57553,0.0,3.091042453358316,0.0,9.0432226489245,0.0,6.001061208638276,3.044522437723423,0.7178397931503169,6.001061208638276,0.0
PRV57555,3.332204510175204,2.772588722239781,12.697106701938823,8.289288323000317,9.401349391889912,5.584748657098165,3.688879454113936,0.7308875085427923,8.97166612707827,0.6428571428571429
PRV57557,0.0,4.584967478670572,0.0,9.937937287265354,0.0,5.367853046014538,3.688879454113936,1.2490932396064056,5.367853046014538,0.0
PRV57558,2.19722457733622,3.912023005428146,11.170449240431308,9.932609366108146,9.091106284052485,6.043117470698749,3.713572066704308,0.8858315243894466,7.382648251673334,0.1403508771929824
PRV57560,0.6931471805599453,0.6931471805599453,9.105090961257083,0.0,9.105090961257083,0.0,1.0986122886681098,0.6931471805599453,8.412054873292933,0.5
PRV57561,0.6931471805599453,2.833213344056216,9.305741456739437,8.667507952075105,9.305741456739437,5.897497215279599,2.8903717578961645,0.6931471805599453,6.897526674120231,0.0588235294117647
PRV57563,0.0,1.9459101490553128,0.0,6.7226297948554485,0.0,4.936869143856646,1.9459101490553128,0.6931471805599453,4.936869143856646,0.0
PRV57564,0.0,2.079441541679836,0.0,5.638354669333745,0.0,3.713572066704308,2.079441541679836,0.6931471805599453,3.713572066704308,0.0
PRV57565,0.0,1.9459101490553128,0.0,8.754791763700032,0.0,6.963820502915086,1.9459101490553128,0.6931471805599453,6.963820502915086,0.0
PRV57567,2.079441541679836,1.791759469228055,11.6262630788088,5.673323267171493,9.680406499268877,4.07753744390572,2.4849066497880004,0.7375989431307791,9.14404030021895,0.5833333333333334
PRV57568,2.9444389791664403,3.4011973816621555,11.625369830810577,9.042040056544485,8.735149981376454,5.678051967317529,3.8501476017100575,0.703958096664161,7.848402292892845,0.3829787234042553
PRV57569,1.791759469228055,4.23410650459726,10.34177474101152,10.201404568800312,8.732465848349879,5.984380692219577,4.143134726391533,0.7781403933933378,6.677962961196046,0.0684931506849315
PRV57570,0.0,1.6094379124341005,0.0,6.066108090103747,0.0,4.686750172980514,1.6094379124341005,0.6931471805599453,4.686750172980514,0.0
PRV57571,0.0,0.6931471805599453,0.0,5.993961427306569,0.0,5.993961427306569,0.6931471805599453,0.6931471805599453,5.993961427306569,0.0
PRV57572,0.0,5.583496308781699,0.0,11.290419210539214,0.0,5.713981856005645,5.337538079701318,0.8242601923201862,5.713981856005645,0.0
PRV57573,0.0,3.5263605246161616,0.0,8.729235349659273,0.0,5.237891588597214,2.833213344056216,1.119231575870845,5.237891588597214,0.0
PRV57574,0.0,4.07753744390572,0.0,9.8853744971092,0.0,5.827829376183228,3.8918202981106265,0.7922380832041762,5.827829376183228,0.0
PRV57575,0.0,3.218875824868201,0.0,8.694669696546992,0.0,5.520460417528663,2.6390573296152584,1.0459685551826878,5.520460417528663,0.0
PRV57576,0.0,3.1354942159291497,0.0,8.371242135931933,0.0,5.285047897079921,3.091042453358316,0.7166776779701395,5.285047897079921,0.0
PRV57577,0.0,4.30406509320417,0.0,10.302632731899472,0.0,6.014585594664884,3.610917912644224,1.1078289437730338,6.014585594664884,0.0
PRV57578,0.0,1.0986122886681098,0.0,5.198497031265826,0.0,4.51085950651685,1.0986122886681098,0.6931471805599453,4.51085950651685,0.0
PRV57580,0.0,4.90527477843843,0.0,10.112572746599298,0.0,5.220113762705738,4.430816798843313,0.9610567457438616,5.220113762705738,0.0
PRV57581,0.0,2.772588722239781,0.0,7.771067086065406,0.0,5.068904202220232,2.772588722239781,0.6931471805599453,5.068904202220232,0.0
PRV57583,0.0,2.70805020110221,0.0,8.033009498596668,0.0,5.3981627015177525,2.5649493574615367,0.7731898882334818,5.3981627015177525,0.0
PRV57584,1.3862943611198906,3.713572066704308,9.952325334619427,8.95686647085414,8.853808274977197,5.272999558563747,3.258096538021482,1.000631880307906,6.507034711672171,0.0697674418604651
PRV57585,0.0,4.948759890378168,0.0,10.69695506835746,0.0,5.758451018854999,4.276666119016055,1.0891782564347512,5.758451018854999,0.0
PRV57586,0.0,4.976733742420574,0.0,10.813981515563103,0.0,5.847040713317036,3.951243718581428,1.341173925839421,5.847040713317036,0.0
PRV57588,0.0,1.0986122886681098,0.0,6.274762021241939,0.0,5.583496308781699,1.0986122886681098,0.6931471805599453,5.583496308781699,0.0
PRV57590,1.3862943611198906,4.30406509320417,9.546884034617923,9.879246088163091,8.448414582687667,5.592468197422376,4.110873864173311,0.8183103235139513,6.091428950959187,0.0394736842105263
PRV57592,0.0,4.382026634673881,0.0,9.733944008101387,0.0,5.369106092876379,4.174387269895637,0.8039615469002355,5.369106092876379,0.0
PRV57593,1.9459101490553128,3.044522437723423,11.251573687764475,8.976009475021396,9.45987915064992,5.982676041074902,3.091042453358316,0.8056251639866355,8.091556772671927,0.2307692307692307
PRV57594,0.6931471805599453,2.6390573296152584,8.294299608857235,7.741099090035366,8.294299608857235,5.181351304769903,2.70805020110221,0.6931471805599453,6.111467339502679,0.0714285714285714
PRV57595,0.0,4.04305126783455,0.0,9.235130540783402,0.0,5.21512983815302,3.218875824868201,1.203972804325936,5.21512983815302,0.0
PRV57596,0.0,5.081404364984463,0.0,10.54641980443157,0.0,5.47541697936084,4.330733340286331,1.1420974006078486,5.47541697936084,0.0
PRV57597,0.0,5.429345628954441,0.0,10.757924157061597,0.0,5.337771024441526,4.68213122712422,1.1383121585147944,5.337771024441526,0.0
PRV57598,0.0,3.1780538303479458,0.0,7.969357742016346,0.0,4.841444541030285,3.1780538303479458,0.6931471805599453,4.841444541030285,0.0
PRV57599,0.0,1.791759469228055,0.0,6.236369590203704,0.0,4.634728988229636,1.791759469228055,0.6931471805599453,4.634728988229636,0.0
PRV57600,2.302585092994046,3.7612001156935615,10.950824090522444,9.798182590890704,8.753739851753249,6.062788033933216,3.8501476017100575,0.7460695820142879,7.294097528698879,0.1764705882352941
PRV57601,0.0,4.143134726391533,0.0,9.953277217038645,0.0,5.829040489770043,3.8918202981106265,0.8292793548845253,5.829040489770043,0.0
PRV57602,0.0,3.6635616461296463,0.0,9.101752431559284,0.0,5.468282190653086,3.4339872044851463,0.8183103235139513,5.468282190653086,0.0
PRV57603,0.0,5.135798437050262,0.0,10.806510657409378,0.0,5.680011035288604,4.343805421853684,1.170524870258396,5.680011035288604,0.0
PRV57605,0.0,4.90527477843843,0.0,10.47984807588978,0.0,5.585738210852865,4.5217885770490405,0.9052408956875702,5.585738210852865,0.0
PRV57609,0.0,1.0986122886681098,0.0,8.006700845440367,0.0,7.313886831633462,1.0986122886681098,0.6931471805599453,7.313886831633462,0.0
PRV57610,0.0,3.49650756146648,0.0,8.922791623969637,0.0,5.461179986977316,2.833213344056216,1.0986122886681098,5.461179986977316,0.0
PRV57611,0.0,4.90527477843843,0.0,10.558958826115072,0.0,5.664565741594502,4.31748811353631,1.033472986497148,5.664565741594502,0.0
PRV57612,1.3862943611198906,1.3862943611198906,10.34177474101152,6.19644412779452,9.243226964310402,5.101896885374581,1.9459101490553128,0.6931471805599453,8.565856363395518,0.5
PRV57613,0.0,1.0986122886681098,0.0,5.525452939131784,0.0,4.836281906951478,1.0986122886681098,0.6931471805599453,4.836281906951478,0.0
PRV57614,0.0,1.6094379124341005,0.0,7.438971592395862,0.0,6.054439346269371,1.0986122886681098,1.0986122886681098,6.054439346269371,0.0
PRV57615,0.0,1.0986122886681098,0.0,4.709530201312334,0.0,4.02535169073515,1.0986122886681098,0.6931471805599453,4.02535169073515,0.0
PRV57616,0.0,2.079441541679836,0.0,6.46302945692067,0.0,4.526436145445588,2.079441541679836,0.6931471805599453,4.526436145445588,0.0
PRV57617,0.0,1.3862943611198906,0.0,4.875197323201151,0.0,3.791736839553644,1.3862943611198906,0.6931471805599453,3.791736839553644,0.0
PRV57618,0.0,5.3981627015177525,0.0,10.92018454800297,0.0,5.530510753382164,4.564348191467836,1.1986957472250923,5.530510753382164,0.0
PRV57619,0.0,3.091042453358316,0.0,7.83241092718792,0.0,4.795790545596741,2.9444389791664403,0.7731898882334818,4.795790545596741,0.0
PRV57623,0.0,1.6094379124341005,0.0,6.846943139585379,0.0,5.4638318050256105,1.6094379124341005,0.6931471805599453,5.4638318050256105,0.0
PRV57624,0.0,3.737669618283368,0.0,8.843759381917984,0.0,5.135941898782091,3.295836866004329,0.946596081369484,5.135941898782091,0.0
PRV57625,0.0,3.80666248977032,0.0,8.901230352110781,0.0,5.1228811422644265,3.091042453358316,1.1298648321722142,5.1228811422644265,0.0
PRV57626,0.0,1.9459101490553128,0.0,6.803505257608338,0.0,5.017279836814924,1.9459101490553128,0.6931471805599453,5.017279836814924,0.0
PRV57627,0.0,3.367295829986474,0.0,9.245804036251752,0.0,5.916202062607435,3.367295829986474,0.6931471805599453,5.916202062607435,0.0
PRV57629,2.3978952727983707,0.0,11.714240498256716,0.0,9.411728991487363,0.0,2.302585092994046,0.7472144018302211,9.411728991487363,1.0
PRV57630,2.19722457733622,0.0,10.859018228147889,0.0,8.77971129020447,0.0,2.19722457733622,0.6931471805599453,8.77971129020447,1.0
PRV57631,2.9444389791664403,0.0,12.33270970174018,0.0,9.442412830577863,0.0,2.8903717578961645,0.7221347174331976,9.442412830577863,1.0
PRV57632,0.6931471805599453,0.0,8.699681400989514,0.0,8.699681400989514,0.0,0.6931471805599453,0.6931471805599453,8.699681400989514,1.0
PRV57633,1.6094379124341005,0.0,10.34177474101152,0.0,8.955577146281511,0.0,1.3862943611198906,0.8472978603872036,8.955577146281511,1.0
PRV57634,2.19722457733622,0.0,10.968215530759236,0.0,8.888894669371593,0.0,2.19722457733622,0.6931471805599453,8.888894669371593,1.0
PRV57635,2.9444389791664403,0.0,12.524530013005734,0.0,9.634220071155942,0.0,2.833213344056216,0.7537718023763802,9.634220071155942,1.0
PRV57636,1.791759469228055,0.0,10.239995502805316,0.0,8.630700432209832,0.0,1.791759469228055,0.6931471805599453,8.630700432209832,1.0
PRV57638,2.302585092994046,0.0,11.189975390433116,0.0,8.992861302704082,0.0,2.19722457733622,0.7537718023763802,8.992861302704082,1.0
PRV57639,0.0,2.8903717578961645,0.0,8.495152060539358,0.0,5.665204692033687,2.70805020110221,0.7949298748698875,5.665204692033687,0.0
PRV57640,1.791759469228055,2.3978952727983707,10.736418414365376,7.664346632098617,9.12706745278236,5.365976015021851,2.70805020110221,0.7282385003712154,8.073922368572175,0.3333333333333333
PRV57641,1.3862943611198906,4.07753744390572,9.680406499268877,9.508294505698569,8.58191919497788,5.452073880031997,3.258096538021482,1.235471471385307,6.182321973858543,0.0491803278688524
PRV57642,3.1780538303479458,5.288267030694535,12.570719231334277,10.41843467126129,9.435301401111316,5.141069679358383,4.691347882229144,1.110882381259924,7.28771608152994,0.1045454545454545
PRV57643,2.079441541679836,4.634728988229636,10.933124826700707,10.03762501146536,8.987321812850125,5.417058548699916,3.4657359027997265,1.507655218124158,6.585589391098066,0.0642201834862385
PRV57645,0.0,1.9459101490553128,0.0,5.968707559985366,0.0,4.189654742026425,1.9459101490553128,0.6931471805599453,4.189654742026425,0.0
PRV57646,0.0,3.258096538021482,0.0,9.056139690898885,0.0,5.8400600929487485,2.4849066497880004,1.1856236656577397,5.8400600929487485,0.0
PRV57647,0.0,3.8501476017100575,0.0,9.051461866908694,0.0,5.228081486821488,2.833213344056216,1.3545456628053103,5.228081486821488,0.0
PRV57650,0.6931471805599453,3.58351893845611,8.006700845440367,9.324650718153594,8.006700845440367,5.772330802904002,2.3978952727983707,1.5260563034950492,5.980712506082189,0.0277777777777777
PRV57651,0.0,3.1354942159291497,0.0,8.064950891749143,0.0,4.980488440198344,2.70805020110221,0.9444616088408514,4.980488440198344,0.0
PRV57652,0.0,2.772588722239781,0.0,8.497194544909547,0.0,5.791996831479057,1.9459101490553128,1.252762968495368,5.791996831479057,0.0
PRV57653,0.0,4.418840607796598,0.0,9.675394271496003,0.0,5.273749746145816,3.8501476017100575,1.023388867430522,5.273749746145816,0.0
PRV57654,0.0,4.290459441148391,0.0,9.72142596194803,0.0,5.449009692203946,3.218875824868201,1.3862943611198906,5.449009692203946,0.0
PRV57655,0.0,0.6931471805599453,0.0,5.993961427306569,0.0,5.993961427306569,0.6931471805599453,0.6931471805599453,5.993961427306569,0.0
PRV57657,0.0,4.007333185232471,0.0,9.676022175572896,0.0,5.69035945432406,3.044522437723423,1.308332819650179,5.69035945432406,0.0
PRV57658,0.0,3.951243718581428,0.0,9.690974793577944,0.0,5.762236345325789,3.6375861597263857,0.8664189018339821,5.762236345325789,0.0
PRV57659,0.0,0.6931471805599453,0.0,3.044522437723423,0.0,3.044522437723423,0.6931471805599453,0.6931471805599453,3.044522437723423,0.0
PRV57660,0.0,1.9459101490553128,0.0,7.791935956938058,0.0,6.00223962027594,1.791759469228055,0.7884573603642702,6.00223962027594,0.0
PRV57662,0.0,1.3862943611198906,0.0,7.808323050391055,0.0,6.710523109452428,1.3862943611198906,0.6931471805599453,6.710523109452428,0.0
PRV57663,0.0,1.3862943611198906,0.0,6.018593214496234,0.0,4.924835304292923,1.3862943611198906,0.6931471805599453,4.924835304292923,0.0
PRV57667,1.3862943611198906,0.0,9.90353755128617,0.0,8.805025252619144,0.0,1.0986122886681098,0.9162907318741552,8.805025252619144,1.0
PRV57668,0.0,3.1780538303479458,0.0,8.790421306897867,0.0,5.65826954318415,2.995732273553991,0.7932306391169278,5.65826954318415,0.0
PRV57669,0.0,1.3862943611198906,0.0,5.525452939131784,0.0,4.43477720005941,1.3862943611198906,0.6931471805599453,4.43477720005941,0.0
PRV57670,0.0,0.6931471805599453,0.0,3.044522437723423,0.0,3.044522437723423,0.6931471805599453,0.6931471805599453,3.044522437723423,0.0
PRV57671,0.0,1.9459101490553128,0.0,6.594413459749778,0.0,4.809470649500821,1.9459101490553128,0.6931471805599453,4.809470649500821,0.0
PRV57672,0.0,6.054439346269371,0.0,11.680057238923196,0.0,5.631549064172049,5.83773044716594,0.807676064304651,5.631549064172049,0.0
PRV57673,0.0,5.384495062789089,0.0,10.853038964104712,0.0,5.47731158127789,4.836281906951478,1.006496999760304,5.47731158127789,0.0
PRV57674,0.0,6.025865973825314,0.0,11.79976468231942,0.0,5.779404922610717,5.068904202220232,1.2847941766290436,5.779404922610717,0.0
PRV57675,0.0,1.3862943611198906,0.0,7.409136443920128,0.0,6.311734809152915,1.3862943611198906,0.6931471805599453,6.311734809152915,0.0
PRV57676,0.0,2.772588722239781,0.0,8.064950891749143,0.0,5.3612921657094255,2.772588722239781,0.6931471805599453,5.3612921657094255,0.0
PRV57677,0.0,5.424950017481403,0.0,11.210481638644469,0.0,5.792986627661868,5.332718793265369,0.7405494194545293,5.792986627661868,0.0
PRV57678,0.0,2.302585092994046,0.0,8.286773231131251,0.0,6.091561233090709,2.302585092994046,0.6931471805599453,6.091561233090709,0.0
PRV57679,0.0,0.6931471805599453,0.0,5.993961427306569,0.0,5.993961427306569,0.6931471805599453,0.6931471805599453,5.993961427306569,0.0
PRV57680,0.0,2.995732273553991,0.0,9.144307401371744,0.0,6.201789447342498,2.9444389791664403,0.7205461547480597,6.201789447342498,0.0
PRV57682,0.0,1.3862943611198906,0.0,8.03947991910045,0.0,6.94151237578027,1.3862943611198906,0.6931471805599453,6.94151237578027,0.0
PRV57683,0.0,2.772588722239781,0.0,8.875007486048396,0.0,6.168913139160062,2.70805020110221,0.7282385003712154,6.168913139160062,0.0
PRV57684,0.0,4.189654742026425,0.0,9.957549510634658,0.0,5.786189249624618,4.07753744390572,0.7517413448259981,5.786189249624618,0.0
PRV57686,0.0,3.1780538303479458,0.0,9.11723775371386,0.0,5.984155290762529,3.1354942159291497,0.7156200364120039,5.984155290762529,0.0
PRV57687,0.0,1.9459101490553128,0.0,6.985641817639208,0.0,5.198497031265826,1.9459101490553128,0.6931471805599453,5.198497031265826,0.0
PRV57688,0.0,2.5649493574615367,0.0,8.350193650720067,0.0,5.867883485336628,2.5649493574615367,0.6931471805599453,5.867883485336628,0.0
PRV57689,0.0,3.9889840465642745,0.0,9.64088826045181,0.0,5.673971439348709,3.737669618283368,0.8297227155656961,5.673971439348709,0.0
PRV57690,0.0,1.6094379124341005,0.0,8.407601514786142,0.0,7.02197642307216,1.3862943611198906,0.8472978603872036,7.02197642307216,0.0
PRV57691,0.0,3.951243718581428,0.0,9.391911647379434,0.0,5.4642471391678935,3.044522437723423,1.2669476034873244,5.4642471391678935,0.0
PRV57692,0.0,1.0986122886681098,0.0,6.111467339502679,0.0,5.420534999272286,1.0986122886681098,0.6931471805599453,5.420534999272286,0.0
PRV57693,0.0,4.897839799950911,0.0,10.627430633893226,0.0,5.7402763192415565,4.770684624465665,0.7592869830644903,5.7402763192415565,0.0
PRV57694,0.0,2.9444389791664403,0.0,8.055475141757274,0.0,5.170483995038151,2.9444389791664403,0.6931471805599453,5.170483995038151,0.0
PRV57696,0.0,1.3862943611198906,0.0,4.61512051684126,0.0,3.5361166995615263,1.3862943611198906,0.6931471805599453,3.5361166995615263,0.0
PRV57697,3.8918202981106265,2.9444389791664403,13.12834743715147,8.444837529224097,9.257239861056464,5.558114235510282,4.110873864173311,0.7419373447293773,8.948022773086503,0.7272727272727273
PRV57699,1.3862943611198906,0.0,10.165890277802454,0.0,9.067354906294602,0.0,1.3862943611198906,0.6931471805599453,9.067354906294602,1.0
PRV57700,0.0,0.6931471805599453,0.0,4.110873864173311,0.0,4.110873864173311,0.6931471805599453,0.6931471805599453,4.110873864173311,0.0
PRV57701,0.0,1.6094379124341005,0.0,6.431331081933479,0.0,5.049856007249537,1.6094379124341005,0.6931471805599453,5.049856007249537,0.0
PRV57702,2.079441541679836,2.19722457733622,11.264476926102368,7.9483852851118995,9.318643696179445,5.871413316040152,2.6390573296152584,0.7672551527136671,8.592238819071705,0.4666666666666667
PRV57704,1.3862943611198906,1.6094379124341005,10.12667110305036,7.479299637782834,9.028138807982804,6.094697801749634,2.079441541679836,0.6931471805599453,8.249388440016274,0.4285714285714285
PRV57705,0.0,1.0986122886681098,0.0,5.993961427306569,0.0,5.303304908059076,1.0986122886681098,0.6931471805599453,5.303304908059076,0.0
PRV57706,0.0,1.791759469228055,0.0,8.019941687677365,0.0,6.411818267709897,1.791759469228055,0.6931471805599453,6.411818267709897,0.0
PRV57707,0.0,1.0986122886681098,0.0,4.262679877041316,0.0,3.58351893845611,1.0986122886681098,0.6931471805599453,3.58351893845611,0.0
PRV57709,3.4339872044851463,5.236441962829949,12.894209796826232,10.681228606945009,9.493085276648149,5.454383704600288,5.14166355650266,0.82262625597952,7.618595245446946,0.1382488479262673
PRV57710,0.0,6.016157159698354,0.0,11.618644916202973,0.0,5.608593721872145,5.820082930352362,0.7962730584163553,5.608593721872145,0.0
PRV57711,2.995732273553991,1.6094379124341005,11.951186847493476,6.90875477931522,9.00686398986771,5.525452939131784,3.1780538303479458,0.6931471805599453,8.822264495332357,0.8260869565217391
PRV57712,1.0986122886681098,2.079441541679836,9.305741456739437,6.647688373563329,8.612685172875459,4.709530201312334,2.302585092994046,0.6931471805599453,7.1768489866225655,0.2222222222222222
PRV57714,0.0,1.6094379124341005,0.0,6.175867270105761,0.0,4.795790545596741,1.6094379124341005,0.6931471805599453,4.795790545596741,0.0
PRV57715,3.7612001156935615,6.70808408385307,13.065371773180294,12.28257524826614,9.32778896017686,5.579489911616046,5.961005339623274,1.1700712526502546,6.686151239685354,0.0488372093023255
PRV57716,0.0,2.4849066497880004,0.0,8.172164452111904,0.0,5.7770892601447175,2.4849066497880004,0.6931471805599453,5.7770892601447175,0.0
PRV57717,2.772588722239781,4.605170185988092,12.082214317601338,9.958496435566929,9.37424334324612,5.368003600297412,4.465908118654584,0.843970070294529,7.459540992995887,0.131578947368421
PRV57718,0.0,5.087596335232384,0.0,10.973202986493744,0.0,5.894539710409264,4.127134385045092,1.2918035176989682,5.894539710409264,0.0
PRV57719,1.6094379124341005,2.995732273553991,11.23850177707664,7.9483852851118995,9.852246888342531,5.010284355331468,3.1780538303479458,0.6931471805599453,8.13984642266281,0.1739130434782608
PRV57720,0.0,2.70805020110221,0.0,8.449128460502108,0.0,5.812850395102349,2.70805020110221,0.6931471805599453,5.812850395102349,0.0
PRV57721,0.0,1.3862943611198906,0.0,5.442417710521793,0.0,4.352426164897591,1.3862943611198906,0.6931471805599453,4.352426164897591,0.0
PRV57722,0.0,3.555348061489413,0.0,8.921457578947884,0.0,5.399492665804759,3.49650756146648,0.723918839226699,5.399492665804759,0.0
PRV57723,0.0,3.044522437723423,0.0,7.85979918056211,0.0,4.871373226762748,2.995732273553991,0.7191226669632059,4.871373226762748,0.0
PRV57724,0.0,1.0986122886681098,0.0,4.394449154672439,0.0,3.713572066704308,1.0986122886681098,0.6931471805599453,3.713572066704308,0.0
PRV57725,0.0,2.079441541679836,0.0,7.462214939768189,0.0,5.519745161078744,1.9459101490553128,0.7731898882334818,5.519745161078744,0.0
PRV57727,0.0,2.833213344056216,0.0,7.890208213109961,0.0,5.1232196548434015,2.833213344056216,0.6931471805599453,5.1232196548434015,0.0
PRV57728,0.6931471805599453,1.3862943611198906,8.699681400989514,7.1785454837637,8.699681400989514,6.081457585634687,1.6094379124341005,0.6931471805599453,7.511251237589436,0.25
PRV57729,2.4849066497880004,2.5649493574615367,11.580593459194764,8.895766604056085,9.182791639100047,6.412365463345986,3.1354942159291497,0.7156200364120039,8.511288838457643,0.4782608695652174
PRV57730,0.0,3.713572066704308,0.0,9.073489189226986,0.0,5.389071729816501,3.1780538303479458,1.007640510462383,5.389071729816501,0.0
PRV57731,0.0,1.0986122886681098,0.0,5.017279836814924,0.0,4.330733340286331,1.0986122886681098,0.6931471805599453,4.330733340286331,0.0
PRV57732,2.4849066497880004,3.688879454113936,11.23850177707664,9.404343433543977,8.840738072838837,5.743906789957464,3.8501476017100575,0.7357067949787413,7.475225851454081,0.22
PRV57733,0.0,3.828641396489095,0.0,9.431962766918454,0.0,5.628819436182746,3.258096538021482,1.029619417181158,5.628819436182746,0.0
PRV57734,0.0,2.995732273553991,0.0,9.306650052113593,0.0,6.363844467139707,2.995732273553991,0.6931471805599453,6.363844467139707,0.0
PRV57735,0.0,1.9459101490553128,0.0,6.660575149839686,0.0,4.875197323201151,1.9459101490553128,0.6931471805599453,4.875197323201151,0.0
PRV57736,0.0,2.5649493574615367,0.0,8.003363058629947,0.0,5.522127362405406,2.5649493574615367,0.6931471805599453,5.522127362405406,0.0
PRV57737,0.0,1.0986122886681098,0.0,4.875197323201151,0.0,4.189654742026425,1.0986122886681098,0.6931471805599453,4.189654742026425,0.0
PRV57738,0.0,0.6931471805599453,0.0,2.3978952727983707,0.0,2.3978952727983707,0.6931471805599453,0.6931471805599453,2.3978952727983707,0.0
PRV57739,0.0,2.4849066497880004,0.0,8.85666093701725,0.0,6.460188949400791,2.3978952727983707,0.7419373447293773,6.460188949400791,0.0
PRV57740,0.0,2.5649493574615367,0.0,8.612685172875459,0.0,6.129776162905494,2.5649493574615367,0.6931471805599453,6.129776162905494,0.0
PRV57741,0.0,2.772588722239781,0.0,7.736743682453495,0.0,5.034785754328539,2.70805020110221,0.7282385003712154,5.034785754328539,0.0
PRV57742,0.0,2.19722457733622,0.0,5.831882477283517,0.0,3.7727609380946383,2.19722457733622,0.6931471805599453,3.7727609380946383,0.0
PRV57743,0.0,2.19722457733622,0.0,8.37816098272068,0.0,6.300326973824729,2.19722457733622,0.6931471805599453,6.300326973824729,0.0
PRV57744,0.0,2.995732273553991,0.0,9.04911472347696,0.0,6.106788421152669,2.8903717578961645,0.750305594399894,6.106788421152669,0.0
PRV57746,0.0,3.7612001156935615,0.0,8.716207971151853,0.0,4.9852360827174,3.737669618283368,0.7052685410922901,4.9852360827174,0.0
PRV57747,0.0,1.0986122886681098,0.0,4.709530201312334,0.0,4.02535169073515,1.0986122886681098,0.6931471805599453,4.02535169073515,0.0
PRV57748,0.0,3.828641396489095,0.0,9.680406499268877,0.0,5.8764900637736375,3.80666248977032,0.7044467358138786,5.8764900637736375,0.0
PRV57751,0.0,1.6094379124341005,0.0,5.442417710521793,0.0,4.069026754237811,1.6094379124341005,0.6931471805599453,4.069026754237811,0.0
PRV57752,0.0,0.6931471805599453,0.0,4.394449154672439,0.0,4.394449154672439,0.6931471805599453,0.6931471805599453,4.394449154672439,0.0
PRV57753,0.0,0.6931471805599453,0.0,4.394449154672439,0.0,4.394449154672439,0.6931471805599453,0.6931471805599453,4.394449154672439,0.0
PRV57754,0.0,1.9459101490553128,0.0,7.635786861395585,0.0,5.846438775057725,1.9459101490553128,0.6931471805599453,5.846438775057725,0.0
PRV57755,0.0,0.6931471805599453,0.0,5.707110264748875,0.0,5.707110264748875,0.6931471805599453,0.6931471805599453,5.707110264748875,0.0
PRV57756,0.0,3.332204510175204,0.0,8.240385115516334,0.0,4.951383186740901,3.332204510175204,0.6931471805599453,4.951383186740901,0.0
PRV57757,2.4849066497880004,0.0,11.599112335481124,0.0,9.20130880075228,0.0,2.4849066497880004,0.6931471805599453,9.20130880075228,1.0
PRV57758,0.0,1.0986122886681098,0.0,4.709530201312334,0.0,4.02535169073515,1.0986122886681098,0.6931471805599453,4.02535169073515,0.0
PRV57759,0.0,3.367295829986474,0.0,9.272469743441732,0.0,5.942799375126701,3.218875824868201,0.7731898882334818,5.942799375126701,0.0
PRV57760,0.0,3.1354942159291497,0.0,8.470311205516108,0.0,5.383660686436969,2.302585092994046,1.236762627148927,5.383660686436969,0.0
PRV57761,0.0,4.418840607796598,0.0,9.82395721357932,0.0,5.421613631671114,4.219507705176107,0.799253686554493,5.421613631671114,0.0
PRV57762,0.0,0.6931471805599453,0.0,7.550135342488429,0.0,7.550135342488429,0.6931471805599453,0.6931471805599453,7.550135342488429,0.0
PRV57763,0.0,4.77912349311153,0.0,10.683064691094437,0.0,5.915059283702185,4.262679877041316,0.98794672078059,5.915059283702185,0.0
