Provider,IP_Claim_Count,IP_Unique_Beneficiaries,IP_Total_Reimbursement,IP_Avg_Reimbursement,IP_Total_Deductible,IP_Avg_Deductible,OP_Claim_Count,OP_Unique_Beneficiaries,OP_Total_Reimbursement,OP_Avg_Reimbursement,OP_Total_Deductible,OP_Avg_Deductible,Total_Unique_Beneficiaries,Total_Claim_Count,Total_Reimbursement,Total_Deductible,Claims_Per_Beneficiary,Reimbursement_Per_Beneficiary,Reimbursement_Per_Claim,IP_Claim_Share
PRV51001,5.0,5.0,97000.0,19400.0,5340.0,1068.0,20.0,19.0,7640.0,382.0,0.0,0.0,24,25.0,104640.0,5340.0,1.0416666666666667,4360.0,4185.6,0.2
PRV51003,62.0,53.0,573000.0,9241.935483870968,66216.0,1068.0,70.0,66.0,32670.0,466.7142857142857,70.0,1.0,117,132.0,605670.0,66286.0,1.1282051282051282,5176.666666666667,4588.409090909091,0.4696969696969697
PRV51004,0.0,0.0,0.0,0.0,0.0,0.0,149.0,138.0,52170.0,350.13422818791946,310.0,2.0805369127516777,138,149.0,52170.0,310.0,1.0797101449275361,378.04347826086956,350.13422818791946,0.0
PRV51005,0.0,0.0,0.0,0.0,0.0,0.0,1165.0,495.0,280910.0,241.1244635193133,3700.0,3.1759656652360513,495,1165.0,280910.0,3700.0,2.3535353535353534,567.4949494949495,241.1244635193133,0.0
PRV51007,3.0,3.0,19000.0,6333.333333333333,3204.0,1068.0,69.0,56.0,14710.0,213.18840579710144,60.0,0.8695652173913043,58,72.0,33710.0,3264.0,1.2413793103448276,581.2068965517242,468.19444444444446,0.041666666666666664
PRV51008,2.0,2.0,25000.0,12500.0,2136.0,1068.0,41.0,34.0,10630.0,259.2682926829268,180.0,4.390243902439025,36,43.0,35630.0,2316.0,1.1944444444444444,989.7222222222222,828.6046511627907,0.046511627906976744
PRV51011,1.0,1.0,5000.0,5000.0,1068.0,1068.0,57.0,52.0,11630.0,204.03508771929825,300.0,5.2631578947368425,53,58.0,16630.0,1368.0,1.0943396226415094,313.77358490566036,286.7241379310345,0.017241379310344827
PRV51012,0.0,0.0,0.0,0.0,0.0,0.0,48.0,31.0,16890.0,351.875,100.0,2.0833333333333335,31,48.0,16890.0,100.0,1.5483870967741935,544.8387096774194,351.875,0.0
PRV51013,0.0,0.0,0.0,0.0,0.0,0.0,46.0,44.0,14880.0,323.4782608695652,230.0,5.0,44,46.0,14880.0,230.0,1.0454545454545454,338.1818181818182,323.4782608695652,0.0
PRV51014,0.0,0.0,0.0,0.0,0.0,0.0,30.0,25.0,10480.0,349.3333333333333,120.0,4.0,25,30.0,10480.0,120.0,1.2,419.2,349.3333333333333,0.0
PRV51015,0.0,0.0,0.0,0.0,0.0,0.0,8.0,7.0,700.0,87.5,0.0,0.0,7,8.0,700.0,0.0,1.1428571428571428,100.0,87.5,0.0
PRV51016,0.0,0.0,0.0,0.0,0.0,0.0,6.0,6.0,170.0,28.333333333333332,0.0,0.0,6,6.0,170.0,0.0,1.0,28.333333333333332,28.333333333333332,0.0
PRV51017,0.0,0.0,0.0,0.0,0.0,0.0,515.0,420.0,142720.0,277.126213592233,1050.0,2.0388349514563107,420,515.0,142720.0,1050.0,1.2261904761904763,339.8095238095238,277.126213592233,0.0
PRV51021,29.0,23.0,269000.0,9275.862068965518,30972.0,1068.0,228.0,187.0,79830.0,350.13157894736844,520.0,2.280701754385965,208,257.0,348830.0,31492.0,1.2355769230769231,1677.0673076923076,1357.3151750972763,0.11284046692607004
PRV51023,9.0,9.0,54000.0,6000.0,8544.0,1068.0,27.0,27.0,11610.0,430.0,80.0,2.962962962962963,35,36.0,65610.0,8624.0,1.0285714285714285,1874.5714285714287,1822.5,0.25
PRV51024,9.0,9.0,61000.0,6777.777777777777,9612.0,1068.0,30.0,29.0,3050.0,101.66666666666667,90.0,3.0,38,39.0,64050.0,9702.0,1.0263157894736843,1685.5263157894738,1642.3076923076924,0.23076923076923078
PRV51025,13.0,12.0,86000.0,6615.384615384615,13884.0,1068.0,74.0,66.0,32350.0,437.1621621621622,400.0,5.405405405405405,76,87.0,118350.0,14284.0,1.144736842105263,1557.2368421052631,1360.344827586207,0.14942528735632185
PRV51026,0.0,0.0,0.0,0.0,0.0,0.0,76.0,56.0,19840.0,261.05263157894734,340.0,4.473684210526316,56,76.0,19840.0,340.0,1.3571428571428572,354.2857142857143,261.05263157894734,0.0
PRV51027,0.0,0.0,0.0,0.0,0.0,0.0,53.0,44.0,29840.0,563.0188679245283,0.0,0.0,44,53.0,29840.0,0.0,1.2045454545454546,678.1818181818181,563.0188679245283,0.0
PRV51029,0.0,0.0,0.0,0.0,0.0,0.0,93.0,79.0,30660.0,329.6774193548387,160.0,1.7204301075268817,79,93.0,30660.0,160.0,1.1772151898734178,388.1012658227848,329.6774193548387,0.0
PRV51030,82.0,71.0,705600.0,8604.878048780487,86508.0,1068.0,89.0,78.0,34160.0,383.82022471910113,240.0,2.696629213483146,145,171.0,739760.0,86748.0,1.1793103448275861,5101.793103448276,4326.081871345029,0.47953216374269003
PRV51031,28.0,26.0,329000.0,11750.0,29904.0,1068.0,157.0,135.0,30720.0,195.6687898089172,340.0,2.1656050955414012,157,185.0,359720.0,30244.0,1.178343949044586,2291.2101910828023,1944.4324324324325,0.15135135135135136
PRV51032,0.0,0.0,0.0,0.0,0.0,0.0,23.0,21.0,5420.0,235.65217391304347,50.0,2.1739130434782608,21,23.0,5420.0,50.0,1.0952380952380953,258.0952380952381,235.65217391304347,0.0
PRV51035,1.0,1.0,29000.0,29000.0,1068.0,1068.0,29.0,24.0,3560.0,122.75862068965517,360.0,12.413793103448276,25,30.0,32560.0,1428.0,1.2,1302.4,1085.3333333333333,0.03333333333333333
PRV51036,0.0,0.0,0.0,0.0,0.0,0.0,278.0,131.0,74880.0,269.3525179856115,1410.0,5.071942446043166,131,278.0,74880.0,1410.0,2.122137404580153,571.6030534351145,269.3525179856115,0.0
PRV51037,23.0,21.0,214000.0,9304.347826086956,24564.0,1068.0,431.0,202.0,128230.0,297.51740139211137,960.0,2.2273781902552203,206,454.0,342230.0,25524.0,2.203883495145631,1661.3106796116506,753.8105726872246,0.05066079295154185
PRV51038,30.0,26.0,229600.0,7653.333333333333,30972.0,1068.0,111.0,83.0,35890.0,323.3333333333333,220.0,1.981981981981982,107,141.0,265490.0,31192.0,1.3177570093457944,2481.214953271028,1882.9078014184397,0.2127659574468085
PRV51040,9.0,8.0,63000.0,7000.0,8544.0,1068.0,77.0,62.0,11470.0,148.96103896103895,240.0,3.116883116883117,69,86.0,74470.0,8784.0,1.2463768115942029,1079.2753623188405,865.9302325581396,0.10465116279069768
PRV51041,0.0,0.0,0.0,0.0,0.0,0.0,34.0,31.0,7410.0,217.94117647058823,270.0,7.9411764705882355,31,34.0,7410.0,270.0,1.096774193548387,239.03225806451613,217.94117647058823,0.0
PRV51042,0.0,0.0,0.0,0.0,0.0,0.0,142.0,128.0,48050.0,338.38028169014086,310.0,2.183098591549296,128,142.0,48050.0,310.0,1.109375,375.390625,338.38028169014086,0.0
PRV51043,0.0,0.0,0.0,0.0,0.0,0.0,23.0,20.0,4480.0,194.7826086956522,0.0,0.0,20,23.0,4480.0,0.0,1.15,224.0,194.7826086956522,0.0
PRV51044,0.0,0.0,0.0,0.0,0.0,0.0,59.0,39.0,21330.0,361.52542372881356,130.0,2.2033898305084745,39,59.0,21330.0,130.0,1.5128205128205128,546.9230769230769,361.52542372881356,0.0
PRV51045,0.0,0.0,0.0,0.0,0.0,0.0,31.0,29.0,8390.0,270.64516129032256,40.0,1.2903225806451613,29,31.0,8390.0,40.0,1.0689655172413792,289.3103448275862,270.64516129032256,0.0
PRV51046,8.0,7.0,101000.0,12625.0,8544.0,1068.0,30.0,19.0,8370.0,279.0,100.0,3.3333333333333335,26,38.0,109370.0,8644.0,1.4615384615384615,4206.538461538462,2878.157894736842,0.21052631578947367
PRV51047,0.0,0.0,0.0,0.0,0.0,0.0,11.0,11.0,2530.0,230.0,0.0,0.0,11,11.0,2530.0,0.0,1.0,230.0,230.0,0.0
PRV51048,4.0,4.0,19000.0,4750.0,4272.0,1068.0,34.0,30.0,8700.0,255.88235294117646,80.0,2.3529411764705883,33,38.0,27700.0,4352.0,1.1515151515151516,839.3939393939394,728.9473684210526,0.10526315789473684
PRV51049,0.0,0.0,0.0,0.0,0.0,0.0,71.0,65.0,21720.0,305.9154929577465,190.0,2.676056338028169,65,71.0,21720.0,190.0,1.0923076923076922,334.15384615384613,305.9154929577465,0.0
PRV51052,2.0,2.0,14000.0,7000.0,2136.0,1068.0,44.0,36.0,16800.0,381.8181818181818,210.0,4.7727272727272725,37,46.0,30800.0,2346.0,1.2432432432432432,832.4324324324324,669.5652173913044,0.043478260869565216
PRV51053,1.0,1.0,8000.0,8000.0,1068.0,1068.0,0.0,0.0,0.0,0.0,0.0,0.0,1,1.0,8000.0,1068.0,1.0,8000.0,8000.0,1.0
PRV51054,0.0,0.0,0.0,0.0,0.0,0.0,57.0,40.0,15130.0,265.43859649122805,140.0,2.456140350877193,40,57.0,15130.0,140.0,1.425,378.25,265.43859649122805,0.0
PRV51055,2.0,2.0,16700.0,8350.0,2136.0,1068.0,20.0,20.0,4940.0,247.0,70.0,3.5,22,22.0,21640.0,2206.0,1.0,983.6363636363636,983.6363636363636,0.09090909090909091
PRV51056,2.0,2.0,8000.0,4000.0,2136.0,1068.0,20.0,19.0,6700.0,335.0,10.0,0.5,21,22.0,14700.0,2146.0,1.0476190476190477,700.0,668.1818181818181,0.09090909090909091
PRV51057,0.0,0.0,0.0,0.0,0.0,0.0,5.0,4.0,6830.0,1366.0,0.0,0.0,4,5.0,6830.0,0.0,1.25,1707.5,1366.0,0.0
PRV51058,5.0,5.0,91000.0,18200.0,5340.0,1068.0,78.0,71.0,16030.0,205.51282051282053,200.0,2.5641025641025643,75,83.0,107030.0,5540.0,1.1066666666666667,1427.0666666666666,1289.5180722891566,0.060240963855421686
PRV51059,25.0,23.0,401000.0,16040.0,26700.0,1068.0,71.0,60.0,20060.0,282.53521126760563,240.0,3.380281690140845,82,96.0,421060.0,26940.0,1.170731707317073,5134.878048780488,4386.041666666667,0.2604166666666667
PRV51060,5.0,5.0,35000.0,7000.0,5340.0,1068.0,37.0,37.0,8710.0,235.40540540540542,0.0,0.0,42,42.0,43710.0,5340.0,1.0,1040.7142857142858,1040.7142857142858,0.11904761904761904
PRV51061,1.0,1.0,3000.0,3000.0,1068.0,1068.0,144.0,66.0,51940.0,360.69444444444446,260.0,1.8055555555555556,67,145.0,54940.0,1328.0,2.1641791044776117,820.0,378.8965517241379,0.006896551724137931
PRV51062,3.0,3.0,45000.0,15000.0,3204.0,1068.0,394.0,164.0,108380.0,275.0761421319797,740.0,1.8781725888324874,166,397.0,153380.0,3944.0,2.391566265060241,923.9759036144578,386.3476070528967,0.007556675062972292
PRV51063,0.0,0.0,0.0,0.0,0.0,0.0,149.0,115.0,51110.0,343.02013422818794,160.0,1.0738255033557047,115,149.0,51110.0,160.0,1.2956521739130435,444.4347826086956,343.02013422818794,0.0
PRV51064,36.0,34.0,280000.0,7777.777777777777,38448.0,1068.0,267.0,198.0,80320.0,300.8239700374532,500.0,1.8726591760299625,227,303.0,360320.0,38948.0,1.3348017621145374,1587.3127753303966,1189.1749174917493,0.1188118811881188
PRV51065,10.0,10.0,75000.0,7500.0,9612.0,1068.0,18.0,16.0,1570.0,87.22222222222223,110.0,6.111111111111111,26,28.0,76570.0,9722.0,1.0769230769230769,2945.0,2734.6428571428573,0.35714285714285715
PRV51066,2.0,2.0,19000.0,9500.0,2136.0,1068.0,22.0,19.0,5790.0,263.1818181818182,100.0,4.545454545454546,21,24.0,24790.0,2236.0,1.1428571428571428,1180.4761904761904,1032.9166666666667,0.08333333333333333
PRV51067,12.0,11.0,326000.0,27166.666666666668,12816.0,1068.0,46.0,39.0,8520.0,185.2173913043478,280.0,6.086956521739131,49,58.0,334520.0,13096.0,1.183673469387755,6826.938775510204,5767.586206896552,0.20689655172413793
PRV51068,9.0,9.0,77000.0,8555.555555555555,8544.0,1068.0,252.0,206.0,66260.0,262.93650793650795,440.0,1.746031746031746,214,261.0,143260.0,8984.0,1.219626168224299,669.4392523364486,548.8888888888889,0.034482758620689655
PRV51070,10.0,10.0,101000.0,10100.0,10680.0,1068.0,89.0,61.0,24410.0,274.2696629213483,300.0,3.3707865168539324,69,99.0,125410.0,10980.0,1.434782608695652,1817.536231884058,1266.7676767676767,0.10101010101010101
PRV51071,0.0,0.0,0.0,0.0,0.0,0.0,24.0,24.0,8550.0,356.25,50.0,2.0833333333333335,24,24.0,8550.0,50.0,1.0,356.25,356.25,0.0
PRV51072,12.0,12.0,72000.0,6000.0,11748.0,1068.0,200.0,150.0,47170.0,235.85,430.0,2.15,160,212.0,119170.0,12178.0,1.325,744.8125,562.122641509434,0.05660377358490566
PRV51074,5.0,5.0,31000.0,6200.0,5340.0,1068.0,34.0,34.0,10170.0,299.11764705882354,80.0,2.3529411764705883,39,39.0,41170.0,5420.0,1.0,1055.6410256410256,1055.6410256410256,0.1282051282051282
PRV51075,0.0,0.0,0.0,0.0,0.0,0.0,17.0,13.0,8550.0,502.94117647058823,70.0,4.117647058823529,13,17.0,8550.0,70.0,1.3076923076923077,657.6923076923077,502.94117647058823,0.0
PRV51076,0.0,0.0,0.0,0.0,0.0,0.0,29.0,27.0,10230.0,352.7586206896552,50.0,1.7241379310344827,27,29.0,10230.0,50.0,1.0740740740740742,378.8888888888889,352.7586206896552,0.0
PRV51077,16.0,13.0,199000.0,12437.5,16020.0,1068.0,17.0,17.0,5350.0,314.70588235294116,200.0,11.764705882352942,30,33.0,204350.0,16220.0,1.1,6811.666666666667,6192.424242424242,0.48484848484848486
PRV51078,9.0,9.0,76000.0,8444.444444444445,8544.0,1068.0,14.0,14.0,2270.0,162.14285714285714,100.0,7.142857142857143,23,23.0,78270.0,8644.0,1.0,3403.0434782608695,3403.0434782608695,0.391304347826087
PRV51081,6.0,6.0,79000.0,13166.666666666666,6408.0,1068.0,194.0,125.0,45080.0,232.37113402061857,760.0,3.917525773195876,131,200.0,124080.0,7168.0,1.5267175572519085,947.175572519084,620.4,0.03
PRV51082,0.0,0.0,0.0,0.0,0.0,0.0,34.0,31.0,5470.0,160.88235294117646,70.0,2.0588235294117645,31,34.0,5470.0,70.0,1.096774193548387,176.4516129032258,160.88235294117646,0.0
PRV51083,0.0,0.0,0.0,0.0,0.0,0.0,90.0,81.0,18100.0,201.11111111111111,140.0,1.5555555555555556,81,90.0,18100.0,140.0,1.1111111111111112,223.45679012345678,201.11111111111111,0.0
PRV51084,20.0,19.0,191000.0,9550.0,21360.0,1068.0,90.0,67.0,24580.0,273.1111111111111,530.0,5.888888888888889,85,110.0,215580.0,21890.0,1.2941176470588236,2536.235294117647,1959.8181818181818,0.18181818181818182
PRV51086,31.0,30.0,413000.0,13322.58064516129,33108.0,1068.0,108.0,86.0,33170.0,307.1296296296296,60.0,0.5555555555555556,115,139.0,446170.0,33168.0,1.208695652173913,3879.7391304347825,3209.856115107914,0.22302158273381295
PRV51089,18.0,18.0,177000.0,9833.333333333334,18156.0,1068.0,210.0,179.0,53900.0,256.6666666666667,540.0,2.5714285714285716,197,228.0,230900.0,18696.0,1.1573604060913705,1172.0812182741117,1012.719298245614,0.07894736842105263
PRV51090,0.0,0.0,0.0,0.0,0.0,0.0,7.0,7.0,5830.0,832.8571428571429,60.0,8.571428571428571,7,7.0,5830.0,60.0,1.0,832.8571428571429,832.8571428571429,0.0
PRV51091,0.0,0.0,0.0,0.0,0.0,0.0,44.0,44.0,9270.0,210.6818181818182,80.0,1.8181818181818181,44,44.0,9270.0,80.0,1.0,210.6818181818182,210.6818181818182,0.0
PRV51093,2.0,2.0,11000.0,5500.0,2136.0,1068.0,7.0,7.0,2710.0,387.14285714285717,0.0,0.0,9,9.0,13710.0,2136.0,1.0,1523.3333333333333,1523.3333333333333,0.2222222222222222
PRV51096,0.0,0.0,0.0,0.0,0.0,0.0,5.0,5.0,3200.0,640.0,100.0,20.0,5,5.0,3200.0,100.0,1.0,640.0,640.0,0.0
PRV51097,0.0,0.0,0.0,0.0,0.0,0.0,125.0,71.0,44420.0,355.36,230.0,1.84,71,125.0,44420.0,230.0,1.7605633802816902,625.6338028169014,355.36,0.0
PRV51098,0.0,0.0,0.0,0.0,0.0,0.0,4.0,4.0,300.0,75.0,0.0,0.0,4,4.0,300.0,0.0,1.0,75.0,75.0,0.0
PRV51100,5.0,5.0,78000.0,15600.0,5340.0,1068.0,0.0,0.0,0.0,0.0,0.0,0.0,5,5.0,78000.0,5340.0,1.0,15600.0,15600.0,1.0
PRV51101,3.0,3.0,16600.0,5533.333333333333,3204.0,1068.0,0.0,0.0,0.0,0.0,0.0,0.0,3,3.0,16600.0,3204.0,1.0,5533.333333333333,5533.333333333333,1.0
PRV51102,12.0,11.0,148000.0,12333.333333333334,12816.0,1068.0,0.0,0.0,0.0,0.0,0.0,0.0,11,12.0,148000.0,12816.0,1.0909090909090908,13454.545454545454,12333.333333333334,1.0
PRV51103,0.0,0.0,0.0,0.0,0.0,0.0,6.0,4.0,440.0,73.33333333333333,60.0,10.0,4,6.0,440.0,60.0,1.5,110.0,73.33333333333333,0.0
PRV51104,0.0,0.0,0.0,0.0,0.0,0.0,12.0,9.0,1900.0,158.33333333333334,110.0,9.166666666666666,9,12.0,1900.0,110.0,1.3333333333333333,211.11111111111111,158.33333333333334,0.0
PRV51105,0.0,0.0,0.0,0.0,0.0,0.0,12.0,12.0,6540.0,545.0,0.0,0.0,12,12.0,6540.0,0.0,1.0,545.0,545.0,0.0
PRV51108,19.0,19.0,156000.0,8210.526315789473,19224.0,1068.0,0.0,0.0,0.0,0.0,0.0,0.0,19,19.0,156000.0,19224.0,1.0,8210.526315789473,8210.526315789473,1.0
PRV51109,3.0,3.0,18000.0,6000.0,3204.0,1068.0,0.0,0.0,0.0,0.0,0.0,0.0,3,3.0,18000.0,3204.0,1.0,6000.0,6000.0,1.0
PRV51110,5.0,5.0,27000.0,5400.0,5340.0,1068.0,0.0,0.0,0.0,0.0,0.0,0.0,5,5.0,27000.0,5340.0,1.0,5400.0,5400.0,1.0
PRV51111,0.0,0.0,0.0,0.0,0.0,0.0,132.0,85.0,54860.0,415.6060606060606,200.0,1.5151515151515151,85,132.0,54860.0,200.0,1.5529411764705883,645.4117647058823,415.6060606060606,0.0
PRV51112,0.0,0.0,0.0,0.0,0.0,0.0,304.0,195.0,105250.0,346.2171052631579,810.0,2.664473684210526,195,304.0,105250.0,810.0,1.558974358974359,539.7435897435897,346.2171052631579,0.0
PRV51113,0.0,0.0,0.0,0.0,0.0,0.0,132.0,78.0,46390.0,351.43939393939394,550.0,4.166666666666667,78,132.0,46390.0,550.0,1.6923076923076923,594.7435897435897,351.43939393939394,0.0
PRV51114,0.0,0.0,0.0,0.0,0.0,0.0,262.0,160.0,76720.0,292.82442748091603,560.0,2.1374045801526718,160,262.0,76720.0,560.0,1.6375,479.5,292.82442748091603,0.0
PRV51115,0.0,0.0,0.0,0.0,0.0,0.0,7.0,6.0,980.0,140.0,20.0,2.857142857142857,6,7.0,980.0,20.0,1.1666666666666667,163.33333333333334,140.0,0.0
PRV51117,0.0,0.0,0.0,0.0,0.0,0.0,12.0,10.0,1950.0,162.5,0.0,0.0,10,12.0,1950.0,0.0,1.2,195.0,162.5,0.0
PRV51118,16.0,16.0,136000.0,8500.0,14952.0,1068.0,0.0,0.0,0.0,0.0,0.0,0.0,16,16.0,136000.0,14952.0,1.0,8500.0,8500.0,1.0
PRV51119,94.0,81.0,985000.0,10478.72340425532,96120.0,1068.0,1.0,1.0,95580.0,95580.0,865.0,865.0,81,95.0,1080580.0,96985.0,1.1728395061728396,13340.493827160493,11374.526315789473,0.9894736842105263
PRV51120,7.0,7.0,52000.0,7428.571428571428,7476.0,1068.0,0.0,0.0,0.0,0.0,0.0,0.0,7,7.0,52000.0,7476.0,1.0,7428.571428571428,7428.571428571428,1.0
PRV51121,6.0,6.0,81000.0,13500.0,6408.0,1068.0,1.0,1.0,80.0,80.0,0.0,0.0,7,7.0,81080.0,6408.0,1.0,11582.857142857143,11582.857142857143,0.8571428571428571
PRV51122,0.0,0.0,0.0,0.0,0.0,0.0,7.0,7.0,1120.0,160.0,0.0,0.0,7,7.0,1120.0,0.0,1.0,160.0,160.0,0.0
PRV51123,2.0,2.0,9000.0,4500.0,2136.0,1068.0,29.0,28.0,17910.0,617.5862068965517,40.0,1.3793103448275863,28,31.0,26910.0,2176.0,1.1071428571428572,961.0714285714286,868.0645161290323,0.06451612903225806
PRV51125,12.0,12.0,110000.0,9166.666666666666,12816.0,1068.0,36.0,20.0,21310.0,591.9444444444445,280.0,7.777777777777778,32,48.0,131310.0,13096.0,1.5,4103.4375,2735.625,0.25
PRV51126,20.0,14.0,177000.0,8850.0,21360.0,1068.0,0.0,0.0,0.0,0.0,0.0,0.0,14,20.0,177000.0,21360.0,1.4285714285714286,12642.857142857143,8850.0,1.0
PRV51128,5.0,3.0,90000.0,18000.0,5340.0,1068.0,45.0,37.0,12220.0,271.55555555555554,0.0,0.0,38,50.0,102220.0,5340.0,1.3157894736842106,2690.0,2044.4,0.1
PRV51129,0.0,0.0,0.0,0.0,0.0,0.0,96.0,65.0,22920.0,238.75,480.0,5.0,65,96.0,22920.0,480.0,1.476923076923077,352.61538461538464,238.75,0.0
PRV51130,0.0,0.0,0.0,0.0,0.0,0.0,7.0,7.0,4970.0,710.0,0.0,0.0,7,7.0,4970.0,0.0,1.0,710.0,710.0,0.0
PRV51131,0.0,0.0,0.0,0.0,0.0,0.0,8.0,8.0,1160.0,145.0,70.0,8.75,8,8.0,1160.0,70.0,1.0,145.0,145.0,0.0
PRV51132,1.0,1.0,4000.0,4000.0,1068.0,1068.0,7.0,5.0,1330.0,190.0,0.0,0.0,6,8.0,5330.0,1068.0,1.3333333333333333,888.3333333333334,666.25,0.125
PRV51134,0.0,0.0,0.0,0.0,0.0,0.0,15.0,12.0,7610.0,507.3333333333333,80.0,5.333333333333333,12,15.0,7610.0,80.0,1.25,634.1666666666666,507.3333333333333,0.0
PRV51135,0.0,0.0,0.0,0.0,0.0,0.0,5.0,2.0,300.0,60.0,0.0,0.0,2,5.0,300.0,0.0,2.5,150.0,60.0,0.0
PRV51136,1.0,1.0,20000.0,20000.0,1068.0,1068.0,0.0,0.0,0.0,0.0,0.0,0.0,1,1.0,20000.0,1068.0,1.0,20000.0,20000.0,1.0
PRV51137,1.0,1.0,6000.0,6000.0,1068.0,1068.0,54.0,50.0,10050.0,186.11111111111111,280.0,5.185185185185185,51,55.0,16050.0,1348.0,1.0784313725490196,314.70588235294116,291.8181818181818,0.01818181818181818
PRV51138,1.0,1.0,6000.0,6000.0,1068.0,1068.0,25.0,20.0,7430.0,297.2,0.0,0.0,21,26.0,13430.0,1068.0,1.2380952380952381,639.5238095238095,516.5384615384615,0.038461538461538464
PRV51139,7.0,7.0,41300.0,5900.0,7476.0,1068.0,36.0,35.0,11280.0,313.3333333333333,40.0,1.1111111111111112,42,43.0,52580.0,7516.0,1.0238095238095237,1251.904761904762,1222.7906976744187,0.16279069767441862
PRV51140,47.0,45.0,307400.0,6540.425531914893,49128.0,1068.0,440.0,363.0,145730.0,331.20454545454544,1290.0,2.9318181818181817,394,487.0,453130.0,50418.0,1.236040609137056,1150.0761421319796,930.4517453798768,0.09650924024640657
PRV51141,0.0,0.0,0.0,0.0,0.0,0.0,71.0,37.0,19490.0,274.50704225352115,170.0,2.3943661971830985,37,71.0,19490.0,170.0,1.9189189189189189,526.7567567567568,274.50704225352115,0.0
PRV51142,7.0,5.0,97000.0,13857.142857142857,7476.0,1068.0,44.0,35.0,7570.0,172.04545454545453,60.0,1.3636363636363635,38,51.0,104570.0,7536.0,1.3421052631578947,2751.842105263158,2050.392156862745,0.13725490196078433
PRV51143,0.0,0.0,0.0,0.0,0.0,0.0,77.0,68.0,20450.0,265.5844155844156,350.0,4.545454545454546,68,77.0,20450.0,350.0,1.1323529411764706,300.7352941176471,265.5844155844156,0.0
PRV51144,4.0,4.0,53000.0,13250.0,4272.0,1068.0,26.0,25.0,8220.0,316.15384615384613,220.0,8.461538461538462,29,30.0,61220.0,4492.0,1.0344827586206897,2111.0344827586205,2040.6666666666667,0.13333333333333333
PRV51145,161.0,125.0,1600600.0,9941.614906832297,166608.0,1068.0,41.0,39.0,5750.0,140.2439024390244,140.0,3.4146341463414633,161,202.0,1606350.0,166748.0,1.2546583850931676,9977.329192546584,7952.227722772277,0.7970297029702971
PRV51146,162.0,157.0,1618200.0,9988.888888888889,170880.0,1068.0,190.0,177.0,62710.0,330.05263157894734,790.0,4.157894736842105,334,352.0,1680910.0,171670.0,1.0538922155688624,5032.664670658683,4775.3125,0.4602272727272727
PRV51147,0.0,0.0,0.0,0.0,0.0,0.0,32.0,32.0,8860.0,276.875,210.0,6.5625,32,32.0,8860.0,210.0,1.0,276.875,276.875,0.0
PRV51148,34.0,33.0,398400.0,11717.64705882353,35244.0,1068.0,296.0,230.0,90260.0,304.93243243243245,1050.0,3.5472972972972974,263,330.0,488660.0,36294.0,1.2547528517110267,1858.0228136882129,1480.7878787878788,0.10303030303030303
PRV51149,116.0,108.0,1113000.0,9594.827586206897,123888.0,1068.0,32.0,28.0,7680.0,240.0,70.0,2.1875,136,148.0,1120680.0,123958.0,1.088235294117647,8240.29411764706,7572.1621621621625,0.7837837837837838
PRV51151,22.0,22.0,142000.0,6454.545454545455,22428.0,1068.0,211.0,203.0,59300.0,281.042654028436,870.0,4.123222748815166,225,233.0,201300.0,23298.0,1.0355555555555556,894.6666666666666,863.9484978540772,0.0944206008583691
PRV51152,0.0,0.0,0.0,0.0,0.0,0.0,83.0,39.0,25770.0,310.48192771084337,500.0,6.024096385542169,39,83.0,25770.0,500.0,2.128205128205128,660.7692307692307,310.48192771084337,0.0
PRV51153,4.0,4.0,51000.0,12750.0,4272.0,1068.0,83.0,79.0,20490.0,246.86746987951807,630.0,7.590361445783133,83,87.0,71490.0,4902.0,1.0481927710843373,861.3253012048193,821.7241379310345,0.04597701149425287
PRV51154,0.0,0.0,0.0,0.0,0.0,0.0,161.0,147.0,45750.0,284.16149068322983,790.0,4.906832298136646,147,161.0,45750.0,790.0,1.0952380952380953,311.2244897959184,284.16149068322983,0.0
PRV51155,0.0,0.0,0.0,0.0,0.0,0.0,115.0,110.0,26330.0,228.95652173913044,160.0,1.391304347826087,110,115.0,26330.0,160.0,1.0454545454545454,239.36363636363637,228.95652173913044,0.0
PRV51156,0.0,0.0,0.0,0.0,0.0,0.0,542.0,425.0,140640.0,259.48339483394835,1720.0,3.1734317343173433,425,542.0,140640.0,1720.0,1.275294117647059,330.91764705882355,259.48339483394835,0.0
PRV51159,65.0,60.0,635660.0,9779.384615384615,69420.0,1068.0,504.0,448.0,162130.0,321.68650793650795,1030.0,2.0436507936507935,506,569.0,797790.0,70450.0,1.1245059288537549,1576.6600790513835,1402.091388400703,0.11423550087873462
PRV51160,90.0,87.0,866000.0,9622.222222222223,96120.0,1068.0,24.0,24.0,6020.0,250.83333333333334,20.0,0.8333333333333334,110,114.0,872020.0,96140.0,1.0363636363636364,7927.454545454545,7649.298245614035,0.7894736842105263
PRV51164,41.0,40.0,443000.0,10804.878048780487,43788.0,1068.0,350.0,298.0,113980.0,325.65714285714284,760.0,2.1714285714285713,334,391.0,556980.0,44548.0,1.1706586826347305,1667.6047904191616,1424.5012787723786,0.10485933503836317
PRV51165,26.0,26.0,306000.0,11769.23076923077,27768.0,1068.0,72.0,71.0,23700.0,329.1666666666667,320.0,4.444444444444445,97,98.0,329700.0,28088.0,1.0103092783505154,3398.9690721649486,3364.285714285714,0.2653061224489796
PRV51166,1.0,1.0,22000.0,22000.0,1068.0,1068.0,4.0,4.0,2870.0,717.5,0.0,0.0,5,5.0,24870.0,1068.0,1.0,4974.0,4974.0,0.2
PRV51167,0.0,0.0,0.0,0.0,0.0,0.0,190.0,182.0,51980.0,273.57894736842104,410.0,2.1578947368421053,182,190.0,51980.0,410.0,1.043956043956044,285.6043956043956,273.57894736842104,0.0
PRV51168,9.0,9.0,63000.0,7000.0,9612.0,1068.0,78.0,77.0,17470.0,223.97435897435898,170.0,2.1794871794871793,86,87.0,80470.0,9782.0,1.0116279069767442,935.6976744186046,924.9425287356322,0.10344827586206896
PRV51169,0.0,0.0,0.0,0.0,0.0,0.0,77.0,74.0,19380.0,251.6883116883117,50.0,0.6493506493506493,74,77.0,19380.0,50.0,1.0405405405405406,261.8918918918919,251.6883116883117,0.0
PRV51170,8.0,8.0,145000.0,18125.0,8544.0,1068.0,8.0,8.0,820.0,102.5,0.0,0.0,16,16.0,145820.0,8544.0,1.0,9113.75,9113.75,0.5
PRV51171,0.0,0.0,0.0,0.0,0.0,0.0,59.0,59.0,13820.0,234.23728813559322,200.0,3.389830508474576,59,59.0,13820.0,200.0,1.0,234.23728813559322,234.23728813559322,0.0
PRV51173,7.0,7.0,90000.0,12857.142857142857,7476.0,1068.0,15.0,14.0,6290.0,419.3333333333333,200.0,13.333333333333334,21,22.0,96290.0,7676.0,1.0476190476190477,4585.238095238095,4376.818181818182,0.3181818181818182
PRV51175,0.0,0.0,0.0,0.0,0.0,0.0,41.0,39.0,9650.0,235.3658536585366,90.0,2.1951219512195124,39,41.0,9650.0,90.0,1.0512820512820513,247.43589743589743,235.3658536585366,0.0
PRV51176,0.0,0.0,0.0,0.0,0.0,0.0,445.0,399.0,145980.0,328.0449438202247,870.0,1.9550561797752808,399,445.0,145980.0,870.0,1.1152882205513786,365.8646616541353,328.0449438202247,0.0
PRV51178,34.0,33.0,422000.0,12411.764705882353,36312.0,1068.0,31.0,31.0,9180.0,296.1290322580645,290.0,9.35483870967742,64,65.0,431180.0,36602.0,1.015625,6737.1875,6633.538461538462,0.5230769230769231
PRV51179,0.0,0.0,0.0,0.0,0.0,0.0,26.0,26.0,5000.0,192.30769230769232,0.0,0.0,26,26.0,5000.0,0.0,1.0,192.30769230769232,192.30769230769232,0.0
PRV51180,2.0,2.0,47000.0,23500.0,2136.0,1068.0,127.0,84.0,47240.0,371.9685039370079,280.0,2.204724409448819,86,129.0,94240.0,2416.0,1.5,1095.8139534883721,730.5426356589147,0.015503875968992248
PRV51181,0.0,0.0,0.0,0.0,0.0,0.0,10.0,10.0,2150.0,215.0,0.0,0.0,10,10.0,2150.0,0.0,1.0,215.0,215.0,0.0
PRV51183,41.0,41.0,336800.0,8214.634146341463,42720.0,1068.0,72.0,65.0,18990.0,263.75,70.0,0.9722222222222222,105,113.0,355790.0,42790.0,1.0761904761904761,3388.4761904761904,3148.5840707964603,0.36283185840707965
PRV51185,0.0,0.0,0.0,0.0,0.0,0.0,8.0,8.0,1590.0,198.75,0.0,0.0,8,8.0,1590.0,0.0,1.0,198.75,198.75,0.0
PRV51186,0.0,0.0,0.0,0.0,0.0,0.0,2.0,2.0,100.0,50.0,0.0,0.0,2,2.0,100.0,0.0,1.0,50.0,50.0,0.0
PRV51189,0.0,0.0,0.0,0.0,0.0,0.0,56.0,51.0,8740.0,156.07142857142858,240.0,4.285714285714286,51,56.0,8740.0,240.0,1.0980392156862746,171.37254901960785,156.07142857142858,0.0
PRV51190,3.0,3.0,24000.0,8000.0,3204.0,1068.0,63.0,61.0,15310.0,243.015873015873,330.0,5.238095238095238,64,66.0,39310.0,3534.0,1.03125,614.21875,595.6060606060606,0.045454545454545456
PRV51191,0.0,0.0,0.0,0.0,0.0,0.0,32.0,30.0,10990.0,343.4375,90.0,2.8125,30,32.0,10990.0,90.0,1.0666666666666667,366.3333333333333,343.4375,0.0
PRV51194,2.0,2.0,18000.0,9000.0,2136.0,1068.0,7.0,7.0,540.0,77.14285714285714,0.0,0.0,9,9.0,18540.0,2136.0,1.0,2060.0,2060.0,0.2222222222222222
PRV51196,0.0,0.0,0.0,0.0,0.0,0.0,720.0,432.0,197060.0,273.69444444444446,1750.0,2.4305555555555554,432,720.0,197060.0,1750.0,1.6666666666666667,456.1574074074074,273.69444444444446,0.0
PRV51198,0.0,0.0,0.0,0.0,0.0,0.0,6.0,3.0,360.0,60.0,30.0,5.0,3,6.0,360.0,30.0,2.0,120.0,60.0,0.0
PRV51200,0.0,0.0,0.0,0.0,0.0,0.0,19.0,16.0,4420.0,232.6315789473684,0.0,0.0,16,19.0,4420.0,0.0,1.1875,276.25,232.6315789473684,0.0
PRV51201,0.0,0.0,0.0,0.0,0.0,0.0,45.0,41.0,10660.0,236.88888888888889,50.0,1.1111111111111112,41,45.0,10660.0,50.0,1.0975609756097562,260.0,236.88888888888889,0.0
PRV51202,0.0,0.0,0.0,0.0,0.0,0.0,12.0,12.0,5010.0,417.5,0.0,0.0,12,12.0,5010.0,0.0,1.0,417.5,417.5,0.0
PRV51203,0.0,0.0,0.0,0.0,0.0,0.0,21.0,20.0,15340.0,730.4761904761905,80.0,3.8095238095238093,20,21.0,15340.0,80.0,1.05,767.0,730.4761904761905,0.0
PRV51204,0.0,0.0,0.0,0.0,0.0,0.0,499.0,398.0,155180.0,310.9819639278557,600.0,1.2024048096192386,398,499.0,155180.0,600.0,1.2537688442211055,389.8994974874372,310.9819639278557,0.0
PRV51205,0.0,0.0,0.0,0.0,0.0,0.0,10.0,10.0,4660.0,466.0,70.0,7.0,10,10.0,4660.0,70.0,1.0,466.0,466.0,0.0
PRV51206,0.0,0.0,0.0,0.0,0.0,0.0,10.0,10.0,1560.0,156.0,0.0,0.0,10,10.0,1560.0,0.0,1.0,156.0,156.0,0.0
PRV51207,3.0,3.0,51000.0,17000.0,3204.0,1068.0,0.0,0.0,0.0,0.0,0.0,0.0,3,3.0,51000.0,3204.0,1.0,17000.0,17000.0,1.0
PRV51209,0.0,0.0,0.0,0.0,0.0,0.0,42.0,38.0,9910.0,235.95238095238096,170.0,4.0476190476190474,38,42.0,9910.0,170.0,1.105263157894737,260.7894736842105,235.95238095238096,0.0
PRV51210,0.0,0.0,0.0,0.0,0.0,0.0,9.0,9.0,2890.0,321.1111111111111,0.0,0.0,9,9.0,2890.0,0.0,1.0,321.1111111111111,321.1111111111111,0.0
PRV51211,0.0,0.0,0.0,0.0,0.0,0.0,2.0,2.0,100.0,50.0,0.0,0.0,2,2.0,100.0,0.0,1.0,50.0,50.0,0.0
PRV51212,0.0,0.0,0.0,0.0,0.0,0.0,15.0,15.0,6260.0,417.3333333333333,70.0,4.666666666666667,15,15.0,6260.0,70.0,1.0,417.3333333333333,417.3333333333333,0.0
PRV51213,0.0,0.0,0.0,0.0,0.0,0.0,2.0,2.0,50.0,25.0,0.0,0.0,2,2.0,50.0,0.0,1.0,25.0,25.0,0.0
PRV51214,0.0,0.0,0.0,0.0,0.0,0.0,8.0,8.0,3200.0,400.0,0.0,0.0,8,8.0,3200.0,0.0,1.0,400.0,400.0,0.0
PRV51215,0.0,0.0,0.0,0.0,0.0,0.0,10.0,10.0,1610.0,161.0,0.0,0.0,10,10.0,1610.0,0.0,1.0,161.0,161.0,0.0
PRV51216,0.0,0.0,0.0,0.0,0.0,0.0,71.0,66.0,15560.0,219.1549295774648,570.0,8.028169014084508,66,71.0,15560.0,570.0,1.0757575757575757,235.75757575757575,219.1549295774648,0.0
PRV51217,0.0,0.0,0.0,0.0,0.0,0.0,5.0,5.0,2930.0,586.0,0.0,0.0,5,5.0,2930.0,0.0,1.0,586.0,586.0,0.0
PRV51218,0.0,0.0,0.0,0.0,0.0,0.0,7.0,7.0,520.0,74.28571428571429,0.0,0.0,7,7.0,520.0,0.0,1.0,74.28571428571429,74.28571428571429,0.0
PRV51219,0.0,0.0,0.0,0.0,0.0,0.0,8.0,8.0,5330.0,666.25,0.0,0.0,8,8.0,5330.0,0.0,1.0,666.25,666.25,0.0
PRV51221,0.0,0.0,0.0,0.0,0.0,0.0,1.0,1.0,70.0,70.0,0.0,0.0,1,1.0,70.0,0.0,1.0,70.0,70.0,0.0
PRV51222,0.0,0.0,0.0,0.0,0.0,0.0,5.0,3.0,860.0,172.0,0.0,0.0,3,5.0,860.0,0.0,1.6666666666666667,286.6666666666667,172.0,0.0
PRV51224,0.0,0.0,0.0,0.0,0.0,0.0,7.0,7.0,3130.0,447.14285714285717,0.0,0.0,7,7.0,3130.0,0.0,1.0,447.14285714285717,447.14285714285717,0.0
PRV51225,0.0,0.0,0.0,0.0,0.0,0.0,8.0,8.0,1190.0,148.75,0.0,0.0,8,8.0,1190.0,0.0,1.0,148.75,148.75,0.0
PRV51226,0.0,0.0,0.0,0.0,0.0,0.0,20.0,19.0,7430.0,371.5,270.0,13.5,19,20.0,7430.0,270.0,1.0526315789473684,391.05263157894734,371.5,0.0
PRV51228,0.0,0.0,0.0,0.0,0.0,0.0,5.0,5.0,430.0,86.0,70.0,14.0,5,5.0,430.0,70.0,1.0,86.0,86.0,0.0
PRV51229,0.0,0.0,0.0,0.0,0.0,0.0,47.0,44.0,12410.0,264.0425531914894,110.0,2.3404255319148937,44,47.0,12410.0,110.0,1.0681818181818181,282.04545454545456,264.0425531914894,0.0
PRV51230,0.0,0.0,0.0,0.0,0.0,0.0,30.0,30.0,12490.0,416.3333333333333,0.0,0.0,30,30.0,12490.0,0.0,1.0,416.3333333333333,416.3333333333333,0.0
PRV51231,2.0,2.0,16000.0,8000.0,2136.0,1068.0,0.0,0.0,0.0,0.0,0.0,0.0,2,2.0,16000.0,2136.0,1.0,8000.0,8000.0,1.0
PRV51232,1.0,1.0,26000.0,26000.0,1068.0,1068.0,0.0,0.0,0.0,0.0,0.0,0.0,1,1.0,26000.0,1068.0,1.0,26000.0,26000.0,1.0
PRV51233,3.0,3.0,27000.0,9000.0,3204.0,1068.0,0.0,0.0,0.0,0.0,0.0,0.0,3,3.0,27000.0,3204.0,1.0,9000.0,9000.0,1.0
PRV51234,5.0,5.0,29000.0,5800.0,5340.0,1068.0,0.0,0.0,0.0,0.0,0.0,0.0,5,5.0,29000.0,5340.0,1.0,5800.0,5800.0,1.0
PRV51235,2.0,2.0,10000.0,5000.0,2136.0,1068.0,0.0,0.0,0.0,0.0,0.0,0.0,2,2.0,10000.0,2136.0,1.0,5000.0,5000.0,1.0
PRV51236,1.0,1.0,12000.0,12000.0,1068.0,1068.0,0.0,0.0,0.0,0.0,0.0,0.0,1,1.0,12000.0,1068.0,1.0,12000.0,12000.0,1.0
PRV51237,1.0,1.0,19000.0,19000.0,1068.0,1068.0,0.0,0.0,0.0,0.0,0.0,0.0,1,1.0,19000.0,1068.0,1.0,19000.0,19000.0,1.0
PRV51238,8.0,8.0,132000.0,16500.0,4272.0,1068.0,0.0,0.0,0.0,0.0,0.0,0.0,8,8.0,132000.0,4272.0,1.0,16500.0,16500.0,1.0
PRV51239,1.0,1.0,5000.0,5000.0,1068.0,1068.0,0.0,0.0,0.0,0.0,0.0,0.0,1,1.0,5000.0,1068.0,1.0,5000.0,5000.0,1.0
PRV51240,11.0,11.0,81000.0,7363.636363636364,11748.0,1068.0,49.0,29.0,13020.0,265.7142857142857,40.0,0.8163265306122449,38,60.0,94020.0,11788.0,1.5789473684210527,2474.2105263157896,1567.0,0.18333333333333332
PRV51241,10.0,9.0,78000.0,7800.0,9612.0,1068.0,50.0,38.0,12210.0,244.2,160.0,3.2,47,60.0,90210.0,9772.0,1.2765957446808511,1919.3617021276596,1503.5,0.16666666666666666
PRV51242,11.0,10.0,88000.0,8000.0,10680.0,1068.0,100.0,79.0,29200.0,292.0,420.0,4.2,87,111.0,117200.0,11100.0,1.2758620689655173,1347.1264367816093,1055.855855855856,0.0990990990990991
PRV51243,0.0,0.0,0.0,0.0,0.0,0.0,36.0,15.0,6330.0,175.83333333333334,270.0,7.5,15,36.0,6330.0,270.0,2.4,422.0,175.83333333333334,0.0
PRV51244,200.0,166.0,1796100.0,8980.5,209328.0,1068.0,1215.0,587.0,357890.0,294.559670781893,2590.0,2.1316872427983538,659,1415.0,2153990.0,211918.0,2.1471927162367224,3268.5735963581183,1522.2544169611308,0.1413427561837456
PRV51245,4.0,4.0,20000.0,5000.0,3204.0,1068.0,169.0,55.0,63630.0,376.50887573964496,690.0,4.0828402366863905,58,173.0,83630.0,3894.0,2.9827586206896552,1441.896551724138,483.4104046242775,0.023121387283236993
PRV51247,10.0,7.0,74000.0,7400.0,9612.0,1068.0,24.0,19.0,2240.0,93.33333333333333,110.0,4.583333333333333,26,34.0,76240.0,9722.0,1.3076923076923077,2932.3076923076924,2242.3529411764707,0.29411764705882354
PRV51248,1.0,1.0,23000.0,23000.0,1068.0,1068.0,1.0,1.0,500.0,500.0,0.0,0.0,2,2.0,23500.0,1068.0,1.0,11750.0,11750.0,0.5
PRV51249,51.0,40.0,506000.0,9921.56862745098,51264.0,1068.0,75.0,66.0,15330.0,204.4,210.0,2.8,101,126.0,521330.0,51474.0,1.2475247524752475,5161.683168316832,4137.539682539683,0.40476190476190477
PRV51250,0.0,0.0,0.0,0.0,0.0,0.0,85.0,71.0,22560.0,265.4117647058824,280.0,3.2941176470588234,71,85.0,22560.0,280.0,1.1971830985915493,317.7464788732394,265.4117647058824,0.0
PRV51251,0.0,0.0,0.0,0.0,0.0,0.0,11.0,10.0,3590.0,326.3636363636364,0.0,0.0,10,11.0,3590.0,0.0,1.1,359.0,326.3636363636364,0.0
PRV51252,18.0,18.0,142000.0,7888.888888888889,18156.0,1068.0,69.0,60.0,12930.0,187.3913043478261,200.0,2.898550724637681,76,87.0,154930.0,18356.0,1.144736842105263,2038.5526315789473,1780.8045977011495,0.20689655172413793
PRV51253,0.0,0.0,0.0,0.0,0.0,0.0,85.0,76.0,21740.0,255.76470588235293,300.0,3.5294117647058822,76,85.0,21740.0,300.0,1.118421052631579,286.05263157894734,255.76470588235293,0.0
PRV51255,2.0,2.0,11000.0,5500.0,2136.0,1068.0,72.0,61.0,29570.0,410.69444444444446,60.0,0.8333333333333334,62,74.0,40570.0,2196.0,1.1935483870967742,654.3548387096774,548.2432432432432,0.02702702702702703
PRV51256,0.0,0.0,0.0,0.0,0.0,0.0,95.0,80.0,38550.0,405.7894736842105,0.0,0.0,80,95.0,38550.0,0.0,1.1875,481.875,405.7894736842105,0.0
PRV51258,8.0,7.0,98000.0,12250.0,8544.0,1068.0,6.0,6.0,1660.0,276.6666666666667,200.0,33.333333333333336,12,14.0,99660.0,8744.0,1.1666666666666667,8305.0,7118.571428571428,0.5714285714285714
PRV51259,4.0,3.0,150000.0,37500.0,4272.0,1068.0,17.0,16.0,1960.0,115.29411764705883,0.0,0.0,19,21.0,151960.0,4272.0,1.105263157894737,7997.894736842105,7236.190476190476,0.19047619047619047
PRV51260,3.0,3.0,78000.0,26000.0,3204.0,1068.0,59.0,52.0,14390.0,243.89830508474577,0.0,0.0,55,62.0,92390.0,3204.0,1.1272727272727272,1679.8181818181818,1490.1612903225807,0.04838709677419355
PRV51261,26.0,25.0,245000.0,9423.076923076924,26700.0,1068.0,116.0,101.0,25170.0,216.98275862068965,420.0,3.6206896551724137,123,142.0,270170.0,27120.0,1.1544715447154472,2196.5040650406504,1902.605633802817,0.18309859154929578
PRV51262,0.0,0.0,0.0,0.0,0.0,0.0,60.0,52.0,16270.0,271.1666666666667,40.0,0.6666666666666666,52,60.0,16270.0,40.0,1.1538461538461537,312.88461538461536,271.1666666666667,0.0
PRV51263,18.0,15.0,210000.0,11666.666666666666,19224.0,1068.0,26.0,25.0,8170.0,314.2307692307692,70.0,2.6923076923076925,37,44.0,218170.0,19294.0,1.1891891891891893,5896.486486486487,4958.409090909091,0.4090909090909091
PRV51264,0.0,0.0,0.0,0.0,0.0,0.0,39.0,35.0,5270.0,135.12820512820514,120.0,3.076923076923077,35,39.0,5270.0,120.0,1.1142857142857143,150.57142857142858,135.12820512820514,0.0
PRV51265,0.0,0.0,0.0,0.0,0.0,0.0,160.0,84.0,45770.0,286.0625,750.0,4.6875,84,160.0,45770.0,750.0,1.9047619047619047,544.8809523809524,286.0625,0.0
PRV51266,10.0,10.0,78300.0,7830.0,9612.0,1068.0,82.0,72.0,24600.0,300.0,150.0,1.829268292682927,82,92.0,102900.0,9762.0,1.1219512195121952,1254.878048780488,1118.4782608695652,0.10869565217391304
PRV51267,2.0,2.0,9000.0,4500.0,2136.0,1068.0,12.0,12.0,3870.0,322.5,30.0,2.5,14,14.0,12870.0,2166.0,1.0,919.2857142857143,919.2857142857143,0.14285714285714285
PRV51271,2.0,2.0,17000.0,8500.0,2136.0,1068.0,121.0,89.0,26180.0,216.36363636363637,200.0,1.6528925619834711,90,123.0,43180.0,2336.0,1.3666666666666667,479.77777777777777,351.0569105691057,0.016260162601626018
PRV51272,2.0,2.0,22000.0,11000.0,2136.0,1068.0,77.0,29.0,28760.0,373.5064935064935,620.0,8.051948051948052,31,79.0,50760.0,2756.0,2.5483870967741935,1637.4193548387098,642.5316455696203,0.02531645569620253
PRV51273,0.0,0.0,0.0,0.0,0.0,0.0,553.0,387.0,131340.0,237.50452079566003,1400.0,2.5316455696202533,387,553.0,131340.0,1400.0,1.4289405684754521,339.37984496124034,237.50452079566003,0.0
PRV51274,10.0,10.0,165000.0,16500.0,10680.0,1068.0,48.0,39.0,10720.0,223.33333333333334,60.0,1.25,48,58.0,175720.0,10740.0,1.2083333333333333,3660.8333333333335,3029.655172413793,0.1724137931034483
PRV51276,14.0,12.0,116000.0,8285.714285714286,14952.0,1068.0,53.0,49.0,17980.0,339.24528301886795,320.0,6.037735849056604,60,67.0,133980.0,15272.0,1.1166666666666667,2233.0,1999.7014925373135,0.208955223880597
PRV51277,10.0,10.0,121000.0,12100.0,10680.0,1068.0,49.0,46.0,20190.0,412.0408163265306,240.0,4.8979591836734695,54,59.0,141190.0,10920.0,1.0925925925925926,2614.6296296296296,2393.0508474576272,0.1694915254237288
PRV51279,0.0,0.0,0.0,0.0,0.0,0.0,224.0,186.0,59840.0,267.14285714285717,750.0,3.3482142857142856,186,224.0,59840.0,750.0,1.2043010752688172,321.7204301075269,267.14285714285717,0.0
PRV51280,0.0,0.0,0.0,0.0,0.0,0.0,39.0,34.0,20250.0,519.2307692307693,0.0,0.0,34,39.0,20250.0,0.0,1.1470588235294117,595.5882352941177,519.2307692307693,0.0
PRV51281,0.0,0.0,0.0,0.0,0.0,0.0,259.0,200.0,89470.0,345.44401544401546,690.0,2.664092664092664,200,259.0,89470.0,690.0,1.295,447.35,345.44401544401546,0.0
PRV51282,8.0,8.0,66000.0,8250.0,8544.0,1068.0,51.0,43.0,11330.0,222.15686274509804,80.0,1.5686274509803921,51,59.0,77330.0,8624.0,1.1568627450980393,1516.2745098039215,1310.677966101695,0.13559322033898305
PRV51284,17.0,17.0,182000.0,10705.882352941177,17088.0,1068.0,360.0,218.0,97860.0,271.8333333333333,970.0,2.6944444444444446,223,377.0,279860.0,18058.0,1.6905829596412556,1254.9775784753363,742.3342175066313,0.04509283819628647
PRV51285,15.0,13.0,161000.0,10733.333333333334,16020.0,1068.0,153.0,98.0,35120.0,229.54248366013073,510.0,3.3333333333333335,109,168.0,196120.0,16530.0,1.5412844036697249,1799.2660550458716,1167.3809523809523,0.08928571428571429
PRV51286,15.0,12.0,136000.0,9066.666666666666,16020.0,1068.0,55.0,51.0,9170.0,166.72727272727272,310.0,5.636363636363637,62,70.0,145170.0,16330.0,1.1290322580645162,2341.451612903226,2073.8571428571427,0.21428571428571427
PRV51287,0.0,0.0,0.0,0.0,0.0,0.0,78.0,46.0,25700.0,329.4871794871795,100.0,1.2820512820512822,46,78.0,25700.0,100.0,1.6956521739130435,558.695652173913,329.4871794871795,0.0
PRV51288,3.0,3.0,37000.0,12333.333333333334,3204.0,1068.0,5.0,5.0,360.0,72.0,0.0,0.0,8,8.0,37360.0,3204.0,1.0,4670.0,4670.0,0.375
PRV51289,0.0,0.0,0.0,0.0,0.0,0.0,92.0,38.0,46300.0,503.2608695652174,240.0,2.608695652173913,38,92.0,46300.0,240.0,2.4210526315789473,1218.421052631579,503.2608695652174,0.0
PRV51290,0.0,0.0,0.0,0.0,0.0,0.0,113.0,81.0,14990.0,132.65486725663717,260.0,2.3008849557522124,81,113.0,14990.0,260.0,1.3950617283950617,185.06172839506172,132.65486725663717,0.0
PRV51292,0.0,0.0,0.0,0.0,0.0,0.0,22.0,16.0,3970.0,180.45454545454547,0.0,0.0,16,22.0,3970.0,0.0,1.375,248.125,180.45454545454547,0.0
PRV51293,0.0,0.0,0.0,0.0,0.0,0.0,88.0,64.0,21200.0,240.9090909090909,20.0,0.22727272727272727,64,88.0,21200.0,20.0,1.375,331.25,240.9090909090909,0.0
PRV51295,0.0,0.0,0.0,0.0,0.0,0.0,7.0,6.0,1950.0,278.57142857142856,0.0,0.0,6,7.0,1950.0,0.0,1.1666666666666667,325.0,278.57142857142856,0.0
PRV51296,3.0,3.0,33000.0,11000.0,3204.0,1068.0,27.0,24.0,5630.0,208.5185185185185,80.0,2.962962962962963,27,30.0,38630.0,3284.0,1.1111111111111112,1430.7407407407406,1287.6666666666667,0.1
PRV51297,5.0,4.0,51000.0,10200.0,5340.0,1068.0,65.0,44.0,26090.0,401.38461538461536,70.0,1.0769230769230769,46,70.0,77090.0,5410.0,1.5217391304347827,1675.8695652173913,1101.2857142857142,0.07142857142857142
PRV51298,0.0,0.0,0.0,0.0,0.0,0.0,100.0,53.0,31120.0,311.2,550.0,5.5,53,100.0,31120.0,550.0,1.8867924528301887,587.1698113207547,311.2,0.0
PRV51299,0.0,0.0,0.0,0.0,0.0,0.0,37.0,27.0,6230.0,168.3783783783784,30.0,0.8108108108108109,27,37.0,6230.0,30.0,1.3703703703703705,230.74074074074073,168.3783783783784,0.0
PRV51300,7.0,5.0,93000.0,13285.714285714286,7476.0,1068.0,45.0,29.0,14540.0,323.1111111111111,160.0,3.5555555555555554,32,52.0,107540.0,7636.0,1.625,3360.625,2068.076923076923,0.1346153846153846
PRV51301,6.0,6.0,108000.0,18000.0,6408.0,1068.0,106.0,59.0,28910.0,272.7358490566038,310.0,2.9245283018867925,63,112.0,136910.0,6718.0,1.7777777777777777,2173.1746031746034,1222.4107142857142,0.05357142857142857
PRV51302,10.0,10.0,76000.0,7600.0,10680.0,1068.0,33.0,24.0,4710.0,142.72727272727272,70.0,2.121212121212121,34,43.0,80710.0,10750.0,1.2647058823529411,2373.823529411765,1876.9767441860465,0.23255813953488372
PRV51303,0.0,0.0,0.0,0.0,0.0,0.0,93.0,49.0,36110.0,388.2795698924731,510.0,5.483870967741935,49,93.0,36110.0,510.0,1.8979591836734695,736.9387755102041,388.2795698924731,0.0
PRV51304,2.0,2.0,28000.0,14000.0,2136.0,1068.0,49.0,38.0,11350.0,231.6326530612245,170.0,3.4693877551020407,39,51.0,39350.0,2306.0,1.3076923076923077,1008.974358974359,771.5686274509804,0.0392156862745098
PRV51305,11.0,9.0,98000.0,8909.09090909091,11748.0,1068.0,38.0,23.0,15400.0,405.2631578947368,0.0,0.0,29,49.0,113400.0,11748.0,1.6896551724137931,3910.344827586207,2314.285714285714,0.22448979591836735
PRV51306,0.0,0.0,0.0,0.0,0.0,0.0,17.0,13.0,3700.0,217.64705882352942,100.0,5.882352941176471,13,17.0,3700.0,100.0,1.3076923076923077,284.61538461538464,217.64705882352942,0.0
PRV51307,0.0,0.0,0.0,0.0,0.0,0.0,37.0,21.0,6940.0,187.56756756756758,80.0,2.1621621621621623,21,37.0,6940.0,80.0,1.7619047619047619,330.4761904761905,187.56756756756758,0.0
PRV51308,0.0,0.0,0.0,0.0,0.0,0.0,35.0,31.0,13790.0,394.0,130.0,3.7142857142857144,31,35.0,13790.0,130.0,1.1290322580645162,444.83870967741933,394.0,0.0
PRV51309,0.0,0.0,0.0,0.0,0.0,0.0,18.0,17.0,3790.0,210.55555555555554,0.0,0.0,17,18.0,3790.0,0.0,1.0588235294117647,222.94117647058823,210.55555555555554,0.0
PRV51311,3.0,3.0,13000.0,4333.333333333333,3204.0,1068.0,18.0,15.0,3010.0,167.22222222222223,0.0,0.0,18,21.0,16010.0,3204.0,1.1666666666666667,889.4444444444445,762.3809523809524,0.14285714285714285
PRV51312,4.0,3.0,19000.0,4750.0,4272.0,1068.0,42.0,26.0,9790.0,233.0952380952381,0.0,0.0,29,46.0,28790.0,4272.0,1.5862068965517242,992.7586206896551,625.8695652173913,0.08695652173913043
PRV51313,0.0,0.0,0.0,0.0,0.0,0.0,19.0,16.0,4970.0,261.57894736842104,90.0,4.7368421052631575,16,19.0,4970.0,90.0,1.1875,310.625,261.57894736842104,0.0
PRV51314,0.0,0.0,0.0,0.0,0.0,0.0,30.0,20.0,6460.0,215.33333333333334,0.0,0.0,20,30.0,6460.0,0.0,1.5,323.0,215.33333333333334,0.0
PRV51315,0.0,0.0,0.0,0.0,0.0,0.0,47.0,22.0,7210.0,153.40425531914894,340.0,7.23404255319149,22,47.0,7210.0,340.0,2.1363636363636362,327.72727272727275,153.40425531914894,0.0
PRV51316,3.0,3.0,21000.0,7000.0,3204.0,1068.0,0.0,0.0,0.0,0.0,0.0,0.0,3,3.0,21000.0,3204.0,1.0,7000.0,7000.0,1.0
PRV51318,3.0,3.0,13000.0,4333.333333333333,3204.0,1068.0,0.0,0.0,0.0,0.0,0.0,0.0,3,3.0,13000.0,3204.0,1.0,4333.333333333333,4333.333333333333,1.0
PRV51322,0.0,0.0,0.0,0.0,0.0,0.0,12.0,11.0,850.0,70.83333333333333,0.0,0.0,11,12.0,850.0,0.0,1.0909090909090908,77.27272727272727,70.83333333333333,0.0
PRV51323,0.0,0.0,0.0,0.0,0.0,0.0,76.0,32.0,20860.0,274.4736842105263,320.0,4.2105263157894735,32,76.0,20860.0,320.0,2.375,651.875,274.4736842105263,0.0
PRV51324,0.0,0.0,0.0,0.0,0.0,0.0,28.0,25.0,9330.0,333.2142857142857,0.0,0.0,25,28.0,9330.0,0.0,1.12,373.2,333.2142857142857,0.0
PRV51325,0.0,0.0,0.0,0.0,0.0,0.0,15.0,5.0,15140.0,1009.3333333333334,0.0,0.0,5,15.0,15140.0,0.0,3.0,3028.0,1009.3333333333334,0.0
PRV51326,0.0,0.0,0.0,0.0,0.0,0.0,44.0,22.0,14000.0,318.1818181818182,90.0,2.0454545454545454,22,44.0,14000.0,90.0,2.0,636.3636363636364,318.1818181818182,0.0
PRV51327,0.0,0.0,0.0,0.0,0.0,0.0,41.0,27.0,8990.0,219.26829268292684,150.0,3.658536585365854,27,41.0,8990.0,150.0,1.5185185185185186,332.962962962963,219.26829268292684,0.0
PRV51328,0.0,0.0,0.0,0.0,0.0,0.0,7.0,5.0,550.0,78.57142857142857,0.0,0.0,5,7.0,550.0,0.0,1.4,110.0,78.57142857142857,0.0
PRV51329,0.0,0.0,0.0,0.0,0.0,0.0,74.0,28.0,19360.0,261.6216216216216,240.0,3.2432432432432434,28,74.0,19360.0,240.0,2.642857142857143,691.4285714285714,261.6216216216216,0.0
PRV51330,0.0,0.0,0.0,0.0,0.0,0.0,19.0,9.0,3810.0,200.52631578947367,20.0,1.0526315789473684,9,19.0,3810.0,20.0,2.111111111111111,423.3333333333333,200.52631578947367,0.0
PRV51331,0.0,0.0,0.0,0.0,0.0,0.0,5.0,4.0,320.0,64.0,40.0,8.0,4,5.0,320.0,40.0,1.25,80.0,64.0,0.0
PRV51334,2.0,2.0,15000.0,7500.0,2136.0,1068.0,0.0,0.0,0.0,0.0,0.0,0.0,2,2.0,15000.0,2136.0,1.0,7500.0,7500.0,1.0
PRV51335,0.0,0.0,0.0,0.0,0.0,0.0,142.0,92.0,46080.0,324.50704225352115,400.0,2.816901408450704,92,142.0,46080.0,400.0,1.5434782608695652,500.8695652173913,324.50704225352115,0.0
PRV51336,10.0,10.0,116000.0,11600.0,10680.0,1068.0,59.0,59.0,13450.0,227.96610169491527,20.0,0.3389830508474576,69,69.0,129450.0,10700.0,1.0,1876.0869565217392,1876.0869565217392,0.14492753623188406
PRV51337,40.0,37.0,350000.0,8750.0,41652.0,1068.0,128.0,120.0,29100.0,227.34375,300.0,2.34375,155,168.0,379100.0,41952.0,1.0838709677419356,2445.8064516129034,2256.5476190476193,0.23809523809523808
PRV51338,7.0,7.0,73000.0,10428.57142857143,7476.0,1068.0,121.0,118.0,40860.0,337.68595041322317,450.0,3.71900826446281,124,128.0,113860.0,7926.0,1.032258064516129,918.2258064516129,889.53125,0.0546875
PRV51340,0.0,0.0,0.0,0.0,0.0,0.0,151.0,141.0,43210.0,286.158940397351,10.0,0.06622516556291391,141,151.0,43210.0,10.0,1.070921985815603,306.45390070921985,286.158940397351,0.0
PRV51341,0.0,0.0,0.0,0.0,0.0,0.0,71.0,70.0,14530.0,204.64788732394365,70.0,0.9859154929577465,70,71.0,14530.0,70.0,1.0142857142857142,207.57142857142858,204.64788732394365,0.0
PRV51342,28.0,28.0,319000.0,11392.857142857143,28836.0,1068.0,179.0,154.0,37780.0,211.0614525139665,530.0,2.9608938547486034,179,207.0,356780.0,29366.0,1.1564245810055866,1993.1843575418995,1723.574879227053,0.13526570048309178
PRV51344,2.0,2.0,19000.0,9500.0,2136.0,1068.0,31.0,31.0,7250.0,233.8709677419355,0.0,0.0,33,33.0,26250.0,2136.0,1.0,795.4545454545455,795.4545454545455,0.06060606060606061
PRV51345,0.0,0.0,0.0,0.0,0.0,0.0,49.0,47.0,15120.0,308.57142857142856,220.0,4.489795918367347,47,49.0,15120.0,220.0,1.0425531914893618,321.70212765957444,308.57142857142856,0.0
PRV51346,5.0,5.0,41000.0,8200.0,5340.0,1068.0,261.0,241.0,63490.0,243.25670498084293,480.0,1.839080459770115,246,266.0,104490.0,5820.0,1.08130081300813,424.7560975609756,392.81954887218046,0.018796992481203006
PRV51347,0.0,0.0,0.0,0.0,0.0,0.0,2067.0,947.0,596900.0,288.7760038703435,5090.0,2.4625060474117078,947,2067.0,596900.0,5090.0,2.1826821541710664,630.3062302006335,288.7760038703435,0.0
PRV51348,19.0,19.0,146000.0,7684.210526315789,20292.0,1068.0,36.0,36.0,6330.0,175.83333333333334,150.0,4.166666666666667,54,55.0,152330.0,20442.0,1.0185185185185186,2820.925925925926,2769.6363636363635,0.34545454545454546
PRV51349,5.0,5.0,37000.0,7400.0,5340.0,1068.0,25.0,23.0,3480.0,139.2,70.0,2.8,28,30.0,40480.0,5410.0,1.0714285714285714,1445.7142857142858,1349.3333333333333,0.16666666666666666
PRV51350,21.0,20.0,142000.0,6761.9047619047615,22428.0,1068.0,218.0,212.0,71380.0,327.43119266055044,790.0,3.623853211009174,232,239.0,213380.0,23218.0,1.0301724137931034,919.7413793103449,892.8033472803347,0.08786610878661087
PRV51351,0.0,0.0,0.0,0.0,0.0,0.0,32.0,32.0,10840.0,338.75,0.0,0.0,32,32.0,10840.0,0.0,1.0,338.75,338.75,0.0
PRV51352,0.0,0.0,0.0,0.0,0.0,0.0,4.0,4.0,5900.0,1475.0,0.0,0.0,4,4.0,5900.0,0.0,1.0,1475.0,1475.0,0.0
PRV51353,5.0,5.0,50000.0,10000.0,5340.0,1068.0,13.0,12.0,1210.0,93.07692307692308,50.0,3.8461538461538463,17,18.0,51210.0,5390.0,1.0588235294117647,3012.3529411764707,2845.0,0.2777777777777778
PRV51354,1.0,1.0,10000.0,10000.0,0.0,0.0,3.0,3.0,440.0,146.66666666666666,0.0,0.0,4,4.0,10440.0,0.0,1.0,2610.0,2610.0,0.25
PRV51355,15.0,12.0,134100.0,8940.0,16020.0,1068.0,59.0,57.0,10960.0,185.76271186440678,230.0,3.8983050847457625,69,74.0,145060.0,16250.0,1.0724637681159421,2102.31884057971,1960.2702702702702,0.20270270270270271
PRV51356,17.0,17.0,167000.0,9823.529411764706,17088.0,1068.0,78.0,75.0,20800.0,266.6666666666667,170.0,2.1794871794871793,91,95.0,187800.0,17258.0,1.043956043956044,2063.736263736264,1976.842105263158,0.17894736842105263
PRV51357,13.0,13.0,170000.0,13076.923076923076,12816.0,1068.0,148.0,136.0,35130.0,237.36486486486487,120.0,0.8108108108108109,149,161.0,205130.0,12936.0,1.080536912751678,1376.711409395973,1274.0993788819876,0.08074534161490683
PRV51358,7.0,7.0,60000.0,8571.42857142857,7476.0,1068.0,10.0,10.0,1210.0,121.0,60.0,6.0,17,17.0,61210.0,7536.0,1.0,3600.5882352941176,3600.5882352941176,0.4117647058823529
PRV51360,9.0,9.0,86000.0,9555.555555555555,9612.0,1068.0,20.0,20.0,8230.0,411.5,150.0,7.5,29,29.0,94230.0,9762.0,1.0,3249.310344827586,3249.310344827586,0.3103448275862069
PRV51361,0.0,0.0,0.0,0.0,0.0,0.0,32.0,32.0,7870.0,245.9375,130.0,4.0625,32,32.0,7870.0,130.0,1.0,245.9375,245.9375,0.0
PRV51362,6.0,6.0,141000.0,23500.0,6408.0,1068.0,38.0,38.0,10320.0,271.57894736842104,0.0,0.0,44,44.0,151320.0,6408.0,1.0,3439.090909090909,3439.090909090909,0.13636363636363635
PRV51363,0.0,0.0,0.0,0.0,0.0,0.0,3.0,3.0,150.0,50.0,0.0,0.0,3,3.0,150.0,0.0,1.0,50.0,50.0,0.0
PRV51364,6.0,6.0,52000.0,8666.666666666666,6408.0,1068.0,17.0,17.0,3830.0,225.2941176470588,100.0,5.882352941176471,23,23.0,55830.0,6508.0,1.0,2427.391304347826,2427.391304347826,0.2608695652173913
PRV51366,0.0,0.0,0.0,0.0,0.0,0.0,57.0,53.0,18340.0,321.7543859649123,180.0,3.1578947368421053,53,57.0,18340.0,180.0,1.0754716981132075,346.0377358490566,321.7543859649123,0.0
PRV51368,0.0,0.0,0.0,0.0,0.0,0.0,4.0,4.0,570.0,142.5,60.0,15.0,4,4.0,570.0,60.0,1.0,142.5,142.5,0.0
PRV51369,0.0,0.0,0.0,0.0,0.0,0.0,2083.0,963.0,601910.0,288.96303408545367,6280.0,3.014882381180989,963,2083.0,601910.0,6280.0,2.1630321910695742,625.036344755971,288.96303408545367,0.0
PRV51371,11.0,11.0,83400.0,7581.818181818182,11748.0,1068.0,35.0,34.0,9730.0,278.0,50.0,1.4285714285714286,45,46.0,93130.0,11798.0,1.0222222222222221,2069.5555555555557,2024.5652173913043,0.2391304347826087
PRV51376,0.0,0.0,0.0,0.0,0.0,0.0,51.0,48.0,19420.0,380.7843137254902,90.0,1.7647058823529411,48,51.0,19420.0,90.0,1.0625,404.5833333333333,380.7843137254902,0.0
PRV51377,3.0,3.0,102000.0,34000.0,3204.0,1068.0,92.0,91.0,21950.0,238.58695652173913,430.0,4.673913043478261,94,95.0,123950.0,3634.0,1.0106382978723405,1318.6170212765958,1304.7368421052631,0.031578947368421054
PRV51378,108.0,85.0,1202000.0,11129.62962962963,112140.0,1068.0,53.0,53.0,13370.0,252.26415094339623,40.0,0.7547169811320755,133,161.0,1215370.0,112180.0,1.2105263157894737,9138.12030075188,7548.88198757764,0.6708074534161491
PRV51379,2.0,2.0,13000.0,6500.0,2136.0,1068.0,20.0,20.0,6340.0,317.0,20.0,1.0,22,22.0,19340.0,2156.0,1.0,879.0909090909091,879.0909090909091,0.09090909090909091
PRV51380,4.0,4.0,51000.0,12750.0,4272.0,1068.0,4.0,4.0,560.0,140.0,0.0,0.0,8,8.0,51560.0,4272.0,1.0,6445.0,6445.0,0.5
PRV51382,0.0,0.0,0.0,0.0,0.0,0.0,16.0,16.0,6840.0,427.5,90.0,5.625,16,16.0,6840.0,90.0,1.0,427.5,427.5,0.0
PRV51383,9.0,9.0,89000.0,9888.888888888889,9612.0,1068.0,68.0,68.0,19490.0,286.61764705882354,100.0,1.4705882352941178,77,77.0,108490.0,9712.0,1.0,1408.9610389610389,1408.9610389610389,0.11688311688311688
PRV51386,0.0,0.0,0.0,0.0,0.0,0.0,382.0,274.0,99320.0,260.0,1330.0,3.481675392670157,274,382.0,99320.0,1330.0,1.3941605839416058,362.48175182481754,260.0,0.0
PRV51387,13.0,13.0,96000.0,7384.615384615385,13884.0,1068.0,46.0,40.0,18420.0,400.4347826086956,20.0,0.43478260869565216,51,59.0,114420.0,13904.0,1.1568627450980393,2243.529411764706,1939.322033898305,0.22033898305084745
PRV51388,14.0,14.0,159000.0,11357.142857142857,14952.0,1068.0,72.0,67.0,32010.0,444.5833333333333,270.0,3.75,81,86.0,191010.0,15222.0,1.0617283950617284,2358.1481481481483,2221.046511627907,0.16279069767441862
PRV51389,18.0,18.0,136000.0,7555.555555555556,19224.0,1068.0,61.0,60.0,17470.0,286.39344262295083,60.0,0.9836065573770492,77,79.0,153470.0,19284.0,1.025974025974026,1993.1168831168832,1942.6582278481012,0.22784810126582278
PRV51390,164.0,146.0,1577600.0,9619.512195121952,173016.0,1068.0,111.0,107.0,29660.0,267.2072072072072,170.0,1.5315315315315314,253,275.0,1607260.0,173186.0,1.0869565217391304,6352.806324110672,5844.581818181819,0.5963636363636363
PRV51391,13.0,13.0,79500.0,6115.384615384615,12816.0,1068.0,164.0,153.0,64900.0,395.7317073170732,270.0,1.646341463414634,166,177.0,144400.0,13086.0,1.0662650602409638,869.8795180722891,815.819209039548,0.07344632768361582
PRV51392,0.0,0.0,0.0,0.0,0.0,0.0,17.0,15.0,1660.0,97.6470588235294,50.0,2.9411764705882355,15,17.0,1660.0,50.0,1.1333333333333333,110.66666666666667,97.6470588235294,0.0
PRV51393,68.0,57.0,715000.0,10514.70588235294,69420.0,1068.0,842.0,312.0,191370.0,227.28028503562945,2010.0,2.3871733966745845,329,910.0,906370.0,71430.0,2.765957446808511,2754.9240121580547,996.010989010989,0.07472527472527472
PRV51394,0.0,0.0,0.0,0.0,0.0,0.0,4.0,4.0,460.0,115.0,0.0,0.0,4,4.0,460.0,0.0,1.0,115.0,115.0,0.0
PRV51395,0.0,0.0,0.0,0.0,0.0,0.0,20.0,20.0,10400.0,520.0,0.0,0.0,20,20.0,10400.0,0.0,1.0,520.0,520.0,0.0
PRV51396,3.0,3.0,11000.0,3666.6666666666665,3204.0,1068.0,41.0,40.0,6520.0,159.02439024390245,0.0,0.0,43,44.0,17520.0,3204.0,1.0232558139534884,407.4418604651163,398.1818181818182,0.06818181818181818
PRV51397,0.0,0.0,0.0,0.0,0.0,0.0,40.0,40.0,17870.0,446.75,0.0,0.0,40,40.0,17870.0,0.0,1.0,446.75,446.75,0.0
PRV51398,1.0,1.0,4000.0,4000.0,1068.0,1068.0,85.0,58.0,27040.0,318.11764705882354,170.0,2.0,59,86.0,31040.0,1238.0,1.4576271186440677,526.1016949152543,360.93023255813955,0.011627906976744186
PRV51399,65.0,58.0,711400.0,10944.615384615385,68352.0,1068.0,146.0,143.0,133670.0,915.5479452054794,1096.0,7.506849315068493,199,211.0,845070.0,69448.0,1.0603015075376885,4246.582914572864,4005.071090047393,0.3080568720379147
PRV51401,8.0,8.0,78000.0,9750.0,7476.0,1068.0,34.0,34.0,13520.0,397.6470588235294,150.0,4.411764705882353,42,42.0,91520.0,7626.0,1.0,2179.0476190476193,2179.0476190476193,0.19047619047619047
PRV51403,10.0,8.0,254000.0,25400.0,10680.0,1068.0,104.0,93.0,23010.0,221.25,470.0,4.519230769230769,101,114.0,277010.0,11150.0,1.1287128712871286,2742.6732673267325,2429.9122807017543,0.08771929824561403
PRV51404,1.0,1.0,12000.0,12000.0,1068.0,1068.0,58.0,58.0,17350.0,299.13793103448273,300.0,5.172413793103448,59,59.0,29350.0,1368.0,1.0,497.45762711864404,497.45762711864404,0.01694915254237288
PRV51405,2.0,2.0,9000.0,4500.0,2136.0,1068.0,47.0,46.0,14710.0,312.97872340425533,0.0,0.0,47,49.0,23710.0,2136.0,1.0425531914893618,504.468085106383,483.8775510204082,0.04081632653061224
PRV51406,8.0,8.0,95000.0,11875.0,7476.0,1068.0,21.0,21.0,9260.0,440.95238095238096,0.0,0.0,29,29.0,104260.0,7476.0,1.0,3595.1724137931033,3595.1724137931033,0.27586206896551724
PRV51408,0.0,0.0,0.0,0.0,0.0,0.0,15.0,15.0,1390.0,92.66666666666667,0.0,0.0,15,15.0,1390.0,0.0,1.0,92.66666666666667,92.66666666666667,0.0
PRV51409,0.0,0.0,0.0,0.0,0.0,0.0,4.0,4.0,300.0,75.0,0.0,0.0,4,4.0,300.0,0.0,1.0,75.0,75.0,0.0
PRV51410,0.0,0.0,0.0,0.0,0.0,0.0,628.0,186.0,177550.0,282.7229299363057,1920.0,3.0573248407643314,186,628.0,177550.0,1920.0,3.3763440860215055,954.5698924731183,282.7229299363057,0.0
PRV51412,0.0,0.0,0.0,0.0,0.0,0.0,5.0,5.0,440.0,88.0,0.0,0.0,5,5.0,440.0,0.0,1.0,88.0,88.0,0.0
PRV51414,3.0,3.0,28000.0,9333.333333333334,3204.0,1068.0,25.0,25.0,2230.0,89.2,0.0,0.0,28,28.0,30230.0,3204.0,1.0,1079.642857142857,1079.642857142857,0.10714285714285714
PRV51415,7.0,7.0,48000.0,6857.142857142857,7476.0,1068.0,44.0,43.0,15690.0,356.59090909090907,70.0,1.5909090909090908,50,51.0,63690.0,7546.0,1.02,1273.8,1248.8235294117646,0.13725490196078433
PRV51416,0.0,0.0,0.0,0.0,0.0,0.0,81.0,79.0,25640.0,316.5432098765432,280.0,3.45679012345679,79,81.0,25640.0,280.0,1.0253164556962024,324.55696202531647,316.5432098765432,0.0
PRV51418,17.0,17.0,176000.0,10352.941176470587,18156.0,1068.0,44.0,44.0,13340.0,303.1818181818182,330.0,7.5,61,61.0,189340.0,18486.0,1.0,3103.934426229508,3103.934426229508,0.2786885245901639
PRV51419,2.0,2.0,17000.0,8500.0,2136.0,1068.0,63.0,62.0,14250.0,226.1904761904762,60.0,0.9523809523809523,64,65.0,31250.0,2196.0,1.015625,488.28125,480.7692307692308,0.03076923076923077
PRV51421,84.0,80.0,864000.0,10285.714285714286,88644.0,1068.0,55.0,55.0,20780.0,377.8181818181818,160.0,2.909090909090909,135,139.0,884780.0,88804.0,1.0296296296296297,6553.925925925926,6365.323741007194,0.60431654676259
PRV51422,4.0,4.0,39000.0,9750.0,4272.0,1068.0,21.0,21.0,9930.0,472.85714285714283,110.0,5.238095238095238,25,25.0,48930.0,4382.0,1.0,1957.2,1957.2,0.16
PRV51423,0.0,0.0,0.0,0.0,0.0,0.0,1.0,1.0,50.0,50.0,100.0,100.0,1,1.0,50.0,100.0,1.0,50.0,50.0,0.0
PRV51424,1.0,1.0,6000.0,6000.0,1068.0,1068.0,85.0,81.0,23670.0,278.47058823529414,280.0,3.2941176470588234,82,86.0,29670.0,1348.0,1.048780487804878,361.8292682926829,345.0,0.011627906976744186
PRV51425,3.0,3.0,11000.0,3666.6666666666665,3204.0,1068.0,30.0,30.0,14990.0,499.6666666666667,0.0,0.0,33,33.0,25990.0,3204.0,1.0,787.5757575757576,787.5757575757576,0.09090909090909091
PRV51426,6.0,6.0,106000.0,17666.666666666668,6408.0,1068.0,200.0,89.0,39100.0,195.5,560.0,2.8,91,206.0,145100.0,6968.0,2.2637362637362637,1594.5054945054944,704.3689320388349,0.02912621359223301
PRV51427,5.0,5.0,38000.0,7600.0,5340.0,1068.0,53.0,51.0,20770.0,391.8867924528302,170.0,3.207547169811321,56,58.0,58770.0,5510.0,1.0357142857142858,1049.4642857142858,1013.2758620689655,0.08620689655172414
PRV51428,4.0,4.0,31000.0,7750.0,4272.0,1068.0,62.0,62.0,17040.0,274.83870967741933,80.0,1.2903225806451613,66,66.0,48040.0,4352.0,1.0,727.8787878787879,727.8787878787879,0.06060606060606061
PRV51429,0.0,0.0,0.0,0.0,0.0,0.0,10.0,10.0,1100.0,110.0,0.0,0.0,10,10.0,1100.0,0.0,1.0,110.0,110.0,0.0
PRV51430,17.0,17.0,186000.0,10941.176470588236,17088.0,1068.0,95.0,85.0,27700.0,291.57894736842104,560.0,5.894736842105263,101,112.0,213700.0,17648.0,1.108910891089109,2115.841584158416,1908.0357142857142,0.15178571428571427
PRV51431,25.0,22.0,220000.0,8800.0,25632.0,1068.0,24.0,23.0,16720.0,696.6666666666666,300.0,12.5,42,49.0,236720.0,25932.0,1.1666666666666667,5636.190476190476,4831.0204081632655,0.5102040816326531
PRV51432,7.0,7.0,56000.0,8000.0,7476.0,1068.0,16.0,16.0,3270.0,204.375,140.0,8.75,23,23.0,59270.0,7616.0,1.0,2576.9565217391305,2576.9565217391305,0.30434782608695654
PRV51433,0.0,0.0,0.0,0.0,0.0,0.0,1610.0,862.0,454630.0,282.37888198757764,4670.0,2.900621118012422,862,1610.0,454630.0,4670.0,1.8677494199535962,527.4129930394431,282.37888198757764,0.0
PRV51434,24.0,22.0,259000.0,10791.666666666666,24564.0,1068.0,78.0,75.0,21490.0,275.5128205128205,280.0,3.58974358974359,97,102.0,280490.0,24844.0,1.0515463917525774,2891.6494845360826,2749.901960784314,0.23529411764705882
PRV51435,6.0,6.0,28200.0,4700.0,6408.0,1068.0,17.0,17.0,5420.0,318.8235294117647,0.0,0.0,23,23.0,33620.0,6408.0,1.0,1461.7391304347825,1461.7391304347825,0.2608695652173913
PRV51436,25.0,25.0,171000.0,6840.0,26700.0,1068.0,95.0,93.0,22410.0,235.89473684210526,470.0,4.947368421052632,116,120.0,193410.0,27170.0,1.0344827586206897,1667.3275862068965,1611.75,0.20833333333333334
PRV51437,0.0,0.0,0.0,0.0,0.0,0.0,2.0,2.0,880.0,440.0,0.0,0.0,2,2.0,880.0,0.0,1.0,440.0,440.0,0.0
PRV51438,2.0,2.0,15000.0,7500.0,2136.0,1068.0,7.0,7.0,4510.0,644.2857142857143,0.0,0.0,9,9.0,19510.0,2136.0,1.0,2167.777777777778,2167.777777777778,0.2222222222222222
PRV51439,0.0,0.0,0.0,0.0,0.0,0.0,42.0,41.0,15040.0,358.0952380952381,210.0,5.0,41,42.0,15040.0,210.0,1.024390243902439,366.8292682926829,358.0952380952381,0.0
PRV51440,7.0,7.0,80000.0,11428.57142857143,6408.0,1068.0,64.0,64.0,26380.0,412.1875,100.0,1.5625,71,71.0,106380.0,6508.0,1.0,1498.3098591549297,1498.3098591549297,0.09859154929577464
PRV51441,0.0,0.0,0.0,0.0,0.0,0.0,85.0,79.0,29130.0,342.70588235294116,290.0,3.411764705882353,79,85.0,29130.0,290.0,1.0759493670886076,368.73417721518985,342.70588235294116,0.0
PRV51442,2.0,2.0,25000.0,12500.0,2136.0,1068.0,4.0,4.0,970.0,242.5,0.0,0.0,6,6.0,25970.0,2136.0,1.0,4328.333333333333,4328.333333333333,0.3333333333333333
PRV51443,2.0,2.0,12000.0,6000.0,2136.0,1068.0,71.0,70.0,21900.0,308.4507042253521,290.0,4.084507042253521,72,73.0,33900.0,2426.0,1.0138888888888888,470.8333333333333,464.3835616438356,0.0273972602739726
PRV51444,4.0,4.0,64000.0,16000.0,4272.0,1068.0,38.0,36.0,9920.0,261.05263157894734,0.0,0.0,40,42.0,73920.0,4272.0,1.05,1848.0,1760.0,0.09523809523809523
PRV51446,12.0,12.0,94000.0,7833.333333333333,11748.0,1068.0,12.0,12.0,3390.0,282.5,0.0,0.0,24,24.0,97390.0,11748.0,1.0,4057.9166666666665,4057.9166666666665,0.5
PRV51447,16.0,16.0,246000.0,15375.0,17088.0,1068.0,73.0,65.0,23390.0,320.4109589041096,230.0,3.1506849315068495,80,89.0,269390.0,17318.0,1.1125,3367.375,3026.85393258427,0.1797752808988764
PRV51448,11.0,11.0,102000.0,9272.727272727272,11748.0,1068.0,40.0,36.0,13550.0,338.75,0.0,0.0,47,51.0,115550.0,11748.0,1.0851063829787233,2458.5106382978724,2265.6862745098038,0.21568627450980393
PRV51449,9.0,9.0,69000.0,7666.666666666667,8544.0,1068.0,8.0,8.0,780.0,97.5,0.0,0.0,17,17.0,69780.0,8544.0,1.0,4104.705882352941,4104.705882352941,0.5294117647058824
PRV51451,0.0,0.0,0.0,0.0,0.0,0.0,6.0,6.0,1170.0,195.0,0.0,0.0,6,6.0,1170.0,0.0,1.0,195.0,195.0,0.0
PRV51453,0.0,0.0,0.0,0.0,0.0,0.0,12.0,12.0,7080.0,590.0,100.0,8.333333333333334,12,12.0,7080.0,100.0,1.0,590.0,590.0,0.0
PRV51454,0.0,0.0,0.0,0.0,0.0,0.0,34.0,32.0,10630.0,312.6470588235294,140.0,4.117647058823529,32,34.0,10630.0,140.0,1.0625,332.1875,312.6470588235294,0.0
PRV51455,9.0,9.0,106800.0,11866.666666666666,9612.0,1068.0,25.0,25.0,6850.0,274.0,50.0,2.0,34,34.0,113650.0,9662.0,1.0,3342.6470588235293,3342.6470588235293,0.2647058823529412
PRV51456,112.0,103.0,1036690.0,9256.160714285714,117480.0,1068.0,23.0,21.0,2300.0,100.0,0.0,0.0,124,135.0,1038990.0,117480.0,1.0887096774193548,8378.951612903225,7696.222222222223,0.8296296296296296
PRV51458,0.0,0.0,0.0,0.0,0.0,0.0,56.0,55.0,12440.0,222.14285714285714,240.0,4.285714285714286,55,56.0,12440.0,240.0,1.018181818181818,226.1818181818182,222.14285714285714,0.0
PRV51459,0.0,0.0,0.0,0.0,0.0,0.0,8240.0,2857.0,2321890.0,281.78276699029124,22790.0,2.7657766990291264,2857,8240.0,2321890.0,22790.0,2.8841442072103605,812.7021351067553,281.78276699029124,0.0
PRV51460,17.0,16.0,212000.0,12470.588235294117,18156.0,1068.0,435.0,399.0,122480.0,281.5632183908046,1190.0,2.735632183908046,413,452.0,334480.0,19346.0,1.0944309927360776,809.8789346246973,740.0,0.03761061946902655
PRV51462,0.0,0.0,0.0,0.0,0.0,0.0,30.0,29.0,9430.0,314.3333333333333,0.0,0.0,29,30.0,9430.0,0.0,1.0344827586206897,325.17241379310343,314.3333333333333,0.0
PRV51464,0.0,0.0,0.0,0.0,0.0,0.0,145.0,143.0,38530.0,265.7241379310345,320.0,2.206896551724138,143,145.0,38530.0,320.0,1.013986013986014,269.44055944055947,265.7241379310345,0.0
PRV51465,1.0,1.0,3000.0,3000.0,1068.0,1068.0,6.0,6.0,900.0,150.0,0.0,0.0,7,7.0,3900.0,1068.0,1.0,557.1428571428571,557.1428571428571,0.14285714285714285
PRV51466,5.0,5.0,42000.0,8400.0,5340.0,1068.0,69.0,66.0,15860.0,229.85507246376812,160.0,2.318840579710145,71,74.0,57860.0,5500.0,1.0422535211267605,814.9295774647887,781.8918918918919,0.06756756756756757
PRV51467,7.0,7.0,70800.0,10114.285714285714,6408.0,1068.0,18.0,18.0,3460.0,192.22222222222223,0.0,0.0,25,25.0,74260.0,6408.0,1.0,2970.4,2970.4,0.28
PRV51468,15.0,15.0,103000.0,6866.666666666667,14952.0,1068.0,144.0,137.0,35670.0,247.70833333333334,300.0,2.0833333333333335,151,159.0,138670.0,15252.0,1.0529801324503312,918.3443708609271,872.1383647798742,0.09433962264150944
PRV51469,0.0,0.0,0.0,0.0,0.0,0.0,28.0,28.0,9350.0,333.92857142857144,0.0,0.0,28,28.0,9350.0,0.0,1.0,333.92857142857144,333.92857142857144,0.0
PRV51470,3.0,3.0,24000.0,8000.0,3204.0,1068.0,24.0,24.0,11590.0,482.9166666666667,0.0,0.0,27,27.0,35590.0,3204.0,1.0,1318.148148148148,1318.148148148148,0.1111111111111111
PRV51471,161.0,155.0,1594300.0,9902.48447204969,166608.0,1068.0,19.0,18.0,7910.0,416.3157894736842,0.0,0.0,173,180.0,1602210.0,166608.0,1.0404624277456647,9261.329479768787,8901.166666666666,0.8944444444444445
PRV51472,0.0,0.0,0.0,0.0,0.0,0.0,16.0,16.0,2170.0,135.625,200.0,12.5,16,16.0,2170.0,200.0,1.0,135.625,135.625,0.0
PRV51474,41.0,37.0,400400.0,9765.853658536585,42720.0,1068.0,30.0,28.0,10860.0,362.0,70.0,2.3333333333333335,65,71.0,411260.0,42790.0,1.0923076923076922,6327.076923076923,5792.394366197183,0.5774647887323944
PRV51475,11.0,11.0,63200.0,5745.454545454545,11748.0,1068.0,32.0,32.0,9930.0,310.3125,40.0,1.25,42,43.0,73130.0,11788.0,1.0238095238095237,1741.1904761904761,1700.6976744186047,0.2558139534883721
PRV51476,3.0,3.0,11000.0,3666.6666666666665,3204.0,1068.0,15.0,15.0,9180.0,612.0,70.0,4.666666666666667,18,18.0,20180.0,3274.0,1.0,1121.111111111111,1121.111111111111,0.16666666666666666
PRV51477,0.0,0.0,0.0,0.0,0.0,0.0,22.0,22.0,9940.0,451.8181818181818,0.0,0.0,22,22.0,9940.0,0.0,1.0,451.8181818181818,451.8181818181818,0.0
PRV51478,0.0,0.0,0.0,0.0,0.0,0.0,17.0,16.0,3930.0,231.1764705882353,20.0,1.1764705882352942,16,17.0,3930.0,20.0,1.0625,245.625,231.1764705882353,0.0
PRV51479,13.0,13.0,81000.0,6230.7692307692305,13884.0,1068.0,215.0,204.0,53630.0,249.4418604651163,640.0,2.9767441860465116,217,228.0,134630.0,14524.0,1.0506912442396312,620.4147465437788,590.4824561403509,0.05701754385964912
PRV51480,0.0,0.0,0.0,0.0,0.0,0.0,1924.0,759.0,557880.0,289.95841995841994,5480.0,2.8482328482328483,759,1924.0,557880.0,5480.0,2.5349143610013174,735.0197628458498,289.95841995841994,0.0
PRV51482,11.0,11.0,188000.0,17090.909090909092,11748.0,1068.0,80.0,79.0,30470.0,380.875,100.0,1.25,90,91.0,218470.0,11848.0,1.011111111111111,2427.4444444444443,2400.769230769231,0.12087912087912088
PRV51483,6.0,6.0,42000.0,7000.0,5340.0,1068.0,71.0,69.0,18400.0,259.15492957746477,90.0,1.267605633802817,75,77.0,60400.0,5430.0,1.0266666666666666,805.3333333333334,784.4155844155844,0.07792207792207792
PRV51484,2.0,2.0,10000.0,5000.0,2136.0,1068.0,84.0,74.0,13570.0,161.54761904761904,100.0,1.1904761904761905,75,86.0,23570.0,2236.0,1.1466666666666667,314.26666666666665,274.06976744186045,0.023255813953488372
PRV51486,0.0,0.0,0.0,0.0,0.0,0.0,214.0,132.0,53660.0,250.74766355140187,450.0,2.102803738317757,132,214.0,53660.0,450.0,1.621212121212121,406.5151515151515,250.74766355140187,0.0
PRV51487,0.0,0.0,0.0,0.0,0.0,0.0,13.0,12.0,9240.0,710.7692307692307,60.0,4.615384615384615,12,13.0,9240.0,60.0,1.0833333333333333,770.0,710.7692307692307,0.0
PRV51488,3.0,3.0,15000.0,5000.0,3204.0,1068.0,269.0,257.0,93930.0,349.182156133829,560.0,2.0817843866171004,260,272.0,108930.0,3764.0,1.0461538461538462,418.96153846153845,400.4779411764706,0.011029411764705883
PRV51490,48.0,40.0,433000.0,9020.833333333334,51264.0,1068.0,16.0,16.0,9070.0,566.875,0.0,0.0,56,64.0,442070.0,51264.0,1.1428571428571428,7894.107142857143,6907.34375,0.75
PRV51491,8.0,8.0,47000.0,5875.0,7476.0,1068.0,63.0,55.0,20480.0,325.07936507936506,260.0,4.126984126984127,63,71.0,67480.0,7736.0,1.126984126984127,1071.111111111111,950.4225352112676,0.11267605633802817
PRV51492,14.0,14.0,133000.0,9500.0,13884.0,1068.0,67.0,66.0,17550.0,261.94029850746267,140.0,2.08955223880597,80,81.0,150550.0,14024.0,1.0125,1881.875,1858.641975308642,0.1728395061728395
PRV51494,0.0,0.0,0.0,0.0,0.0,0.0,38.0,37.0,17450.0,459.2105263157895,80.0,2.1052631578947367,37,38.0,17450.0,80.0,1.027027027027027,471.6216216216216,459.2105263157895,0.0
PRV51495,90.0,77.0,835000.0,9277.777777777777,93984.0,1068.0,51.0,50.0,10690.0,209.6078431372549,0.0,0.0,127,141.0,845690.0,93984.0,1.110236220472441,6658.976377952756,5997.801418439716,0.6382978723404256
PRV51496,0.0,0.0,0.0,0.0,0.0,0.0,123.0,105.0,29250.0,237.8048780487805,530.0,4.308943089430894,105,123.0,29250.0,530.0,1.1714285714285715,278.57142857142856,237.8048780487805,0.0
PRV51497,4.0,4.0,102000.0,25500.0,4272.0,1068.0,11.0,11.0,2190.0,199.0909090909091,0.0,0.0,15,15.0,104190.0,4272.0,1.0,6946.0,6946.0,0.26666666666666666
PRV51499,2.0,2.0,15000.0,7500.0,2136.0,1068.0,472.0,339.0,122840.0,260.2542372881356,1200.0,2.542372881355932,341,474.0,137840.0,3336.0,1.3900293255131966,404.2228739002933,290.80168776371306,0.004219409282700422
PRV51500,0.0,0.0,0.0,0.0,0.0,0.0,8.0,8.0,1100.0,137.5,10.0,1.25,8,8.0,1100.0,10.0,1.0,137.5,137.5,0.0
PRV51501,223.0,207.0,2070480.0,9284.663677130045,231756.0,1068.0,10.0,10.0,830.0,83.0,60.0,6.0,217,233.0,2071310.0,231816.0,1.0737327188940091,9545.207373271889,8889.742489270386,0.9570815450643777
PRV51502,0.0,0.0,0.0,0.0,0.0,0.0,31.0,31.0,8390.0,270.64516129032256,0.0,0.0,31,31.0,8390.0,0.0,1.0,270.64516129032256,270.64516129032256,0.0
PRV51503,0.0,0.0,0.0,0.0,0.0,0.0,57.0,52.0,24070.0,422.280701754386,40.0,0.7017543859649122,52,57.0,24070.0,40.0,1.0961538461538463,462.88461538461536,422.280701754386,0.0
PRV51504,0.0,0.0,0.0,0.0,0.0,0.0,128.0,123.0,35290.0,275.703125,440.0,3.4375,123,128.0,35290.0,440.0,1.0406504065040652,286.9105691056911,275.703125,0.0
PRV51505,0.0,0.0,0.0,0.0,0.0,0.0,15.0,15.0,2430.0,162.0,40.0,2.6666666666666665,15,15.0,2430.0,40.0,1.0,162.0,162.0,0.0
PRV51507,6.0,6.0,43000.0,7166.666666666667,6408.0,1068.0,1007.0,721.0,294340.0,292.29394240317777,2780.0,2.7606752730883812,726,1013.0,337340.0,9188.0,1.3953168044077136,464.6556473829201,333.01085883514315,0.005923000987166831
PRV51508,12.0,11.0,179100.0,14925.0,12816.0,1068.0,190.0,180.0,59950.0,315.5263157894737,100.0,0.5263157894736842,191,202.0,239050.0,12916.0,1.057591623036649,1251.5706806282722,1183.4158415841584,0.0594059405940594
PRV51509,0.0,0.0,0.0,0.0,0.0,0.0,1030.0,493.0,322130.0,312.747572815534,2840.0,2.7572815533980584,493,1030.0,322130.0,2840.0,2.0892494929006085,653.4077079107506,312.747572815534,0.0
PRV51510,0.0,0.0,0.0,0.0,0.0,0.0,57.0,52.0,20020.0,351.2280701754386,220.0,3.8596491228070176,52,57.0,20020.0,220.0,1.0961538461538463,385.0,351.2280701754386,0.0
PRV51511,0.0,0.0,0.0,0.0,0.0,0.0,16.0,16.0,8760.0,547.5,40.0,2.5,16,16.0,8760.0,40.0,1.0,547.5,547.5,0.0
PRV51514,21.0,18.0,220200.0,10485.714285714286,22428.0,1068.0,72.0,70.0,19020.0,264.1666666666667,30.0,0.4166666666666667,88,93.0,239220.0,22458.0,1.0568181818181819,2718.409090909091,2572.2580645161293,0.22580645161290322
PRV51515,5.0,5.0,40000.0,8000.0,4272.0,1068.0,43.0,43.0,12800.0,297.6744186046512,80.0,1.8604651162790697,48,48.0,52800.0,4352.0,1.0,1100.0,1100.0,0.10416666666666667
PRV51516,3.0,3.0,25000.0,8333.333333333334,3204.0,1068.0,37.0,36.0,8260.0,223.24324324324326,20.0,0.5405405405405406,39,40.0,33260.0,3224.0,1.0256410256410255,852.8205128205128,831.5,0.075
PRV51517,0.0,0.0,0.0,0.0,0.0,0.0,11.0,11.0,5990.0,544.5454545454545,150.0,13.636363636363637,11,11.0,5990.0,150.0,1.0,544.5454545454545,544.5454545454545,0.0
PRV51518,5.0,5.0,33000.0,6600.0,5340.0,1068.0,48.0,43.0,10920.0,227.5,520.0,10.833333333333334,48,53.0,43920.0,5860.0,1.1041666666666667,915.0,828.6792452830189,0.09433962264150944
PRV51521,0.0,0.0,0.0,0.0,0.0,0.0,46.0,39.0,8070.0,175.43478260869566,100.0,2.1739130434782608,39,46.0,8070.0,100.0,1.1794871794871795,206.92307692307693,175.43478260869566,0.0
PRV51522,12.0,12.0,139000.0,11583.333333333334,12816.0,1068.0,178.0,157.0,67780.0,380.7865168539326,690.0,3.8764044943820224,169,190.0,206780.0,13506.0,1.1242603550295858,1223.5502958579882,1088.3157894736842,0.06315789473684211
PRV51523,60.0,60.0,733000.0,12216.666666666666,61944.0,1068.0,5.0,5.0,810.0,162.0,0.0,0.0,65,65.0,733810.0,61944.0,1.0,11289.384615384615,11289.384615384615,0.9230769230769231
PRV51525,5.0,5.0,56000.0,11200.0,5340.0,1068.0,56.0,56.0,19770.0,353.0357142857143,130.0,2.3214285714285716,61,61.0,75770.0,5470.0,1.0,1242.1311475409836,1242.1311475409836,0.08196721311475409
PRV51526,7.0,7.0,35400.0,5057.142857142857,7476.0,1068.0,13.0,13.0,7750.0,596.1538461538462,0.0,0.0,20,20.0,43150.0,7476.0,1.0,2157.5,2157.5,0.35
PRV51527,0.0,0.0,0.0,0.0,0.0,0.0,41.0,40.0,12410.0,302.6829268292683,120.0,2.926829268292683,40,41.0,12410.0,120.0,1.025,310.25,302.6829268292683,0.0
PRV51528,0.0,0.0,0.0,0.0,0.0,0.0,17.0,17.0,6670.0,392.3529411764706,0.0,0.0,17,17.0,6670.0,0.0,1.0,392.3529411764706,392.3529411764706,0.0
PRV51529,0.0,0.0,0.0,0.0,0.0,0.0,23.0,23.0,5800.0,252.17391304347825,80.0,3.4782608695652173,23,23.0,5800.0,80.0,1.0,252.17391304347825,252.17391304347825,0.0
PRV51531,0.0,0.0,0.0,0.0,0.0,0.0,34.0,23.0,9870.0,290.29411764705884,140.0,4.117647058823529,23,34.0,9870.0,140.0,1.4782608695652173,429.1304347826087,290.29411764705884,0.0
PRV51532,6.0,6.0,60000.0,10000.0,6408.0,1068.0,26.0,25.0,10930.0,420.38461538461536,200.0,7.6923076923076925,30,32.0,70930.0,6608.0,1.0666666666666667,2364.3333333333335,2216.5625,0.1875
PRV51533,13.0,13.0,92000.0,7076.923076923077,13884.0,1068.0,23.0,23.0,4350.0,189.1304347826087,0.0,0.0,36,36.0,96350.0,13884.0,1.0,2676.3888888888887,2676.3888888888887,0.3611111111111111
PRV51534,0.0,0.0,0.0,0.0,0.0,0.0,1.0,1.0,50.0,50.0,0.0,0.0,1,1.0,50.0,0.0,1.0,50.0,50.0,0.0
PRV51535,2.0,2.0,28000.0,14000.0,2136.0,1068.0,386.0,304.0,93350.0,241.83937823834196,1340.0,3.471502590673575,306,388.0,121350.0,3476.0,1.2679738562091503,396.5686274509804,312.75773195876286,0.005154639175257732
PRV51536,4.0,4.0,37000.0,9250.0,4272.0,1068.0,12.0,12.0,4550.0,379.1666666666667,120.0,10.0,16,16.0,41550.0,4392.0,1.0,2596.875,2596.875,0.25
PRV51539,69.0,68.0,733020.0,10623.478260869566,72624.0,1068.0,469.0,425.0,121220.0,258.4648187633262,1220.0,2.601279317697228,488,538.0,854240.0,73844.0,1.1024590163934427,1750.4918032786886,1587.806691449814,0.12825278810408922
PRV51540,7.0,7.0,57000.0,8142.857142857143,7476.0,1068.0,48.0,47.0,9940.0,207.08333333333334,70.0,1.4583333333333333,54,55.0,66940.0,7546.0,1.0185185185185186,1239.6296296296296,1217.090909090909,0.12727272727272726
PRV51541,0.0,0.0,0.0,0.0,0.0,0.0,51.0,51.0,12140.0,238.0392156862745,270.0,5.294117647058823,51,51.0,12140.0,270.0,1.0,238.0392156862745,238.0392156862745,0.0
PRV51542,93.0,78.0,950500.0,10220.430107526881,97188.0,1068.0,20.0,20.0,14160.0,708.0,30.0,1.5,97,113.0,964660.0,97218.0,1.1649484536082475,9944.948453608247,8536.814159292035,0.8230088495575221
PRV51544,45.0,45.0,429000.0,9533.333333333334,44856.0,1068.0,188.0,184.0,51150.0,272.0744680851064,690.0,3.6702127659574466,227,233.0,480150.0,45546.0,1.026431718061674,2115.1982378854627,2060.7296137339054,0.19313304721030042
PRV51546,9.0,9.0,104000.0,11555.555555555555,9612.0,1068.0,27.0,26.0,6930.0,256.6666666666667,150.0,5.555555555555555,35,36.0,110930.0,9762.0,1.0285714285714285,3169.4285714285716,3081.3888888888887,0.25
PRV51547,0.0,0.0,0.0,0.0,0.0,0.0,13.0,13.0,2640.0,203.07692307692307,0.0,0.0,13,13.0,2640.0,0.0,1.0,203.07692307692307,203.07692307692307,0.0
PRV51549,8.0,8.0,75000.0,9375.0,8544.0,1068.0,13.0,13.0,7110.0,546.9230769230769,70.0,5.384615384615385,21,21.0,82110.0,8614.0,1.0,3910.0,3910.0,0.38095238095238093
PRV51550,16.0,16.0,106000.0,6625.0,16020.0,1068.0,45.0,40.0,18040.0,400.8888888888889,100.0,2.2222222222222223,53,61.0,124040.0,16120.0,1.150943396226415,2340.377358490566,2033.4426229508197,0.26229508196721313
PRV51551,5.0,5.0,106000.0,21200.0,5340.0,1068.0,23.0,22.0,6800.0,295.6521739130435,100.0,4.3478260869565215,27,28.0,112800.0,5440.0,1.037037037037037,4177.777777777777,4028.5714285714284,0.17857142857142858
PRV51552,10.0,10.0,83000.0,8300.0,10680.0,1068.0,52.0,52.0,11040.0,212.30769230769232,290.0,5.576923076923077,62,62.0,94040.0,10970.0,1.0,1516.774193548387,1516.774193548387,0.16129032258064516
PRV51553,6.0,6.0,36000.0,6000.0,6408.0,1068.0,15.0,15.0,4990.0,332.6666666666667,0.0,0.0,21,21.0,40990.0,6408.0,1.0,1951.904761904762,1951.904761904762,0.2857142857142857
PRV51554,1.0,1.0,9000.0,9000.0,1068.0,1068.0,5.0,5.0,640.0,128.0,70.0,14.0,6,6.0,9640.0,1138.0,1.0,1606.6666666666667,1606.6666666666667,0.16666666666666666
PRV51555,0.0,0.0,0.0,0.0,0.0,0.0,15.0,15.0,2910.0,194.0,0.0,0.0,15,15.0,2910.0,0.0,1.0,194.0,194.0,0.0
PRV51556,10.0,10.0,118000.0,11800.0,10680.0,1068.0,46.0,46.0,20250.0,440.2173913043478,0.0,0.0,56,56.0,138250.0,10680.0,1.0,2468.75,2468.75,0.17857142857142858
PRV51557,1.0,1.0,11000.0,11000.0,1068.0,1068.0,9.0,9.0,5740.0,637.7777777777778,0.0,0.0,10,10.0,16740.0,1068.0,1.0,1674.0,1674.0,0.1
PRV51558,5.0,5.0,22000.0,4400.0,5340.0,1068.0,21.0,20.0,3870.0,184.28571428571428,100.0,4.761904761904762,25,26.0,25870.0,5440.0,1.04,1034.8,995.0,0.19230769230769232
PRV51560,200.0,167.0,1944600.0,9723.0,208260.0,1068.0,38.0,37.0,11590.0,305.0,0.0,0.0,204,238.0,1956190.0,208260.0,1.1666666666666667,9589.166666666666,8219.285714285714,0.8403361344537815
PRV51562,0.0,0.0,0.0,0.0,0.0,0.0,24.0,24.0,5820.0,242.5,80.0,3.3333333333333335,24,24.0,5820.0,80.0,1.0,242.5,242.5,0.0
PRV51563,0.0,0.0,0.0,0.0,0.0,0.0,19.0,19.0,4280.0,225.26315789473685,0.0,0.0,19,19.0,4280.0,0.0,1.0,225.26315789473685,225.26315789473685,0.0
PRV51564,0.0,0.0,0.0,0.0,0.0,0.0,24.0,24.0,9100.0,379.1666666666667,70.0,2.9166666666666665,24,24.0,9100.0,70.0,1.0,379.1666666666667,379.1666666666667,0.0
PRV51566,15.0,14.0,87000.0,5800.0,16020.0,1068.0,11.0,11.0,3030.0,275.45454545454544,0.0,0.0,25,26.0,90030.0,16020.0,1.04,3601.2,3462.6923076923076,0.5769230769230769
PRV51567,0.0,0.0,0.0,0.0,0.0,0.0,1632.0,827.0,465400.0,285.171568627451,4620.0,2.8308823529411766,827,1632.0,465400.0,4620.0,1.973397823458283,562.7569528415961,285.171568627451,0.0
PRV51568,9.0,9.0,88000.0,9777.777777777777,9612.0,1068.0,49.0,49.0,17010.0,347.14285714285717,0.0,0.0,57,58.0,105010.0,9612.0,1.0175438596491229,1842.280701754386,1810.5172413793102,0.15517241379310345
PRV51569,0.0,0.0,0.0,0.0,0.0,0.0,5.0,5.0,1500.0,300.0,0.0,0.0,5,5.0,1500.0,0.0,1.0,300.0,300.0,0.0
PRV51570,0.0,0.0,0.0,0.0,0.0,0.0,1.0,1.0,0.0,0.0,0.0,0.0,1,1.0,0.0,0.0,1.0,0.0,0.0,0.0
PRV51571,0.0,0.0,0.0,0.0,0.0,0.0,22.0,22.0,4640.0,210.9090909090909,0.0,0.0,22,22.0,4640.0,0.0,1.0,210.9090909090909,210.9090909090909,0.0
PRV51572,1.0,1.0,5000.0,5000.0,1068.0,1068.0,3.0,3.0,710.0,236.66666666666666,0.0,0.0,4,4.0,5710.0,1068.0,1.0,1427.5,1427.5,0.25
PRV51573,5.0,5.0,41000.0,8200.0,5340.0,1068.0,87.0,71.0,25730.0,295.7471264367816,40.0,0.45977011494252873,76,92.0,66730.0,5380.0,1.2105263157894737,878.0263157894736,725.3260869565217,0.05434782608695652
PRV51574,0.0,0.0,0.0,0.0,0.0,0.0,4444.0,1715.0,1281810.0,288.4360936093609,12290.0,2.7655265526552655,1715,4444.0,1281810.0,12290.0,2.5912536443148686,747.4110787172011,288.4360936093609,0.0
PRV51576,5.0,5.0,63000.0,12600.0,5340.0,1068.0,60.0,60.0,34780.0,579.6666666666666,430.0,7.166666666666667,65,65.0,97780.0,5770.0,1.0,1504.3076923076924,1504.3076923076924,0.07692307692307693
PRV51577,0.0,0.0,0.0,0.0,0.0,0.0,1.0,1.0,2100.0,2100.0,0.0,0.0,1,1.0,2100.0,0.0,1.0,2100.0,2100.0,0.0
PRV51578,122.0,117.0,1269000.0,10401.639344262296,128160.0,1068.0,1378.0,1168.0,393920.0,285.86357039187226,2990.0,2.169811320754717,1280,1500.0,1662920.0,131150.0,1.171875,1299.15625,1108.6133333333332,0.08133333333333333
PRV51579,18.0,17.0,236000.0,13111.111111111111,19224.0,1068.0,54.0,50.0,11680.0,216.2962962962963,270.0,5.0,66,72.0,247680.0,19494.0,1.0909090909090908,3752.7272727272725,3440.0,0.25
PRV51580,0.0,0.0,0.0,0.0,0.0,0.0,3.0,3.0,1710.0,570.0,0.0,0.0,3,3.0,1710.0,0.0,1.0,570.0,570.0,0.0
PRV51582,1.0,1.0,12000.0,12000.0,1068.0,1068.0,3.0,3.0,2370.0,790.0,0.0,0.0,4,4.0,14370.0,1068.0,1.0,3592.5,3592.5,0.25
PRV51583,2.0,2.0,15000.0,7500.0,2136.0,1068.0,45.0,44.0,17430.0,387.3333333333333,90.0,2.0,46,47.0,32430.0,2226.0,1.0217391304347827,705.0,690.0,0.0425531914893617
PRV51584,13.0,13.0,159000.0,12230.76923076923,13884.0,1068.0,69.0,65.0,12930.0,187.3913043478261,370.0,5.36231884057971,78,82.0,171930.0,14254.0,1.0512820512820513,2204.230769230769,2096.7073170731705,0.15853658536585366
PRV51585,4.0,4.0,77000.0,19250.0,4272.0,1068.0,2.0,2.0,80.0,40.0,0.0,0.0,6,6.0,77080.0,4272.0,1.0,12846.666666666666,12846.666666666666,0.6666666666666666
PRV51586,6.0,6.0,72000.0,12000.0,6408.0,1068.0,2.0,2.0,510.0,255.0,0.0,0.0,8,8.0,72510.0,6408.0,1.0,9063.75,9063.75,0.75
PRV51587,0.0,0.0,0.0,0.0,0.0,0.0,5.0,5.0,1500.0,300.0,0.0,0.0,5,5.0,1500.0,0.0,1.0,300.0,300.0,0.0
PRV51588,3.0,2.0,58000.0,19333.333333333332,3204.0,1068.0,7.0,7.0,430.0,61.42857142857143,0.0,0.0,9,10.0,58430.0,3204.0,1.1111111111111112,6492.222222222223,5843.0,0.3
PRV51590,81.0,79.0,781000.0,9641.975308641975,84372.0,1068.0,3.0,3.0,380.0,126.66666666666667,0.0,0.0,82,84.0,781380.0,84372.0,1.024390243902439,9529.024390243903,9302.142857142857,0.9642857142857143
PRV51592,0.0,0.0,0.0,0.0,0.0,0.0,3.0,3.0,30.0,10.0,0.0,0.0,3,3.0,30.0,0.0,1.0,10.0,10.0,0.0
PRV51593,12.0,12.0,139000.0,11583.333333333334,12816.0,1068.0,42.0,42.0,11000.0,261.9047619047619,100.0,2.380952380952381,54,54.0,150000.0,12916.0,1.0,2777.777777777778,2777.777777777778,0.2222222222222222
PRV51595,1.0,1.0,5000.0,5000.0,1068.0,1068.0,23.0,21.0,9660.0,420.0,10.0,0.43478260869565216,22,24.0,14660.0,1078.0,1.0909090909090908,666.3636363636364,610.8333333333334,0.041666666666666664
PRV51596,3.0,3.0,32000.0,10666.666666666666,3204.0,1068.0,47.0,47.0,9830.0,209.14893617021278,280.0,5.957446808510638,50,50.0,41830.0,3484.0,1.0,836.6,836.6,0.06
PRV51598,61.0,61.0,678000.0,11114.754098360656,64080.0,1068.0,361.0,340.0,101530.0,281.2465373961219,1120.0,3.102493074792244,399,422.0,779530.0,65200.0,1.0576441102756893,1953.7092731829573,1847.2274881516587,0.14454976303317535
PRV51599,3.0,3.0,16000.0,5333.333333333333,3204.0,1068.0,2.0,2.0,210.0,105.0,0.0,0.0,5,5.0,16210.0,3204.0,1.0,3242.0,3242.0,0.6
PRV51600,3.0,3.0,9000.0,3000.0,3204.0,1068.0,106.0,100.0,27050.0,255.18867924528303,550.0,5.188679245283019,103,109.0,36050.0,3754.0,1.058252427184466,350.0,330.73394495412845,0.027522935779816515
PRV51601,0.0,0.0,0.0,0.0,0.0,0.0,14.0,14.0,3690.0,263.57142857142856,0.0,0.0,14,14.0,3690.0,0.0,1.0,263.57142857142856,263.57142857142856,0.0
PRV51602,12.0,12.0,72000.0,6000.0,12816.0,1068.0,27.0,26.0,5480.0,202.96296296296296,0.0,0.0,38,39.0,77480.0,12816.0,1.0263157894736843,2038.9473684210527,1986.6666666666667,0.3076923076923077
PRV51604,50.0,44.0,617000.0,12340.0,52332.0,1068.0,279.0,222.0,80510.0,288.5663082437276,1290.0,4.623655913978495,257,329.0,697510.0,53622.0,1.2801556420233462,2714.046692607004,2120.091185410334,0.1519756838905775
PRV51605,5.0,5.0,27000.0,5400.0,5340.0,1068.0,67.0,65.0,19990.0,298.35820895522386,180.0,2.6865671641791047,70,72.0,46990.0,5520.0,1.0285714285714285,671.2857142857143,652.6388888888889,0.06944444444444445
PRV51606,10.0,10.0,57000.0,5700.0,10680.0,1068.0,36.0,35.0,9100.0,252.77777777777777,0.0,0.0,45,46.0,66100.0,10680.0,1.0222222222222221,1468.888888888889,1436.9565217391305,0.21739130434782608
PRV51607,1.0,1.0,14000.0,14000.0,0.0,0.0,14.0,14.0,1410.0,100.71428571428571,60.0,4.285714285714286,15,15.0,15410.0,60.0,1.0,1027.3333333333333,1027.3333333333333,0.06666666666666667
PRV51608,9.0,9.0,71000.0,7888.888888888889,9612.0,1068.0,28.0,28.0,7140.0,255.0,280.0,10.0,37,37.0,78140.0,9892.0,1.0,2111.891891891892,2111.891891891892,0.24324324324324326
PRV51609,12.0,12.0,102000.0,8500.0,11748.0,1068.0,63.0,59.0,8790.0,139.52380952380952,130.0,2.0634920634920637,70,75.0,110790.0,11878.0,1.0714285714285714,1582.7142857142858,1477.2,0.16
PRV51610,3.0,3.0,43000.0,14333.333333333334,3204.0,1068.0,3.0,3.0,150.0,50.0,0.0,0.0,6,6.0,43150.0,3204.0,1.0,7191.666666666667,7191.666666666667,0.5
PRV51611,0.0,0.0,0.0,0.0,0.0,0.0,8.0,8.0,2780.0,347.5,0.0,0.0,8,8.0,2780.0,0.0,1.0,347.5,347.5,0.0
PRV51612,6.0,6.0,66000.0,11000.0,6408.0,1068.0,7.0,7.0,770.0,110.0,0.0,0.0,13,13.0,66770.0,6408.0,1.0,5136.153846153846,5136.153846153846,0.46153846153846156
PRV51613,4.0,4.0,18000.0,4500.0,4272.0,1068.0,17.0,17.0,2450.0,144.11764705882354,0.0,0.0,21,21.0,20450.0,4272.0,1.0,973.8095238095239,973.8095238095239,0.19047619047619047
PRV51614,148.0,129.0,1446000.0,9770.27027027027,154860.0,1068.0,120.0,114.0,26150.0,217.91666666666666,550.0,4.583333333333333,243,268.0,1472150.0,155410.0,1.102880658436214,6058.230452674897,5493.0970149253735,0.5522388059701493
PRV51616,0.0,0.0,0.0,0.0,0.0,0.0,26.0,26.0,6120.0,235.3846153846154,0.0,0.0,26,26.0,6120.0,0.0,1.0,235.3846153846154,235.3846153846154,0.0
PRV51617,11.0,11.0,109000.0,9909.09090909091,11748.0,1068.0,11.0,11.0,2270.0,206.36363636363637,0.0,0.0,22,22.0,111270.0,11748.0,1.0,5057.727272727273,5057.727272727273,0.5
PRV51618,1.0,1.0,2000.0,2000.0,1068.0,1068.0,0.0,0.0,0.0,0.0,0.0,0.0,1,1.0,2000.0,1068.0,1.0,2000.0,2000.0,1.0
PRV51619,8.0,7.0,75000.0,9375.0,7476.0,1068.0,11.0,11.0,3150.0,286.3636363636364,0.0,0.0,18,19.0,78150.0,7476.0,1.0555555555555556,4341.666666666667,4113.1578947368425,0.42105263157894735
PRV51620,3.0,3.0,20000.0,6666.666666666667,3204.0,1068.0,5.0,5.0,1190.0,238.0,0.0,0.0,8,8.0,21190.0,3204.0,1.0,2648.75,2648.75,0.375
PRV51621,0.0,0.0,0.0,0.0,0.0,0.0,9.0,9.0,530.0,58.888888888888886,0.0,0.0,9,9.0,530.0,0.0,1.0,58.888888888888886,58.888888888888886,0.0
PRV51622,9.0,9.0,53000.0,5888.888888888889,9612.0,1068.0,94.0,85.0,48690.0,517.9787234042553,70.0,0.7446808510638298,94,103.0,101690.0,9682.0,1.0957446808510638,1081.8085106382978,987.2815533980582,0.08737864077669903
PRV51623,7.0,7.0,53000.0,7571.428571428572,7476.0,1068.0,14.0,14.0,3350.0,239.28571428571428,0.0,0.0,21,21.0,56350.0,7476.0,1.0,2683.3333333333335,2683.3333333333335,0.3333333333333333
PRV51624,0.0,0.0,0.0,0.0,0.0,0.0,5.0,5.0,320.0,64.0,40.0,8.0,5,5.0,320.0,40.0,1.0,64.0,64.0,0.0
PRV51625,4.0,4.0,19000.0,4750.0,4272.0,1068.0,3.0,3.0,420.0,140.0,0.0,0.0,7,7.0,19420.0,4272.0,1.0,2774.285714285714,2774.285714285714,0.5714285714285714
PRV51626,1.0,1.0,35000.0,35000.0,1068.0,1068.0,8.0,8.0,1920.0,240.0,0.0,0.0,9,9.0,36920.0,1068.0,1.0,4102.222222222223,4102.222222222223,0.1111111111111111
PRV51627,3.0,3.0,39000.0,13000.0,3204.0,1068.0,23.0,23.0,5860.0,254.7826086956522,0.0,0.0,26,26.0,44860.0,3204.0,1.0,1725.3846153846155,1725.3846153846155,0.11538461538461539
PRV51628,2.0,2.0,13000.0,6500.0,2136.0,1068.0,4.0,4.0,320.0,80.0,0.0,0.0,6,6.0,13320.0,2136.0,1.0,2220.0,2220.0,0.3333333333333333
PRV51629,22.0,20.0,213000.0,9681.818181818182,22428.0,1068.0,0.0,0.0,0.0,0.0,0.0,0.0,20,22.0,213000.0,22428.0,1.1,10650.0,9681.818181818182,1.0
PRV51630,1.0,1.0,0.0,0.0,1068.0,1068.0,4.0,4.0,1860.0,465.0,0.0,0.0,5,5.0,1860.0,1068.0,1.0,372.0,372.0,0.2
PRV51631,0.0,0.0,0.0,0.0,0.0,0.0,6.0,6.0,1500.0,250.0,0.0,0.0,6,6.0,1500.0,0.0,1.0,250.0,250.0,0.0
PRV51632,4.0,4.0,19000.0,4750.0,4272.0,1068.0,22.0,21.0,7850.0,356.8181818181818,70.0,3.1818181818181817,25,26.0,26850.0,4342.0,1.04,1074.0,1032.6923076923076,0.15384615384615385
PRV51634,5.0,5.0,21000.0,4200.0,5340.0,1068.0,114.0,111.0,50090.0,439.3859649122807,280.0,2.456140350877193,116,119.0,71090.0,5620.0,1.0258620689655173,612.8448275862069,597.3949579831933,0.04201680672268908
PRV51635,1.0,1.0,24000.0,24000.0,1068.0,1068.0,28.0,28.0,4120.0,147.14285714285714,0.0,0.0,29,29.0,28120.0,1068.0,1.0,969.6551724137931,969.6551724137931,0.034482758620689655
PRV51636,3.0,3.0,73000.0,24333.333333333332,3204.0,1068.0,313.0,186.0,107020.0,341.91693290734827,720.0,2.3003194888178915,187,316.0,180020.0,3924.0,1.6898395721925135,962.6737967914438,569.6835443037975,0.00949367088607595
PRV51637,7.0,7.0,38000.0,5428.571428571428,7476.0,1068.0,27.0,27.0,5440.0,201.4814814814815,100.0,3.7037037037037037,34,34.0,43440.0,7576.0,1.0,1277.6470588235295,1277.6470588235295,0.20588235294117646
PRV51638,2.0,2.0,18000.0,9000.0,2136.0,1068.0,2.0,2.0,2490.0,1245.0,0.0,0.0,4,4.0,20490.0,2136.0,1.0,5122.5,5122.5,0.5
PRV51639,12.0,12.0,108000.0,9000.0,12816.0,1068.0,17.0,17.0,4520.0,265.88235294117646,0.0,0.0,29,29.0,112520.0,12816.0,1.0,3880.0,3880.0,0.41379310344827586
PRV51640,3.0,3.0,16000.0,5333.333333333333,3204.0,1068.0,4.0,4.0,1490.0,372.5,0.0,0.0,7,7.0,17490.0,3204.0,1.0,2498.5714285714284,2498.5714285714284,0.42857142857142855
PRV51641,0.0,0.0,0.0,0.0,0.0,0.0,14.0,13.0,1700.0,121.42857142857143,90.0,6.428571428571429,13,14.0,1700.0,90.0,1.0769230769230769,130.76923076923077,121.42857142857143,0.0
PRV51642,1.0,1.0,5000.0,5000.0,0.0,0.0,28.0,24.0,5460.0,195.0,120.0,4.285714285714286,25,29.0,10460.0,120.0,1.16,418.4,360.6896551724138,0.034482758620689655
PRV51644,1.0,1.0,7000.0,7000.0,1068.0,1068.0,23.0,23.0,9490.0,412.60869565217394,110.0,4.782608695652174,24,24.0,16490.0,1178.0,1.0,687.0833333333334,687.0833333333334,0.041666666666666664
PRV51645,0.0,0.0,0.0,0.0,0.0,0.0,5.0,5.0,280.0,56.0,90.0,18.0,5,5.0,280.0,90.0,1.0,56.0,56.0,0.0
PRV51647,6.0,6.0,43700.0,7283.333333333333,6408.0,1068.0,6.0,6.0,1240.0,206.66666666666666,0.0,0.0,12,12.0,44940.0,6408.0,1.0,3745.0,3745.0,0.5
PRV51650,0.0,0.0,0.0,0.0,0.0,0.0,24.0,23.0,13290.0,553.75,0.0,0.0,23,24.0,13290.0,0.0,1.0434782608695652,577.8260869565217,553.75,0.0
PRV51652,0.0,0.0,0.0,0.0,0.0,0.0,64.0,49.0,17600.0,275.0,270.0,4.21875,49,64.0,17600.0,270.0,1.3061224489795917,359.18367346938777,275.0,0.0
PRV51653,0.0,0.0,0.0,0.0,0.0,0.0,24.0,24.0,8530.0,355.4166666666667,110.0,4.583333333333333,24,24.0,8530.0,110.0,1.0,355.4166666666667,355.4166666666667,0.0
PRV51654,0.0,0.0,0.0,0.0,0.0,0.0,2.0,2.0,220.0,110.0,10.0,5.0,2,2.0,220.0,10.0,1.0,110.0,110.0,0.0
PRV51655,0.0,0.0,0.0,0.0,0.0,0.0,3.0,3.0,70.0,23.333333333333332,40.0,13.333333333333334,3,3.0,70.0,40.0,1.0,23.333333333333332,23.333333333333332,0.0
PRV51656,0.0,0.0,0.0,0.0,0.0,0.0,23.0,23.0,4860.0,211.30434782608697,0.0,0.0,23,23.0,4860.0,0.0,1.0,211.30434782608697,211.30434782608697,0.0
PRV51657,0.0,0.0,0.0,0.0,0.0,0.0,4.0,4.0,3760.0,940.0,200.0,50.0,4,4.0,3760.0,200.0,1.0,940.0,940.0,0.0
PRV51658,0.0,0.0,0.0,0.0,0.0,0.0,5.0,5.0,1770.0,354.0,0.0,0.0,5,5.0,1770.0,0.0,1.0,354.0,354.0,0.0
PRV51660,0.0,0.0,0.0,0.0,0.0,0.0,3.0,3.0,180.0,60.0,30.0,10.0,3,3.0,180.0,30.0,1.0,60.0,60.0,0.0
PRV51661,0.0,0.0,0.0,0.0,0.0,0.0,134.0,89.0,47570.0,355.0,570.0,4.253731343283582,89,134.0,47570.0,570.0,1.5056179775280898,534.4943820224719,355.0,0.0
PRV51664,0.0,0.0,0.0,0.0,0.0,0.0,10.0,10.0,790.0,79.0,50.0,5.0,10,10.0,790.0,50.0,1.0,79.0,79.0,0.0
PRV51665,0.0,0.0,0.0,0.0,0.0,0.0,15.0,15.0,3810.0,254.0,40.0,2.6666666666666665,15,15.0,3810.0,40.0,1.0,254.0,254.0,0.0
PRV51666,0.0,0.0,0.0,0.0,0.0,0.0,1.0,1.0,50.0,50.0,0.0,0.0,1,1.0,50.0,0.0,1.0,50.0,50.0,0.0
PRV51668,0.0,0.0,0.0,0.0,0.0,0.0,38.0,27.0,9020.0,237.3684210526316,110.0,2.8947368421052633,27,38.0,9020.0,110.0,1.4074074074074074,334.0740740740741,237.3684210526316,0.0
PRV51669,0.0,0.0,0.0,0.0,0.0,0.0,76.0,74.0,21060.0,277.10526315789474,320.0,4.2105263157894735,74,76.0,21060.0,320.0,1.027027027027027,284.5945945945946,277.10526315789474,0.0
PRV51670,1.0,1.0,6000.0,6000.0,1068.0,1068.0,435.0,285.0,116850.0,268.62068965517244,1250.0,2.8735632183908044,286,436.0,122850.0,2318.0,1.5244755244755244,429.54545454545456,281.76605504587155,0.0022935779816513763
PRV51671,0.0,0.0,0.0,0.0,0.0,0.0,39.0,39.0,8490.0,217.69230769230768,100.0,2.5641025641025643,39,39.0,8490.0,100.0,1.0,217.69230769230768,217.69230769230768,0.0
PRV51672,0.0,0.0,0.0,0.0,0.0,0.0,6.0,6.0,2270.0,378.3333333333333,0.0,0.0,6,6.0,2270.0,0.0,1.0,378.3333333333333,378.3333333333333,0.0
PRV51673,0.0,0.0,0.0,0.0,0.0,0.0,183.0,77.0,51180.0,279.672131147541,680.0,3.7158469945355193,77,183.0,51180.0,680.0,2.3766233766233764,664.6753246753246,279.672131147541,0.0
PRV51674,0.0,0.0,0.0,0.0,0.0,0.0,4.0,4.0,1400.0,350.0,0.0,0.0,4,4.0,1400.0,0.0,1.0,350.0,350.0,0.0
PRV51675,0.0,0.0,0.0,0.0,0.0,0.0,28.0,28.0,7690.0,274.64285714285717,100.0,3.5714285714285716,28,28.0,7690.0,100.0,1.0,274.64285714285717,274.64285714285717,0.0
PRV51676,3.0,2.0,50000.0,16666.666666666668,3204.0,1068.0,135.0,124.0,41920.0,310.51851851851853,520.0,3.8518518518518516,126,138.0,91920.0,3724.0,1.0952380952380953,729.5238095238095,666.0869565217391,0.021739130434782608
PRV51678,0.0,0.0,0.0,0.0,0.0,0.0,66.0,64.0,25540.0,386.969696969697,310.0,4.696969696969697,64,66.0,25540.0,310.0,1.03125,399.0625,386.969696969697,0.0
PRV51679,2.0,2.0,30000.0,15000.0,2136.0,1068.0,36.0,15.0,9420.0,261.6666666666667,70.0,1.9444444444444444,16,38.0,39420.0,2206.0,2.375,2463.75,1037.3684210526317,0.05263157894736842
PRV51681,1.0,1.0,51000.0,51000.0,1068.0,1068.0,25.0,25.0,18130.0,725.2,0.0,0.0,26,26.0,69130.0,1068.0,1.0,2658.846153846154,2658.846153846154,0.038461538461538464
PRV51682,0.0,0.0,0.0,0.0,0.0,0.0,16.0,16.0,9110.0,569.375,0.0,0.0,16,16.0,9110.0,0.0,1.0,569.375,569.375,0.0
PRV51685,0.0,0.0,0.0,0.0,0.0,0.0,55.0,40.0,11830.0,215.0909090909091,80.0,1.4545454545454546,40,55.0,11830.0,80.0,1.375,295.75,215.0909090909091,0.0
PRV51687,0.0,0.0,0.0,0.0,0.0,0.0,10.0,6.0,2530.0,253.0,100.0,10.0,6,10.0,2530.0,100.0,1.6666666666666667,421.6666666666667,253.0,0.0
PRV51688,2.0,2.0,22000.0,11000.0,2136.0,1068.0,7.0,7.0,660.0,94.28571428571429,0.0,0.0,9,9.0,22660.0,2136.0,1.0,2517.777777777778,2517.777777777778,0.2222222222222222
PRV51689,0.0,0.0,0.0,0.0,0.0,0.0,1.0,1.0,1700.0,1700.0,0.0,0.0,1,1.0,1700.0,0.0,1.0,1700.0,1700.0,0.0
PRV51690,7.0,7.0,52000.0,7428.571428571428,7476.0,1068.0,248.0,214.0,73280.0,295.48387096774195,340.0,1.3709677419354838,221,255.0,125280.0,7816.0,1.1538461538461537,566.8778280542987,491.29411764705884,0.027450980392156862
PRV51691,0.0,0.0,0.0,0.0,0.0,0.0,88.0,49.0,26790.0,304.4318181818182,180.0,2.0454545454545454,49,88.0,26790.0,180.0,1.7959183673469388,546.734693877551,304.4318181818182,0.0
PRV51692,0.0,0.0,0.0,0.0,0.0,0.0,11.0,11.0,970.0,88.18181818181819,0.0,0.0,11,11.0,970.0,0.0,1.0,88.18181818181819,88.18181818181819,0.0
PRV51693,0.0,0.0,0.0,0.0,0.0,0.0,113.0,51.0,21100.0,186.72566371681415,380.0,3.3628318584070795,51,113.0,21100.0,380.0,2.215686274509804,413.72549019607845,186.72566371681415,0.0
PRV51694,0.0,0.0,0.0,0.0,0.0,0.0,26.0,21.0,5940.0,228.46153846153845,70.0,2.6923076923076925,21,26.0,5940.0,70.0,1.2380952380952381,282.85714285714283,228.46153846153845,0.0
PRV51695,0.0,0.0,0.0,0.0,0.0,0.0,429.0,177.0,113180.0,263.8228438228438,1270.0,2.9603729603729603,177,429.0,113180.0,1270.0,2.4237288135593222,639.4350282485875,263.8228438228438,0.0
PRV51696,0.0,0.0,0.0,0.0,0.0,0.0,9.0,9.0,730.0,81.11111111111111,0.0,0.0,9,9.0,730.0,0.0,1.0,81.11111111111111,81.11111111111111,0.0
PRV51697,0.0,0.0,0.0,0.0,0.0,0.0,63.0,54.0,21600.0,342.85714285714283,380.0,6.031746031746032,54,63.0,21600.0,380.0,1.1666666666666667,400.0,342.85714285714283,0.0
PRV51698,0.0,0.0,0.0,0.0,0.0,0.0,13.0,13.0,1910.0,146.92307692307693,0.0,0.0,13,13.0,1910.0,0.0,1.0,146.92307692307693,146.92307692307693,0.0
PRV51699,0.0,0.0,0.0,0.0,0.0,0.0,209.0,131.0,53760.0,257.2248803827751,1020.0,4.880382775119617,131,209.0,53760.0,1020.0,1.5954198473282444,410.381679389313,257.2248803827751,0.0
PRV51702,0.0,0.0,0.0,0.0,0.0,0.0,10.0,10.0,3230.0,323.0,80.0,8.0,10,10.0,3230.0,80.0,1.0,323.0,323.0,0.0
PRV51703,0.0,0.0,0.0,0.0,0.0,0.0,2.0,2.0,80.0,40.0,0.0,0.0,2,2.0,80.0,0.0,1.0,40.0,40.0,0.0
PRV51704,0.0,0.0,0.0,0.0,0.0,0.0,1.0,1.0,600.0,600.0,0.0,0.0,1,1.0,600.0,0.0,1.0,600.0,600.0,0.0
PRV51705,0.0,0.0,0.0,0.0,0.0,0.0,1.0,1.0,400.0,400.0,0.0,0.0,1,1.0,400.0,0.0,1.0,400.0,400.0,0.0
PRV51706,0.0,0.0,0.0,0.0,0.0,0.0,2.0,2.0,330.0,165.0,0.0,0.0,2,2.0,330.0,0.0,1.0,165.0,165.0,0.0
PRV51707,0.0,0.0,0.0,0.0,0.0,0.0,12.0,12.0,270.0,22.5,40.0,3.3333333333333335,12,12.0,270.0,40.0,1.0,22.5,22.5,0.0
PRV51708,0.0,0.0,0.0,0.0,0.0,0.0,4.0,4.0,410.0,102.5,50.0,12.5,4,4.0,410.0,50.0,1.0,102.5,102.5,0.0
PRV51709,0.0,0.0,0.0,0.0,0.0,0.0,10.0,10.0,1610.0,161.0,0.0,0.0,10,10.0,1610.0,0.0,1.0,161.0,161.0,0.0
PRV51710,14.0,14.0,121000.0,8642.857142857143,14952.0,1068.0,3.0,3.0,80.0,26.666666666666668,80.0,26.666666666666668,17,17.0,121080.0,15032.0,1.0,7122.35294117647,7122.35294117647,0.8235294117647058
PRV51711,1.0,1.0,4000.0,4000.0,1068.0,1068.0,0.0,0.0,0.0,0.0,0.0,0.0,1,1.0,4000.0,1068.0,1.0,4000.0,4000.0,1.0
PRV51712,0.0,0.0,0.0,0.0,0.0,0.0,3.0,3.0,860.0,286.6666666666667,0.0,0.0,3,3.0,860.0,0.0,1.0,286.6666666666667,286.6666666666667,0.0
PRV51713,0.0,0.0,0.0,0.0,0.0,0.0,13.0,13.0,1380.0,106.15384615384616,50.0,3.8461538461538463,13,13.0,1380.0,50.0,1.0,106.15384615384616,106.15384615384616,0.0
PRV51715,3.0,3.0,66000.0,22000.0,3204.0,1068.0,9.0,9.0,1340.0,148.88888888888889,0.0,0.0,12,12.0,67340.0,3204.0,1.0,5611.666666666667,5611.666666666667,0.25
PRV51716,0.0,0.0,0.0,0.0,0.0,0.0,82.0,64.0,23030.0,280.8536585365854,110.0,1.3414634146341464,64,82.0,23030.0,110.0,1.28125,359.84375,280.8536585365854,0.0
PRV51718,0.0,0.0,0.0,0.0,0.0,0.0,8.0,8.0,2170.0,271.25,0.0,0.0,8,8.0,2170.0,0.0,1.0,271.25,271.25,0.0
PRV51719,0.0,0.0,0.0,0.0,0.0,0.0,4.0,4.0,4740.0,1185.0,0.0,0.0,4,4.0,4740.0,0.0,1.0,1185.0,1185.0,0.0
PRV51720,0.0,0.0,0.0,0.0,0.0,0.0,4.0,4.0,720.0,180.0,0.0,0.0,4,4.0,720.0,0.0,1.0,180.0,180.0,0.0
PRV51721,0.0,0.0,0.0,0.0,0.0,0.0,5.0,5.0,680.0,136.0,0.0,0.0,5,5.0,680.0,0.0,1.0,136.0,136.0,0.0
PRV51722,0.0,0.0,0.0,0.0,0.0,0.0,1.0,1.0,30.0,30.0,0.0,0.0,1,1.0,30.0,0.0,1.0,30.0,30.0,0.0
PRV51723,0.0,0.0,0.0,0.0,0.0,0.0,16.0,16.0,5340.0,333.75,100.0,6.25,16,16.0,5340.0,100.0,1.0,333.75,333.75,0.0
PRV51724,0.0,0.0,0.0,0.0,0.0,0.0,6.0,6.0,2480.0,413.3333333333333,0.0,0.0,6,6.0,2480.0,0.0,1.0,413.3333333333333,413.3333333333333,0.0
PRV51725,0.0,0.0,0.0,0.0,0.0,0.0,4.0,4.0,190.0,47.5,80.0,20.0,4,4.0,190.0,80.0,1.0,47.5,47.5,0.0
PRV51726,0.0,0.0,0.0,0.0,0.0,0.0,21.0,21.0,6790.0,323.3333333333333,0.0,0.0,21,21.0,6790.0,0.0,1.0,323.3333333333333,323.3333333333333,0.0
PRV51727,0.0,0.0,0.0,0.0,0.0,0.0,3.0,3.0,1950.0,650.0,0.0,0.0,3,3.0,1950.0,0.0,1.0,650.0,650.0,0.0
PRV51729,0.0,0.0,0.0,0.0,0.0,0.0,19.0,19.0,3740.0,196.8421052631579,0.0,0.0,19,19.0,3740.0,0.0,1.0,196.8421052631579,196.8421052631579,0.0
PRV51731,0.0,0.0,0.0,0.0,0.0,0.0,38.0,38.0,8720.0,229.47368421052633,230.0,6.052631578947368,38,38.0,8720.0,230.0,1.0,229.47368421052633,229.47368421052633,0.0
PRV51732,0.0,0.0,0.0,0.0,0.0,0.0,12.0,12.0,6960.0,580.0,60.0,5.0,12,12.0,6960.0,60.0,1.0,580.0,580.0,0.0
PRV51733,0.0,0.0,0.0,0.0,0.0,0.0,2.0,2.0,70.0,35.0,0.0,0.0,2,2.0,70.0,0.0,1.0,35.0,35.0,0.0
PRV51734,0.0,0.0,0.0,0.0,0.0,0.0,20.0,20.0,7900.0,395.0,30.0,1.5,20,20.0,7900.0,30.0,1.0,395.0,395.0,0.0
PRV51735,0.0,0.0,0.0,0.0,0.0,0.0,4.0,4.0,350.0,87.5,0.0,0.0,4,4.0,350.0,0.0,1.0,87.5,87.5,0.0
PRV51736,0.0,0.0,0.0,0.0,0.0,0.0,21.0,21.0,5620.0,267.6190476190476,0.0,0.0,21,21.0,5620.0,0.0,1.0,267.6190476190476,267.6190476190476,0.0
PRV51737,0.0,0.0,0.0,0.0,0.0,0.0,152.0,106.0,50300.0,330.92105263157896,380.0,2.5,106,152.0,50300.0,380.0,1.4339622641509433,474.52830188679246,330.92105263157896,0.0
PRV51738,0.0,0.0,0.0,0.0,0.0,0.0,16.0,14.0,850.0,53.125,0.0,0.0,14,16.0,850.0,0.0,1.1428571428571428,60.714285714285715,53.125,0.0
PRV51739,0.0,0.0,0.0,0.0,0.0,0.0,74.0,72.0,13700.0,185.13513513513513,110.0,1.4864864864864864,72,74.0,13700.0,110.0,1.0277777777777777,190.27777777777777,185.13513513513513,0.0
PRV51740,0.0,0.0,0.0,0.0,0.0,0.0,57.0,51.0,14010.0,245.78947368421052,350.0,6.140350877192983,51,57.0,14010.0,350.0,1.1176470588235294,274.70588235294116,245.78947368421052,0.0
PRV51741,0.0,0.0,0.0,0.0,0.0,0.0,35.0,34.0,5190.0,148.28571428571428,0.0,0.0,34,35.0,5190.0,0.0,1.0294117647058822,152.64705882352942,148.28571428571428,0.0
PRV51742,0.0,0.0,0.0,0.0,0.0,0.0,13.0,13.0,2830.0,217.69230769230768,50.0,3.8461538461538463,13,13.0,2830.0,50.0,1.0,217.69230769230768,217.69230769230768,0.0
PRV51743,0.0,0.0,0.0,0.0,0.0,0.0,118.0,115.0,29380.0,248.98305084745763,390.0,3.305084745762712,115,118.0,29380.0,390.0,1.0260869565217392,255.47826086956522,248.98305084745763,0.0
PRV51744,0.0,0.0,0.0,0.0,0.0,0.0,5.0,5.0,660.0,132.0,0.0,0.0,5,5.0,660.0,0.0,1.0,132.0,132.0,0.0
PRV51745,0.0,0.0,0.0,0.0,0.0,0.0,13.0,12.0,2290.0,176.15384615384616,200.0,15.384615384615385,12,13.0,2290.0,200.0,1.0833333333333333,190.83333333333334,176.15384615384616,0.0
PRV51746,0.0,0.0,0.0,0.0,0.0,0.0,26.0,25.0,10490.0,403.46153846153845,0.0,0.0,25,26.0,10490.0,0.0,1.04,419.6,403.46153846153845,0.0
PRV51747,0.0,0.0,0.0,0.0,0.0,0.0,4.0,4.0,1500.0,375.0,0.0,0.0,4,4.0,1500.0,0.0,1.0,375.0,375.0,0.0
PRV51748,0.0,0.0,0.0,0.0,0.0,0.0,18.0,18.0,8060.0,447.77777777777777,0.0,0.0,18,18.0,8060.0,0.0,1.0,447.77777777777777,447.77777777777777,0.0
PRV51749,0.0,0.0,0.0,0.0,0.0,0.0,6.0,6.0,2780.0,463.3333333333333,80.0,13.333333333333334,6,6.0,2780.0,80.0,1.0,463.3333333333333,463.3333333333333,0.0
PRV51750,0.0,0.0,0.0,0.0,0.0,0.0,3.0,3.0,1600.0,533.3333333333334,80.0,26.666666666666668,3,3.0,1600.0,80.0,1.0,533.3333333333334,533.3333333333334,0.0
PRV51751,0.0,0.0,0.0,0.0,0.0,0.0,2.0,2.0,900.0,450.0,0.0,0.0,2,2.0,900.0,0.0,1.0,450.0,450.0,0.0
PRV51752,0.0,0.0,0.0,0.0,0.0,0.0,87.0,69.0,32740.0,376.32183908045977,150.0,1.7241379310344827,69,87.0,32740.0,150.0,1.2608695652173914,474.4927536231884,376.32183908045977,0.0
PRV51753,0.0,0.0,0.0,0.0,0.0,0.0,4.0,4.0,1210.0,302.5,0.0,0.0,4,4.0,1210.0,0.0,1.0,302.5,302.5,0.0
PRV51754,0.0,0.0,0.0,0.0,0.0,0.0,9.0,9.0,2120.0,235.55555555555554,0.0,0.0,9,9.0,2120.0,0.0,1.0,235.55555555555554,235.55555555555554,0.0
PRV51755,0.0,0.0,0.0,0.0,0.0,0.0,6.0,6.0,590.0,98.33333333333333,0.0,0.0,6,6.0,590.0,0.0,1.0,98.33333333333333,98.33333333333333,0.0
PRV51758,0.0,0.0,0.0,0.0,0.0,0.0,7.0,7.0,910.0,130.0,0.0,0.0,7,7.0,910.0,0.0,1.0,130.0,130.0,0.0
PRV51759,0.0,0.0,0.0,0.0,0.0,0.0,13.0,13.0,1090.0,83.84615384615384,0.0,0.0,13,13.0,1090.0,0.0,1.0,83.84615384615384,83.84615384615384,0.0
PRV51761,0.0,0.0,0.0,0.0,0.0,0.0,11.0,11.0,1870.0,170.0,0.0,0.0,11,11.0,1870.0,0.0,1.0,170.0,170.0,0.0
PRV51762,0.0,0.0,0.0,0.0,0.0,0.0,14.0,14.0,3100.0,221.42857142857142,0.0,0.0,14,14.0,3100.0,0.0,1.0,221.42857142857142,221.42857142857142,0.0
PRV51763,0.0,0.0,0.0,0.0,0.0,0.0,11.0,11.0,3960.0,360.0,0.0,0.0,11,11.0,3960.0,0.0,1.0,360.0,360.0,0.0
PRV51764,0.0,0.0,0.0,0.0,0.0,0.0,33.0,33.0,6060.0,183.63636363636363,100.0,3.0303030303030303,33,33.0,6060.0,100.0,1.0,183.63636363636363,183.63636363636363,0.0
PRV51765,0.0,0.0,0.0,0.0,0.0,0.0,14.0,14.0,2870.0,205.0,0.0,0.0,14,14.0,2870.0,0.0,1.0,205.0,205.0,0.0
PRV51766,0.0,0.0,0.0,0.0,0.0,0.0,23.0,23.0,2290.0,99.56521739130434,0.0,0.0,23,23.0,2290.0,0.0,1.0,99.56521739130434,99.56521739130434,0.0
PRV51767,0.0,0.0,0.0,0.0,0.0,0.0,12.0,12.0,4060.0,338.3333333333333,200.0,16.666666666666668,12,12.0,4060.0,200.0,1.0,338.3333333333333,338.3333333333333,0.0
PRV51769,0.0,0.0,0.0,0.0,0.0,0.0,15.0,15.0,4800.0,320.0,0.0,0.0,15,15.0,4800.0,0.0,1.0,320.0,320.0,0.0
PRV51770,0.0,0.0,0.0,0.0,0.0,0.0,15.0,15.0,6820.0,454.6666666666667,130.0,8.666666666666666,15,15.0,6820.0,130.0,1.0,454.6666666666667,454.6666666666667,0.0
PRV51771,0.0,0.0,0.0,0.0,0.0,0.0,40.0,34.0,8530.0,213.25,60.0,1.5,34,40.0,8530.0,60.0,1.1764705882352942,250.88235294117646,213.25,0.0
PRV51773,0.0,0.0,0.0,0.0,0.0,0.0,5.0,5.0,760.0,152.0,0.0,0.0,5,5.0,760.0,0.0,1.0,152.0,152.0,0.0
PRV51774,0.0,0.0,0.0,0.0,0.0,0.0,3.0,3.0,2990.0,996.6666666666666,0.0,0.0,3,3.0,2990.0,0.0,1.0,996.6666666666666,996.6666666666666,0.0
PRV51775,0.0,0.0,0.0,0.0,0.0,0.0,39.0,36.0,9610.0,246.4102564102564,220.0,5.641025641025641,36,39.0,9610.0,220.0,1.0833333333333333,266.94444444444446,246.4102564102564,0.0
PRV51776,0.0,0.0,0.0,0.0,0.0,0.0,54.0,31.0,12640.0,234.07407407407408,80.0,1.4814814814814814,31,54.0,12640.0,80.0,1.7419354838709677,407.741935483871,234.07407407407408,0.0
PRV51778,0.0,0.0,0.0,0.0,0.0,0.0,3.0,3.0,250.0,83.33333333333333,0.0,0.0,3,3.0,250.0,0.0,1.0,83.33333333333333,83.33333333333333,0.0
PRV51779,0.0,0.0,0.0,0.0,0.0,0.0,24.0,22.0,7690.0,320.4166666666667,0.0,0.0,22,24.0,7690.0,0.0,1.0909090909090908,349.54545454545456,320.4166666666667,0.0
PRV51780,0.0,0.0,0.0,0.0,0.0,0.0,34.0,16.0,5120.0,150.58823529411765,40.0,1.1764705882352942,16,34.0,5120.0,40.0,2.125,320.0,150.58823529411765,0.0
PRV51781,0.0,0.0,0.0,0.0,0.0,0.0,24.0,20.0,3000.0,125.0,100.0,4.166666666666667,20,24.0,3000.0,100.0,1.2,150.0,125.0,0.0
PRV51784,0.0,0.0,0.0,0.0,0.0,0.0,8.0,7.0,3820.0,477.5,0.0,0.0,7,8.0,3820.0,0.0,1.1428571428571428,545.7142857142857,477.5,0.0
PRV51786,0.0,0.0,0.0,0.0,0.0,0.0,5.0,4.0,280.0,56.0,70.0,14.0,4,5.0,280.0,70.0,1.25,70.0,56.0,0.0
PRV51787,0.0,0.0,0.0,0.0,0.0,0.0,3.0,3.0,150.0,50.0,0.0,0.0,3,3.0,150.0,0.0,1.0,50.0,50.0,0.0
PRV51788,0.0,0.0,0.0,0.0,0.0,0.0,139.0,85.0,38790.0,279.0647482014389,220.0,1.5827338129496402,85,139.0,38790.0,220.0,1.6352941176470588,456.3529411764706,279.0647482014389,0.0
PRV51789,0.0,0.0,0.0,0.0,0.0,0.0,32.0,28.0,6940.0,216.875,80.0,2.5,28,32.0,6940.0,80.0,1.1428571428571428,247.85714285714286,216.875,0.0
PRV51790,0.0,0.0,0.0,0.0,0.0,0.0,76.0,74.0,18580.0,244.47368421052633,50.0,0.6578947368421053,74,76.0,18580.0,50.0,1.027027027027027,251.0810810810811,244.47368421052633,0.0
PRV51792,0.0,0.0,0.0,0.0,0.0,0.0,46.0,26.0,21390.0,465.0,200.0,4.3478260869565215,26,46.0,21390.0,200.0,1.7692307692307692,822.6923076923077,465.0,0.0
PRV51793,0.0,0.0,0.0,0.0,0.0,0.0,25.0,12.0,5000.0,200.0,0.0,0.0,12,25.0,5000.0,0.0,2.0833333333333335,416.6666666666667,200.0,0.0
PRV51794,0.0,0.0,0.0,0.0,0.0,0.0,11.0,11.0,2020.0,183.63636363636363,0.0,0.0,11,11.0,2020.0,0.0,1.0,183.63636363636363,183.63636363636363,0.0
PRV51795,0.0,0.0,0.0,0.0,0.0,0.0,36.0,26.0,7510.0,208.61111111111111,0.0,0.0,26,36.0,7510.0,0.0,1.3846153846153846,288.84615384615387,208.61111111111111,0.0
PRV51796,0.0,0.0,0.0,0.0,0.0,0.0,4.0,4.0,140.0,35.0,0.0,0.0,4,4.0,140.0,0.0,1.0,35.0,35.0,0.0
PRV51797,0.0,0.0,0.0,0.0,0.0,0.0,5.0,4.0,450.0,90.0,100.0,20.0,4,5.0,450.0,100.0,1.25,112.5,90.0,0.0
PRV51798,0.0,0.0,0.0,0.0,0.0,0.0,10.0,8.0,1420.0,142.0,0.0,0.0,8,10.0,1420.0,0.0,1.25,177.5,142.0,0.0
PRV51799,0.0,0.0,0.0,0.0,0.0,0.0,3.0,3.0,730.0,243.33333333333334,0.0,0.0,3,3.0,730.0,0.0,1.0,243.33333333333334,243.33333333333334,0.0
PRV51801,0.0,0.0,0.0,0.0,0.0,0.0,20.0,20.0,5030.0,251.5,40.0,2.0,20,20.0,5030.0,40.0,1.0,251.5,251.5,0.0
PRV51802,0.0,0.0,0.0,0.0,0.0,0.0,24.0,22.0,4930.0,205.41666666666666,200.0,8.333333333333334,22,24.0,4930.0,200.0,1.0909090909090908,224.0909090909091,205.41666666666666,0.0
PRV51803,2.0,2.0,33000.0,16500.0,2136.0,1068.0,3.0,3.0,570.0,190.0,0.0,0.0,5,5.0,33570.0,2136.0,1.0,6714.0,6714.0,0.4
PRV51805,3.0,3.0,67000.0,22333.333333333332,3204.0,1068.0,0.0,0.0,0.0,0.0,0.0,0.0,3,3.0,67000.0,3204.0,1.0,22333.333333333332,22333.333333333332,1.0
PRV51806,1.0,1.0,13000.0,13000.0,1068.0,1068.0,0.0,0.0,0.0,0.0,0.0,0.0,1,1.0,13000.0,1068.0,1.0,13000.0,13000.0,1.0
PRV51807,7.0,7.0,98000.0,14000.0,7476.0,1068.0,0.0,0.0,0.0,0.0,0.0,0.0,7,7.0,98000.0,7476.0,1.0,14000.0,14000.0,1.0
PRV51809,27.0,26.0,242020.0,8963.703703703704,28836.0,1068.0,0.0,0.0,0.0,0.0,0.0,0.0,26,27.0,242020.0,28836.0,1.0384615384615385,9308.461538461539,8963.703703703704,1.0
PRV51810,3.0,3.0,29000.0,9666.666666666666,3204.0,1068.0,0.0,0.0,0.0,0.0,0.0,0.0,3,3.0,29000.0,3204.0,1.0,9666.666666666666,9666.666666666666,1.0
PRV51811,15.0,15.0,199000.0,13266.666666666666,16020.0,1068.0,0.0,0.0,0.0,0.0,0.0,0.0,15,15.0,199000.0,16020.0,1.0,13266.666666666666,13266.666666666666,1.0
PRV51812,1.0,1.0,6000.0,6000.0,1068.0,1068.0,0.0,0.0,0.0,0.0,0.0,0.0,1,1.0,6000.0,1068.0,1.0,6000.0,6000.0,1.0
PRV51813,10.0,10.0,110000.0,11000.0,10680.0,1068.0,0.0,0.0,0.0,0.0,0.0,0.0,10,10.0,110000.0,10680.0,1.0,11000.0,11000.0,1.0
PRV51815,0.0,0.0,0.0,0.0,0.0,0.0,5.0,5.0,810.0,162.0,0.0,0.0,5,5.0,810.0,0.0,1.0,162.0,162.0,0.0
PRV51816,7.0,7.0,68000.0,9714.285714285714,6408.0,1068.0,0.0,0.0,0.0,0.0,0.0,0.0,7,7.0,68000.0,6408.0,1.0,9714.285714285714,9714.285714285714,1.0
PRV51818,29.0,27.0,267000.0,9206.896551724138,30972.0,1068.0,0.0,0.0,0.0,0.0,0.0,0.0,27,29.0,267000.0,30972.0,1.0740740740740742,9888.888888888889,9206.896551724138,1.0
PRV51819,2.0,2.0,7000.0,3500.0,2136.0,1068.0,1.0,1.0,50.0,50.0,0.0,0.0,3,3.0,7050.0,2136.0,1.0,2350.0,2350.0,0.6666666666666666
PRV51820,5.0,5.0,25000.0,5000.0,5340.0,1068.0,0.0,0.0,0.0,0.0,0.0,0.0,5,5.0,25000.0,5340.0,1.0,5000.0,5000.0,1.0
PRV51821,10.0,10.0,138000.0,13800.0,9612.0,1068.0,0.0,0.0,0.0,0.0,0.0,0.0,10,10.0,138000.0,9612.0,1.0,13800.0,13800.0,1.0
PRV51822,1.0,1.0,600.0,600.0,1068.0,1068.0,0.0,0.0,0.0,0.0,0.0,0.0,1,1.0,600.0,1068.0,1.0,600.0,600.0,1.0
PRV51823,8.0,8.0,44000.0,5500.0,8544.0,1068.0,3.0,3.0,530.0,176.66666666666666,0.0,0.0,11,11.0,44530.0,8544.0,1.0,4048.181818181818,4048.181818181818,0.7272727272727273
PRV51824,10.0,9.0,59900.0,5990.0,9612.0,1068.0,0.0,0.0,0.0,0.0,0.0,0.0,9,10.0,59900.0,9612.0,1.1111111111111112,6655.555555555556,5990.0,1.0
PRV51826,21.0,20.0,265000.0,12619.047619047618,21360.0,1068.0,0.0,0.0,0.0,0.0,0.0,0.0,20,21.0,265000.0,21360.0,1.05,13250.0,12619.047619047618,1.0
PRV51827,18.0,17.0,130000.0,7222.222222222223,18156.0,1068.0,0.0,0.0,0.0,0.0,0.0,0.0,17,18.0,130000.0,18156.0,1.0588235294117647,7647.058823529412,7222.222222222223,1.0
PRV51828,11.0,11.0,111000.0,10090.90909090909,11748.0,1068.0,0.0,0.0,0.0,0.0,0.0,0.0,11,11.0,111000.0,11748.0,1.0,10090.90909090909,10090.90909090909,1.0
PRV51829,5.0,5.0,36000.0,7200.0,5340.0,1068.0,0.0,0.0,0.0,0.0,0.0,0.0,5,5.0,36000.0,5340.0,1.0,7200.0,7200.0,1.0
PRV51830,6.0,6.0,20000.0,3333.3333333333335,6408.0,1068.0,0.0,0.0,0.0,0.0,0.0,0.0,6,6.0,20000.0,6408.0,1.0,3333.3333333333335,3333.3333333333335,1.0
PRV51831,2.0,2.0,28000.0,14000.0,1068.0,1068.0,0.0,0.0,0.0,0.0,0.0,0.0,2,2.0,28000.0,1068.0,1.0,14000.0,14000.0,1.0
PRV51833,3.0,3.0,15000.0,5000.0,3204.0,1068.0,0.0,0.0,0.0,0.0,0.0,0.0,3,3.0,15000.0,3204.0,1.0,5000.0,5000.0,1.0
PRV51836,0.0,0.0,0.0,0.0,0.0,0.0,1794.0,644.0,505000.0,281.4938684503902,5250.0,2.9264214046822743,644,1794.0,505000.0,5250.0,2.7857142857142856,784.1614906832298,281.4938684503902,0.0
PRV51837,15.0,15.0,173000.0,11533.333333333334,14952.0,1068.0,89.0,84.0,27310.0,306.85393258426967,220.0,2.4719101123595504,99,104.0,200310.0,15172.0,1.0505050505050506,2023.3333333333333,1926.0576923076924,0.14423076923076922
PRV51838,0.0,0.0,0.0,0.0,0.0,0.0,200.0,169.0,54000.0,270.0,870.0,4.35,169,200.0,54000.0,870.0,1.183431952662722,319.5266272189349,270.0,0.0
PRV51840,39.0,35.0,362700.0,9300.0,41652.0,1068.0,79.0,77.0,17900.0,226.58227848101265,320.0,4.050632911392405,111,118.0,380600.0,41972.0,1.063063063063063,3428.828828828829,3225.423728813559,0.3305084745762712
PRV51841,8.0,7.0,119000.0,14875.0,8544.0,1068.0,48.0,45.0,13310.0,277.2916666666667,390.0,8.125,52,56.0,132310.0,8934.0,1.0769230769230769,2544.423076923077,2362.6785714285716,0.14285714285714285
PRV51842,117.0,89.0,1165700.0,9963.247863247863,122820.0,1068.0,177.0,144.0,54900.0,310.1694915254237,530.0,2.994350282485876,223,294.0,1220600.0,123350.0,1.3183856502242153,5473.542600896861,4151.700680272109,0.3979591836734694
PRV51843,0.0,0.0,0.0,0.0,0.0,0.0,50.0,36.0,18810.0,376.2,50.0,1.0,36,50.0,18810.0,50.0,1.3888888888888888,522.5,376.2,0.0
PRV51845,11.0,10.0,102000.0,9272.727272727272,11748.0,1068.0,34.0,31.0,8280.0,243.52941176470588,70.0,2.0588235294117645,40,45.0,110280.0,11818.0,1.125,2757.0,2450.6666666666665,0.24444444444444444
PRV51846,2.0,1.0,11000.0,5500.0,2136.0,1068.0,27.0,24.0,8070.0,298.8888888888889,100.0,3.7037037037037037,25,29.0,19070.0,2236.0,1.16,762.8,657.5862068965517,0.06896551724137931
PRV51847,0.0,0.0,0.0,0.0,0.0,0.0,42.0,38.0,9420.0,224.28571428571428,0.0,0.0,38,42.0,9420.0,0.0,1.105263157894737,247.89473684210526,224.28571428571428,0.0
PRV51848,0.0,0.0,0.0,0.0,0.0,0.0,57.0,55.0,15680.0,275.0877192982456,0.0,0.0,55,57.0,15680.0,0.0,1.0363636363636364,285.09090909090907,275.0877192982456,0.0
PRV51849,3.0,3.0,18000.0,6000.0,3204.0,1068.0,143.0,110.0,32620.0,228.1118881118881,580.0,4.055944055944056,111,146.0,50620.0,3784.0,1.3153153153153154,456.036036036036,346.71232876712327,0.02054794520547945
PRV51851,53.0,47.0,548000.0,10339.622641509433,54468.0,1068.0,419.0,303.0,121490.0,289.95226730310264,1150.0,2.7446300715990453,336,472.0,669490.0,55618.0,1.4047619047619047,1992.529761904762,1418.4110169491526,0.11228813559322035
PRV51852,0.0,0.0,0.0,0.0,0.0,0.0,19.0,18.0,7740.0,407.36842105263156,60.0,3.1578947368421053,18,19.0,7740.0,60.0,1.0555555555555556,430.0,407.36842105263156,0.0
PRV51855,16.0,13.0,126000.0,7875.0,17088.0,1068.0,104.0,84.0,19170.0,184.32692307692307,200.0,1.9230769230769231,92,120.0,145170.0,17288.0,1.3043478260869565,1577.9347826086957,1209.75,0.13333333333333333
PRV51856,0.0,0.0,0.0,0.0,0.0,0.0,117.0,107.0,31500.0,269.2307692307692,300.0,2.5641025641025643,107,117.0,31500.0,300.0,1.0934579439252337,294.39252336448595,269.2307692307692,0.0
PRV51857,26.0,21.0,379000.0,14576.923076923076,26700.0,1068.0,31.0,27.0,4490.0,144.83870967741936,0.0,0.0,47,57.0,383490.0,26700.0,1.2127659574468086,8159.36170212766,6727.894736842105,0.45614035087719296
PRV51858,0.0,0.0,0.0,0.0,0.0,0.0,61.0,59.0,14380.0,235.7377049180328,200.0,3.278688524590164,59,61.0,14380.0,200.0,1.0338983050847457,243.72881355932202,235.7377049180328,0.0
PRV51859,0.0,0.0,0.0,0.0,0.0,0.0,65.0,60.0,15500.0,238.46153846153845,160.0,2.4615384615384617,60,65.0,15500.0,160.0,1.0833333333333333,258.3333333333333,238.46153846153845,0.0
PRV51860,4.0,4.0,18400.0,4600.0,4272.0,1068.0,772.0,350.0,226210.0,293.0181347150259,1340.0,1.7357512953367875,351,776.0,244610.0,5612.0,2.2108262108262107,696.894586894587,315.21907216494844,0.005154639175257732
PRV51861,0.0,0.0,0.0,0.0,0.0,0.0,21.0,20.0,2760.0,131.42857142857142,0.0,0.0,20,21.0,2760.0,0.0,1.05,138.0,131.42857142857142,0.0
PRV51862,8.0,8.0,89000.0,11125.0,8544.0,1068.0,12.0,12.0,3870.0,322.5,10.0,0.8333333333333334,20,20.0,92870.0,8554.0,1.0,4643.5,4643.5,0.4
PRV51863,19.0,17.0,268000.0,14105.263157894737,18156.0,1068.0,54.0,51.0,18700.0,346.2962962962963,30.0,0.5555555555555556,66,73.0,286700.0,18186.0,1.106060606060606,4343.939393939394,3927.3972602739727,0.2602739726027397
PRV51864,6.0,6.0,60000.0,10000.0,6408.0,1068.0,127.0,69.0,31090.0,244.8031496062992,330.0,2.5984251968503935,75,133.0,91090.0,6738.0,1.7733333333333334,1214.5333333333333,684.8872180451128,0.045112781954887216
PRV51865,0.0,0.0,0.0,0.0,0.0,0.0,28.0,27.0,11670.0,416.7857142857143,0.0,0.0,27,28.0,11670.0,0.0,1.037037037037037,432.22222222222223,416.7857142857143,0.0
PRV51867,0.0,0.0,0.0,0.0,0.0,0.0,102.0,97.0,32130.0,315.0,300.0,2.9411764705882355,97,102.0,32130.0,300.0,1.0515463917525774,331.2371134020619,315.0,0.0
PRV51868,100.0,82.0,1093060.0,10930.6,101460.0,1068.0,44.0,41.0,6650.0,151.13636363636363,50.0,1.1363636363636365,123,144.0,1099710.0,101510.0,1.170731707317073,8940.731707317073,7636.875,0.6944444444444444
PRV51869,2.0,2.0,21000.0,10500.0,2136.0,1068.0,19.0,19.0,5480.0,288.42105263157896,70.0,3.6842105263157894,21,21.0,26480.0,2206.0,1.0,1260.952380952381,1260.952380952381,0.09523809523809523
PRV51870,0.0,0.0,0.0,0.0,0.0,0.0,55.0,54.0,19290.0,350.72727272727275,60.0,1.0909090909090908,54,55.0,19290.0,60.0,1.0185185185185186,357.22222222222223,350.72727272727275,0.0
PRV51871,0.0,0.0,0.0,0.0,0.0,0.0,30.0,29.0,5920.0,197.33333333333334,20.0,0.6666666666666666,29,30.0,5920.0,20.0,1.0344827586206897,204.13793103448276,197.33333333333334,0.0
PRV51872,0.0,0.0,0.0,0.0,0.0,0.0,24.0,23.0,8840.0,368.3333333333333,110.0,4.583333333333333,23,24.0,8840.0,110.0,1.0434782608695652,384.3478260869565,368.3333333333333,0.0
PRV51873,26.0,26.0,301000.0,11576.923076923076,27768.0,1068.0,118.0,105.0,40480.0,343.0508474576271,480.0,4.067796610169491,130,144.0,341480.0,28248.0,1.1076923076923078,2626.769230769231,2371.3888888888887,0.18055555555555555
PRV51874,0.0,0.0,0.0,0.0,0.0,0.0,44.0,42.0,11290.0,256.59090909090907,70.0,1.5909090909090908,42,44.0,11290.0,70.0,1.0476190476190477,268.8095238095238,256.59090909090907,0.0
PRV51875,0.0,0.0,0.0,0.0,0.0,0.0,1.0,1.0,50.0,50.0,0.0,0.0,1,1.0,50.0,0.0,1.0,50.0,50.0,0.0
PRV51876,18.0,17.0,232000.0,12888.888888888889,18156.0,1068.0,43.0,41.0,10320.0,240.0,180.0,4.186046511627907,57,61.0,242320.0,18336.0,1.0701754385964912,4251.228070175439,3972.4590163934427,0.29508196721311475
PRV51877,0.0,0.0,0.0,0.0,0.0,0.0,4.0,4.0,290.0,72.5,0.0,0.0,4,4.0,290.0,0.0,1.0,72.5,72.5,0.0
PRV51878,0.0,0.0,0.0,0.0,0.0,0.0,12.0,12.0,3110.0,259.1666666666667,90.0,7.5,12,12.0,3110.0,90.0,1.0,259.1666666666667,259.1666666666667,0.0
PRV51879,0.0,0.0,0.0,0.0,0.0,0.0,105.0,36.0,40710.0,387.7142857142857,370.0,3.5238095238095237,36,105.0,40710.0,370.0,2.9166666666666665,1130.8333333333333,387.7142857142857,0.0
PRV51884,5.0,5.0,73000.0,14600.0,5340.0,1068.0,39.0,39.0,11530.0,295.64102564102564,60.0,1.5384615384615385,44,44.0,84530.0,5400.0,1.0,1921.1363636363637,1921.1363636363637,0.11363636363636363
PRV51885,0.0,0.0,0.0,0.0,0.0,0.0,85.0,49.0,25670.0,302.0,120.0,1.411764705882353,49,85.0,25670.0,120.0,1.7346938775510203,523.8775510204082,302.0,0.0
PRV51886,0.0,0.0,0.0,0.0,0.0,0.0,18.0,5.0,2160.0,120.0,50.0,2.7777777777777777,5,18.0,2160.0,50.0,3.6,432.0,120.0,0.0
PRV51887,0.0,0.0,0.0,0.0,0.0,0.0,2.0,2.0,120.0,60.0,40.0,20.0,2,2.0,120.0,40.0,1.0,60.0,60.0,0.0
PRV51888,0.0,0.0,0.0,0.0,0.0,0.0,5.0,5.0,640.0,128.0,100.0,20.0,5,5.0,640.0,100.0,1.0,128.0,128.0,0.0
PRV51889,0.0,0.0,0.0,0.0,0.0,0.0,4.0,1.0,170.0,42.5,0.0,0.0,1,4.0,170.0,0.0,4.0,170.0,42.5,0.0
PRV51890,1.0,1.0,11000.0,11000.0,1068.0,1068.0,20.0,17.0,3510.0,175.5,60.0,3.0,18,21.0,14510.0,1128.0,1.1666666666666667,806.1111111111111,690.952380952381,0.047619047619047616
PRV51891,0.0,0.0,0.0,0.0,0.0,0.0,3.0,3.0,480.0,160.0,0.0,0.0,3,3.0,480.0,0.0,1.0,160.0,160.0,0.0
PRV51892,0.0,0.0,0.0,0.0,0.0,0.0,5.0,5.0,750.0,150.0,0.0,0.0,5,5.0,750.0,0.0,1.0,150.0,150.0,0.0
PRV51894,0.0,0.0,0.0,0.0,0.0,0.0,20.0,20.0,9210.0,460.5,0.0,0.0,20,20.0,9210.0,0.0,1.0,460.5,460.5,0.0
PRV51895,0.0,0.0,0.0,0.0,0.0,0.0,18.0,8.0,3730.0,207.22222222222223,200.0,11.11111111111111,8,18.0,3730.0,200.0,2.25,466.25,207.22222222222223,0.0
PRV51896,0.0,0.0,0.0,0.0,0.0,0.0,5.0,4.0,530.0,106.0,0.0,0.0,4,5.0,530.0,0.0,1.25,132.5,106.0,0.0
PRV51897,0.0,0.0,0.0,0.0,0.0,0.0,65.0,38.0,10930.0,168.15384615384616,190.0,2.923076923076923,38,65.0,10930.0,190.0,1.7105263157894737,287.63157894736844,168.15384615384616,0.0
PRV51898,1.0,1.0,6000.0,6000.0,1068.0,1068.0,58.0,48.0,6520.0,112.41379310344827,0.0,0.0,49,59.0,12520.0,1068.0,1.2040816326530612,255.51020408163265,212.20338983050848,0.01694915254237288
PRV51899,0.0,0.0,0.0,0.0,0.0,0.0,23.0,16.0,5500.0,239.1304347826087,0.0,0.0,16,23.0,5500.0,0.0,1.4375,343.75,239.1304347826087,0.0
PRV51901,0.0,0.0,0.0,0.0,0.0,0.0,7.0,7.0,3600.0,514.2857142857143,0.0,0.0,7,7.0,3600.0,0.0,1.0,514.2857142857143,514.2857142857143,0.0
PRV51902,0.0,0.0,0.0,0.0,0.0,0.0,4.0,1.0,1300.0,325.0,0.0,0.0,1,4.0,1300.0,0.0,4.0,1300.0,325.0,0.0
PRV51905,0.0,0.0,0.0,0.0,0.0,0.0,257.0,85.0,82540.0,321.16731517509726,670.0,2.6070038910505837,85,257.0,82540.0,670.0,3.023529411764706,971.0588235294117,321.16731517509726,0.0
PRV51906,0.0,0.0,0.0,0.0,0.0,0.0,22.0,8.0,2730.0,124.0909090909091,0.0,0.0,8,22.0,2730.0,0.0,2.75,341.25,124.0909090909091,0.0
PRV51908,0.0,0.0,0.0,0.0,0.0,0.0,22.0,22.0,14270.0,648.6363636363636,160.0,7.2727272727272725,22,22.0,14270.0,160.0,1.0,648.6363636363636,648.6363636363636,0.0
PRV51909,0.0,0.0,0.0,0.0,0.0,0.0,16.0,16.0,3460.0,216.25,0.0,0.0,16,16.0,3460.0,0.0,1.0,216.25,216.25,0.0
PRV51910,0.0,0.0,0.0,0.0,0.0,0.0,82.0,49.0,27950.0,340.8536585365854,120.0,1.4634146341463414,49,82.0,27950.0,120.0,1.6734693877551021,570.4081632653061,340.8536585365854,0.0
PRV51911,0.0,0.0,0.0,0.0,0.0,0.0,93.0,56.0,25540.0,274.6236559139785,210.0,2.2580645161290325,56,93.0,25540.0,210.0,1.6607142857142858,456.07142857142856,274.6236559139785,0.0
PRV51913,0.0,0.0,0.0,0.0,0.0,0.0,1.0,1.0,70.0,70.0,0.0,0.0,1,1.0,70.0,0.0,1.0,70.0,70.0,0.0
PRV51914,0.0,0.0,0.0,0.0,0.0,0.0,11.0,11.0,1680.0,152.72727272727272,0.0,0.0,11,11.0,1680.0,0.0,1.0,152.72727272727272,152.72727272727272,0.0
PRV51915,0.0,0.0,0.0,0.0,0.0,0.0,20.0,16.0,6170.0,308.5,0.0,0.0,16,20.0,6170.0,0.0,1.25,385.625,308.5,0.0
PRV51916,0.0,0.0,0.0,0.0,0.0,0.0,43.0,13.0,7290.0,169.53488372093022,0.0,0.0,13,43.0,7290.0,0.0,3.3076923076923075,560.7692307692307,169.53488372093022,0.0
PRV51917,0.0,0.0,0.0,0.0,0.0,0.0,11.0,9.0,970.0,88.18181818181819,0.0,0.0,9,11.0,970.0,0.0,1.2222222222222223,107.77777777777777,88.18181818181819,0.0
PRV51918,0.0,0.0,0.0,0.0,0.0,0.0,1.0,1.0,50.0,50.0,0.0,0.0,1,1.0,50.0,0.0,1.0,50.0,50.0,0.0
PRV51919,6.0,6.0,101000.0,16833.333333333332,6408.0,1068.0,0.0,0.0,0.0,0.0,0.0,0.0,6,6.0,101000.0,6408.0,1.0,16833.333333333332,16833.333333333332,1.0
PRV51920,9.0,9.0,100000.0,11111.111111111111,9612.0,1068.0,9.0,9.0,700.0,77.77777777777777,100.0,11.11111111111111,18,18.0,100700.0,9712.0,1.0,5594.444444444444,5594.444444444444,0.5
PRV51921,0.0,0.0,0.0,0.0,0.0,0.0,70.0,24.0,19290.0,275.57142857142856,170.0,2.4285714285714284,24,70.0,19290.0,170.0,2.9166666666666665,803.75,275.57142857142856,0.0
PRV51922,0.0,0.0,0.0,0.0,0.0,0.0,24.0,11.0,5090.0,212.08333333333334,100.0,4.166666666666667,11,24.0,5090.0,100.0,2.1818181818181817,462.72727272727275,212.08333333333334,0.0
PRV51923,0.0,0.0,0.0,0.0,0.0,0.0,9.0,7.0,1040.0,115.55555555555556,100.0,11.11111111111111,7,9.0,1040.0,100.0,1.2857142857142858,148.57142857142858,115.55555555555556,0.0
PRV51924,0.0,0.0,0.0,0.0,0.0,0.0,50.0,25.0,15710.0,314.2,100.0,2.0,25,50.0,15710.0,100.0,2.0,628.4,314.2,0.0
PRV51925,0.0,0.0,0.0,0.0,0.0,0.0,4.0,3.0,1960.0,490.0,0.0,0.0,3,4.0,1960.0,0.0,1.3333333333333333,653.3333333333334,490.0,0.0
PRV51926,0.0,0.0,0.0,0.0,0.0,0.0,32.0,30.0,13870.0,433.4375,140.0,4.375,30,32.0,13870.0,140.0,1.0666666666666667,462.3333333333333,433.4375,0.0
PRV51927,5.0,5.0,64000.0,12800.0,5340.0,1068.0,1.0,1.0,50.0,50.0,0.0,0.0,6,6.0,64050.0,5340.0,1.0,10675.0,10675.0,0.8333333333333334
PRV51928,0.0,0.0,0.0,0.0,0.0,0.0,30.0,30.0,7140.0,238.0,50.0,1.6666666666666667,30,30.0,7140.0,50.0,1.0,238.0,238.0,0.0
PRV51929,8.0,8.0,71000.0,8875.0,8544.0,1068.0,103.0,101.0,35630.0,345.92233009708735,520.0,5.048543689320389,109,111.0,106630.0,9064.0,1.018348623853211,978.256880733945,960.6306306306307,0.07207207207207207
PRV51930,0.0,0.0,0.0,0.0,0.0,0.0,6.0,6.0,1010.0,168.33333333333334,0.0,0.0,6,6.0,1010.0,0.0,1.0,168.33333333333334,168.33333333333334,0.0
PRV51931,1.0,1.0,5000.0,5000.0,1068.0,1068.0,45.0,45.0,13430.0,298.44444444444446,90.0,2.0,45,46.0,18430.0,1158.0,1.0222222222222221,409.55555555555554,400.6521739130435,0.021739130434782608
PRV51932,2.0,2.0,27000.0,13500.0,2136.0,1068.0,19.0,19.0,4970.0,261.57894736842104,80.0,4.2105263157894735,21,21.0,31970.0,2216.0,1.0,1522.3809523809523,1522.3809523809523,0.09523809523809523
PRV51933,0.0,0.0,0.0,0.0,0.0,0.0,57.0,56.0,14370.0,252.10526315789474,220.0,3.8596491228070176,56,57.0,14370.0,220.0,1.0178571428571428,256.60714285714283,252.10526315789474,0.0
PRV51934,0.0,0.0,0.0,0.0,0.0,0.0,111.0,111.0,27270.0,245.67567567567568,550.0,4.954954954954955,111,111.0,27270.0,550.0,1.0,245.67567567567568,245.67567567567568,0.0
PRV51935,3.0,3.0,22000.0,7333.333333333333,3204.0,1068.0,54.0,52.0,16280.0,301.48148148148147,100.0,1.8518518518518519,55,57.0,38280.0,3304.0,1.0363636363636364,696.0,671.578947368421,0.05263157894736842
PRV51936,0.0,0.0,0.0,0.0,0.0,0.0,20.0,20.0,4770.0,238.5,60.0,3.0,20,20.0,4770.0,60.0,1.0,238.5,238.5,0.0
PRV51937,0.0,0.0,0.0,0.0,0.0,0.0,90.0,87.0,18270.0,203.0,160.0,1.7777777777777777,87,90.0,18270.0,160.0,1.0344827586206897,210.0,203.0,0.0
PRV51938,2.0,2.0,11000.0,5500.0,2136.0,1068.0,104.0,93.0,31020.0,298.2692307692308,160.0,1.5384615384615385,95,106.0,42020.0,2296.0,1.1157894736842104,442.3157894736842,396.41509433962267,0.018867924528301886
PRV51940,193.0,170.0,1964000.0,10176.165803108808,200784.0,1068.0,58.0,57.0,28270.0,487.41379310344826,80.0,1.3793103448275863,227,251.0,1992270.0,200864.0,1.105726872246696,8776.519823788547,7937.330677290836,0.7689243027888446
PRV51941,2.0,2.0,11200.0,5600.0,2136.0,1068.0,25.0,25.0,6790.0,271.6,40.0,1.6,27,27.0,17990.0,2176.0,1.0,666.2962962962963,666.2962962962963,0.07407407407407407
PRV51942,0.0,0.0,0.0,0.0,0.0,0.0,53.0,52.0,11880.0,224.1509433962264,50.0,0.9433962264150944,52,53.0,11880.0,50.0,1.0192307692307692,228.46153846153845,224.1509433962264,0.0
PRV51943,1.0,1.0,9000.0,9000.0,1068.0,1068.0,88.0,84.0,19970.0,226.9318181818182,200.0,2.272727272727273,85,89.0,28970.0,1268.0,1.0470588235294118,340.8235294117647,325.5056179775281,0.011235955056179775
PRV51944,5.0,5.0,49000.0,9800.0,5340.0,1068.0,119.0,106.0,47100.0,395.79831932773106,280.0,2.3529411764705883,111,124.0,96100.0,5620.0,1.117117117117117,865.7657657657658,775.0,0.04032258064516129
PRV51946,23.0,22.0,182000.0,7913.04347826087,24564.0,1068.0,68.0,67.0,19370.0,284.8529411764706,120.0,1.7647058823529411,89,91.0,201370.0,24684.0,1.0224719101123596,2262.5842696629215,2212.8571428571427,0.25274725274725274
PRV51947,1.0,1.0,22000.0,22000.0,1068.0,1068.0,27.0,26.0,2090.0,77.4074074074074,140.0,5.185185185185185,27,28.0,24090.0,1208.0,1.037037037037037,892.2222222222222,860.3571428571429,0.03571428571428571
PRV51948,143.0,130.0,1410800.0,9865.734265734265,148452.0,1068.0,372.0,236.0,109150.0,293.4139784946237,1030.0,2.7688172043010755,354,515.0,1519950.0,149482.0,1.4548022598870056,4293.64406779661,2951.359223300971,0.27766990291262134
PRV51949,19.0,18.0,246000.0,12947.368421052632,20292.0,1068.0,52.0,50.0,14140.0,271.9230769230769,120.0,2.3076923076923075,68,71.0,260140.0,20412.0,1.0441176470588236,3825.5882352941176,3663.943661971831,0.2676056338028169
PRV51950,3.0,3.0,23000.0,7666.666666666667,2136.0,1068.0,66.0,65.0,22770.0,345.0,30.0,0.45454545454545453,68,69.0,45770.0,2166.0,1.0147058823529411,673.0882352941177,663.3333333333334,0.043478260869565216
PRV51951,48.0,35.0,458000.0,9541.666666666666,51264.0,1068.0,54.0,53.0,15010.0,277.962962962963,200.0,3.7037037037037037,87,102.0,473010.0,51464.0,1.1724137931034482,5436.896551724138,4637.35294117647,0.47058823529411764
PRV51952,0.0,0.0,0.0,0.0,0.0,0.0,19.0,19.0,2470.0,130.0,260.0,13.68421052631579,19,19.0,2470.0,260.0,1.0,130.0,130.0,0.0
PRV51954,23.0,23.0,272000.0,11826.08695652174,23496.0,1068.0,620.0,555.0,178930.0,288.5967741935484,1470.0,2.370967741935484,577,643.0,450930.0,24966.0,1.1143847487001732,781.5077989601386,701.2908242612752,0.03576982892690513
PRV51956,2.0,2.0,18000.0,9000.0,2136.0,1068.0,12.0,12.0,6110.0,509.1666666666667,100.0,8.333333333333334,14,14.0,24110.0,2236.0,1.0,1722.142857142857,1722.142857142857,0.14285714285714285
PRV51957,24.0,23.0,199000.0,8291.666666666666,24564.0,1068.0,55.0,55.0,11190.0,203.45454545454547,70.0,1.2727272727272727,77,79.0,210190.0,24634.0,1.025974025974026,2729.7402597402597,2660.6329113924053,0.3037974683544304
PRV51958,1.0,1.0,3000.0,3000.0,1068.0,1068.0,28.0,28.0,8000.0,285.7142857142857,240.0,8.571428571428571,29,29.0,11000.0,1308.0,1.0,379.3103448275862,379.3103448275862,0.034482758620689655
PRV51959,0.0,0.0,0.0,0.0,0.0,0.0,751.0,398.0,213350.0,284.08788282290277,2050.0,2.729693741677763,398,751.0,213350.0,2050.0,1.8869346733668342,536.0552763819095,284.08788282290277,0.0
PRV51960,21.0,20.0,263000.0,12523.809523809523,22428.0,1068.0,27.0,25.0,3640.0,134.8148148148148,40.0,1.4814814814814814,45,48.0,266640.0,22468.0,1.0666666666666667,5925.333333333333,5555.0,0.4375
PRV51961,0.0,0.0,0.0,0.0,0.0,0.0,159.0,137.0,46610.0,293.1446540880503,250.0,1.5723270440251573,137,159.0,46610.0,250.0,1.1605839416058394,340.2189781021898,293.1446540880503,0.0
PRV51963,0.0,0.0,0.0,0.0,0.0,0.0,54.0,48.0,13630.0,252.40740740740742,330.0,6.111111111111111,48,54.0,13630.0,330.0,1.125,283.9583333333333,252.40740740740742,0.0
PRV51964,0.0,0.0,0.0,0.0,0.0,0.0,17.0,17.0,2440.0,143.52941176470588,60.0,3.5294117647058822,17,17.0,2440.0,60.0,1.0,143.52941176470588,143.52941176470588,0.0
PRV51965,0.0,0.0,0.0,0.0,0.0,0.0,19.0,18.0,2680.0,141.05263157894737,0.0,0.0,18,19.0,2680.0,0.0,1.0555555555555556,148.88888888888889,141.05263157894737,0.0
PRV51966,0.0,0.0,0.0,0.0,0.0,0.0,3.0,3.0,2450.0,816.6666666666666,0.0,0.0,3,3.0,2450.0,0.0,1.0,816.6666666666666,816.6666666666666,0.0
PRV51967,0.0,0.0,0.0,0.0,0.0,0.0,57.0,53.0,16830.0,295.2631578947368,180.0,3.1578947368421053,53,57.0,16830.0,180.0,1.0754716981132075,317.54716981132077,295.2631578947368,0.0
PRV51968,0.0,0.0,0.0,0.0,0.0,0.0,1.0,1.0,90.0,90.0,0.0,0.0,1,1.0,90.0,0.0,1.0,90.0,90.0,0.0
PRV51969,0.0,0.0,0.0,0.0,0.0,0.0,42.0,39.0,15450.0,367.85714285714283,80.0,1.9047619047619047,39,42.0,15450.0,80.0,1.0769230769230769,396.15384615384613,367.85714285714283,0.0
PRV51970,0.0,0.0,0.0,0.0,0.0,0.0,35.0,32.0,25410.0,726.0,20.0,0.5714285714285714,32,35.0,25410.0,20.0,1.09375,794.0625,726.0,0.0
PRV51972,0.0,0.0,0.0,0.0,0.0,0.0,35.0,34.0,9460.0,270.2857142857143,70.0,2.0,34,35.0,9460.0,70.0,1.0294117647058822,278.2352941176471,270.2857142857143,0.0
PRV51973,0.0,0.0,0.0,0.0,0.0,0.0,74.0,63.0,19060.0,257.56756756756755,200.0,2.7027027027027026,63,74.0,19060.0,200.0,1.1746031746031746,302.53968253968253,257.56756756756755,0.0
PRV51974,0.0,0.0,0.0,0.0,0.0,0.0,4.0,4.0,710.0,177.5,50.0,12.5,4,4.0,710.0,50.0,1.0,177.5,177.5,0.0
PRV51976,7.0,7.0,61000.0,8714.285714285714,7476.0,1068.0,0.0,0.0,0.0,0.0,0.0,0.0,7,7.0,61000.0,7476.0,1.0,8714.285714285714,8714.285714285714,1.0
PRV51977,1.0,1.0,8000.0,8000.0,1068.0,1068.0,0.0,0.0,0.0,0.0,0.0,0.0,1,1.0,8000.0,1068.0,1.0,8000.0,8000.0,1.0
PRV51978,4.0,4.0,31000.0,7750.0,4272.0,1068.0,0.0,0.0,0.0,0.0,0.0,0.0,4,4.0,31000.0,4272.0,1.0,7750.0,7750.0,1.0
PRV51979,13.0,12.0,136000.0,10461.538461538461,13884.0,1068.0,0.0,0.0,0.0,0.0,0.0,0.0,12,13.0,136000.0,13884.0,1.0833333333333333,11333.333333333334,10461.538461538461,1.0
PRV51981,5.0,5.0,18000.0,3600.0,5340.0,1068.0,0.0,0.0,0.0,0.0,0.0,0.0,5,5.0,18000.0,5340.0,1.0,3600.0,3600.0,1.0
PRV51983,0.0,0.0,0.0,0.0,0.0,0.0,40.0,39.0,7050.0,176.25,280.0,7.0,39,40.0,7050.0,280.0,1.0256410256410255,180.76923076923077,176.25,0.0
PRV51984,0.0,0.0,0.0,0.0,0.0,0.0,525.0,337.0,160780.0,306.247619047619,1420.0,2.704761904761905,337,525.0,160780.0,1420.0,1.5578635014836795,477.0919881305638,306.247619047619,0.0
PRV51987,0.0,0.0,0.0,0.0,0.0,0.0,2.0,2.0,30.0,15.0,0.0,0.0,2,2.0,30.0,0.0,1.0,15.0,15.0,0.0
PRV51988,0.0,0.0,0.0,0.0,0.0,0.0,37.0,32.0,12230.0,330.5405405405405,190.0,5.135135135135135,32,37.0,12230.0,190.0,1.15625,382.1875,330.5405405405405,0.0
PRV51989,0.0,0.0,0.0,0.0,0.0,0.0,18.0,18.0,4060.0,225.55555555555554,0.0,0.0,18,18.0,4060.0,0.0,1.0,225.55555555555554,225.55555555555554,0.0
PRV51990,0.0,0.0,0.0,0.0,0.0,0.0,89.0,49.0,18690.0,210.0,160.0,1.797752808988764,49,89.0,18690.0,160.0,1.816326530612245,381.42857142857144,210.0,0.0
PRV51991,0.0,0.0,0.0,0.0,0.0,0.0,31.0,30.0,9570.0,308.7096774193548,0.0,0.0,30,31.0,9570.0,0.0,1.0333333333333334,319.0,308.7096774193548,0.0
PRV51992,0.0,0.0,0.0,0.0,0.0,0.0,61.0,54.0,10790.0,176.88524590163934,190.0,3.1147540983606556,54,61.0,10790.0,190.0,1.1296296296296295,199.8148148148148,176.88524590163934,0.0
PRV51993,0.0,0.0,0.0,0.0,0.0,0.0,2.0,2.0,230.0,115.0,0.0,0.0,2,2.0,230.0,0.0,1.0,115.0,115.0,0.0
PRV51994,0.0,0.0,0.0,0.0,0.0,0.0,33.0,31.0,11780.0,356.969696969697,30.0,0.9090909090909091,31,33.0,11780.0,30.0,1.064516129032258,380.0,356.969696969697,0.0
PRV51995,0.0,0.0,0.0,0.0,0.0,0.0,20.0,20.0,9700.0,485.0,0.0,0.0,20,20.0,9700.0,0.0,1.0,485.0,485.0,0.0
PRV51996,0.0,0.0,0.0,0.0,0.0,0.0,41.0,38.0,10070.0,245.609756097561,180.0,4.390243902439025,38,41.0,10070.0,180.0,1.0789473684210527,265.0,245.609756097561,0.0
PRV51998,0.0,0.0,0.0,0.0,0.0,0.0,28.0,28.0,5360.0,191.42857142857142,180.0,6.428571428571429,28,28.0,5360.0,180.0,1.0,191.42857142857142,191.42857142857142,0.0
PRV51999,0.0,0.0,0.0,0.0,0.0,0.0,17.0,17.0,2660.0,156.47058823529412,0.0,0.0,17,17.0,2660.0,0.0,1.0,156.47058823529412,156.47058823529412,0.0
PRV52001,0.0,0.0,0.0,0.0,0.0,0.0,1177.0,744.0,320620.0,272.4044180118946,2850.0,2.421410365335599,744,1177.0,320620.0,2850.0,1.581989247311828,430.94086021505376,272.4044180118946,0.0
PRV52002,24.0,24.0,299000.0,12458.333333333334,24564.0,1068.0,164.0,156.0,44260.0,269.8780487804878,720.0,4.390243902439025,180,188.0,343260.0,25284.0,1.0444444444444445,1907.0,1825.8510638297873,0.1276595744680851
PRV52003,77.0,68.0,778000.0,10103.896103896104,82236.0,1068.0,77.0,76.0,28950.0,375.97402597402595,190.0,2.4675324675324677,144,154.0,806950.0,82426.0,1.0694444444444444,5603.819444444444,5239.935064935065,0.5
PRV52004,0.0,0.0,0.0,0.0,0.0,0.0,47.0,41.0,15680.0,333.6170212765957,190.0,4.042553191489362,41,47.0,15680.0,190.0,1.146341463414634,382.4390243902439,333.6170212765957,0.0
PRV52007,0.0,0.0,0.0,0.0,0.0,0.0,18.0,18.0,1910.0,106.11111111111111,40.0,2.2222222222222223,18,18.0,1910.0,40.0,1.0,106.11111111111111,106.11111111111111,0.0
PRV52008,0.0,0.0,0.0,0.0,0.0,0.0,25.0,24.0,4830.0,193.2,100.0,4.0,24,25.0,4830.0,100.0,1.0416666666666667,201.25,193.2,0.0
PRV52009,0.0,0.0,0.0,0.0,0.0,0.0,35.0,33.0,5770.0,164.85714285714286,200.0,5.714285714285714,33,35.0,5770.0,200.0,1.0606060606060606,174.84848484848484,164.85714285714286,0.0
PRV52010,0.0,0.0,0.0,0.0,0.0,0.0,7.0,7.0,1400.0,200.0,0.0,0.0,7,7.0,1400.0,0.0,1.0,200.0,200.0,0.0
PRV52011,0.0,0.0,0.0,0.0,0.0,0.0,26.0,23.0,7070.0,271.9230769230769,0.0,0.0,23,26.0,7070.0,0.0,1.1304347826086956,307.39130434782606,271.9230769230769,0.0
PRV52012,1.0,1.0,8000.0,8000.0,1068.0,1068.0,0.0,0.0,0.0,0.0,0.0,0.0,1,1.0,8000.0,1068.0,1.0,8000.0,8000.0,1.0
PRV52013,0.0,0.0,0.0,0.0,0.0,0.0,62.0,56.0,14210.0,229.19354838709677,200.0,3.225806451612903,56,62.0,14210.0,200.0,1.1071428571428572,253.75,229.19354838709677,0.0
PRV52014,0.0,0.0,0.0,0.0,0.0,0.0,351.0,299.0,93890.0,267.4928774928775,950.0,2.7065527065527064,299,351.0,93890.0,950.0,1.173913043478261,314.0133779264214,267.4928774928775,0.0
PRV52017,23.0,22.0,235000.0,10217.391304347826,22428.0,1068.0,257.0,240.0,69770.0,271.47859922178986,820.0,3.190661478599222,262,280.0,304770.0,23248.0,1.0687022900763359,1163.2442748091603,1088.4642857142858,0.08214285714285714
PRV52019,516.0,458.0,5580870.0,10815.639534883721,536136.0,1068.0,1445.0,1288.0,415180.0,287.3217993079585,3290.0,2.2768166089965396,1734,1961.0,5996050.0,539426.0,1.1309111880046137,3457.929642445213,3057.6491585925546,0.2631310555838858
PRV52020,92.0,89.0,1027300.0,11166.304347826086,96120.0,1068.0,514.0,490.0,137520.0,267.5486381322957,1240.0,2.412451361867704,577,606.0,1164820.0,97360.0,1.050259965337955,2018.7521663778164,1922.145214521452,0.15181518151815182
PRV52021,181.0,153.0,1811500.0,10008.28729281768,192240.0,1068.0,432.0,419.0,140350.0,324.88425925925924,1290.0,2.986111111111111,570,613.0,1951850.0,193530.0,1.075438596491228,3424.2982456140353,3184.094616639478,0.29526916802610115
PRV52022,0.0,0.0,0.0,0.0,0.0,0.0,66.0,66.0,17770.0,269.24242424242425,70.0,1.0606060606060606,66,66.0,17770.0,70.0,1.0,269.24242424242425,269.24242424242425,0.0
PRV52024,0.0,0.0,0.0,0.0,0.0,0.0,2.0,2.0,2100.0,1050.0,30.0,15.0,2,2.0,2100.0,30.0,1.0,1050.0,1050.0,0.0
PRV52025,0.0,0.0,0.0,0.0,0.0,0.0,119.0,117.0,35190.0,295.7142857142857,290.0,2.436974789915966,117,119.0,35190.0,290.0,1.017094017094017,300.7692307692308,295.7142857142857,0.0
PRV52026,0.0,0.0,0.0,0.0,0.0,0.0,24.0,23.0,6960.0,290.0,0.0,0.0,23,24.0,6960.0,0.0,1.0434782608695652,302.60869565217394,290.0,0.0
PRV52027,46.0,46.0,375000.0,8152.173913043478,48060.0,1068.0,135.0,133.0,27620.0,204.59259259259258,370.0,2.740740740740741,179,181.0,402620.0,48430.0,1.011173184357542,2249.27374301676,2224.4198895027625,0.2541436464088398
PRV52028,4.0,4.0,66000.0,16500.0,4272.0,1068.0,14.0,14.0,3530.0,252.14285714285714,170.0,12.142857142857142,18,18.0,69530.0,4442.0,1.0,3862.777777777778,3862.777777777778,0.2222222222222222
PRV52029,11.0,11.0,125000.0,11363.636363636364,11748.0,1068.0,157.0,148.0,41610.0,265.03184713375794,400.0,2.5477707006369426,159,168.0,166610.0,12148.0,1.0566037735849056,1047.861635220126,991.7261904761905,0.06547619047619048
PRV52030,4.0,4.0,54000.0,13500.0,4272.0,1068.0,2271.0,1175.0,627360.0,276.24834874504626,5460.0,2.404227212681638,1179,2275.0,681360.0,9732.0,1.9296013570822732,577.9134860050891,299.4989010989011,0.0017582417582417582
PRV52031,1.0,1.0,11000.0,11000.0,1068.0,1068.0,124.0,111.0,26770.0,215.88709677419354,40.0,0.3225806451612903,112,125.0,37770.0,1108.0,1.1160714285714286,337.23214285714283,302.16,0.008
PRV52032,56.0,55.0,535500.0,9562.5,58740.0,1068.0,571.0,513.0,163140.0,285.7092819614711,1600.0,2.8021015761821366,568,627.0,698640.0,60340.0,1.1038732394366197,1230.0,1114.2583732057417,0.08931419457735247
PRV52037,0.0,0.0,0.0,0.0,0.0,0.0,171.0,159.0,52660.0,307.953216374269,320.0,1.871345029239766,159,171.0,52660.0,320.0,1.0754716981132075,331.1949685534591,307.953216374269,0.0
PRV52038,22.0,21.0,173000.0,7863.636363636364,22428.0,1068.0,237.0,198.0,67630.0,285.3586497890295,1190.0,5.0210970464135025,217,259.0,240630.0,23618.0,1.1935483870967742,1108.89400921659,929.073359073359,0.08494208494208494
PRV52039,0.0,0.0,0.0,0.0,0.0,0.0,50.0,46.0,10170.0,203.4,0.0,0.0,46,50.0,10170.0,0.0,1.0869565217391304,221.08695652173913,203.4,0.0
PRV52041,0.0,0.0,0.0,0.0,0.0,0.0,1885.0,918.0,604980.0,320.9442970822281,5490.0,2.9124668435013263,918,1885.0,604980.0,5490.0,2.053376906318083,659.0196078431372,320.9442970822281,0.0
PRV52042,1.0,1.0,9000.0,9000.0,1068.0,1068.0,51.0,49.0,18720.0,367.05882352941177,0.0,0.0,50,52.0,27720.0,1068.0,1.04,554.4,533.0769230769231,0.019230769230769232
PRV52044,43.0,39.0,401000.0,9325.581395348838,45924.0,1068.0,36.0,36.0,7830.0,217.5,0.0,0.0,75,79.0,408830.0,45924.0,1.0533333333333332,5451.066666666667,5175.06329113924,0.5443037974683544
PRV52045,46.0,44.0,522700.0,11363.04347826087,49128.0,1068.0,197.0,187.0,54330.0,275.78680203045684,470.0,2.3857868020304567,231,243.0,577030.0,49598.0,1.051948051948052,2497.965367965368,2374.6090534979426,0.18930041152263374
PRV52046,0.0,0.0,0.0,0.0,0.0,0.0,101.0,98.0,28190.0,279.1089108910891,290.0,2.871287128712871,98,101.0,28190.0,290.0,1.030612244897959,287.6530612244898,279.1089108910891,0.0
PRV52047,15.0,12.0,144000.0,9600.0,16020.0,1068.0,9.0,9.0,4550.0,505.55555555555554,0.0,0.0,21,24.0,148550.0,16020.0,1.1428571428571428,7073.809523809524,6189.583333333333,0.625
PRV52048,0.0,0.0,0.0,0.0,0.0,0.0,108.0,98.0,38820.0,359.44444444444446,250.0,2.314814814814815,98,108.0,38820.0,250.0,1.1020408163265305,396.1224489795918,359.44444444444446,0.0
PRV52049,0.0,0.0,0.0,0.0,0.0,0.0,192.0,189.0,55850.0,290.8854166666667,690.0,3.59375,189,192.0,55850.0,690.0,1.0158730158730158,295.5026455026455,290.8854166666667,0.0
PRV52051,0.0,0.0,0.0,0.0,0.0,0.0,89.0,88.0,35290.0,396.5168539325843,120.0,1.348314606741573,88,89.0,35290.0,120.0,1.0113636363636365,401.02272727272725,396.5168539325843,0.0
PRV52052,5.0,5.0,36000.0,7200.0,5340.0,1068.0,53.0,51.0,12580.0,237.35849056603774,90.0,1.6981132075471699,56,58.0,48580.0,5430.0,1.0357142857142858,867.5,837.5862068965517,0.08620689655172414
PRV52054,0.0,0.0,0.0,0.0,0.0,0.0,240.0,232.0,78490.0,327.0416666666667,670.0,2.7916666666666665,232,240.0,78490.0,670.0,1.0344827586206897,338.3189655172414,327.0416666666667,0.0
PRV52055,0.0,0.0,0.0,0.0,0.0,0.0,203.0,148.0,51010.0,251.2807881773399,640.0,3.1527093596059115,148,203.0,51010.0,640.0,1.3716216216216217,344.6621621621622,251.2807881773399,0.0
PRV52056,0.0,0.0,0.0,0.0,0.0,0.0,60.0,52.0,17280.0,288.0,490.0,8.166666666666666,52,60.0,17280.0,490.0,1.1538461538461537,332.3076923076923,288.0,0.0
PRV52057,10.0,9.0,148000.0,14800.0,9612.0,1068.0,175.0,155.0,25770.0,147.25714285714287,350.0,2.0,164,185.0,173770.0,9962.0,1.1280487804878048,1059.5731707317073,939.2972972972973,0.05405405405405406
PRV52058,0.0,0.0,0.0,0.0,0.0,0.0,204.0,199.0,55450.0,271.8137254901961,610.0,2.9901960784313726,199,204.0,55450.0,610.0,1.0251256281407035,278.643216080402,271.8137254901961,0.0
PRV52059,13.0,13.0,156000.0,12000.0,13884.0,1068.0,1274.0,420.0,384810.0,302.0486656200942,3970.0,3.1161695447409734,430,1287.0,540810.0,17854.0,2.9930232558139536,1257.6976744186047,420.2097902097902,0.010101010101010102
PRV52061,0.0,0.0,0.0,0.0,0.0,0.0,131.0,121.0,31790.0,242.67175572519085,330.0,2.519083969465649,121,131.0,31790.0,330.0,1.0826446280991735,262.72727272727275,242.67175572519085,0.0
PRV52062,0.0,0.0,0.0,0.0,0.0,0.0,184.0,181.0,56860.0,309.0217391304348,240.0,1.3043478260869565,181,184.0,56860.0,240.0,1.0165745856353592,314.1436464088398,309.0217391304348,0.0
PRV52063,88.0,73.0,919000.0,10443.181818181818,91848.0,1068.0,704.0,655.0,197210.0,280.12784090909093,1640.0,2.3295454545454546,728,792.0,1116210.0,93488.0,1.0879120879120878,1533.2554945054944,1409.3560606060605,0.1111111111111111
PRV52064,38.0,38.0,350000.0,9210.526315789473,39516.0,1068.0,2806.0,1499.0,769680.0,274.29793300071276,8440.0,3.00784034212402,1536,2844.0,1119680.0,47956.0,1.8515625,728.9583333333334,393.69901547116734,0.013361462728551337
PRV52065,116.0,113.0,1194000.0,10293.103448275862,122820.0,1068.0,209.0,204.0,56280.0,269.2822966507177,650.0,3.110047846889952,316,325.0,1250280.0,123470.0,1.0284810126582278,3956.5822784810125,3847.0153846153844,0.3569230769230769
PRV52066,0.0,0.0,0.0,0.0,0.0,0.0,1455.0,630.0,386530.0,265.65635738831617,4350.0,2.9896907216494846,630,1455.0,386530.0,4350.0,2.3095238095238093,613.5396825396825,265.65635738831617,0.0
PRV52068,0.0,0.0,0.0,0.0,0.0,0.0,48.0,48.0,13080.0,272.5,420.0,8.75,48,48.0,13080.0,420.0,1.0,272.5,272.5,0.0
PRV52069,0.0,0.0,0.0,0.0,0.0,0.0,88.0,84.0,22280.0,253.1818181818182,280.0,3.1818181818181817,84,88.0,22280.0,280.0,1.0476190476190477,265.23809523809524,253.1818181818182,0.0
PRV52071,0.0,0.0,0.0,0.0,0.0,0.0,749.0,328.0,259850.0,346.92923898531376,1960.0,2.616822429906542,328,749.0,259850.0,1960.0,2.283536585365854,792.2256097560976,346.92923898531376,0.0
PRV52072,41.0,38.0,398000.0,9707.317073170732,40584.0,1068.0,91.0,88.0,23030.0,253.07692307692307,20.0,0.21978021978021978,124,132.0,421030.0,40604.0,1.064516129032258,3395.4032258064517,3189.621212121212,0.3106060606060606
PRV52073,28.0,28.0,345000.0,12321.42857142857,29904.0,1068.0,36.0,35.0,14250.0,395.8333333333333,0.0,0.0,63,64.0,359250.0,29904.0,1.0158730158730158,5702.380952380952,5613.28125,0.4375
PRV52074,11.0,11.0,136000.0,12363.636363636364,11748.0,1068.0,130.0,123.0,25600.0,196.92307692307693,170.0,1.3076923076923077,134,141.0,161600.0,11918.0,1.0522388059701493,1205.9701492537313,1146.099290780142,0.07801418439716312
PRV52075,0.0,0.0,0.0,0.0,0.0,0.0,5.0,5.0,1220.0,244.0,0.0,0.0,5,5.0,1220.0,0.0,1.0,244.0,244.0,0.0
PRV52076,56.0,55.0,512000.0,9142.857142857143,58740.0,1068.0,165.0,144.0,42060.0,254.9090909090909,310.0,1.878787878787879,199,221.0,554060.0,59050.0,1.1105527638190955,2784.221105527638,2507.0588235294117,0.25339366515837103
PRV52077,104.0,91.0,1080000.0,10384.615384615385,110004.0,1068.0,1052.0,662.0,284150.0,270.1045627376426,2530.0,2.4049429657794676,695,1156.0,1364150.0,112534.0,1.6633093525179856,1962.8057553956835,1180.060553633218,0.08996539792387544
PRV52079,7.0,7.0,38500.0,5500.0,7476.0,1068.0,26.0,24.0,6600.0,253.84615384615384,0.0,0.0,31,33.0,45100.0,7476.0,1.064516129032258,1454.8387096774193,1366.6666666666667,0.21212121212121213
PRV52081,3.0,3.0,18000.0,6000.0,3204.0,1068.0,21.0,21.0,10270.0,489.04761904761904,0.0,0.0,24,24.0,28270.0,3204.0,1.0,1177.9166666666667,1177.9166666666667,0.125
PRV52082,0.0,0.0,0.0,0.0,0.0,0.0,8.0,8.0,880.0,110.0,0.0,0.0,8,8.0,880.0,0.0,1.0,110.0,110.0,0.0
PRV52084,10.0,10.0,102000.0,10200.0,10680.0,1068.0,24.0,22.0,5750.0,239.58333333333334,20.0,0.8333333333333334,32,34.0,107750.0,10700.0,1.0625,3367.1875,3169.1176470588234,0.29411764705882354
PRV52085,0.0,0.0,0.0,0.0,0.0,0.0,824.0,747.0,240620.0,292.0145631067961,2530.0,3.070388349514563,747,824.0,240620.0,2530.0,1.1030789825970548,322.1151271753681,292.0145631067961,0.0
PRV52087,2.0,2.0,3000.0,1500.0,2136.0,1068.0,54.0,42.0,17350.0,321.2962962962963,240.0,4.444444444444445,44,56.0,20350.0,2376.0,1.2727272727272727,462.5,363.39285714285717,0.03571428571428571
PRV52088,1.0,1.0,18000.0,18000.0,1068.0,1068.0,43.0,43.0,6990.0,162.5581395348837,200.0,4.651162790697675,44,44.0,24990.0,1268.0,1.0,567.9545454545455,567.9545454545455,0.022727272727272728
PRV52089,15.0,14.0,175000.0,11666.666666666666,16020.0,1068.0,130.0,91.0,46580.0,358.3076923076923,630.0,4.846153846153846,102,145.0,221580.0,16650.0,1.4215686274509804,2172.3529411764707,1528.1379310344828,0.10344827586206896
PRV52090,0.0,0.0,0.0,0.0,0.0,0.0,303.0,279.0,98250.0,324.25742574257424,420.0,1.386138613861386,279,303.0,98250.0,420.0,1.086021505376344,352.1505376344086,324.25742574257424,0.0
PRV52092,12.0,12.0,104000.0,8666.666666666666,12816.0,1068.0,147.0,132.0,37470.0,254.89795918367346,340.0,2.312925170068027,144,159.0,141470.0,13156.0,1.1041666666666667,982.4305555555555,889.7484276729559,0.07547169811320754
PRV52094,8.0,7.0,150000.0,18750.0,7476.0,1068.0,45.0,43.0,11120.0,247.11111111111111,150.0,3.3333333333333335,50,53.0,161120.0,7626.0,1.06,3222.4,3040.0,0.1509433962264151
PRV52095,1.0,1.0,5000.0,5000.0,1068.0,1068.0,37.0,36.0,10560.0,285.4054054054054,0.0,0.0,37,38.0,15560.0,1068.0,1.027027027027027,420.5405405405405,409.4736842105263,0.02631578947368421
PRV52097,1.0,1.0,4000.0,4000.0,1068.0,1068.0,54.0,50.0,15640.0,289.6296296296296,100.0,1.8518518518518519,51,55.0,19640.0,1168.0,1.0784313725490196,385.0980392156863,357.09090909090907,0.01818181818181818
PRV52098,0.0,0.0,0.0,0.0,0.0,0.0,469.0,435.0,122660.0,261.5351812366738,1890.0,4.029850746268656,435,469.0,122660.0,1890.0,1.07816091954023,281.97701149425285,261.5351812366738,0.0
PRV52099,2.0,2.0,14000.0,7000.0,2136.0,1068.0,88.0,69.0,17370.0,197.38636363636363,380.0,4.318181818181818,71,90.0,31370.0,2516.0,1.267605633802817,441.83098591549293,348.55555555555554,0.022222222222222223
PRV52100,164.0,140.0,1523200.0,9287.80487804878,173016.0,1068.0,37.0,37.0,9950.0,268.9189189189189,90.0,2.4324324324324325,177,201.0,1533150.0,173106.0,1.1355932203389831,8661.864406779661,7627.611940298508,0.8159203980099502
PRV52101,1.0,1.0,10000.0,10000.0,1068.0,1068.0,14.0,14.0,2500.0,178.57142857142858,0.0,0.0,15,15.0,12500.0,1068.0,1.0,833.3333333333334,833.3333333333334,0.06666666666666667
PRV52102,0.0,0.0,0.0,0.0,0.0,0.0,15.0,15.0,1910.0,127.33333333333333,80.0,5.333333333333333,15,15.0,1910.0,80.0,1.0,127.33333333333333,127.33333333333333,0.0
PRV52104,0.0,0.0,0.0,0.0,0.0,0.0,1189.0,663.0,347070.0,291.9007569386039,3200.0,2.6913372582001682,663,1189.0,347070.0,3200.0,1.7933634992458523,523.4841628959276,291.9007569386039,0.0
PRV52105,0.0,0.0,0.0,0.0,0.0,0.0,26.0,25.0,12780.0,491.53846153846155,0.0,0.0,25,26.0,12780.0,0.0,1.04,511.2,491.53846153846155,0.0
PRV52107,10.0,10.0,93000.0,9300.0,9612.0,1068.0,109.0,104.0,31760.0,291.3761467889908,520.0,4.770642201834862,114,119.0,124760.0,10132.0,1.043859649122807,1094.3859649122808,1048.4033613445379,0.08403361344537816
PRV52109,0.0,0.0,0.0,0.0,0.0,0.0,248.0,222.0,75580.0,304.758064516129,500.0,2.0161290322580645,222,248.0,75580.0,500.0,1.117117117117117,340.45045045045043,304.758064516129,0.0
PRV52111,9.0,9.0,65000.0,7222.222222222223,9612.0,1068.0,76.0,73.0,24960.0,328.42105263157896,200.0,2.6315789473684212,82,85.0,89960.0,9812.0,1.0365853658536586,1097.0731707317073,1058.3529411764705,0.10588235294117647
PRV52112,24.0,24.0,245000.0,10208.333333333334,25632.0,1068.0,61.0,61.0,14790.0,242.45901639344262,310.0,5.081967213114754,85,85.0,259790.0,25942.0,1.0,3056.3529411764707,3056.3529411764707,0.2823529411764706
PRV52113,0.0,0.0,0.0,0.0,0.0,0.0,120.0,53.0,22170.0,184.75,610.0,5.083333333333333,53,120.0,22170.0,610.0,2.2641509433962264,418.3018867924528,184.75,0.0
PRV52114,105.0,93.0,1110000.0,10571.42857142857,110004.0,1068.0,1164.0,587.0,308220.0,264.7938144329897,3580.0,3.075601374570447,633,1269.0,1418220.0,113584.0,2.004739336492891,2240.473933649289,1117.5886524822695,0.08274231678486997
PRV52115,20.0,19.0,230000.0,11500.0,20292.0,1068.0,70.0,57.0,11500.0,164.28571428571428,430.0,6.142857142857143,74,90.0,241500.0,20722.0,1.2162162162162162,3263.5135135135133,2683.3333333333335,0.2222222222222222
PRV52118,4.0,4.0,96000.0,24000.0,4272.0,1068.0,48.0,45.0,17660.0,367.9166666666667,310.0,6.458333333333333,49,52.0,113660.0,4582.0,1.0612244897959184,2319.591836734694,2185.769230769231,0.07692307692307693
PRV52119,16.0,16.0,192000.0,12000.0,17088.0,1068.0,36.0,35.0,10380.0,288.3333333333333,20.0,0.5555555555555556,51,52.0,202380.0,17108.0,1.0196078431372548,3968.235294117647,3891.923076923077,0.3076923076923077
PRV52120,165.0,143.0,1625200.0,9849.69696969697,169812.0,1068.0,1066.0,956.0,325520.0,305.3658536585366,2280.0,2.1388367729831144,1098,1231.0,1950720.0,172092.0,1.121129326047359,1776.6120218579235,1584.6628757108042,0.13403736799350122
PRV52121,4.0,4.0,36000.0,9000.0,4272.0,1068.0,49.0,46.0,13610.0,277.7551020408163,370.0,7.551020408163265,50,53.0,49610.0,4642.0,1.06,992.2,936.0377358490566,0.07547169811320754
PRV52122,0.0,0.0,0.0,0.0,0.0,0.0,41.0,41.0,18740.0,457.0731707317073,170.0,4.146341463414634,41,41.0,18740.0,170.0,1.0,457.0731707317073,457.0731707317073,0.0
PRV52123,162.0,140.0,1423600.0,8787.654320987655,169812.0,1068.0,94.0,81.0,23540.0,250.4255319148936,450.0,4.787234042553192,219,256.0,1447140.0,170262.0,1.1689497716894977,6607.945205479452,5652.890625,0.6328125
PRV52124,7.0,7.0,148000.0,21142.85714285714,7476.0,1068.0,108.0,106.0,41250.0,381.94444444444446,180.0,1.6666666666666667,113,115.0,189250.0,7656.0,1.0176991150442478,1674.7787610619469,1645.6521739130435,0.06086956521739131
PRV52126,39.0,37.0,369000.0,9461.538461538461,41652.0,1068.0,71.0,69.0,19830.0,279.2957746478873,170.0,2.3943661971830985,106,110.0,388830.0,41822.0,1.0377358490566038,3668.2075471698113,3534.818181818182,0.35454545454545455
PRV52127,5.0,5.0,72000.0,14400.0,5340.0,1068.0,10.0,10.0,1050.0,105.0,0.0,0.0,15,15.0,73050.0,5340.0,1.0,4870.0,4870.0,0.3333333333333333
PRV52128,53.0,52.0,462050.0,8717.924528301886,53400.0,1068.0,60.0,54.0,30500.0,508.3333333333333,150.0,2.5,106,113.0,492550.0,53550.0,1.0660377358490567,4646.698113207547,4358.849557522124,0.4690265486725664
PRV52129,0.0,0.0,0.0,0.0,0.0,0.0,223.0,75.0,55590.0,249.28251121076232,710.0,3.1838565022421523,75,223.0,55590.0,710.0,2.973333333333333,741.2,249.28251121076232,0.0
PRV52130,10.0,9.0,116000.0,11600.0,10680.0,1068.0,83.0,81.0,25100.0,302.4096385542169,440.0,5.301204819277109,90,93.0,141100.0,11120.0,1.0333333333333334,1567.7777777777778,1517.2043010752689,0.10752688172043011
PRV52131,31.0,28.0,329900.0,10641.935483870968,29904.0,1068.0,53.0,50.0,19860.0,374.7169811320755,210.0,3.9622641509433962,75,84.0,349760.0,30114.0,1.12,4663.466666666666,4163.809523809524,0.36904761904761907
PRV52133,2.0,2.0,7000.0,3500.0,2136.0,1068.0,303.0,268.0,98080.0,323.6963696369637,1160.0,3.8283828382838285,270,305.0,105080.0,3296.0,1.1296296296296295,389.18518518518516,344.5245901639344,0.006557377049180328
PRV52135,210.0,189.0,1816300.0,8649.047619047618,220008.0,1068.0,53.0,51.0,9250.0,174.52830188679246,0.0,0.0,239,263.0,1825550.0,220008.0,1.100418410041841,7638.284518828452,6941.254752851711,0.7984790874524715
PRV52136,40.0,40.0,361000.0,9025.0,42720.0,1068.0,64.0,61.0,19190.0,299.84375,370.0,5.78125,100,104.0,380190.0,43090.0,1.04,3801.9,3655.673076923077,0.38461538461538464
PRV52138,0.0,0.0,0.0,0.0,0.0,0.0,188.0,179.0,58880.0,313.1914893617021,600.0,3.1914893617021276,179,188.0,58880.0,600.0,1.0502793296089385,328.93854748603354,313.1914893617021,0.0
PRV52140,0.0,0.0,0.0,0.0,0.0,0.0,19.0,18.0,5130.0,270.0,80.0,4.2105263157894735,18,19.0,5130.0,80.0,1.0555555555555556,285.0,270.0,0.0
PRV52141,3.0,3.0,17000.0,5666.666666666667,3204.0,1068.0,668.0,339.0,203290.0,304.3263473053892,2180.0,3.2634730538922154,341,671.0,220290.0,5384.0,1.967741935483871,646.0117302052786,328.301043219076,0.004470938897168405
PRV52142,28.0,28.0,242900.0,8675.0,29904.0,1068.0,31.0,31.0,5620.0,181.29032258064515,140.0,4.516129032258065,59,59.0,248520.0,30044.0,1.0,4212.203389830508,4212.203389830508,0.4745762711864407
PRV52143,0.0,0.0,0.0,0.0,0.0,0.0,17.0,17.0,8290.0,487.6470588235294,50.0,2.9411764705882355,17,17.0,8290.0,50.0,1.0,487.6470588235294,487.6470588235294,0.0
PRV52144,12.0,12.0,89000.0,7416.666666666667,12816.0,1068.0,122.0,121.0,34130.0,279.75409836065575,150.0,1.2295081967213115,133,134.0,123130.0,12966.0,1.0075187969924813,925.7894736842105,918.8805970149253,0.08955223880597014
PRV52145,0.0,0.0,0.0,0.0,0.0,0.0,245.0,236.0,60910.0,248.6122448979592,650.0,2.6530612244897958,236,245.0,60910.0,650.0,1.0381355932203389,258.09322033898303,248.6122448979592,0.0
PRV52146,24.0,23.0,237000.0,9875.0,25632.0,1068.0,16.0,16.0,3710.0,231.875,0.0,0.0,39,40.0,240710.0,25632.0,1.0256410256410255,6172.051282051282,6017.75,0.6
PRV52147,18.0,18.0,236000.0,13111.111111111111,19224.0,1068.0,193.0,193.0,55500.0,287.56476683937825,180.0,0.9326424870466321,211,211.0,291500.0,19404.0,1.0,1381.516587677725,1381.516587677725,0.08530805687203792
PRV52148,42.0,41.0,341000.0,8119.047619047619,44856.0,1068.0,36.0,35.0,4150.0,115.27777777777777,150.0,4.166666666666667,76,78.0,345150.0,45006.0,1.0263157894736843,4541.4473684210525,4425.0,0.5384615384615384
PRV52149,16.0,16.0,154000.0,9625.0,14952.0,1068.0,164.0,158.0,37550.0,228.96341463414635,780.0,4.7560975609756095,174,180.0,191550.0,15732.0,1.0344827586206897,1100.8620689655172,1064.1666666666667,0.08888888888888889
PRV52150,31.0,31.0,368000.0,11870.967741935483,33108.0,1068.0,279.0,257.0,77240.0,276.8458781362007,560.0,2.007168458781362,288,310.0,445240.0,33668.0,1.0763888888888888,1545.9722222222222,1436.258064516129,0.1
PRV52151,47.0,45.0,455800.0,9697.872340425532,49128.0,1068.0,74.0,70.0,18310.0,247.43243243243242,210.0,2.8378378378378377,114,121.0,474110.0,49338.0,1.0614035087719298,4158.859649122807,3918.2644628099174,0.3884297520661157
PRV52152,47.0,45.0,447980.0,9531.489361702128,46992.0,1068.0,41.0,39.0,6380.0,155.609756097561,60.0,1.4634146341463414,84,88.0,454360.0,47052.0,1.0476190476190477,5409.047619047619,5163.181818181818,0.5340909090909091
PRV52154,0.0,0.0,0.0,0.0,0.0,0.0,742.0,705.0,194350.0,261.92722371967653,2570.0,3.463611859838275,705,742.0,194350.0,2570.0,1.052482269503546,275.6737588652482,261.92722371967653,0.0
PRV52155,12.0,12.0,84000.0,7000.0,12816.0,1068.0,50.0,44.0,14490.0,289.8,270.0,5.4,56,62.0,98490.0,13086.0,1.1071428571428572,1758.75,1588.5483870967741,0.1935483870967742
PRV52156,13.0,13.0,238000.0,18307.69230769231,13884.0,1068.0,111.0,110.0,33910.0,305.4954954954955,80.0,0.7207207207207207,123,124.0,271910.0,13964.0,1.008130081300813,2210.650406504065,2192.8225806451615,0.10483870967741936
PRV52157,43.0,40.0,444000.0,10325.581395348838,44856.0,1068.0,184.0,143.0,50450.0,274.1847826086956,740.0,4.021739130434782,178,227.0,494450.0,45596.0,1.2752808988764044,2777.808988764045,2178.193832599119,0.1894273127753304
PRV52159,24.0,24.0,225000.0,9375.0,25632.0,1068.0,247.0,239.0,63300.0,256.27530364372467,630.0,2.5506072874493926,263,271.0,288300.0,26262.0,1.0304182509505704,1096.1977186311788,1063.8376383763837,0.08856088560885608
PRV52160,3.0,3.0,30000.0,10000.0,3204.0,1068.0,50.0,50.0,11460.0,229.2,270.0,5.4,53,53.0,41460.0,3474.0,1.0,782.2641509433962,782.2641509433962,0.05660377358490566
PRV52161,0.0,0.0,0.0,0.0,0.0,0.0,10.0,10.0,1660.0,166.0,0.0,0.0,10,10.0,1660.0,0.0,1.0,166.0,166.0,0.0
PRV52162,1.0,1.0,14000.0,14000.0,1068.0,1068.0,38.0,35.0,14000.0,368.42105263157896,190.0,5.0,36,39.0,28000.0,1258.0,1.0833333333333333,777.7777777777778,717.9487179487179,0.02564102564102564
PRV52163,2.0,2.0,12000.0,6000.0,2136.0,1068.0,60.0,60.0,25470.0,424.5,80.0,1.3333333333333333,62,62.0,37470.0,2216.0,1.0,604.3548387096774,604.3548387096774,0.03225806451612903
PRV52165,10.0,9.0,91000.0,9100.0,10680.0,1068.0,62.0,56.0,23060.0,371.93548387096774,110.0,1.7741935483870968,62,72.0,114060.0,10790.0,1.1612903225806452,1839.6774193548388,1584.1666666666667,0.1388888888888889
PRV52166,7.0,7.0,44000.0,6285.714285714285,7476.0,1068.0,93.0,78.0,25300.0,272.0430107526882,200.0,2.150537634408602,85,100.0,69300.0,7676.0,1.1764705882352942,815.2941176470588,693.0,0.07
PRV52167,9.0,9.0,99000.0,11000.0,9612.0,1068.0,71.0,65.0,17390.0,244.92957746478874,220.0,3.0985915492957745,74,80.0,116390.0,9832.0,1.0810810810810811,1572.837837837838,1454.875,0.1125
PRV52168,0.0,0.0,0.0,0.0,0.0,0.0,78.0,77.0,17660.0,226.4102564102564,300.0,3.8461538461538463,77,78.0,17660.0,300.0,1.0129870129870129,229.35064935064935,226.4102564102564,0.0
PRV52169,0.0,0.0,0.0,0.0,0.0,0.0,39.0,38.0,10000.0,256.4102564102564,70.0,1.794871794871795,38,39.0,10000.0,70.0,1.0263157894736843,263.1578947368421,256.4102564102564,0.0
PRV52170,3.0,3.0,53000.0,17666.666666666668,3204.0,1068.0,40.0,40.0,9090.0,227.25,0.0,0.0,43,43.0,62090.0,3204.0,1.0,1443.953488372093,1443.953488372093,0.06976744186046512
PRV52171,3.0,3.0,16000.0,5333.333333333333,3204.0,1068.0,9.0,9.0,1820.0,202.22222222222223,0.0,0.0,12,12.0,17820.0,3204.0,1.0,1485.0,1485.0,0.25
PRV52173,119.0,108.0,1381400.0,11608.403361344537,124956.0,1068.0,0.0,0.0,0.0,0.0,0.0,0.0,108,119.0,1381400.0,124956.0,1.1018518518518519,12790.74074074074,11608.403361344537,1.0
PRV52174,0.0,0.0,0.0,0.0,0.0,0.0,4.0,4.0,830.0,207.5,0.0,0.0,4,4.0,830.0,0.0,1.0,207.5,207.5,0.0
PRV52175,0.0,0.0,0.0,0.0,0.0,0.0,221.0,215.0,58320.0,263.8914027149321,410.0,1.8552036199095023,215,221.0,58320.0,410.0,1.027906976744186,271.25581395348837,263.8914027149321,0.0
PRV52176,21.0,21.0,312000.0,14857.142857142857,22428.0,1068.0,0.0,0.0,0.0,0.0,0.0,0.0,21,21.0,312000.0,22428.0,1.0,14857.142857142857,14857.142857142857,1.0
PRV52177,5.0,5.0,27000.0,5400.0,5340.0,1068.0,34.0,34.0,6850.0,201.47058823529412,150.0,4.411764705882353,39,39.0,33850.0,5490.0,1.0,867.9487179487179,867.9487179487179,0.1282051282051282
PRV52178,133.0,118.0,1379400.0,10371.42857142857,137772.0,1068.0,3.0,3.0,190.0,63.333333333333336,0.0,0.0,121,136.0,1379590.0,137772.0,1.1239669421487604,11401.570247933885,10144.04411764706,0.9779411764705882
PRV52179,2.0,2.0,24000.0,12000.0,2136.0,1068.0,42.0,18.0,15910.0,378.8095238095238,170.0,4.0476190476190474,19,44.0,39910.0,2306.0,2.3157894736842106,2100.5263157894738,907.0454545454545,0.045454545454545456
PRV52180,5.0,5.0,64400.0,12880.0,5340.0,1068.0,57.0,54.0,14320.0,251.2280701754386,380.0,6.666666666666667,58,62.0,78720.0,5720.0,1.0689655172413792,1357.2413793103449,1269.6774193548388,0.08064516129032258
PRV52181,10.0,10.0,105000.0,10500.0,10680.0,1068.0,17.0,16.0,3640.0,214.11764705882354,0.0,0.0,25,27.0,108640.0,10680.0,1.08,4345.6,4023.703703703704,0.37037037037037035
PRV52182,5.0,5.0,29000.0,5800.0,5340.0,1068.0,104.0,51.0,34620.0,332.88461538461536,330.0,3.173076923076923,54,109.0,63620.0,5670.0,2.0185185185185186,1178.148148148148,583.6697247706422,0.045871559633027525
PRV52184,0.0,0.0,0.0,0.0,0.0,0.0,21.0,20.0,2960.0,140.95238095238096,0.0,0.0,20,21.0,2960.0,0.0,1.05,148.0,140.95238095238096,0.0
PRV52185,0.0,0.0,0.0,0.0,0.0,0.0,68.0,54.0,15510.0,228.08823529411765,230.0,3.3823529411764706,54,68.0,15510.0,230.0,1.2592592592592593,287.22222222222223,228.08823529411765,0.0
PRV52186,0.0,0.0,0.0,0.0,0.0,0.0,41.0,38.0,7160.0,174.6341463414634,110.0,2.682926829268293,38,41.0,7160.0,110.0,1.0789473684210527,188.42105263157896,174.6341463414634,0.0
PRV52187,0.0,0.0,0.0,0.0,0.0,0.0,27.0,25.0,7440.0,275.55555555555554,0.0,0.0,25,27.0,7440.0,0.0,1.08,297.6,275.55555555555554,0.0
PRV52188,14.0,13.0,165000.0,11785.714285714286,14952.0,1068.0,19.0,19.0,6080.0,320.0,40.0,2.1052631578947367,32,33.0,171080.0,14992.0,1.03125,5346.25,5184.242424242424,0.42424242424242425
PRV52189,0.0,0.0,0.0,0.0,0.0,0.0,23.0,20.0,5890.0,256.0869565217391,60.0,2.608695652173913,20,23.0,5890.0,60.0,1.15,294.5,256.0869565217391,0.0
PRV52191,0.0,0.0,0.0,0.0,0.0,0.0,28.0,25.0,8640.0,308.57142857142856,0.0,0.0,25,28.0,8640.0,0.0,1.12,345.6,308.57142857142856,0.0
PRV52192,6.0,4.0,49000.0,8166.666666666667,6408.0,1068.0,26.0,25.0,3060.0,117.6923076923077,0.0,0.0,29,32.0,52060.0,6408.0,1.103448275862069,1795.1724137931035,1626.875,0.1875
PRV52193,0.0,0.0,0.0,0.0,0.0,0.0,153.0,125.0,28620.0,187.05882352941177,760.0,4.967320261437909,125,153.0,28620.0,760.0,1.224,228.96,187.05882352941177,0.0
PRV52195,10.0,10.0,120000.0,12000.0,10680.0,1068.0,0.0,0.0,0.0,0.0,0.0,0.0,10,10.0,120000.0,10680.0,1.0,12000.0,12000.0,1.0
PRV52196,0.0,0.0,0.0,0.0,0.0,0.0,6.0,6.0,2710.0,451.6666666666667,0.0,0.0,6,6.0,2710.0,0.0,1.0,451.6666666666667,451.6666666666667,0.0
PRV52197,10.0,10.0,114000.0,11400.0,10680.0,1068.0,0.0,0.0,0.0,0.0,0.0,0.0,10,10.0,114000.0,10680.0,1.0,11400.0,11400.0,1.0
PRV52199,0.0,0.0,0.0,0.0,0.0,0.0,10.0,10.0,1080.0,108.0,80.0,8.0,10,10.0,1080.0,80.0,1.0,108.0,108.0,0.0
PRV52200,0.0,0.0,0.0,0.0,0.0,0.0,1.0,1.0,40.0,40.0,0.0,0.0,1,1.0,40.0,0.0,1.0,40.0,40.0,0.0
PRV52201,0.0,0.0,0.0,0.0,0.0,0.0,9.0,9.0,450.0,50.0,0.0,0.0,9,9.0,450.0,0.0,1.0,50.0,50.0,0.0
PRV52202,0.0,0.0,0.0,0.0,0.0,0.0,50.0,49.0,8200.0,164.0,0.0,0.0,49,50.0,8200.0,0.0,1.0204081632653061,167.3469387755102,164.0,0.0
PRV52204,0.0,0.0,0.0,0.0,0.0,0.0,9.0,8.0,2590.0,287.77777777777777,0.0,0.0,8,9.0,2590.0,0.0,1.125,323.75,287.77777777777777,0.0
PRV52205,0.0,0.0,0.0,0.0,0.0,0.0,2.0,2.0,1120.0,560.0,0.0,0.0,2,2.0,1120.0,0.0,1.0,560.0,560.0,0.0
PRV52206,0.0,0.0,0.0,0.0,0.0,0.0,5.0,5.0,1810.0,362.0,0.0,0.0,5,5.0,1810.0,0.0,1.0,362.0,362.0,0.0
PRV52208,0.0,0.0,0.0,0.0,0.0,0.0,13.0,12.0,4560.0,350.7692307692308,50.0,3.8461538461538463,12,13.0,4560.0,50.0,1.0833333333333333,380.0,350.7692307692308,0.0
PRV52209,0.0,0.0,0.0,0.0,0.0,0.0,8.0,8.0,4960.0,620.0,0.0,0.0,8,8.0,4960.0,0.0,1.0,620.0,620.0,0.0
PRV52211,0.0,0.0,0.0,0.0,0.0,0.0,130.0,124.0,26860.0,206.6153846153846,100.0,0.7692307692307693,124,130.0,26860.0,100.0,1.0483870967741935,216.61290322580646,206.6153846153846,0.0
PRV52212,0.0,0.0,0.0,0.0,0.0,0.0,64.0,62.0,13220.0,206.5625,50.0,0.78125,62,64.0,13220.0,50.0,1.032258064516129,213.2258064516129,206.5625,0.0
PRV52213,0.0,0.0,0.0,0.0,0.0,0.0,7.0,7.0,590.0,84.28571428571429,0.0,0.0,7,7.0,590.0,0.0,1.0,84.28571428571429,84.28571428571429,0.0
PRV52214,0.0,0.0,0.0,0.0,0.0,0.0,47.0,43.0,12680.0,269.78723404255317,260.0,5.531914893617022,43,47.0,12680.0,260.0,1.0930232558139534,294.8837209302326,269.78723404255317,0.0
PRV52216,0.0,0.0,0.0,0.0,0.0,0.0,15.0,14.0,4940.0,329.3333333333333,140.0,9.333333333333334,14,15.0,4940.0,140.0,1.0714285714285714,352.85714285714283,329.3333333333333,0.0
PRV52217,0.0,0.0,0.0,0.0,0.0,0.0,5.0,4.0,520.0,104.0,0.0,0.0,4,5.0,520.0,0.0,1.25,130.0,104.0,0.0
PRV52218,0.0,0.0,0.0,0.0,0.0,0.0,8.0,8.0,1660.0,207.5,0.0,0.0,8,8.0,1660.0,0.0,1.0,207.5,207.5,0.0
PRV52219,0.0,0.0,0.0,0.0,0.0,0.0,4.0,4.0,2780.0,695.0,0.0,0.0,4,4.0,2780.0,0.0,1.0,695.0,695.0,0.0
PRV52220,0.0,0.0,0.0,0.0,0.0,0.0,12.0,12.0,2200.0,183.33333333333334,0.0,0.0,12,12.0,2200.0,0.0,1.0,183.33333333333334,183.33333333333334,0.0
PRV52221,0.0,0.0,0.0,0.0,0.0,0.0,1.0,1.0,10.0,10.0,0.0,0.0,1,1.0,10.0,0.0,1.0,10.0,10.0,0.0
PRV52222,0.0,0.0,0.0,0.0,0.0,0.0,54.0,52.0,16920.0,313.3333333333333,60.0,1.1111111111111112,52,54.0,16920.0,60.0,1.0384615384615385,325.38461538461536,313.3333333333333,0.0
PRV52224,0.0,0.0,0.0,0.0,0.0,0.0,41.0,35.0,10100.0,246.34146341463415,100.0,2.4390243902439024,35,41.0,10100.0,100.0,1.1714285714285715,288.57142857142856,246.34146341463415,0.0
PRV52225,0.0,0.0,0.0,0.0,0.0,0.0,6.0,6.0,840.0,140.0,100.0,16.666666666666668,6,6.0,840.0,100.0,1.0,140.0,140.0,0.0
PRV52226,0.0,0.0,0.0,0.0,0.0,0.0,2.0,2.0,100.0,50.0,0.0,0.0,2,2.0,100.0,0.0,1.0,50.0,50.0,0.0
PRV52227,0.0,0.0,0.0,0.0,0.0,0.0,7.0,6.0,5560.0,794.2857142857143,100.0,14.285714285714286,6,7.0,5560.0,100.0,1.1666666666666667,926.6666666666666,794.2857142857143,0.0
PRV52228,0.0,0.0,0.0,0.0,0.0,0.0,8.0,8.0,2400.0,300.0,0.0,0.0,8,8.0,2400.0,0.0,1.0,300.0,300.0,0.0
PRV52229,0.0,0.0,0.0,0.0,0.0,0.0,11.0,11.0,370.0,33.63636363636363,60.0,5.454545454545454,11,11.0,370.0,60.0,1.0,33.63636363636363,33.63636363636363,0.0
PRV52230,0.0,0.0,0.0,0.0,0.0,0.0,43.0,15.0,15100.0,351.16279069767444,0.0,0.0,15,43.0,15100.0,0.0,2.8666666666666667,1006.6666666666666,351.16279069767444,0.0
PRV52231,0.0,0.0,0.0,0.0,0.0,0.0,6.0,6.0,3980.0,663.3333333333334,100.0,16.666666666666668,6,6.0,3980.0,100.0,1.0,663.3333333333334,663.3333333333334,0.0
PRV52232,0.0,0.0,0.0,0.0,0.0,0.0,4.0,4.0,640.0,160.0,100.0,25.0,4,4.0,640.0,100.0,1.0,160.0,160.0,0.0
PRV52233,0.0,0.0,0.0,0.0,0.0,0.0,216.0,156.0,63540.0,294.1666666666667,430.0,1.9907407407407407,156,216.0,63540.0,430.0,1.3846153846153846,407.3076923076923,294.1666666666667,0.0
PRV52235,0.0,0.0,0.0,0.0,0.0,0.0,2.0,2.0,970.0,485.0,0.0,0.0,2,2.0,970.0,0.0,1.0,485.0,485.0,0.0
PRV52236,0.0,0.0,0.0,0.0,0.0,0.0,14.0,13.0,5780.0,412.85714285714283,0.0,0.0,13,14.0,5780.0,0.0,1.0769230769230769,444.61538461538464,412.85714285714283,0.0
PRV52237,0.0,0.0,0.0,0.0,0.0,0.0,38.0,38.0,7400.0,194.73684210526315,270.0,7.105263157894737,38,38.0,7400.0,270.0,1.0,194.73684210526315,194.73684210526315,0.0
PRV52238,0.0,0.0,0.0,0.0,0.0,0.0,11.0,10.0,1530.0,139.0909090909091,0.0,0.0,10,11.0,1530.0,0.0,1.1,153.0,139.0909090909091,0.0
PRV52240,0.0,0.0,0.0,0.0,0.0,0.0,62.0,61.0,25220.0,406.7741935483871,30.0,0.4838709677419355,61,62.0,25220.0,30.0,1.0163934426229508,413.44262295081967,406.7741935483871,0.0
PRV52241,0.0,0.0,0.0,0.0,0.0,0.0,23.0,22.0,5690.0,247.3913043478261,0.0,0.0,22,23.0,5690.0,0.0,1.0454545454545454,258.6363636363636,247.3913043478261,0.0
PRV52242,0.0,0.0,0.0,0.0,0.0,0.0,31.0,30.0,13600.0,438.7096774193548,170.0,5.483870967741935,30,31.0,13600.0,170.0,1.0333333333333334,453.3333333333333,438.7096774193548,0.0
PRV52246,0.0,0.0,0.0,0.0,0.0,0.0,67.0,47.0,26510.0,395.67164179104475,100.0,1.492537313432836,47,67.0,26510.0,100.0,1.425531914893617,564.0425531914893,395.67164179104475,0.0
PRV52247,0.0,0.0,0.0,0.0,0.0,0.0,49.0,48.0,10890.0,222.24489795918367,80.0,1.6326530612244898,48,49.0,10890.0,80.0,1.0208333333333333,226.875,222.24489795918367,0.0
PRV52248,0.0,0.0,0.0,0.0,0.0,0.0,24.0,21.0,12750.0,531.25,110.0,4.583333333333333,21,24.0,12750.0,110.0,1.1428571428571428,607.1428571428571,531.25,0.0
PRV52249,0.0,0.0,0.0,0.0,0.0,0.0,47.0,41.0,25480.0,542.1276595744681,80.0,1.702127659574468,41,47.0,25480.0,80.0,1.146341463414634,621.4634146341464,542.1276595744681,0.0
PRV52251,0.0,0.0,0.0,0.0,0.0,0.0,4.0,4.0,270.0,67.5,0.0,0.0,4,4.0,270.0,0.0,1.0,67.5,67.5,0.0
PRV52252,0.0,0.0,0.0,0.0,0.0,0.0,26.0,26.0,2130.0,81.92307692307692,70.0,2.6923076923076925,26,26.0,2130.0,70.0,1.0,81.92307692307692,81.92307692307692,0.0
PRV52253,0.0,0.0,0.0,0.0,0.0,0.0,1.0,1.0,80.0,80.0,0.0,0.0,1,1.0,80.0,0.0,1.0,80.0,80.0,0.0
PRV52254,0.0,0.0,0.0,0.0,0.0,0.0,31.0,30.0,3960.0,127.74193548387096,50.0,1.6129032258064515,30,31.0,3960.0,50.0,1.0333333333333334,132.0,127.74193548387096,0.0
PRV52255,0.0,0.0,0.0,0.0,0.0,0.0,10.0,7.0,720.0,72.0,0.0,0.0,7,10.0,720.0,0.0,1.4285714285714286,102.85714285714286,72.0,0.0
PRV52256,0.0,0.0,0.0,0.0,0.0,0.0,1.0,1.0,50.0,50.0,0.0,0.0,1,1.0,50.0,0.0,1.0,50.0,50.0,0.0
PRV52257,0.0,0.0,0.0,0.0,0.0,0.0,15.0,14.0,4440.0,296.0,0.0,0.0,14,15.0,4440.0,0.0,1.0714285714285714,317.14285714285717,296.0,0.0
PRV52260,0.0,0.0,0.0,0.0,0.0,0.0,63.0,62.0,12880.0,204.44444444444446,50.0,0.7936507936507936,62,63.0,12880.0,50.0,1.0161290322580645,207.74193548387098,204.44444444444446,0.0
PRV52261,0.0,0.0,0.0,0.0,0.0,0.0,1.0,1.0,200.0,200.0,0.0,0.0,1,1.0,200.0,0.0,1.0,200.0,200.0,0.0
PRV52262,0.0,0.0,0.0,0.0,0.0,0.0,112.0,92.0,27840.0,248.57142857142858,140.0,1.25,92,112.0,27840.0,140.0,1.2173913043478262,302.60869565217394,248.57142857142858,0.0
PRV52263,0.0,0.0,0.0,0.0,0.0,0.0,3.0,3.0,630.0,210.0,0.0,0.0,3,3.0,630.0,0.0,1.0,210.0,210.0,0.0
PRV52264,0.0,0.0,0.0,0.0,0.0,0.0,25.0,21.0,4420.0,176.8,20.0,0.8,21,25.0,4420.0,20.0,1.1904761904761905,210.47619047619048,176.8,0.0
PRV52265,30.0,27.0,260000.0,8666.666666666666,30972.0,1068.0,0.0,0.0,0.0,0.0,0.0,0.0,27,30.0,260000.0,30972.0,1.1111111111111112,9629.62962962963,8666.666666666666,1.0
PRV52266,37.0,30.0,460400.0,12443.243243243243,37380.0,1068.0,0.0,0.0,0.0,0.0,0.0,0.0,30,37.0,460400.0,37380.0,1.2333333333333334,15346.666666666666,12443.243243243243,1.0
PRV52267,10.0,10.0,78900.0,7890.0,10680.0,1068.0,0.0,0.0,0.0,0.0,0.0,0.0,10,10.0,78900.0,10680.0,1.0,7890.0,7890.0,1.0
PRV52271,0.0,0.0,0.0,0.0,0.0,0.0,19.0,19.0,3760.0,197.89473684210526,50.0,2.6315789473684212,19,19.0,3760.0,50.0,1.0,197.89473684210526,197.89473684210526,0.0
PRV52272,0.0,0.0,0.0,0.0,0.0,0.0,8.0,8.0,4210.0,526.25,0.0,0.0,8,8.0,4210.0,0.0,1.0,526.25,526.25,0.0
PRV52273,0.0,0.0,0.0,0.0,0.0,0.0,11.0,11.0,4380.0,398.1818181818182,40.0,3.6363636363636362,11,11.0,4380.0,40.0,1.0,398.1818181818182,398.1818181818182,0.0
PRV52274,0.0,0.0,0.0,0.0,0.0,0.0,38.0,17.0,7800.0,205.26315789473685,10.0,0.2631578947368421,17,38.0,7800.0,10.0,2.235294117647059,458.8235294117647,205.26315789473685,0.0
PRV52275,0.0,0.0,0.0,0.0,0.0,0.0,101.0,57.0,27220.0,269.5049504950495,270.0,2.6732673267326734,57,101.0,27220.0,270.0,1.7719298245614035,477.5438596491228,269.5049504950495,0.0
PRV52276,0.0,0.0,0.0,0.0,0.0,0.0,68.0,62.0,17750.0,261.02941176470586,330.0,4.852941176470588,62,68.0,17750.0,330.0,1.096774193548387,286.2903225806452,261.02941176470586,0.0
PRV52278,16.0,16.0,235000.0,14687.5,17088.0,1068.0,0.0,0.0,0.0,0.0,0.0,0.0,16,16.0,235000.0,17088.0,1.0,14687.5,14687.5,1.0
PRV52279,82.0,76.0,783000.0,9548.780487804877,85440.0,1068.0,1.0,1.0,300.0,300.0,0.0,0.0,77,83.0,783300.0,85440.0,1.077922077922078,10172.727272727272,9437.349397590362,0.9879518072289156
PRV52280,41.0,38.0,395000.0,9634.146341463415,42720.0,1068.0,0.0,0.0,0.0,0.0,0.0,0.0,38,41.0,395000.0,42720.0,1.0789473684210527,10394.736842105263,9634.146341463415,1.0
PRV52281,41.0,41.0,408000.0,9951.219512195123,43788.0,1068.0,0.0,0.0,0.0,0.0,0.0,0.0,41,41.0,408000.0,43788.0,1.0,9951.219512195123,9951.219512195123,1.0
PRV52282,6.0,6.0,77000.0,12833.333333333334,5340.0,1068.0,0.0,0.0,0.0,0.0,0.0,0.0,6,6.0,77000.0,5340.0,1.0,12833.333333333334,12833.333333333334,1.0
PRV52283,66.0,54.0,594700.0,9010.60606060606,69420.0,1068.0,0.0,0.0,0.0,0.0,0.0,0.0,54,66.0,594700.0,69420.0,1.2222222222222223,11012.962962962964,9010.60606060606,1.0
PRV52284,0.0,0.0,0.0,0.0,0.0,0.0,39.0,32.0,5320.0,136.4102564102564,180.0,4.615384615384615,32,39.0,5320.0,180.0,1.21875,166.25,136.4102564102564,0.0
PRV52285,19.0,19.0,144000.0,7578.9473684210525,19224.0,1068.0,0.0,0.0,0.0,0.0,0.0,0.0,19,19.0,144000.0,19224.0,1.0,7578.9473684210525,7578.9473684210525,1.0
PRV52286,5.0,5.0,90000.0,18000.0,5340.0,1068.0,0.0,0.0,0.0,0.0,0.0,0.0,5,5.0,90000.0,5340.0,1.0,18000.0,18000.0,1.0
PRV52288,0.0,0.0,0.0,0.0,0.0,0.0,13.0,12.0,2810.0,216.15384615384616,0.0,0.0,12,13.0,2810.0,0.0,1.0833333333333333,234.16666666666666,216.15384615384616,0.0
PRV52289,4.0,4.0,18000.0,4500.0,4272.0,1068.0,0.0,0.0,0.0,0.0,0.0,0.0,4,4.0,18000.0,4272.0,1.0,4500.0,4500.0,1.0
PRV52290,10.0,10.0,68000.0,6800.0,10680.0,1068.0,0.0,0.0,0.0,0.0,0.0,0.0,10,10.0,68000.0,10680.0,1.0,6800.0,6800.0,1.0
PRV52291,17.0,16.0,128000.0,7529.411764705882,18156.0,1068.0,1.0,1.0,0.0,0.0,0.0,0.0,17,18.0,128000.0,18156.0,1.0588235294117647,7529.411764705882,7111.111111111111,0.9444444444444444
PRV52292,25.0,25.0,303000.0,12120.0,26700.0,1068.0,0.0,0.0,0.0,0.0,0.0,0.0,25,25.0,303000.0,26700.0,1.0,12120.0,12120.0,1.0
PRV52293,0.0,0.0,0.0,0.0,0.0,0.0,7.0,7.0,4170.0,595.7142857142857,0.0,0.0,7,7.0,4170.0,0.0,1.0,595.7142857142857,595.7142857142857,0.0
PRV52294,7.0,7.0,54000.0,7714.285714285715,7476.0,1068.0,0.0,0.0,0.0,0.0,0.0,0.0,7,7.0,54000.0,7476.0,1.0,7714.285714285715,7714.285714285715,1.0
PRV52295,5.0,5.0,19000.0,3800.0,5340.0,1068.0,0.0,0.0,0.0,0.0,0.0,0.0,5,5.0,19000.0,5340.0,1.0,3800.0,3800.0,1.0
PRV52296,2.0,2.0,12000.0,6000.0,2136.0,1068.0,0.0,0.0,0.0,0.0,0.0,0.0,2,2.0,12000.0,2136.0,1.0,6000.0,6000.0,1.0
PRV52298,9.0,7.0,93000.0,10333.333333333334,8544.0,1068.0,209.0,143.0,60300.0,288.51674641148327,450.0,2.15311004784689,144,218.0,153300.0,8994.0,1.5138888888888888,1064.5833333333333,703.2110091743119,0.04128440366972477
PRV52299,0.0,0.0,0.0,0.0,0.0,0.0,601.0,255.0,157140.0,261.46422628951746,1470.0,2.4459234608985025,255,601.0,157140.0,1470.0,2.3568627450980393,616.2352941176471,261.46422628951746,0.0
PRV52300,3.0,3.0,55000.0,18333.333333333332,3204.0,1068.0,18.0,17.0,4160.0,231.11111111111111,20.0,1.1111111111111112,19,21.0,59160.0,3224.0,1.105263157894737,3113.684210526316,2817.1428571428573,0.14285714285714285
PRV52302,11.0,8.0,127000.0,11545.454545454546,10680.0,1068.0,35.0,25.0,9280.0,265.14285714285717,0.0,0.0,30,46.0,136280.0,10680.0,1.5333333333333334,4542.666666666667,2962.608695652174,0.2391304347826087
PRV52303,23.0,23.0,258000.0,11217.391304347826,23496.0,1068.0,369.0,294.0,89340.0,242.1138211382114,1150.0,3.116531165311653,313,392.0,347340.0,24646.0,1.2523961661341854,1109.7124600638977,886.0714285714286,0.058673469387755105
PRV52304,0.0,0.0,0.0,0.0,0.0,0.0,184.0,88.0,63120.0,343.04347826086956,790.0,4.293478260869565,88,184.0,63120.0,790.0,2.090909090909091,717.2727272727273,343.04347826086956,0.0
PRV52306,0.0,0.0,0.0,0.0,0.0,0.0,15.0,15.0,7030.0,468.6666666666667,0.0,0.0,15,15.0,7030.0,0.0,1.0,468.6666666666667,468.6666666666667,0.0
PRV52307,53.0,52.0,770000.0,14528.301886792453,54468.0,1068.0,122.0,116.0,36460.0,298.8524590163934,360.0,2.9508196721311477,167,175.0,806460.0,54828.0,1.0479041916167664,4829.101796407185,4608.342857142857,0.3028571428571429
PRV52308,40.0,32.0,364700.0,9117.5,42720.0,1068.0,47.0,40.0,10060.0,214.04255319148936,120.0,2.5531914893617023,72,87.0,374760.0,42840.0,1.2083333333333333,5205.0,4307.586206896552,0.45977011494252873
PRV52309,0.0,0.0,0.0,0.0,0.0,0.0,170.0,88.0,45340.0,266.70588235294116,210.0,1.2352941176470589,88,170.0,45340.0,210.0,1.9318181818181819,515.2272727272727,266.70588235294116,0.0
PRV52310,0.0,0.0,0.0,0.0,0.0,0.0,454.0,190.0,106790.0,235.2202643171806,1500.0,3.303964757709251,190,454.0,106790.0,1500.0,2.389473684210526,562.0526315789474,235.2202643171806,0.0
PRV52311,0.0,0.0,0.0,0.0,0.0,0.0,28.0,23.0,7770.0,277.5,0.0,0.0,23,28.0,7770.0,0.0,1.2173913043478262,337.82608695652175,277.5,0.0
PRV52312,0.0,0.0,0.0,0.0,0.0,0.0,214.0,112.0,79810.0,372.94392523364485,550.0,2.5700934579439254,112,214.0,79810.0,550.0,1.9107142857142858,712.5892857142857,372.94392523364485,0.0
PRV52313,0.0,0.0,0.0,0.0,0.0,0.0,504.0,196.0,146700.0,291.07142857142856,1480.0,2.9365079365079363,196,504.0,146700.0,1480.0,2.5714285714285716,748.469387755102,291.07142857142856,0.0
PRV52314,40.0,35.0,412000.0,10300.0,40584.0,1068.0,183.0,161.0,43180.0,235.95628415300547,510.0,2.7868852459016393,192,223.0,455180.0,41094.0,1.1614583333333333,2370.7291666666665,2041.1659192825111,0.17937219730941703
PRV52315,5.0,5.0,40000.0,8000.0,5340.0,1068.0,80.0,61.0,21930.0,274.125,140.0,1.75,66,85.0,61930.0,5480.0,1.2878787878787878,938.3333333333334,728.5882352941177,0.058823529411764705
PRV52317,2.0,2.0,24000.0,12000.0,2136.0,1068.0,23.0,19.0,4590.0,199.56521739130434,210.0,9.130434782608695,21,25.0,28590.0,2346.0,1.1904761904761905,1361.4285714285713,1143.6,0.08
PRV52318,0.0,0.0,0.0,0.0,0.0,0.0,39.0,37.0,10000.0,256.4102564102564,110.0,2.8205128205128207,37,39.0,10000.0,110.0,1.054054054054054,270.27027027027026,256.4102564102564,0.0
PRV52319,0.0,0.0,0.0,0.0,0.0,0.0,30.0,29.0,7740.0,258.0,60.0,2.0,29,30.0,7740.0,60.0,1.0344827586206897,266.8965517241379,258.0,0.0
PRV52320,69.0,62.0,796000.0,11536.231884057972,72624.0,1068.0,297.0,233.0,78200.0,263.2996632996633,600.0,2.0202020202020203,292,366.0,874200.0,73224.0,1.2534246575342465,2993.8356164383563,2388.5245901639346,0.1885245901639344
PRV52321,33.0,28.0,367000.0,11121.212121212122,34176.0,1068.0,117.0,110.0,23230.0,198.54700854700855,120.0,1.0256410256410255,135,150.0,390230.0,34296.0,1.1111111111111112,2890.5925925925926,2601.5333333333333,0.22
PRV52323,0.0,0.0,0.0,0.0,0.0,0.0,190.0,179.0,49770.0,261.94736842105266,440.0,2.3157894736842106,179,190.0,49770.0,440.0,1.0614525139664805,278.0446927374302,261.94736842105266,0.0
PRV52325,27.0,23.0,255900.0,9477.777777777777,28836.0,1068.0,103.0,94.0,25900.0,251.45631067961165,180.0,1.7475728155339805,111,130.0,281800.0,29016.0,1.1711711711711712,2538.738738738739,2167.6923076923076,0.2076923076923077
PRV52326,8.0,7.0,66000.0,8250.0,8544.0,1068.0,6.0,6.0,4770.0,795.0,0.0,0.0,13,14.0,70770.0,8544.0,1.0769230769230769,5443.846153846154,5055.0,0.5714285714285714
PRV52328,0.0,0.0,0.0,0.0,0.0,0.0,35.0,28.0,19560.0,558.8571428571429,80.0,2.2857142857142856,28,35.0,19560.0,80.0,1.25,698.5714285714286,558.8571428571429,0.0
PRV52331,9.0,8.0,55000.0,6111.111111111111,8544.0,1068.0,52.0,41.0,13430.0,258.2692307692308,240.0,4.615384615384615,49,61.0,68430.0,8784.0,1.2448979591836735,1396.530612244898,1121.8032786885246,0.14754098360655737
PRV52332,0.0,0.0,0.0,0.0,0.0,0.0,64.0,62.0,20650.0,322.65625,230.0,3.59375,62,64.0,20650.0,230.0,1.032258064516129,333.06451612903226,322.65625,0.0
PRV52334,8.0,8.0,93000.0,11625.0,8544.0,1068.0,59.0,43.0,20980.0,355.59322033898303,20.0,0.3389830508474576,49,67.0,113980.0,8564.0,1.3673469387755102,2326.122448979592,1701.1940298507463,0.11940298507462686
PRV52335,2.0,2.0,26000.0,13000.0,2136.0,1068.0,240.0,85.0,83870.0,349.4583333333333,400.0,1.6666666666666667,87,242.0,109870.0,2536.0,2.781609195402299,1262.8735632183907,454.0082644628099,0.008264462809917356
PRV52336,0.0,0.0,0.0,0.0,0.0,0.0,86.0,78.0,26960.0,313.48837209302326,370.0,4.3023255813953485,78,86.0,26960.0,370.0,1.1025641025641026,345.64102564102564,313.48837209302326,0.0
PRV52337,0.0,0.0,0.0,0.0,0.0,0.0,773.0,226.0,205790.0,266.22250970245796,1900.0,2.4579560155239326,226,773.0,205790.0,1900.0,3.420353982300885,910.5752212389381,266.22250970245796,0.0
PRV52340,224.0,176.0,2075400.0,9265.17857142857,238164.0,1068.0,1519.0,624.0,464730.0,305.9447004608295,4430.0,2.9163923633969717,693,1743.0,2540130.0,242594.0,2.515151515151515,3665.4112554112553,1457.3321858864028,0.1285140562248996
PRV52341,0.0,0.0,0.0,0.0,0.0,0.0,135.0,122.0,45450.0,336.6666666666667,270.0,2.0,122,135.0,45450.0,270.0,1.1065573770491803,372.5409836065574,336.6666666666667,0.0
PRV52342,51.0,45.0,597000.0,11705.882352941177,53400.0,1068.0,167.0,148.0,55190.0,330.47904191616766,480.0,2.874251497005988,184,218.0,652190.0,53880.0,1.184782608695652,3544.5108695652175,2991.697247706422,0.23394495412844038
PRV52343,42.0,38.0,404200.0,9623.809523809523,44856.0,1068.0,219.0,154.0,77640.0,354.52054794520546,790.0,3.6073059360730593,177,261.0,481840.0,45646.0,1.4745762711864407,2722.25988700565,1846.1302681992338,0.16091954022988506
PRV52344,23.0,18.0,249000.0,10826.08695652174,24564.0,1068.0,107.0,43.0,23150.0,216.3551401869159,520.0,4.859813084112149,54,130.0,272150.0,25084.0,2.4074074074074074,5039.814814814815,2093.4615384615386,0.17692307692307693
PRV52346,19.0,18.0,201000.0,10578.947368421053,18156.0,1068.0,49.0,41.0,16540.0,337.55102040816325,230.0,4.6938775510204085,57,68.0,217540.0,18386.0,1.1929824561403508,3816.4912280701756,3199.1176470588234,0.27941176470588236
PRV52347,50.0,46.0,626400.0,12528.0,53400.0,1068.0,347.0,302.0,88690.0,255.5907780979827,1540.0,4.438040345821325,342,397.0,715090.0,54940.0,1.1608187134502923,2090.906432748538,1801.2342569269522,0.12594458438287154
PRV52348,9.0,8.0,85000.0,9444.444444444445,9612.0,1068.0,58.0,32.0,17790.0,306.7241379310345,260.0,4.482758620689655,36,67.0,102790.0,9872.0,1.8611111111111112,2855.277777777778,1534.1791044776119,0.13432835820895522
PRV52349,0.0,0.0,0.0,0.0,0.0,0.0,99.0,94.0,20410.0,206.16161616161617,190.0,1.9191919191919191,94,99.0,20410.0,190.0,1.053191489361702,217.12765957446808,206.16161616161617,0.0
PRV52350,7.0,7.0,30000.0,4285.714285714285,7476.0,1068.0,33.0,23.0,8660.0,262.42424242424244,180.0,5.454545454545454,29,40.0,38660.0,7656.0,1.3793103448275863,1333.103448275862,966.5,0.175
PRV52351,0.0,0.0,0.0,0.0,0.0,0.0,425.0,362.0,103700.0,244.0,1440.0,3.388235294117647,362,425.0,103700.0,1440.0,1.1740331491712708,286.4640883977901,244.0,0.0
PRV52352,0.0,0.0,0.0,0.0,0.0,0.0,32.0,32.0,9660.0,301.875,50.0,1.5625,32,32.0,9660.0,50.0,1.0,301.875,301.875,0.0
PRV52353,6.0,4.0,140000.0,23333.333333333332,6408.0,1068.0,42.0,41.0,10420.0,248.0952380952381,30.0,0.7142857142857143,45,48.0,150420.0,6438.0,1.0666666666666667,3342.6666666666665,3133.75,0.125
PRV52354,0.0,0.0,0.0,0.0,0.0,0.0,66.0,33.0,19400.0,293.93939393939394,330.0,5.0,33,66.0,19400.0,330.0,2.0,587.8787878787879,293.93939393939394,0.0
PRV52355,0.0,0.0,0.0,0.0,0.0,0.0,63.0,26.0,24170.0,383.6507936507937,400.0,6.349206349206349,26,63.0,24170.0,400.0,2.423076923076923,929.6153846153846,383.6507936507937,0.0
PRV52356,0.0,0.0,0.0,0.0,0.0,0.0,98.0,63.0,22350.0,228.0612244897959,300.0,3.061224489795918,63,98.0,22350.0,300.0,1.5555555555555556,354.76190476190476,228.0612244897959,0.0
PRV52357,8.0,7.0,69000.0,8625.0,8544.0,1068.0,97.0,79.0,29830.0,307.5257731958763,220.0,2.268041237113402,83,105.0,98830.0,8764.0,1.2650602409638554,1190.7228915662652,941.2380952380952,0.0761904761904762
PRV52358,0.0,0.0,0.0,0.0,0.0,0.0,18.0,17.0,5180.0,287.77777777777777,100.0,5.555555555555555,17,18.0,5180.0,100.0,1.0588235294117647,304.70588235294116,287.77777777777777,0.0
PRV52359,42.0,39.0,413000.0,9833.333333333334,44856.0,1068.0,65.0,60.0,13430.0,206.6153846153846,290.0,4.461538461538462,98,107.0,426430.0,45146.0,1.0918367346938775,4351.326530612245,3985.3271028037384,0.3925233644859813
PRV52361,0.0,0.0,0.0,0.0,0.0,0.0,158.0,145.0,44230.0,279.9367088607595,1070.0,6.772151898734177,145,158.0,44230.0,1070.0,1.089655172413793,305.0344827586207,279.9367088607595,0.0
PRV52362,9.0,8.0,90300.0,10033.333333333334,9612.0,1068.0,145.0,125.0,35330.0,243.6551724137931,520.0,3.586206896551724,133,154.0,125630.0,10132.0,1.1578947368421053,944.5864661654135,815.7792207792207,0.05844155844155844
PRV52365,0.0,0.0,0.0,0.0,0.0,0.0,739.0,381.0,202130.0,273.51826792963465,2250.0,3.044654939106901,381,739.0,202130.0,2250.0,1.9396325459317585,530.5249343832021,273.51826792963465,0.0
PRV52366,25.0,25.0,226300.0,9052.0,26700.0,1068.0,191.0,118.0,54580.0,285.75916230366494,490.0,2.5654450261780104,140,216.0,280880.0,27190.0,1.542857142857143,2006.2857142857142,1300.3703703703704,0.11574074074074074
PRV52367,4.0,4.0,59000.0,14750.0,4272.0,1068.0,293.0,176.0,97620.0,333.1740614334471,500.0,1.7064846416382253,180,297.0,156620.0,4772.0,1.65,870.1111111111111,527.3400673400673,0.013468013468013467
PRV52369,0.0,0.0,0.0,0.0,0.0,0.0,547.0,358.0,163780.0,299.41499085923215,1690.0,3.0895795246800732,358,547.0,163780.0,1690.0,1.5279329608938548,457.4860335195531,299.41499085923215,0.0
PRV52371,0.0,0.0,0.0,0.0,0.0,0.0,72.0,50.0,17370.0,241.25,510.0,7.083333333333333,50,72.0,17370.0,510.0,1.44,347.4,241.25,0.0
PRV52372,27.0,24.0,268000.0,9925.925925925925,28836.0,1068.0,97.0,56.0,24040.0,247.83505154639175,130.0,1.3402061855670102,76,124.0,292040.0,28966.0,1.631578947368421,3842.6315789473683,2355.1612903225805,0.21774193548387097
PRV52373,3.0,3.0,38000.0,12666.666666666666,3204.0,1068.0,20.0,19.0,5710.0,285.5,0.0,0.0,22,23.0,43710.0,3204.0,1.0454545454545454,1986.8181818181818,1900.4347826086957,0.13043478260869565
PRV52374,0.0,0.0,0.0,0.0,0.0,0.0,228.0,102.0,68780.0,301.6666666666667,890.0,3.9035087719298245,102,228.0,68780.0,890.0,2.235294117647059,674.3137254901961,301.6666666666667,0.0
PRV52377,0.0,0.0,0.0,0.0,0.0,0.0,44.0,44.0,13700.0,311.3636363636364,70.0,1.5909090909090908,44,44.0,13700.0,70.0,1.0,311.3636363636364,311.3636363636364,0.0
PRV52378,3.0,3.0,11000.0,3666.6666666666665,3204.0,1068.0,9.0,9.0,920.0,102.22222222222223,0.0,0.0,12,12.0,11920.0,3204.0,1.0,993.3333333333334,993.3333333333334,0.25
PRV52380,0.0,0.0,0.0,0.0,0.0,0.0,4.0,4.0,280.0,70.0,0.0,0.0,4,4.0,280.0,0.0,1.0,70.0,70.0,0.0
PRV52381,0.0,0.0,0.0,0.0,0.0,0.0,80.0,31.0,33460.0,418.25,230.0,2.875,31,80.0,33460.0,230.0,2.5806451612903225,1079.3548387096773,418.25,0.0
PRV52383,0.0,0.0,0.0,0.0,0.0,0.0,74.0,51.0,15540.0,210.0,160.0,2.1621621621621623,51,74.0,15540.0,160.0,1.4509803921568627,304.70588235294116,210.0,0.0
PRV52384,0.0,0.0,0.0,0.0,0.0,0.0,33.0,32.0,7880.0,238.78787878787878,420.0,12.727272727272727,32,33.0,7880.0,420.0,1.03125,246.25,238.78787878787878,0.0
PRV52385,0.0,0.0,0.0,0.0,0.0,0.0,22.0,19.0,7140.0,324.54545454545456,60.0,2.727272727272727,19,22.0,7140.0,60.0,1.1578947368421053,375.7894736842105,324.54545454545456,0.0
PRV52386,0.0,0.0,0.0,0.0,0.0,0.0,237.0,161.0,55300.0,233.33333333333334,840.0,3.5443037974683542,161,237.0,55300.0,840.0,1.4720496894409938,343.4782608695652,233.33333333333334,0.0
PRV52387,13.0,11.0,106000.0,8153.846153846154,13884.0,1068.0,50.0,28.0,15740.0,314.8,60.0,1.2,39,63.0,121740.0,13944.0,1.6153846153846154,3121.5384615384614,1932.3809523809523,0.20634920634920634
PRV52389,0.0,0.0,0.0,0.0,0.0,0.0,171.0,139.0,44690.0,261.34502923976606,420.0,2.456140350877193,139,171.0,44690.0,420.0,1.2302158273381294,321.51079136690646,261.34502923976606,0.0
PRV52390,0.0,0.0,0.0,0.0,0.0,0.0,36.0,34.0,6400.0,177.77777777777777,130.0,3.611111111111111,34,36.0,6400.0,130.0,1.0588235294117647,188.23529411764707,177.77777777777777,0.0
PRV52391,0.0,0.0,0.0,0.0,0.0,0.0,22.0,15.0,9030.0,410.45454545454544,200.0,9.090909090909092,15,22.0,9030.0,200.0,1.4666666666666666,602.0,410.45454545454544,0.0
PRV52392,5.0,4.0,50000.0,10000.0,5340.0,1068.0,122.0,54.0,35980.0,294.91803278688525,220.0,1.8032786885245902,54,127.0,85980.0,5560.0,2.3518518518518516,1592.2222222222222,677.007874015748,0.03937007874015748
PRV52393,16.0,12.0,178000.0,11125.0,16020.0,1068.0,75.0,56.0,19430.0,259.06666666666666,180.0,2.4,62,91.0,197430.0,16200.0,1.467741935483871,3184.3548387096776,2169.5604395604396,0.17582417582417584
PRV52394,3.0,3.0,16000.0,5333.333333333333,3204.0,1068.0,115.0,93.0,39530.0,343.7391304347826,550.0,4.782608695652174,96,118.0,55530.0,3754.0,1.2291666666666667,578.4375,470.59322033898303,0.025423728813559324
PRV52395,0.0,0.0,0.0,0.0,0.0,0.0,912.0,444.0,268430.0,294.3311403508772,3080.0,3.3771929824561404,444,912.0,268430.0,3080.0,2.054054054054054,604.572072072072,294.3311403508772,0.0
PRV52396,17.0,16.0,148000.0,8705.882352941177,18156.0,1068.0,23.0,20.0,8300.0,360.8695652173913,0.0,0.0,34,40.0,156300.0,18156.0,1.1764705882352942,4597.058823529412,3907.5,0.425
PRV52397,0.0,0.0,0.0,0.0,0.0,0.0,8.0,8.0,1010.0,126.25,70.0,8.75,8,8.0,1010.0,70.0,1.0,126.25,126.25,0.0
PRV52398,12.0,11.0,188000.0,15666.666666666666,11748.0,1068.0,36.0,30.0,9890.0,274.72222222222223,120.0,3.3333333333333335,41,48.0,197890.0,11868.0,1.170731707317073,4826.585365853659,4122.708333333333,0.25
PRV52399,0.0,0.0,0.0,0.0,0.0,0.0,434.0,277.0,118800.0,273.7327188940092,1150.0,2.6497695852534564,277,434.0,118800.0,1150.0,1.5667870036101084,428.8808664259928,273.7327188940092,0.0
PRV52400,0.0,0.0,0.0,0.0,0.0,0.0,231.0,120.0,64710.0,280.12987012987014,510.0,2.207792207792208,120,231.0,64710.0,510.0,1.925,539.25,280.12987012987014,0.0
PRV52401,4.0,4.0,51000.0,12750.0,4272.0,1068.0,137.0,50.0,27400.0,200.0,730.0,5.328467153284672,54,141.0,78400.0,5002.0,2.611111111111111,1451.851851851852,556.0283687943263,0.028368794326241134
PRV52402,57.0,56.0,535000.0,9385.964912280702,59808.0,1068.0,152.0,130.0,42120.0,277.10526315789474,430.0,2.8289473684210527,185,209.0,577120.0,60238.0,1.1297297297297297,3119.5675675675675,2761.33971291866,0.2727272727272727
PRV52403,2.0,2.0,13000.0,6500.0,2136.0,1068.0,214.0,83.0,49760.0,232.52336448598132,480.0,2.2429906542056073,84,216.0,62760.0,2616.0,2.5714285714285716,747.1428571428571,290.55555555555554,0.009259259259259259
PRV52404,7.0,6.0,59000.0,8428.57142857143,7476.0,1068.0,20.0,20.0,1610.0,80.5,160.0,8.0,26,27.0,60610.0,7636.0,1.0384615384615385,2331.153846153846,2244.814814814815,0.25925925925925924
PRV52405,22.0,22.0,169000.0,7681.818181818182,23496.0,1068.0,67.0,51.0,20070.0,299.55223880597015,110.0,1.6417910447761195,71,89.0,189070.0,23606.0,1.2535211267605635,2662.957746478873,2124.38202247191,0.24719101123595505
PRV52406,0.0,0.0,0.0,0.0,0.0,0.0,63.0,44.0,13420.0,213.015873015873,130.0,2.0634920634920637,44,63.0,13420.0,130.0,1.4318181818181819,305.0,213.015873015873,0.0
PRV52407,0.0,0.0,0.0,0.0,0.0,0.0,43.0,18.0,15970.0,371.3953488372093,410.0,9.534883720930232,18,43.0,15970.0,410.0,2.388888888888889,887.2222222222222,371.3953488372093,0.0
PRV52408,0.0,0.0,0.0,0.0,0.0,0.0,29.0,12.0,4270.0,147.24137931034483,80.0,2.7586206896551726,12,29.0,4270.0,80.0,2.4166666666666665,355.8333333333333,147.24137931034483,0.0
PRV52409,0.0,0.0,0.0,0.0,0.0,0.0,16.0,15.0,2630.0,164.375,100.0,6.25,15,16.0,2630.0,100.0,1.0666666666666667,175.33333333333334,164.375,0.0
PRV52410,0.0,0.0,0.0,0.0,0.0,0.0,58.0,23.0,24310.0,419.13793103448273,0.0,0.0,23,58.0,24310.0,0.0,2.5217391304347827,1056.9565217391305,419.13793103448273,0.0
PRV52411,0.0,0.0,0.0,0.0,0.0,0.0,92.0,51.0,32010.0,347.9347826086956,420.0,4.565217391304348,51,92.0,32010.0,420.0,1.803921568627451,627.6470588235294,347.9347826086956,0.0
PRV52412,0.0,0.0,0.0,0.0,0.0,0.0,63.0,40.0,20340.0,322.85714285714283,70.0,1.1111111111111112,40,63.0,20340.0,70.0,1.575,508.5,322.85714285714283,0.0
PRV52414,0.0,0.0,0.0,0.0,0.0,0.0,132.0,59.0,43600.0,330.3030303030303,550.0,4.166666666666667,59,132.0,43600.0,550.0,2.23728813559322,738.9830508474577,330.3030303030303,0.0
PRV52415,0.0,0.0,0.0,0.0,0.0,0.0,41.0,13.0,7500.0,182.9268292682927,390.0,9.512195121951219,13,41.0,7500.0,390.0,3.1538461538461537,576.9230769230769,182.9268292682927,0.0
PRV52416,0.0,0.0,0.0,0.0,0.0,0.0,42.0,22.0,9650.0,229.76190476190476,230.0,5.476190476190476,22,42.0,9650.0,230.0,1.9090909090909092,438.6363636363636,229.76190476190476,0.0
PRV52417,0.0,0.0,0.0,0.0,0.0,0.0,20.0,7.0,4210.0,210.5,120.0,6.0,7,20.0,4210.0,120.0,2.857142857142857,601.4285714285714,210.5,0.0
PRV52418,0.0,0.0,0.0,0.0,0.0,0.0,35.0,24.0,7730.0,220.85714285714286,150.0,4.285714285714286,24,35.0,7730.0,150.0,1.4583333333333333,322.0833333333333,220.85714285714286,0.0
PRV52419,5.0,3.0,68000.0,13600.0,4272.0,1068.0,107.0,34.0,45470.0,424.95327102803736,270.0,2.5233644859813085,34,112.0,113470.0,4542.0,3.2941176470588234,3337.3529411764707,1013.125,0.044642857142857144
PRV52420,0.0,0.0,0.0,0.0,0.0,0.0,141.0,47.0,78050.0,553.5460992907801,100.0,0.7092198581560284,47,141.0,78050.0,100.0,3.0,1660.6382978723404,553.5460992907801,0.0
PRV52421,0.0,0.0,0.0,0.0,0.0,0.0,95.0,63.0,33550.0,353.1578947368421,200.0,2.1052631578947367,63,95.0,33550.0,200.0,1.507936507936508,532.5396825396825,353.1578947368421,0.0
PRV52422,0.0,0.0,0.0,0.0,0.0,0.0,58.0,33.0,26400.0,455.17241379310343,300.0,5.172413793103448,33,58.0,26400.0,300.0,1.7575757575757576,800.0,455.17241379310343,0.0
PRV52423,0.0,0.0,0.0,0.0,0.0,0.0,54.0,30.0,11480.0,212.59259259259258,180.0,3.3333333333333335,30,54.0,11480.0,180.0,1.8,382.6666666666667,212.59259259259258,0.0
PRV52425,0.0,0.0,0.0,0.0,0.0,0.0,23.0,8.0,3570.0,155.2173913043478,70.0,3.0434782608695654,8,23.0,3570.0,70.0,2.875,446.25,155.2173913043478,0.0
PRV52427,3.0,3.0,30000.0,10000.0,3204.0,1068.0,16.0,10.0,6850.0,428.125,0.0,0.0,12,19.0,36850.0,3204.0,1.5833333333333333,3070.8333333333335,1939.4736842105262,0.15789473684210525
PRV52431,0.0,0.0,0.0,0.0,0.0,0.0,63.0,36.0,23850.0,378.57142857142856,150.0,2.380952380952381,36,63.0,23850.0,150.0,1.75,662.5,378.57142857142856,0.0
PRV52432,0.0,0.0,0.0,0.0,0.0,0.0,58.0,27.0,12780.0,220.3448275862069,220.0,3.793103448275862,27,58.0,12780.0,220.0,2.1481481481481484,473.3333333333333,220.3448275862069,0.0
PRV52433,0.0,0.0,0.0,0.0,0.0,0.0,85.0,62.0,22060.0,259.52941176470586,170.0,2.0,62,85.0,22060.0,170.0,1.3709677419354838,355.80645161290323,259.52941176470586,0.0
PRV52434,0.0,0.0,0.0,0.0,0.0,0.0,2.0,2.0,90.0,45.0,0.0,0.0,2,2.0,90.0,0.0,1.0,45.0,45.0,0.0
PRV52435,0.0,0.0,0.0,0.0,0.0,0.0,70.0,25.0,20420.0,291.7142857142857,380.0,5.428571428571429,25,70.0,20420.0,380.0,2.8,816.8,291.7142857142857,0.0
PRV52436,0.0,0.0,0.0,0.0,0.0,0.0,44.0,22.0,9980.0,226.8181818181818,60.0,1.3636363636363635,22,44.0,9980.0,60.0,2.0,453.6363636363636,226.8181818181818,0.0
PRV52437,0.0,0.0,0.0,0.0,0.0,0.0,43.0,26.0,11050.0,256.9767441860465,40.0,0.9302325581395349,26,43.0,11050.0,40.0,1.6538461538461537,425.0,256.9767441860465,0.0
PRV52439,0.0,0.0,0.0,0.0,0.0,0.0,121.0,64.0,29520.0,243.96694214876032,320.0,2.644628099173554,64,121.0,29520.0,320.0,1.890625,461.25,243.96694214876032,0.0
PRV52440,0.0,0.0,0.0,0.0,0.0,0.0,12.0,8.0,4980.0,415.0,200.0,16.666666666666668,8,12.0,4980.0,200.0,1.5,622.5,415.0,0.0
PRV52441,0.0,0.0,0.0,0.0,0.0,0.0,94.0,53.0,20410.0,217.12765957446808,670.0,7.127659574468085,53,94.0,20410.0,670.0,1.7735849056603774,385.0943396226415,217.12765957446808,0.0
PRV52443,0.0,0.0,0.0,0.0,0.0,0.0,1.0,1.0,10.0,10.0,0.0,0.0,1,1.0,10.0,0.0,1.0,10.0,10.0,0.0
PRV52445,5.0,5.0,102000.0,20400.0,5340.0,1068.0,0.0,0.0,0.0,0.0,0.0,0.0,5,5.0,102000.0,5340.0,1.0,20400.0,20400.0,1.0
PRV52446,10.0,10.0,129000.0,12900.0,10680.0,1068.0,0.0,0.0,0.0,0.0,0.0,0.0,10,10.0,129000.0,10680.0,1.0,12900.0,12900.0,1.0
PRV52448,0.0,0.0,0.0,0.0,0.0,0.0,2.0,2.0,170.0,85.0,0.0,0.0,2,2.0,170.0,0.0,1.0,85.0,85.0,0.0
PRV52449,6.0,5.0,126000.0,21000.0,6408.0,1068.0,0.0,0.0,0.0,0.0,0.0,0.0,5,6.0,126000.0,6408.0,1.2,25200.0,21000.0,1.0
PRV52450,0.0,0.0,0.0,0.0,0.0,0.0,298.0,232.0,81540.0,273.6241610738255,590.0,1.9798657718120805,232,298.0,81540.0,590.0,1.2844827586206897,351.4655172413793,273.6241610738255,0.0
PRV52451,0.0,0.0,0.0,0.0,0.0,0.0,20.0,17.0,11130.0,556.5,20.0,1.0,17,20.0,11130.0,20.0,1.1764705882352942,654.7058823529412,556.5,0.0
PRV52452,2.0,2.0,20000.0,10000.0,2136.0,1068.0,272.0,134.0,67650.0,248.71323529411765,1420.0,5.220588235294118,136,274.0,87650.0,3556.0,2.014705882352941,644.4852941176471,319.8905109489051,0.0072992700729927005
PRV52453,0.0,0.0,0.0,0.0,0.0,0.0,1.0,1.0,20.0,20.0,0.0,0.0,1,1.0,20.0,0.0,1.0,20.0,20.0,0.0
PRV52454,0.0,0.0,0.0,0.0,0.0,0.0,15.0,14.0,1450.0,96.66666666666667,90.0,6.0,14,15.0,1450.0,90.0,1.0714285714285714,103.57142857142857,96.66666666666667,0.0
PRV52455,0.0,0.0,0.0,0.0,0.0,0.0,76.0,45.0,24200.0,318.42105263157896,280.0,3.6842105263157894,45,76.0,24200.0,280.0,1.6888888888888889,537.7777777777778,318.42105263157896,0.0
PRV52456,0.0,0.0,0.0,0.0,0.0,0.0,7.0,7.0,1370.0,195.71428571428572,0.0,0.0,7,7.0,1370.0,0.0,1.0,195.71428571428572,195.71428571428572,0.0
PRV52457,9.0,9.0,117000.0,13000.0,8544.0,1068.0,0.0,0.0,0.0,0.0,0.0,0.0,9,9.0,117000.0,8544.0,1.0,13000.0,13000.0,1.0
PRV52458,1.0,1.0,27000.0,27000.0,1068.0,1068.0,0.0,0.0,0.0,0.0,0.0,0.0,1,1.0,27000.0,1068.0,1.0,27000.0,27000.0,1.0
PRV52459,50.0,49.0,505900.0,10118.0,52332.0,1068.0,0.0,0.0,0.0,0.0,0.0,0.0,49,50.0,505900.0,52332.0,1.0204081632653061,10324.489795918367,10118.0,1.0
PRV52460,13.0,9.0,90000.0,6923.076923076923,13884.0,1068.0,0.0,0.0,0.0,0.0,0.0,0.0,9,13.0,90000.0,13884.0,1.4444444444444444,10000.0,6923.076923076923,1.0
PRV52461,7.0,7.0,48000.0,6857.142857142857,7476.0,1068.0,0.0,0.0,0.0,0.0,0.0,0.0,7,7.0,48000.0,7476.0,1.0,6857.142857142857,6857.142857142857,1.0
PRV52462,2.0,2.0,16000.0,8000.0,1068.0,1068.0,0.0,0.0,0.0,0.0,0.0,0.0,2,2.0,16000.0,1068.0,1.0,8000.0,8000.0,1.0
PRV52463,1.0,1.0,5000.0,5000.0,1068.0,1068.0,0.0,0.0,0.0,0.0,0.0,0.0,1,1.0,5000.0,1068.0,1.0,5000.0,5000.0,1.0
PRV52464,2.0,2.0,12000.0,6000.0,2136.0,1068.0,0.0,0.0,0.0,0.0,0.0,0.0,2,2.0,12000.0,2136.0,1.0,6000.0,6000.0,1.0
PRV52466,13.0,11.0,139000.0,10692.307692307691,13884.0,1068.0,0.0,0.0,0.0,0.0,0.0,0.0,11,13.0,139000.0,13884.0,1.1818181818181819,12636.363636363636,10692.307692307691,1.0
PRV52467,8.0,7.0,169000.0,21125.0,8544.0,1068.0,95.0,84.0,14660.0,154.31578947368422,300.0,3.1578947368421053,89,103.0,183660.0,8844.0,1.1573033707865168,2063.5955056179773,1783.106796116505,0.07766990291262135
PRV52468,3.0,3.0,29000.0,9666.666666666666,3204.0,1068.0,18.0,18.0,3450.0,191.66666666666666,0.0,0.0,21,21.0,32450.0,3204.0,1.0,1545.2380952380952,1545.2380952380952,0.14285714285714285
PRV52469,6.0,6.0,54000.0,9000.0,6408.0,1068.0,178.0,145.0,50420.0,283.2584269662921,280.0,1.5730337078651686,150,184.0,104420.0,6688.0,1.2266666666666666,696.1333333333333,567.5,0.03260869565217391
PRV52470,0.0,0.0,0.0,0.0,0.0,0.0,3.0,3.0,270.0,90.0,0.0,0.0,3,3.0,270.0,0.0,1.0,90.0,90.0,0.0
PRV52471,0.0,0.0,0.0,0.0,0.0,0.0,8.0,8.0,1640.0,205.0,100.0,12.5,8,8.0,1640.0,100.0,1.0,205.0,205.0,0.0
PRV52472,18.0,17.0,187000.0,10388.888888888889,18156.0,1068.0,43.0,40.0,16810.0,390.93023255813955,100.0,2.3255813953488373,57,61.0,203810.0,18256.0,1.0701754385964912,3575.6140350877195,3341.1475409836066,0.29508196721311475
PRV52473,0.0,0.0,0.0,0.0,0.0,0.0,4.0,4.0,3870.0,967.5,0.0,0.0,4,4.0,3870.0,0.0,1.0,967.5,967.5,0.0
PRV52474,22.0,20.0,224000.0,10181.818181818182,22428.0,1068.0,15.0,15.0,4770.0,318.0,60.0,4.0,35,37.0,228770.0,22488.0,1.0571428571428572,6536.285714285715,6182.972972972973,0.5945945945945946
PRV52476,6.0,6.0,84000.0,14000.0,6408.0,1068.0,20.0,20.0,3300.0,165.0,100.0,5.0,26,26.0,87300.0,6508.0,1.0,3357.6923076923076,3357.6923076923076,0.23076923076923078
PRV52478,5.0,5.0,21000.0,4200.0,5340.0,1068.0,50.0,47.0,10700.0,214.0,140.0,2.8,52,55.0,31700.0,5480.0,1.0576923076923077,609.6153846153846,576.3636363636364,0.09090909090909091
PRV52480,5.0,5.0,40000.0,8000.0,5340.0,1068.0,25.0,24.0,4350.0,174.0,0.0,0.0,29,30.0,44350.0,5340.0,1.0344827586206897,1529.3103448275863,1478.3333333333333,0.16666666666666666
PRV52482,0.0,0.0,0.0,0.0,0.0,0.0,1.0,1.0,40.0,40.0,0.0,0.0,1,1.0,40.0,0.0,1.0,40.0,40.0,0.0
PRV52483,0.0,0.0,0.0,0.0,0.0,0.0,223.0,61.0,52110.0,233.67713004484304,550.0,2.4663677130044843,61,223.0,52110.0,550.0,3.6557377049180326,854.2622950819672,233.67713004484304,0.0
PRV52484,0.0,0.0,0.0,0.0,0.0,0.0,13.0,10.0,1570.0,120.76923076923077,290.0,22.307692307692307,10,13.0,1570.0,290.0,1.3,157.0,120.76923076923077,0.0
PRV52485,0.0,0.0,0.0,0.0,0.0,0.0,5.0,4.0,1580.0,316.0,60.0,12.0,4,5.0,1580.0,60.0,1.25,395.0,316.0,0.0
PRV52486,0.0,0.0,0.0,0.0,0.0,0.0,69.0,58.0,22140.0,320.8695652173913,110.0,1.5942028985507246,58,69.0,22140.0,110.0,1.1896551724137931,381.7241379310345,320.8695652173913,0.0
PRV52487,0.0,0.0,0.0,0.0,0.0,0.0,177.0,127.0,51030.0,288.3050847457627,1120.0,6.327683615819209,127,177.0,51030.0,1120.0,1.3937007874015748,401.81102362204723,288.3050847457627,0.0
PRV52488,0.0,0.0,0.0,0.0,0.0,0.0,183.0,130.0,44710.0,244.3169398907104,640.0,3.4972677595628414,130,183.0,44710.0,640.0,1.4076923076923078,343.9230769230769,244.3169398907104,0.0
PRV52490,0.0,0.0,0.0,0.0,0.0,0.0,17.0,16.0,4990.0,293.52941176470586,0.0,0.0,16,17.0,4990.0,0.0,1.0625,311.875,293.52941176470586,0.0
PRV52491,0.0,0.0,0.0,0.0,0.0,0.0,63.0,57.0,16580.0,263.1746031746032,100.0,1.5873015873015872,57,63.0,16580.0,100.0,1.105263157894737,290.87719298245617,263.1746031746032,0.0
PRV52492,0.0,0.0,0.0,0.0,0.0,0.0,34.0,33.0,7810.0,229.7058823529412,20.0,0.5882352941176471,33,34.0,7810.0,20.0,1.0303030303030303,236.66666666666666,229.7058823529412,0.0
PRV52493,0.0,0.0,0.0,0.0,0.0,0.0,16.0,16.0,3970.0,248.125,0.0,0.0,16,16.0,3970.0,0.0,1.0,248.125,248.125,0.0
PRV52494,0.0,0.0,0.0,0.0,0.0,0.0,1.0,1.0,20.0,20.0,0.0,0.0,1,1.0,20.0,0.0,1.0,20.0,20.0,0.0
PRV52495,12.0,11.0,97000.0,8083.333333333333,12816.0,1068.0,3.0,3.0,1800.0,600.0,0.0,0.0,14,15.0,98800.0,12816.0,1.0714285714285714,7057.142857142857,6586.666666666667,0.8
PRV52497,4.0,4.0,55000.0,13750.0,4272.0,1068.0,26.0,26.0,4240.0,163.07692307692307,0.0,0.0,30,30.0,59240.0,4272.0,1.0,1974.6666666666667,1974.6666666666667,0.13333333333333333
PRV52499,8.0,8.0,115000.0,14375.0,7476.0,1068.0,149.0,115.0,49670.0,333.3557046979866,400.0,2.684563758389262,119,157.0,164670.0,7876.0,1.319327731092437,1383.781512605042,1048.8535031847134,0.050955414012738856
PRV52500,7.0,7.0,55000.0,7857.142857142857,7476.0,1068.0,119.0,104.0,31310.0,263.109243697479,350.0,2.9411764705882355,111,126.0,86310.0,7826.0,1.135135135135135,777.5675675675676,685.0,0.05555555555555555
PRV52501,0.0,0.0,0.0,0.0,0.0,0.0,19.0,16.0,4840.0,254.73684210526315,100.0,5.2631578947368425,16,19.0,4840.0,100.0,1.1875,302.5,254.73684210526315,0.0
PRV52502,26.0,16.0,232070.0,8925.76923076923,26700.0,1068.0,93.0,76.0,28830.0,310.0,20.0,0.21505376344086022,87,119.0,260900.0,26720.0,1.367816091954023,2998.8505747126437,2192.436974789916,0.2184873949579832
PRV52503,5.0,4.0,44000.0,8800.0,5340.0,1068.0,73.0,60.0,28800.0,394.52054794520546,360.0,4.931506849315069,63,78.0,72800.0,5700.0,1.2380952380952381,1155.5555555555557,933.3333333333334,0.0641025641025641
PRV52504,14.0,9.0,112200.0,8014.285714285715,14952.0,1068.0,26.0,26.0,1980.0,76.15384615384616,0.0,0.0,34,40.0,114180.0,14952.0,1.1764705882352942,3358.235294117647,2854.5,0.35
PRV52506,0.0,0.0,0.0,0.0,0.0,0.0,13.0,12.0,2190.0,168.46153846153845,0.0,0.0,12,13.0,2190.0,0.0,1.0833333333333333,182.5,168.46153846153845,0.0
PRV52507,0.0,0.0,0.0,0.0,0.0,0.0,29.0,24.0,7250.0,250.0,100.0,3.4482758620689653,24,29.0,7250.0,100.0,1.2083333333333333,302.0833333333333,250.0,0.0
PRV52508,2.0,2.0,23000.0,11500.0,2136.0,1068.0,35.0,34.0,7640.0,218.28571428571428,50.0,1.4285714285714286,36,37.0,30640.0,2186.0,1.0277777777777777,851.1111111111111,828.1081081081081,0.05405405405405406
PRV52509,6.0,6.0,96000.0,16000.0,6408.0,1068.0,57.0,24.0,17850.0,313.1578947368421,160.0,2.807017543859649,26,63.0,113850.0,6568.0,2.423076923076923,4378.846153846154,1807.142857142857,0.09523809523809523
PRV52510,0.0,0.0,0.0,0.0,0.0,0.0,26.0,22.0,4240.0,163.07692307692307,100.0,3.8461538461538463,22,26.0,4240.0,100.0,1.1818181818181819,192.72727272727272,163.07692307692307,0.0
PRV52511,75.0,61.0,675200.0,9002.666666666666,79032.0,1068.0,171.0,140.0,45080.0,263.62573099415204,440.0,2.573099415204678,196,246.0,720280.0,79472.0,1.2551020408163265,3674.8979591836733,2927.967479674797,0.3048780487804878
PRV52512,0.0,0.0,0.0,0.0,0.0,0.0,31.0,19.0,6090.0,196.4516129032258,0.0,0.0,19,31.0,6090.0,0.0,1.631578947368421,320.5263157894737,196.4516129032258,0.0
PRV52513,0.0,0.0,0.0,0.0,0.0,0.0,20.0,18.0,3870.0,193.5,0.0,0.0,18,20.0,3870.0,0.0,1.1111111111111112,215.0,193.5,0.0
PRV52514,0.0,0.0,0.0,0.0,0.0,0.0,15.0,13.0,6600.0,440.0,60.0,4.0,13,15.0,6600.0,60.0,1.1538461538461537,507.6923076923077,440.0,0.0
PRV52515,0.0,0.0,0.0,0.0,0.0,0.0,17.0,17.0,2450.0,144.11764705882354,40.0,2.3529411764705883,17,17.0,2450.0,40.0,1.0,144.11764705882354,144.11764705882354,0.0
PRV52517,0.0,0.0,0.0,0.0,0.0,0.0,32.0,26.0,10910.0,340.9375,120.0,3.75,26,32.0,10910.0,120.0,1.2307692307692308,419.61538461538464,340.9375,0.0
PRV52518,1.0,1.0,57000.0,57000.0,1068.0,1068.0,50.0,49.0,15340.0,306.8,100.0,2.0,50,51.0,72340.0,1168.0,1.02,1446.8,1418.4313725490197,0.0196078431372549
PRV52519,6.0,6.0,98000.0,16333.333333333334,6408.0,1068.0,94.0,69.0,39180.0,416.8085106382979,300.0,3.1914893617021276,72,100.0,137180.0,6708.0,1.3888888888888888,1905.2777777777778,1371.8,0.06
PRV52520,0.0,0.0,0.0,0.0,0.0,0.0,121.0,51.0,39910.0,329.8347107438017,390.0,3.2231404958677685,51,121.0,39910.0,390.0,2.372549019607843,782.5490196078431,329.8347107438017,0.0
PRV52521,0.0,0.0,0.0,0.0,0.0,0.0,113.0,88.0,25000.0,221.23893805309734,160.0,1.415929203539823,88,113.0,25000.0,160.0,1.2840909090909092,284.09090909090907,221.23893805309734,0.0
PRV52523,0.0,0.0,0.0,0.0,0.0,0.0,3.0,3.0,480.0,160.0,0.0,0.0,3,3.0,480.0,0.0,1.0,160.0,160.0,0.0
PRV52525,0.0,0.0,0.0,0.0,0.0,0.0,2.0,2.0,150.0,75.0,0.0,0.0,2,2.0,150.0,0.0,1.0,75.0,75.0,0.0
PRV52526,0.0,0.0,0.0,0.0,0.0,0.0,1.0,1.0,90.0,90.0,0.0,0.0,1,1.0,90.0,0.0,1.0,90.0,90.0,0.0
PRV52527,0.0,0.0,0.0,0.0,0.0,0.0,160.0,73.0,48730.0,304.5625,600.0,3.75,73,160.0,48730.0,600.0,2.191780821917808,667.5342465753424,304.5625,0.0
PRV52528,0.0,0.0,0.0,0.0,0.0,0.0,26.0,16.0,6460.0,248.46153846153845,0.0,0.0,16,26.0,6460.0,0.0,1.625,403.75,248.46153846153845,0.0
PRV52529,0.0,0.0,0.0,0.0,0.0,0.0,12.0,8.0,2120.0,176.66666666666666,0.0,0.0,8,12.0,2120.0,0.0,1.5,265.0,176.66666666666666,0.0
PRV52530,1.0,1.0,3000.0,3000.0,1068.0,1068.0,9.0,9.0,2210.0,245.55555555555554,0.0,0.0,9,10.0,5210.0,1068.0,1.1111111111111112,578.8888888888889,521.0,0.1
PRV52531,0.0,0.0,0.0,0.0,0.0,0.0,5.0,5.0,2970.0,594.0,30.0,6.0,5,5.0,2970.0,30.0,1.0,594.0,594.0,0.0
PRV52532,0.0,0.0,0.0,0.0,0.0,0.0,16.0,15.0,2550.0,159.375,60.0,3.75,15,16.0,2550.0,60.0,1.0666666666666667,170.0,159.375,0.0
PRV52533,0.0,0.0,0.0,0.0,0.0,0.0,43.0,27.0,7380.0,171.62790697674419,410.0,9.534883720930232,27,43.0,7380.0,410.0,1.5925925925925926,273.3333333333333,171.62790697674419,0.0
PRV52535,0.0,0.0,0.0,0.0,0.0,0.0,18.0,12.0,7200.0,400.0,90.0,5.0,12,18.0,7200.0,90.0,1.5,600.0,400.0,0.0
PRV52536,1.0,1.0,14000.0,14000.0,1068.0,1068.0,0.0,0.0,0.0,0.0,0.0,0.0,1,1.0,14000.0,1068.0,1.0,14000.0,14000.0,1.0
PRV52537,1.0,1.0,57000.0,57000.0,1068.0,1068.0,0.0,0.0,0.0,0.0,0.0,0.0,1,1.0,57000.0,1068.0,1.0,57000.0,57000.0,1.0
PRV52539,0.0,0.0,0.0,0.0,0.0,0.0,14.0,12.0,4450.0,317.85714285714283,100.0,7.142857142857143,12,14.0,4450.0,100.0,1.1666666666666667,370.8333333333333,317.85714285714283,0.0
PRV52540,0.0,0.0,0.0,0.0,0.0,0.0,7.0,4.0,3370.0,481.42857142857144,0.0,0.0,4,7.0,3370.0,0.0,1.75,842.5,481.42857142857144,0.0
PRV52541,5.0,5.0,41000.0,8200.0,5340.0,1068.0,0.0,0.0,0.0,0.0,0.0,0.0,5,5.0,41000.0,5340.0,1.0,8200.0,8200.0,1.0
PRV52542,0.0,0.0,0.0,0.0,0.0,0.0,62.0,44.0,15920.0,256.7741935483871,110.0,1.7741935483870968,44,62.0,15920.0,110.0,1.4090909090909092,361.8181818181818,256.7741935483871,0.0
PRV52543,0.0,0.0,0.0,0.0,0.0,0.0,171.0,89.0,47550.0,278.0701754385965,580.0,3.391812865497076,89,171.0,47550.0,580.0,1.9213483146067416,534.2696629213483,278.0701754385965,0.0
PRV52544,6.0,6.0,34000.0,5666.666666666667,6408.0,1068.0,0.0,0.0,0.0,0.0,0.0,0.0,6,6.0,34000.0,6408.0,1.0,5666.666666666667,5666.666666666667,1.0
PRV52545,0.0,0.0,0.0,0.0,0.0,0.0,13.0,13.0,1460.0,112.3076923076923,110.0,8.461538461538462,13,13.0,1460.0,110.0,1.0,112.3076923076923,112.3076923076923,0.0
PRV52547,0.0,0.0,0.0,0.0,0.0,0.0,2.0,2.0,3020.0,1510.0,0.0,0.0,2,2.0,3020.0,0.0,1.0,1510.0,1510.0,0.0
PRV52548,5.0,5.0,37000.0,7400.0,5340.0,1068.0,10.0,10.0,1750.0,175.0,0.0,0.0,15,15.0,38750.0,5340.0,1.0,2583.3333333333335,2583.3333333333335,0.3333333333333333
PRV52549,6.0,5.0,39000.0,6500.0,6408.0,1068.0,150.0,49.0,58160.0,387.73333333333335,710.0,4.733333333333333,54,156.0,97160.0,7118.0,2.888888888888889,1799.2592592592594,622.8205128205128,0.038461538461538464
PRV52551,0.0,0.0,0.0,0.0,0.0,0.0,5.0,5.0,920.0,184.0,0.0,0.0,5,5.0,920.0,0.0,1.0,184.0,184.0,0.0
PRV52552,11.0,11.0,107000.0,9727.272727272728,11748.0,1068.0,44.0,43.0,12870.0,292.5,190.0,4.318181818181818,54,55.0,119870.0,11938.0,1.0185185185185186,2219.814814814815,2179.4545454545455,0.2
PRV52553,4.0,4.0,60000.0,15000.0,4272.0,1068.0,4.0,4.0,2320.0,580.0,0.0,0.0,8,8.0,62320.0,4272.0,1.0,7790.0,7790.0,0.5
PRV52554,0.0,0.0,0.0,0.0,0.0,0.0,13.0,13.0,1970.0,151.53846153846155,0.0,0.0,13,13.0,1970.0,0.0,1.0,151.53846153846155,151.53846153846155,0.0
PRV52555,0.0,0.0,0.0,0.0,0.0,0.0,7.0,7.0,3600.0,514.2857142857143,0.0,0.0,7,7.0,3600.0,0.0,1.0,514.2857142857143,514.2857142857143,0.0
PRV52556,46.0,40.0,447000.0,9717.391304347826,48060.0,1068.0,69.0,62.0,17760.0,257.39130434782606,270.0,3.9130434782608696,100,115.0,464760.0,48330.0,1.15,4647.6,4041.391304347826,0.4
PRV52557,0.0,0.0,0.0,0.0,0.0,0.0,11.0,9.0,970.0,88.18181818181819,0.0,0.0,9,11.0,970.0,0.0,1.2222222222222223,107.77777777777777,88.18181818181819,0.0
PRV52558,0.0,0.0,0.0,0.0,0.0,0.0,494.0,440.0,140900.0,285.2226720647773,1220.0,2.4696356275303644,440,494.0,140900.0,1220.0,1.1227272727272728,320.22727272727275,285.2226720647773,0.0
PRV52559,0.0,0.0,0.0,0.0,0.0,0.0,359.0,207.0,90740.0,252.75766016713092,540.0,1.5041782729805013,207,359.0,90740.0,540.0,1.7342995169082125,438.35748792270533,252.75766016713092,0.0
PRV52560,0.0,0.0,0.0,0.0,0.0,0.0,503.0,174.0,145450.0,289.16500994035783,1870.0,3.7176938369781314,174,503.0,145450.0,1870.0,2.8908045977011496,835.919540229885,289.16500994035783,0.0
PRV52561,0.0,0.0,0.0,0.0,0.0,0.0,280.0,261.0,128900.0,460.35714285714283,890.0,3.1785714285714284,261,280.0,128900.0,890.0,1.0727969348659003,493.86973180076626,460.35714285714283,0.0
PRV52562,6.0,5.0,72000.0,12000.0,5340.0,1068.0,81.0,56.0,18620.0,229.87654320987653,390.0,4.814814814814815,61,87.0,90620.0,5730.0,1.4262295081967213,1485.5737704918033,1041.6091954022988,0.06896551724137931
PRV52563,0.0,0.0,0.0,0.0,0.0,0.0,473.0,246.0,173770.0,367.3784355179704,1260.0,2.66384778012685,246,473.0,173770.0,1260.0,1.9227642276422765,706.3821138211382,367.3784355179704,0.0
PRV52564,5.0,5.0,35000.0,7000.0,5340.0,1068.0,16.0,16.0,4700.0,293.75,20.0,1.25,21,21.0,39700.0,5360.0,1.0,1890.4761904761904,1890.4761904761904,0.23809523809523808
PRV52565,11.0,11.0,109000.0,9909.09090909091,11748.0,1068.0,126.0,78.0,32640.0,259.04761904761904,390.0,3.0952380952380953,86,137.0,141640.0,12138.0,1.5930232558139534,1646.9767441860465,1033.8686131386862,0.08029197080291971
PRV52566,22.0,22.0,219400.0,9972.727272727272,23496.0,1068.0,117.0,113.0,32630.0,278.8888888888889,360.0,3.076923076923077,135,139.0,252030.0,23856.0,1.0296296296296297,1866.888888888889,1813.1654676258993,0.15827338129496402
PRV52567,0.0,0.0,0.0,0.0,0.0,0.0,66.0,38.0,29670.0,449.54545454545456,480.0,7.2727272727272725,38,66.0,29670.0,480.0,1.736842105263158,780.7894736842105,449.54545454545456,0.0
PRV52568,0.0,0.0,0.0,0.0,0.0,0.0,87.0,41.0,25730.0,295.7471264367816,430.0,4.942528735632184,41,87.0,25730.0,430.0,2.1219512195121952,627.560975609756,295.7471264367816,0.0
PRV52570,8.0,8.0,62000.0,7750.0,8544.0,1068.0,16.0,15.0,6190.0,386.875,0.0,0.0,23,24.0,68190.0,8544.0,1.0434782608695652,2964.782608695652,2841.25,0.3333333333333333
PRV52571,0.0,0.0,0.0,0.0,0.0,0.0,508.0,429.0,161790.0,318.48425196850394,1130.0,2.2244094488188977,429,508.0,161790.0,1130.0,1.1841491841491842,377.13286713286715,318.48425196850394,0.0
PRV52572,0.0,0.0,0.0,0.0,0.0,0.0,3.0,3.0,4150.0,1383.3333333333333,0.0,0.0,3,3.0,4150.0,0.0,1.0,1383.3333333333333,1383.3333333333333,0.0
PRV52573,0.0,0.0,0.0,0.0,0.0,0.0,587.0,520.0,158670.0,270.30664395229985,1010.0,1.7206132879045997,520,587.0,158670.0,1010.0,1.1288461538461538,305.13461538461536,270.30664395229985,0.0
PRV52574,146.0,117.0,1498900.0,10266.438356164384,153792.0,1068.0,113.0,93.0,34930.0,309.11504424778764,280.0,2.47787610619469,208,259.0,1533830.0,154072.0,1.2451923076923077,7374.182692307692,5922.123552123552,0.5637065637065637
PRV52575,0.0,0.0,0.0,0.0,0.0,0.0,70.0,40.0,23780.0,339.7142857142857,100.0,1.4285714285714286,40,70.0,23780.0,100.0,1.75,594.5,339.7142857142857,0.0
PRV52576,3.0,3.0,42000.0,14000.0,3204.0,1068.0,23.0,23.0,7850.0,341.30434782608694,0.0,0.0,26,26.0,49850.0,3204.0,1.0,1917.3076923076924,1917.3076923076924,0.11538461538461539
PRV52577,0.0,0.0,0.0,0.0,0.0,0.0,8.0,8.0,2550.0,318.75,0.0,0.0,8,8.0,2550.0,0.0,1.0,318.75,318.75,0.0
PRV52578,37.0,28.0,348000.0,9405.405405405405,38448.0,1068.0,12.0,12.0,5050.0,420.8333333333333,0.0,0.0,40,49.0,353050.0,38448.0,1.225,8826.25,7205.102040816327,0.7551020408163265
PRV52579,0.0,0.0,0.0,0.0,0.0,0.0,9.0,9.0,1060.0,117.77777777777777,100.0,11.11111111111111,9,9.0,1060.0,100.0,1.0,117.77777777777777,117.77777777777777,0.0
PRV52580,0.0,0.0,0.0,0.0,0.0,0.0,39.0,37.0,7090.0,181.7948717948718,60.0,1.5384615384615385,37,39.0,7090.0,60.0,1.054054054054054,191.6216216216216,181.7948717948718,0.0
PRV52581,0.0,0.0,0.0,0.0,0.0,0.0,142.0,135.0,40050.0,282.0422535211268,240.0,1.6901408450704225,135,142.0,40050.0,240.0,1.0518518518518518,296.6666666666667,282.0422535211268,0.0
PRV52582,19.0,19.0,190000.0,10000.0,20292.0,1068.0,4.0,4.0,1020.0,255.0,0.0,0.0,23,23.0,191020.0,20292.0,1.0,8305.217391304348,8305.217391304348,0.8260869565217391
PRV52583,26.0,26.0,196000.0,7538.461538461538,26700.0,1068.0,182.0,167.0,41790.0,229.6153846153846,720.0,3.956043956043956,193,208.0,237790.0,27420.0,1.077720207253886,1232.0725388601036,1143.2211538461538,0.125
PRV52584,3.0,3.0,45000.0,15000.0,3204.0,1068.0,51.0,49.0,12460.0,244.31372549019608,70.0,1.3725490196078431,51,54.0,57460.0,3274.0,1.0588235294117647,1126.6666666666667,1064.0740740740741,0.05555555555555555
PRV52586,0.0,0.0,0.0,0.0,0.0,0.0,1.0,1.0,300.0,300.0,0.0,0.0,1,1.0,300.0,0.0,1.0,300.0,300.0,0.0
PRV52587,0.0,0.0,0.0,0.0,0.0,0.0,137.0,68.0,38900.0,283.94160583941607,160.0,1.167883211678832,68,137.0,38900.0,160.0,2.014705882352941,572.0588235294117,283.94160583941607,0.0
PRV52588,17.0,17.0,167000.0,9823.529411764706,18156.0,1068.0,33.0,21.0,9620.0,291.5151515151515,0.0,0.0,37,50.0,176620.0,18156.0,1.3513513513513513,4773.513513513513,3532.4,0.34
PRV52589,81.0,71.0,723800.0,8935.802469135802,85440.0,1068.0,345.0,300.0,109120.0,316.28985507246375,1090.0,3.1594202898550723,368,426.0,832920.0,86530.0,1.1576086956521738,2263.3695652173915,1955.2112676056338,0.19014084507042253
PRV52590,115.0,107.0,1204050.0,10470.0,121752.0,1068.0,93.0,93.0,23530.0,253.01075268817203,220.0,2.3655913978494625,190,208.0,1227580.0,121972.0,1.0947368421052632,6460.9473684210525,5901.826923076923,0.5528846153846154
PRV52591,0.0,0.0,0.0,0.0,0.0,0.0,46.0,45.0,12510.0,271.95652173913044,440.0,9.565217391304348,45,46.0,12510.0,440.0,1.0222222222222221,278.0,271.95652173913044,0.0
PRV52592,7.0,6.0,56000.0,8000.0,7476.0,1068.0,12.0,12.0,3620.0,301.6666666666667,0.0,0.0,18,19.0,59620.0,7476.0,1.0555555555555556,3312.222222222222,3137.8947368421054,0.3684210526315789
PRV52593,0.0,0.0,0.0,0.0,0.0,0.0,582.0,252.0,142020.0,244.02061855670104,1360.0,2.336769759450172,252,582.0,142020.0,1360.0,2.3095238095238093,563.5714285714286,244.02061855670104,0.0
PRV52596,0.0,0.0,0.0,0.0,0.0,0.0,2.0,2.0,400.0,200.0,0.0,0.0,2,2.0,400.0,0.0,1.0,200.0,200.0,0.0
PRV52598,0.0,0.0,0.0,0.0,0.0,0.0,31.0,30.0,10490.0,338.38709677419354,30.0,0.967741935483871,30,31.0,10490.0,30.0,1.0333333333333334,349.6666666666667,338.38709677419354,0.0
PRV52599,0.0,0.0,0.0,0.0,0.0,0.0,272.0,144.0,87890.0,323.125,950.0,3.4926470588235294,144,272.0,87890.0,950.0,1.8888888888888888,610.3472222222222,323.125,0.0
PRV52602,9.0,8.0,84000.0,9333.333333333334,8544.0,1068.0,70.0,65.0,24520.0,350.2857142857143,150.0,2.142857142857143,73,79.0,108520.0,8694.0,1.082191780821918,1486.5753424657535,1373.6708860759493,0.11392405063291139
PRV52604,0.0,0.0,0.0,0.0,0.0,0.0,7.0,7.0,3490.0,498.57142857142856,0.0,0.0,7,7.0,3490.0,0.0,1.0,498.57142857142856,498.57142857142856,0.0
PRV52605,0.0,0.0,0.0,0.0,0.0,0.0,1000.0,401.0,253880.0,253.88,3020.0,3.02,401,1000.0,253880.0,3020.0,2.493765586034913,633.1172069825436,253.88,0.0
PRV52606,0.0,0.0,0.0,0.0,0.0,0.0,30.0,22.0,10020.0,334.0,240.0,8.0,22,30.0,10020.0,240.0,1.3636363636363635,455.45454545454544,334.0,0.0
PRV52607,0.0,0.0,0.0,0.0,0.0,0.0,2.0,2.0,3400.0,1700.0,0.0,0.0,2,2.0,3400.0,0.0,1.0,1700.0,1700.0,0.0
PRV52608,1.0,1.0,3000.0,3000.0,1068.0,1068.0,0.0,0.0,0.0,0.0,0.0,0.0,1,1.0,3000.0,1068.0,1.0,3000.0,3000.0,1.0
PRV52609,5.0,4.0,58000.0,11600.0,5340.0,1068.0,128.0,44.0,40690.0,317.890625,410.0,3.203125,45,133.0,98690.0,5750.0,2.9555555555555557,2193.1111111111113,742.0300751879699,0.03759398496240601
PRV52610,1.0,1.0,3000.0,3000.0,1068.0,1068.0,16.0,15.0,7040.0,440.0,130.0,8.125,16,17.0,10040.0,1198.0,1.0625,627.5,590.5882352941177,0.058823529411764705
PRV52611,9.0,9.0,80000.0,8888.888888888889,9612.0,1068.0,7.0,7.0,2760.0,394.2857142857143,0.0,0.0,16,16.0,82760.0,9612.0,1.0,5172.5,5172.5,0.5625
PRV52614,0.0,0.0,0.0,0.0,0.0,0.0,156.0,94.0,42480.0,272.3076923076923,160.0,1.0256410256410255,94,156.0,42480.0,160.0,1.6595744680851063,451.9148936170213,272.3076923076923,0.0
PRV52615,2.0,2.0,18000.0,9000.0,2136.0,1068.0,7.0,7.0,770.0,110.0,0.0,0.0,9,9.0,18770.0,2136.0,1.0,2085.5555555555557,2085.5555555555557,0.2222222222222222
PRV52616,0.0,0.0,0.0,0.0,0.0,0.0,15.0,15.0,8640.0,576.0,0.0,0.0,15,15.0,8640.0,0.0,1.0,576.0,576.0,0.0
PRV52617,42.0,39.0,349000.0,8309.52380952381,43788.0,1068.0,196.0,109.0,58900.0,300.51020408163265,620.0,3.163265306122449,135,238.0,407900.0,44408.0,1.762962962962963,3021.4814814814813,1713.8655462184875,0.17647058823529413
PRV52621,24.0,21.0,176000.0,7333.333333333333,24564.0,1068.0,21.0,21.0,4280.0,203.8095238095238,160.0,7.619047619047619,42,45.0,180280.0,24724.0,1.0714285714285714,4292.380952380952,4006.222222222222,0.5333333333333333
PRV52622,4.0,4.0,16000.0,4000.0,4272.0,1068.0,3.0,3.0,1010.0,336.6666666666667,0.0,0.0,7,7.0,17010.0,4272.0,1.0,2430.0,2430.0,0.5714285714285714
PRV52623,10.0,10.0,147000.0,14700.0,10680.0,1068.0,225.0,118.0,55290.0,245.73333333333332,760.0,3.3777777777777778,125,235.0,202290.0,11440.0,1.88,1618.32,860.8085106382979,0.0425531914893617
PRV52626,0.0,0.0,0.0,0.0,0.0,0.0,3.0,3.0,560.0,186.66666666666666,0.0,0.0,3,3.0,560.0,0.0,1.0,186.66666666666666,186.66666666666666,0.0
PRV52627,3.0,3.0,46000.0,15333.333333333334,3204.0,1068.0,2.0,2.0,70.0,35.0,0.0,0.0,5,5.0,46070.0,3204.0,1.0,9214.0,9214.0,0.6
PRV52628,0.0,0.0,0.0,0.0,0.0,0.0,2098.0,1354.0,604120.0,287.9504289799809,5780.0,2.7550047664442325,1354,2098.0,604120.0,5780.0,1.549483013293944,446.17429837518466,287.9504289799809,0.0
PRV52629,0.0,0.0,0.0,0.0,0.0,0.0,61.0,58.0,12320.0,201.9672131147541,140.0,2.2950819672131146,58,61.0,12320.0,140.0,1.0517241379310345,212.41379310344828,201.9672131147541,0.0
PRV52630,87.0,78.0,774400.0,8901.149425287356,91848.0,1068.0,347.0,209.0,99070.0,285.5043227665706,1130.0,3.2564841498559076,260,434.0,873470.0,92978.0,1.6692307692307693,3359.5,2012.6036866359448,0.20046082949308755
PRV52631,0.0,0.0,0.0,0.0,0.0,0.0,1057.0,804.0,321750.0,304.399243140965,2190.0,2.0719016083254496,804,1057.0,321750.0,2190.0,1.314676616915423,400.1865671641791,304.399243140965,0.0
PRV52633,0.0,0.0,0.0,0.0,0.0,0.0,379.0,224.0,100770.0,265.8839050131926,1190.0,3.1398416886543536,224,379.0,100770.0,1190.0,1.6919642857142858,449.86607142857144,265.8839050131926,0.0
PRV52634,58.0,50.0,420400.0,7248.275862068966,60876.0,1068.0,29.0,29.0,4550.0,156.89655172413794,0.0,0.0,79,87.0,424950.0,60876.0,1.1012658227848102,5379.113924050633,4884.482758620689,0.6666666666666666
PRV52636,0.0,0.0,0.0,0.0,0.0,0.0,21.0,21.0,6820.0,324.76190476190476,160.0,7.619047619047619,21,21.0,6820.0,160.0,1.0,324.76190476190476,324.76190476190476,0.0
PRV52638,0.0,0.0,0.0,0.0,0.0,0.0,1.0,1.0,400.0,400.0,0.0,0.0,1,1.0,400.0,0.0,1.0,400.0,400.0,0.0
PRV52639,0.0,0.0,0.0,0.0,0.0,0.0,37.0,33.0,10150.0,274.3243243243243,90.0,2.4324324324324325,33,37.0,10150.0,90.0,1.121212121212121,307.57575757575756,274.3243243243243,0.0
PRV52640,0.0,0.0,0.0,0.0,0.0,0.0,66.0,65.0,11050.0,167.42424242424244,90.0,1.3636363636363635,65,66.0,11050.0,90.0,1.0153846153846153,170.0,167.42424242424244,0.0
PRV52641,21.0,20.0,164000.0,7809.523809523809,22428.0,1068.0,76.0,72.0,22330.0,293.8157894736842,50.0,0.6578947368421053,91,97.0,186330.0,22478.0,1.065934065934066,2047.5824175824175,1920.9278350515465,0.21649484536082475
PRV52642,146.0,130.0,1252000.0,8575.342465753425,152724.0,1068.0,290.0,167.0,76240.0,262.8965517241379,790.0,2.7241379310344827,263,436.0,1328240.0,153514.0,1.6577946768060836,5050.342205323194,3046.422018348624,0.3348623853211009
PRV52643,0.0,0.0,0.0,0.0,0.0,0.0,11.0,11.0,5090.0,462.72727272727275,0.0,0.0,11,11.0,5090.0,0.0,1.0,462.72727272727275,462.72727272727275,0.0
PRV52644,9.0,9.0,64000.0,7111.111111111111,9612.0,1068.0,22.0,20.0,6530.0,296.8181818181818,70.0,3.1818181818181817,29,31.0,70530.0,9682.0,1.0689655172413792,2432.0689655172414,2275.1612903225805,0.2903225806451613
PRV52645,0.0,0.0,0.0,0.0,0.0,0.0,408.0,367.0,109630.0,268.70098039215685,1480.0,3.627450980392157,367,408.0,109630.0,1480.0,1.111716621253406,298.7193460490463,268.70098039215685,0.0
PRV52646,34.0,33.0,292000.0,8588.235294117647,35244.0,1068.0,70.0,56.0,14310.0,204.42857142857142,60.0,0.8571428571428571,87,104.0,306310.0,35304.0,1.1954022988505748,3520.8045977011493,2945.2884615384614,0.3269230769230769
PRV52647,7.0,7.0,50000.0,7142.857142857143,7476.0,1068.0,68.0,66.0,21070.0,309.8529411764706,120.0,1.7647058823529411,73,75.0,71070.0,7596.0,1.0273972602739727,973.5616438356165,947.6,0.09333333333333334
PRV52648,0.0,0.0,0.0,0.0,0.0,0.0,842.0,259.0,255250.0,303.14726840855104,1490.0,1.7695961995249405,259,842.0,255250.0,1490.0,3.250965250965251,985.5212355212356,303.14726840855104,0.0
PRV52649,0.0,0.0,0.0,0.0,0.0,0.0,2156.0,1421.0,602190.0,279.30890538033395,5170.0,2.3979591836734695,1421,2156.0,602190.0,5170.0,1.5172413793103448,423.7790288529205,279.30890538033395,0.0
PRV52651,3.0,3.0,33000.0,11000.0,3204.0,1068.0,1.0,1.0,90.0,90.0,0.0,0.0,4,4.0,33090.0,3204.0,1.0,8272.5,8272.5,0.75
PRV52652,0.0,0.0,0.0,0.0,0.0,0.0,743.0,503.0,190560.0,256.47375504710635,2290.0,3.082099596231494,503,743.0,190560.0,2290.0,1.4771371769383699,378.8469184890656,256.47375504710635,0.0
PRV52653,4.0,3.0,68000.0,17000.0,4272.0,1068.0,10.0,10.0,950.0,95.0,0.0,0.0,13,14.0,68950.0,4272.0,1.0769230769230769,5303.846153846154,4925.0,0.2857142857142857
PRV52654,58.0,56.0,453700.0,7822.413793103448,59808.0,1068.0,119.0,115.0,29850.0,250.8403361344538,360.0,3.0252100840336134,171,177.0,483550.0,60168.0,1.0350877192982457,2827.777777777778,2731.9209039548023,0.327683615819209
PRV52656,0.0,0.0,0.0,0.0,0.0,0.0,775.0,631.0,239770.0,309.3806451612903,1950.0,2.5161290322580645,631,775.0,239770.0,1950.0,1.2282091917591125,379.9841521394612,309.3806451612903,0.0
PRV52657,0.0,0.0,0.0,0.0,0.0,0.0,121.0,61.0,29250.0,241.73553719008265,350.0,2.8925619834710745,61,121.0,29250.0,350.0,1.9836065573770492,479.5081967213115,241.73553719008265,0.0
PRV52658,0.0,0.0,0.0,0.0,0.0,0.0,39.0,36.0,14840.0,380.5128205128205,120.0,3.076923076923077,36,39.0,14840.0,120.0,1.0833333333333333,412.22222222222223,380.5128205128205,0.0
PRV52659,0.0,0.0,0.0,0.0,0.0,0.0,24.0,24.0,3310.0,137.91666666666666,20.0,0.8333333333333334,24,24.0,3310.0,20.0,1.0,137.91666666666666,137.91666666666666,0.0
PRV52660,0.0,0.0,0.0,0.0,0.0,0.0,558.0,329.0,145400.0,260.57347670250897,2250.0,4.032258064516129,329,558.0,145400.0,2250.0,1.696048632218845,441.9452887537994,260.57347670250897,0.0
PRV52661,0.0,0.0,0.0,0.0,0.0,0.0,247.0,233.0,75690.0,306.43724696356276,660.0,2.672064777327935,233,247.0,75690.0,660.0,1.0600858369098713,324.84978540772534,306.43724696356276,0.0
PRV52662,2.0,2.0,11000.0,5500.0,2136.0,1068.0,17.0,16.0,1790.0,105.29411764705883,0.0,0.0,18,19.0,12790.0,2136.0,1.0555555555555556,710.5555555555555,673.1578947368421,0.10526315789473684
PRV52663,0.0,0.0,0.0,0.0,0.0,0.0,576.0,272.0,180650.0,313.62847222222223,1770.0,3.0729166666666665,272,576.0,180650.0,1770.0,2.1176470588235294,664.1544117647059,313.62847222222223,0.0
PRV52665,0.0,0.0,0.0,0.0,0.0,0.0,607.0,416.0,146130.0,240.74135090609556,1930.0,3.1795716639209224,416,607.0,146130.0,1930.0,1.4591346153846154,351.27403846153845,240.74135090609556,0.0
PRV52666,0.0,0.0,0.0,0.0,0.0,0.0,39.0,38.0,8930.0,228.97435897435898,70.0,1.794871794871795,38,39.0,8930.0,70.0,1.0263157894736843,235.0,228.97435897435898,0.0
PRV52667,0.0,0.0,0.0,0.0,0.0,0.0,3.0,3.0,150.0,50.0,0.0,0.0,3,3.0,150.0,0.0,1.0,50.0,50.0,0.0
PRV52668,0.0,0.0,0.0,0.0,0.0,0.0,7.0,6.0,1850.0,264.2857142857143,0.0,0.0,6,7.0,1850.0,0.0,1.1666666666666667,308.3333333333333,264.2857142857143,0.0
PRV52669,0.0,0.0,0.0,0.0,0.0,0.0,1.0,1.0,300.0,300.0,0.0,0.0,1,1.0,300.0,0.0,1.0,300.0,300.0,0.0
PRV52670,0.0,0.0,0.0,0.0,0.0,0.0,13.0,13.0,760.0,58.46153846153846,100.0,7.6923076923076925,13,13.0,760.0,100.0,1.0,58.46153846153846,58.46153846153846,0.0
PRV52671,0.0,0.0,0.0,0.0,0.0,0.0,2.0,2.0,240.0,120.0,0.0,0.0,2,2.0,240.0,0.0,1.0,120.0,120.0,0.0
PRV52672,0.0,0.0,0.0,0.0,0.0,0.0,3.0,2.0,390.0,130.0,0.0,0.0,2,3.0,390.0,0.0,1.5,195.0,130.0,0.0
PRV52673,0.0,0.0,0.0,0.0,0.0,0.0,87.0,52.0,19470.0,223.79310344827587,520.0,5.977011494252873,52,87.0,19470.0,520.0,1.6730769230769231,374.4230769230769,223.79310344827587,0.0
PRV52674,0.0,0.0,0.0,0.0,0.0,0.0,3.0,3.0,730.0,243.33333333333334,0.0,0.0,3,3.0,730.0,0.0,1.0,243.33333333333334,243.33333333333334,0.0
PRV52676,0.0,0.0,0.0,0.0,0.0,0.0,39.0,34.0,9800.0,251.28205128205127,40.0,1.0256410256410255,34,39.0,9800.0,40.0,1.1470588235294117,288.2352941176471,251.28205128205127,0.0
PRV52677,0.0,0.0,0.0,0.0,0.0,0.0,2.0,2.0,140.0,70.0,0.0,0.0,2,2.0,140.0,0.0,1.0,70.0,70.0,0.0
PRV52678,0.0,0.0,0.0,0.0,0.0,0.0,74.0,51.0,24930.0,336.8918918918919,70.0,0.9459459459459459,51,74.0,24930.0,70.0,1.4509803921568627,488.8235294117647,336.8918918918919,0.0
PRV52679,0.0,0.0,0.0,0.0,0.0,0.0,53.0,36.0,16100.0,303.77358490566036,50.0,0.9433962264150944,36,53.0,16100.0,50.0,1.4722222222222223,447.22222222222223,303.77358490566036,0.0
PRV52681,0.0,0.0,0.0,0.0,0.0,0.0,3.0,3.0,460.0,153.33333333333334,0.0,0.0,3,3.0,460.0,0.0,1.0,153.33333333333334,153.33333333333334,0.0
PRV52683,0.0,0.0,0.0,0.0,0.0,0.0,131.0,66.0,33240.0,253.74045801526717,220.0,1.6793893129770991,66,131.0,33240.0,220.0,1.9848484848484849,503.6363636363636,253.74045801526717,0.0
PRV52684,5.0,5.0,66000.0,13200.0,5340.0,1068.0,205.0,105.0,64040.0,312.390243902439,620.0,3.024390243902439,108,210.0,130040.0,5960.0,1.9444444444444444,1204.0740740740741,619.2380952380952,0.023809523809523808
PRV52686,0.0,0.0,0.0,0.0,0.0,0.0,9.0,8.0,1120.0,124.44444444444444,0.0,0.0,8,9.0,1120.0,0.0,1.125,140.0,124.44444444444444,0.0
PRV52687,6.0,5.0,56000.0,9333.333333333334,6408.0,1068.0,35.0,20.0,5920.0,169.14285714285714,0.0,0.0,25,41.0,61920.0,6408.0,1.64,2476.8,1510.2439024390244,0.14634146341463414
PRV52688,6.0,5.0,99000.0,16500.0,6408.0,1068.0,53.0,28.0,16670.0,314.52830188679246,150.0,2.830188679245283,30,59.0,115670.0,6558.0,1.9666666666666666,3855.6666666666665,1960.5084745762713,0.1016949152542373
PRV52689,0.0,0.0,0.0,0.0,0.0,0.0,12.0,12.0,1330.0,110.83333333333333,100.0,8.333333333333334,12,12.0,1330.0,100.0,1.0,110.83333333333333,110.83333333333333,0.0
PRV52690,0.0,0.0,0.0,0.0,0.0,0.0,117.0,37.0,52510.0,448.8034188034188,690.0,5.897435897435898,37,117.0,52510.0,690.0,3.1621621621621623,1419.1891891891892,448.8034188034188,0.0
PRV52691,3.0,3.0,20000.0,6666.666666666667,3204.0,1068.0,14.0,12.0,2380.0,170.0,110.0,7.857142857142857,15,17.0,22380.0,3314.0,1.1333333333333333,1492.0,1316.4705882352941,0.17647058823529413
PRV52692,0.0,0.0,0.0,0.0,0.0,0.0,36.0,18.0,9640.0,267.77777777777777,290.0,8.055555555555555,18,36.0,9640.0,290.0,2.0,535.5555555555555,267.77777777777777,0.0
PRV52693,0.0,0.0,0.0,0.0,0.0,0.0,8.0,8.0,3920.0,490.0,0.0,0.0,8,8.0,3920.0,0.0,1.0,490.0,490.0,0.0
PRV52694,0.0,0.0,0.0,0.0,0.0,0.0,2.0,2.0,110.0,55.0,0.0,0.0,2,2.0,110.0,0.0,1.0,55.0,55.0,0.0
PRV52695,0.0,0.0,0.0,0.0,0.0,0.0,5.0,5.0,200.0,40.0,0.0,0.0,5,5.0,200.0,0.0,1.0,40.0,40.0,0.0
PRV52696,3.0,3.0,96000.0,32000.0,3204.0,1068.0,0.0,0.0,0.0,0.0,0.0,0.0,3,3.0,96000.0,3204.0,1.0,32000.0,32000.0,1.0
PRV52697,0.0,0.0,0.0,0.0,0.0,0.0,5.0,5.0,650.0,130.0,0.0,0.0,5,5.0,650.0,0.0,1.0,130.0,130.0,0.0
PRV52698,1.0,1.0,7000.0,7000.0,1068.0,1068.0,122.0,55.0,34770.0,285.0,480.0,3.9344262295081966,56,123.0,41770.0,1548.0,2.1964285714285716,745.8928571428571,339.5934959349593,0.008130081300813009
PRV52699,1.0,1.0,9000.0,9000.0,1068.0,1068.0,11.0,10.0,4150.0,377.27272727272725,0.0,0.0,11,12.0,13150.0,1068.0,1.0909090909090908,1195.4545454545455,1095.8333333333333,0.08333333333333333
PRV52700,0.0,0.0,0.0,0.0,0.0,0.0,30.0,16.0,12300.0,410.0,100.0,3.3333333333333335,16,30.0,12300.0,100.0,1.875,768.75,410.0,0.0
PRV52701,0.0,0.0,0.0,0.0,0.0,0.0,96.0,55.0,25610.0,266.7708333333333,340.0,3.5416666666666665,55,96.0,25610.0,340.0,1.7454545454545454,465.6363636363636,266.7708333333333,0.0
PRV52702,0.0,0.0,0.0,0.0,0.0,0.0,28.0,24.0,6750.0,241.07142857142858,40.0,1.4285714285714286,24,28.0,6750.0,40.0,1.1666666666666667,281.25,241.07142857142858,0.0
PRV52703,0.0,0.0,0.0,0.0,0.0,0.0,4.0,4.0,2700.0,675.0,190.0,47.5,4,4.0,2700.0,190.0,1.0,675.0,675.0,0.0
PRV52704,0.0,0.0,0.0,0.0,0.0,0.0,159.0,73.0,51790.0,325.72327044025155,530.0,3.3333333333333335,73,159.0,51790.0,530.0,2.1780821917808217,709.4520547945206,325.72327044025155,0.0
PRV52706,2.0,2.0,25000.0,12500.0,2136.0,1068.0,24.0,23.0,8190.0,341.25,0.0,0.0,25,26.0,33190.0,2136.0,1.04,1327.6,1276.5384615384614,0.07692307692307693
PRV52708,5.0,4.0,32000.0,6400.0,5340.0,1068.0,26.0,11.0,8400.0,323.0769230769231,70.0,2.6923076923076925,12,31.0,40400.0,5410.0,2.5833333333333335,3366.6666666666665,1303.225806451613,0.16129032258064516
PRV52709,0.0,0.0,0.0,0.0,0.0,0.0,13.0,4.0,2220.0,170.76923076923077,0.0,0.0,4,13.0,2220.0,0.0,3.25,555.0,170.76923076923077,0.0
PRV52710,0.0,0.0,0.0,0.0,0.0,0.0,28.0,26.0,4410.0,157.5,10.0,0.35714285714285715,26,28.0,4410.0,10.0,1.0769230769230769,169.6153846153846,157.5,0.0
PRV52711,0.0,0.0,0.0,0.0,0.0,0.0,28.0,18.0,9110.0,325.35714285714283,0.0,0.0,18,28.0,9110.0,0.0,1.5555555555555556,506.1111111111111,325.35714285714283,0.0
PRV52713,0.0,0.0,0.0,0.0,0.0,0.0,60.0,21.0,14260.0,237.66666666666666,130.0,2.1666666666666665,21,60.0,14260.0,130.0,2.857142857142857,679.047619047619,237.66666666666666,0.0
PRV52714,0.0,0.0,0.0,0.0,0.0,0.0,5.0,5.0,710.0,142.0,0.0,0.0,5,5.0,710.0,0.0,1.0,142.0,142.0,0.0
PRV52715,0.0,0.0,0.0,0.0,0.0,0.0,3.0,3.0,200.0,66.66666666666667,0.0,0.0,3,3.0,200.0,0.0,1.0,66.66666666666667,66.66666666666667,0.0
PRV52717,20.0,18.0,185000.0,9250.0,21360.0,1068.0,109.0,78.0,26130.0,239.72477064220183,850.0,7.798165137614679,87,129.0,211130.0,22210.0,1.4827586206896552,2426.7816091954023,1636.6666666666667,0.15503875968992248
PRV52719,0.0,0.0,0.0,0.0,0.0,0.0,63.0,33.0,10840.0,172.06349206349208,310.0,4.920634920634921,33,63.0,10840.0,310.0,1.9090909090909092,328.4848484848485,172.06349206349208,0.0
PRV52720,0.0,0.0,0.0,0.0,0.0,0.0,50.0,24.0,15050.0,301.0,80.0,1.6,24,50.0,15050.0,80.0,2.0833333333333335,627.0833333333334,301.0,0.0
PRV52721,0.0,0.0,0.0,0.0,0.0,0.0,7.0,7.0,1810.0,258.57142857142856,0.0,0.0,7,7.0,1810.0,0.0,1.0,258.57142857142856,258.57142857142856,0.0
PRV52722,9.0,8.0,76000.0,8444.444444444445,9612.0,1068.0,274.0,119.0,71380.0,260.5109489051095,460.0,1.6788321167883211,119,283.0,147380.0,10072.0,2.3781512605042017,1238.4873949579833,520.7773851590106,0.03180212014134275
PRV52723,18.0,16.0,169000.0,9388.888888888889,19224.0,1068.0,163.0,88.0,50760.0,311.41104294478527,220.0,1.3496932515337423,93,181.0,219760.0,19444.0,1.946236559139785,2363.010752688172,1214.1436464088397,0.09944751381215469
PRV52724,0.0,0.0,0.0,0.0,0.0,0.0,24.0,17.0,5040.0,210.0,0.0,0.0,17,24.0,5040.0,0.0,1.411764705882353,296.47058823529414,210.0,0.0
PRV52725,0.0,0.0,0.0,0.0,0.0,0.0,42.0,40.0,18850.0,448.8095238095238,110.0,2.619047619047619,40,42.0,18850.0,110.0,1.05,471.25,448.8095238095238,0.0
PRV52726,0.0,0.0,0.0,0.0,0.0,0.0,2.0,2.0,380.0,190.0,0.0,0.0,2,2.0,380.0,0.0,1.0,190.0,190.0,0.0
PRV52727,0.0,0.0,0.0,0.0,0.0,0.0,12.0,10.0,2650.0,220.83333333333334,50.0,4.166666666666667,10,12.0,2650.0,50.0,1.2,265.0,220.83333333333334,0.0
PRV52728,0.0,0.0,0.0,0.0,0.0,0.0,15.0,12.0,3140.0,209.33333333333334,0.0,0.0,12,15.0,3140.0,0.0,1.25,261.6666666666667,209.33333333333334,0.0
PRV52729,0.0,0.0,0.0,0.0,0.0,0.0,2.0,2.0,500.0,250.0,0.0,0.0,2,2.0,500.0,0.0,1.0,250.0,250.0,0.0
PRV52731,0.0,0.0,0.0,0.0,0.0,0.0,23.0,13.0,4410.0,191.7391304347826,110.0,4.782608695652174,13,23.0,4410.0,110.0,1.7692307692307692,339.2307692307692,191.7391304347826,0.0
PRV52732,0.0,0.0,0.0,0.0,0.0,0.0,10.0,6.0,2490.0,249.0,0.0,0.0,6,10.0,2490.0,0.0,1.6666666666666667,415.0,249.0,0.0
PRV52733,0.0,0.0,0.0,0.0,0.0,0.0,1.0,1.0,30.0,30.0,0.0,0.0,1,1.0,30.0,0.0,1.0,30.0,30.0,0.0
PRV52736,0.0,0.0,0.0,0.0,0.0,0.0,1.0,1.0,50.0,50.0,0.0,0.0,1,1.0,50.0,0.0,1.0,50.0,50.0,0.0
PRV52738,0.0,0.0,0.0,0.0,0.0,0.0,62.0,49.0,17660.0,284.83870967741933,50.0,0.8064516129032258,49,62.0,17660.0,50.0,1.2653061224489797,360.40816326530614,284.83870967741933,0.0
PRV52739,0.0,0.0,0.0,0.0,0.0,0.0,53.0,39.0,11400.0,215.0943396226415,320.0,6.037735849056604,39,53.0,11400.0,320.0,1.358974358974359,292.3076923076923,215.0943396226415,0.0
PRV52740,0.0,0.0,0.0,0.0,0.0,0.0,34.0,18.0,6310.0,185.58823529411765,100.0,2.9411764705882355,18,34.0,6310.0,100.0,1.8888888888888888,350.55555555555554,185.58823529411765,0.0
PRV52741,0.0,0.0,0.0,0.0,0.0,0.0,2.0,2.0,80.0,40.0,0.0,0.0,2,2.0,80.0,0.0,1.0,40.0,40.0,0.0
PRV52742,0.0,0.0,0.0,0.0,0.0,0.0,6.0,3.0,1270.0,211.66666666666666,0.0,0.0,3,6.0,1270.0,0.0,2.0,423.3333333333333,211.66666666666666,0.0
PRV52743,0.0,0.0,0.0,0.0,0.0,0.0,6.0,6.0,2070.0,345.0,0.0,0.0,6,6.0,2070.0,0.0,1.0,345.0,345.0,0.0
PRV52744,0.0,0.0,0.0,0.0,0.0,0.0,2.0,2.0,400.0,200.0,0.0,0.0,2,2.0,400.0,0.0,1.0,200.0,200.0,0.0
PRV52745,0.0,0.0,0.0,0.0,0.0,0.0,156.0,152.0,47020.0,301.4102564102564,560.0,3.58974358974359,152,156.0,47020.0,560.0,1.0263157894736843,309.3421052631579,301.4102564102564,0.0
PRV52746,0.0,0.0,0.0,0.0,0.0,0.0,1.0,1.0,50.0,50.0,0.0,0.0,1,1.0,50.0,0.0,1.0,50.0,50.0,0.0
PRV52747,0.0,0.0,0.0,0.0,0.0,0.0,21.0,21.0,7520.0,358.0952380952381,160.0,7.619047619047619,21,21.0,7520.0,160.0,1.0,358.0952380952381,358.0952380952381,0.0
PRV52748,0.0,0.0,0.0,0.0,0.0,0.0,10.0,10.0,610.0,61.0,0.0,0.0,10,10.0,610.0,0.0,1.0,61.0,61.0,0.0
PRV52750,0.0,0.0,0.0,0.0,0.0,0.0,26.0,26.0,10700.0,411.53846153846155,160.0,6.153846153846154,26,26.0,10700.0,160.0,1.0,411.53846153846155,411.53846153846155,0.0
PRV52751,0.0,0.0,0.0,0.0,0.0,0.0,3.0,3.0,300.0,100.0,0.0,0.0,3,3.0,300.0,0.0,1.0,100.0,100.0,0.0
PRV52752,0.0,0.0,0.0,0.0,0.0,0.0,2.0,2.0,560.0,280.0,0.0,0.0,2,2.0,560.0,0.0,1.0,280.0,280.0,0.0
PRV52753,0.0,0.0,0.0,0.0,0.0,0.0,2.0,2.0,130.0,65.0,0.0,0.0,2,2.0,130.0,0.0,1.0,65.0,65.0,0.0
PRV52754,0.0,0.0,0.0,0.0,0.0,0.0,1.0,1.0,10.0,10.0,0.0,0.0,1,1.0,10.0,0.0,1.0,10.0,10.0,0.0
PRV52755,0.0,0.0,0.0,0.0,0.0,0.0,11.0,9.0,5930.0,539.0909090909091,0.0,0.0,9,11.0,5930.0,0.0,1.2222222222222223,658.8888888888889,539.0909090909091,0.0
PRV52756,0.0,0.0,0.0,0.0,0.0,0.0,4.0,4.0,220.0,55.0,0.0,0.0,4,4.0,220.0,0.0,1.0,55.0,55.0,0.0
PRV52757,0.0,0.0,0.0,0.0,0.0,0.0,1.0,1.0,50.0,50.0,0.0,0.0,1,1.0,50.0,0.0,1.0,50.0,50.0,0.0
PRV52758,0.0,0.0,0.0,0.0,0.0,0.0,4.0,4.0,130.0,32.5,0.0,0.0,4,4.0,130.0,0.0,1.0,32.5,32.5,0.0
PRV52760,0.0,0.0,0.0,0.0,0.0,0.0,5.0,5.0,4070.0,814.0,0.0,0.0,5,5.0,4070.0,0.0,1.0,814.0,814.0,0.0
PRV52761,0.0,0.0,0.0,0.0,0.0,0.0,11.0,11.0,4740.0,430.90909090909093,0.0,0.0,11,11.0,4740.0,0.0,1.0,430.90909090909093,430.90909090909093,0.0
PRV52763,0.0,0.0,0.0,0.0,0.0,0.0,1.0,1.0,50.0,50.0,70.0,70.0,1,1.0,50.0,70.0,1.0,50.0,50.0,0.0
PRV52764,0.0,0.0,0.0,0.0,0.0,0.0,3.0,3.0,450.0,150.0,0.0,0.0,3,3.0,450.0,0.0,1.0,150.0,150.0,0.0
PRV52766,0.0,0.0,0.0,0.0,0.0,0.0,11.0,11.0,2010.0,182.72727272727272,0.0,0.0,11,11.0,2010.0,0.0,1.0,182.72727272727272,182.72727272727272,0.0
PRV52767,0.0,0.0,0.0,0.0,0.0,0.0,4.0,4.0,690.0,172.5,40.0,10.0,4,4.0,690.0,40.0,1.0,172.5,172.5,0.0
PRV52768,0.0,0.0,0.0,0.0,0.0,0.0,25.0,25.0,7310.0,292.4,90.0,3.6,25,25.0,7310.0,90.0,1.0,292.4,292.4,0.0
PRV52769,0.0,0.0,0.0,0.0,0.0,0.0,1.0,1.0,40.0,40.0,0.0,0.0,1,1.0,40.0,0.0,1.0,40.0,40.0,0.0
PRV52770,0.0,0.0,0.0,0.0,0.0,0.0,7.0,7.0,1090.0,155.71428571428572,0.0,0.0,7,7.0,1090.0,0.0,1.0,155.71428571428572,155.71428571428572,0.0
PRV52771,0.0,0.0,0.0,0.0,0.0,0.0,4.0,4.0,250.0,62.5,0.0,0.0,4,4.0,250.0,0.0,1.0,62.5,62.5,0.0
PRV52772,0.0,0.0,0.0,0.0,0.0,0.0,12.0,12.0,2050.0,170.83333333333334,0.0,0.0,12,12.0,2050.0,0.0,1.0,170.83333333333334,170.83333333333334,0.0
PRV52773,0.0,0.0,0.0,0.0,0.0,0.0,2.0,2.0,150.0,75.0,0.0,0.0,2,2.0,150.0,0.0,1.0,75.0,75.0,0.0
PRV52774,0.0,0.0,0.0,0.0,0.0,0.0,4.0,4.0,300.0,75.0,0.0,0.0,4,4.0,300.0,0.0,1.0,75.0,75.0,0.0
PRV52775,0.0,0.0,0.0,0.0,0.0,0.0,7.0,7.0,3790.0,541.4285714285714,0.0,0.0,7,7.0,3790.0,0.0,1.0,541.4285714285714,541.4285714285714,0.0
PRV52777,0.0,0.0,0.0,0.0,0.0,0.0,2.0,2.0,260.0,130.0,0.0,0.0,2,2.0,260.0,0.0,1.0,130.0,130.0,0.0
PRV52778,0.0,0.0,0.0,0.0,0.0,0.0,1.0,1.0,100.0,100.0,0.0,0.0,1,1.0,100.0,0.0,1.0,100.0,100.0,0.0
PRV52781,0.0,0.0,0.0,0.0,0.0,0.0,1.0,1.0,100.0,100.0,0.0,0.0,1,1.0,100.0,0.0,1.0,100.0,100.0,0.0
PRV52782,0.0,0.0,0.0,0.0,0.0,0.0,10.0,7.0,1730.0,173.0,0.0,0.0,7,10.0,1730.0,0.0,1.4285714285714286,247.14285714285714,173.0,0.0
PRV52783,0.0,0.0,0.0,0.0,0.0,0.0,1.0,1.0,70.0,70.0,0.0,0.0,1,1.0,70.0,0.0,1.0,70.0,70.0,0.0
PRV52784,0.0,0.0,0.0,0.0,0.0,0.0,2.0,2.0,270.0,135.0,0.0,0.0,2,2.0,270.0,0.0,1.0,135.0,135.0,0.0
PRV52785,0.0,0.0,0.0,0.0,0.0,0.0,1.0,1.0,60.0,60.0,0.0,0.0,1,1.0,60.0,0.0,1.0,60.0,60.0,0.0
PRV52786,0.0,0.0,0.0,0.0,0.0,0.0,2.0,2.0,120.0,60.0,0.0,0.0,2,2.0,120.0,0.0,1.0,60.0,60.0,0.0
PRV52787,11.0,11.0,67000.0,6090.909090909091,11748.0,1068.0,0.0,0.0,0.0,0.0,0.0,0.0,11,11.0,67000.0,11748.0,1.0,6090.909090909091,6090.909090909091,1.0
PRV52788,0.0,0.0,0.0,0.0,0.0,0.0,401.0,373.0,115280.0,287.48129675810475,1490.0,3.71571072319202,373,401.0,115280.0,1490.0,1.0750670241286864,309.06166219839145,287.48129675810475,0.0
PRV52789,0.0,0.0,0.0,0.0,0.0,0.0,38.0,38.0,12500.0,328.94736842105266,170.0,4.473684210526316,38,38.0,12500.0,170.0,1.0,328.94736842105266,328.94736842105266,0.0
PRV52790,0.0,0.0,0.0,0.0,0.0,0.0,28.0,15.0,6860.0,245.0,200.0,7.142857142857143,15,28.0,6860.0,200.0,1.8666666666666667,457.3333333333333,245.0,0.0
PRV52791,0.0,0.0,0.0,0.0,0.0,0.0,1.0,1.0,200.0,200.0,0.0,0.0,1,1.0,200.0,0.0,1.0,200.0,200.0,0.0
PRV52792,0.0,0.0,0.0,0.0,0.0,0.0,5.0,5.0,320.0,64.0,80.0,16.0,5,5.0,320.0,80.0,1.0,64.0,64.0,0.0
PRV52793,0.0,0.0,0.0,0.0,0.0,0.0,17.0,17.0,4230.0,248.8235294117647,60.0,3.5294117647058822,17,17.0,4230.0,60.0,1.0,248.8235294117647,248.8235294117647,0.0
PRV52794,0.0,0.0,0.0,0.0,0.0,0.0,1.0,1.0,30.0,30.0,0.0,0.0,1,1.0,30.0,0.0,1.0,30.0,30.0,0.0
PRV52795,0.0,0.0,0.0,0.0,0.0,0.0,19.0,13.0,6150.0,323.6842105263158,80.0,4.2105263157894735,13,19.0,6150.0,80.0,1.4615384615384615,473.0769230769231,323.6842105263158,0.0
PRV52796,0.0,0.0,0.0,0.0,0.0,0.0,48.0,16.0,16690.0,347.7083333333333,140.0,2.9166666666666665,16,48.0,16690.0,140.0,3.0,1043.125,347.7083333333333,0.0
PRV52797,0.0,0.0,0.0,0.0,0.0,0.0,1.0,1.0,300.0,300.0,0.0,0.0,1,1.0,300.0,0.0,1.0,300.0,300.0,0.0
PRV52798,0.0,0.0,0.0,0.0,0.0,0.0,56.0,38.0,18160.0,324.2857142857143,200.0,3.5714285714285716,38,56.0,18160.0,200.0,1.4736842105263157,477.89473684210526,324.2857142857143,0.0
PRV52799,0.0,0.0,0.0,0.0,0.0,0.0,2.0,2.0,150.0,75.0,0.0,0.0,2,2.0,150.0,0.0,1.0,75.0,75.0,0.0
PRV52800,0.0,0.0,0.0,0.0,0.0,0.0,8.0,6.0,1890.0,236.25,90.0,11.25,6,8.0,1890.0,90.0,1.3333333333333333,315.0,236.25,0.0
PRV52801,0.0,0.0,0.0,0.0,0.0,0.0,31.0,22.0,10510.0,339.03225806451616,260.0,8.387096774193548,22,31.0,10510.0,260.0,1.4090909090909092,477.72727272727275,339.03225806451616,0.0
PRV52803,2.0,2.0,9000.0,4500.0,2136.0,1068.0,0.0,0.0,0.0,0.0,0.0,0.0,2,2.0,9000.0,2136.0,1.0,4500.0,4500.0,1.0
PRV52804,1.0,1.0,36000.0,36000.0,1068.0,1068.0,0.0,0.0,0.0,0.0,0.0,0.0,1,1.0,36000.0,1068.0,1.0,36000.0,36000.0,1.0
PRV52806,2.0,2.0,16000.0,8000.0,2136.0,1068.0,0.0,0.0,0.0,0.0,0.0,0.0,2,2.0,16000.0,2136.0,1.0,8000.0,8000.0,1.0
PRV52807,2.0,2.0,17000.0,8500.0,2136.0,1068.0,0.0,0.0,0.0,0.0,0.0,0.0,2,2.0,17000.0,2136.0,1.0,8500.0,8500.0,1.0
PRV52808,4.0,4.0,31000.0,7750.0,4272.0,1068.0,1.0,1.0,80.0,80.0,0.0,0.0,5,5.0,31080.0,4272.0,1.0,6216.0,6216.0,0.8
PRV52810,6.0,6.0,76000.0,12666.666666666666,6408.0,1068.0,0.0,0.0,0.0,0.0,0.0,0.0,6,6.0,76000.0,6408.0,1.0,12666.666666666666,12666.666666666666,1.0
PRV52813,17.0,15.0,142000.0,8352.941176470587,14952.0,1068.0,0.0,0.0,0.0,0.0,0.0,0.0,15,17.0,142000.0,14952.0,1.1333333333333333,9466.666666666666,8352.941176470587,1.0
PRV52814,2.0,2.0,6000.0,3000.0,2136.0,1068.0,0.0,0.0,0.0,0.0,0.0,0.0,2,2.0,6000.0,2136.0,1.0,3000.0,3000.0,1.0
PRV52815,26.0,24.0,390000.0,15000.0,27768.0,1068.0,0.0,0.0,0.0,0.0,0.0,0.0,24,26.0,390000.0,27768.0,1.0833333333333333,16250.0,15000.0,1.0
PRV52816,1.0,1.0,3000.0,3000.0,1068.0,1068.0,0.0,0.0,0.0,0.0,0.0,0.0,1,1.0,3000.0,1068.0,1.0,3000.0,3000.0,1.0
PRV52818,0.0,0.0,0.0,0.0,0.0,0.0,39.0,35.0,9730.0,249.48717948717947,10.0,0.2564102564102564,35,39.0,9730.0,10.0,1.1142857142857143,278.0,249.48717948717947,0.0
PRV52820,0.0,0.0,0.0,0.0,0.0,0.0,32.0,30.0,6510.0,203.4375,220.0,6.875,30,32.0,6510.0,220.0,1.0666666666666667,217.0,203.4375,0.0
PRV52821,173.0,131.0,1661000.0,9601.156069364162,179424.0,1068.0,540.0,314.0,161970.0,299.94444444444446,1550.0,2.8703703703703702,389,713.0,1822970.0,180974.0,1.832904884318766,4686.298200514138,2556.760168302945,0.2426367461430575
PRV52822,0.0,0.0,0.0,0.0,0.0,0.0,135.0,97.0,43480.0,322.0740740740741,910.0,6.7407407407407405,97,135.0,43480.0,910.0,1.3917525773195876,448.2474226804124,322.0740740740741,0.0
PRV52823,7.0,7.0,46000.0,6571.428571428572,7476.0,1068.0,80.0,63.0,19100.0,238.75,480.0,6.0,70,87.0,65100.0,7956.0,1.2428571428571429,930.0,748.2758620689655,0.08045977011494253
PRV52824,0.0,0.0,0.0,0.0,0.0,0.0,42.0,39.0,8740.0,208.0952380952381,300.0,7.142857142857143,39,42.0,8740.0,300.0,1.0769230769230769,224.10256410256412,208.0952380952381,0.0
PRV52825,0.0,0.0,0.0,0.0,0.0,0.0,22.0,21.0,5870.0,266.8181818181818,0.0,0.0,21,22.0,5870.0,0.0,1.0476190476190477,279.5238095238095,266.8181818181818,0.0
PRV52826,0.0,0.0,0.0,0.0,0.0,0.0,292.0,103.0,101600.0,347.94520547945206,1020.0,3.493150684931507,103,292.0,101600.0,1020.0,2.8349514563106797,986.4077669902913,347.94520547945206,0.0
PRV52827,0.0,0.0,0.0,0.0,0.0,0.0,804.0,296.0,282060.0,350.82089552238807,1630.0,2.027363184079602,296,804.0,282060.0,1630.0,2.7162162162162162,952.9054054054054,350.82089552238807,0.0
PRV52828,23.0,20.0,212000.0,9217.391304347826,24564.0,1068.0,21.0,18.0,9050.0,430.95238095238096,220.0,10.476190476190476,38,44.0,221050.0,24784.0,1.1578947368421053,5817.105263157895,5023.863636363636,0.5227272727272727
PRV52829,6.0,6.0,40000.0,6666.666666666667,6408.0,1068.0,527.0,320.0,186800.0,354.4592030360531,1790.0,3.396584440227704,326,533.0,226800.0,8198.0,1.6349693251533743,695.7055214723927,425.515947467167,0.01125703564727955
PRV52830,0.0,0.0,0.0,0.0,0.0,0.0,34.0,28.0,7250.0,213.23529411764707,220.0,6.470588235294118,28,34.0,7250.0,220.0,1.2142857142857142,258.92857142857144,213.23529411764707,0.0
PRV52831,20.0,19.0,246000.0,12300.0,19224.0,1068.0,11.0,11.0,1920.0,174.54545454545453,0.0,0.0,29,31.0,247920.0,19224.0,1.0689655172413792,8548.965517241379,7997.419354838709,0.6451612903225806
PRV52832,0.0,0.0,0.0,0.0,0.0,0.0,31.0,30.0,10180.0,328.38709677419354,100.0,3.225806451612903,30,31.0,10180.0,100.0,1.0333333333333334,339.3333333333333,328.38709677419354,0.0
PRV52833,4.0,4.0,26000.0,6500.0,4272.0,1068.0,10.0,8.0,1460.0,146.0,200.0,20.0,12,14.0,27460.0,4472.0,1.1666666666666667,2288.3333333333335,1961.4285714285713,0.2857142857142857
PRV52835,11.0,11.0,128000.0,11636.363636363636,11748.0,1068.0,46.0,46.0,12360.0,268.69565217391306,200.0,4.3478260869565215,57,57.0,140360.0,11948.0,1.0,2462.4561403508774,2462.4561403508774,0.19298245614035087
PRV52836,5.0,5.0,51000.0,10200.0,4272.0,1068.0,16.0,16.0,2680.0,167.5,70.0,4.375,20,21.0,53680.0,4342.0,1.05,2684.0,2556.190476190476,0.23809523809523808
PRV52837,2.0,2.0,22000.0,11000.0,2136.0,1068.0,69.0,57.0,9930.0,143.91304347826087,80.0,1.1594202898550725,59,71.0,31930.0,2216.0,1.2033898305084745,541.1864406779661,449.71830985915494,0.028169014084507043
PRV52838,0.0,0.0,0.0,0.0,0.0,0.0,83.0,61.0,25230.0,303.9759036144578,370.0,4.457831325301205,61,83.0,25230.0,370.0,1.360655737704918,413.60655737704917,303.9759036144578,0.0
PRV52839,0.0,0.0,0.0,0.0,0.0,0.0,33.0,30.0,12290.0,372.42424242424244,390.0,11.818181818181818,30,33.0,12290.0,390.0,1.1,409.6666666666667,372.42424242424244,0.0
PRV52841,1.0,1.0,13000.0,13000.0,1068.0,1068.0,2.0,2.0,320.0,160.0,0.0,0.0,3,3.0,13320.0,1068.0,1.0,4440.0,4440.0,0.3333333333333333
PRV52842,24.0,24.0,286000.0,11916.666666666666,25632.0,1068.0,421.0,246.0,110510.0,262.4940617577197,1060.0,2.517814726840855,263,445.0,396510.0,26692.0,1.6920152091254752,1507.6425855513307,891.0337078651686,0.05393258426966292
PRV52843,47.0,42.0,543000.0,11553.191489361701,50196.0,1068.0,204.0,155.0,49160.0,240.98039215686273,460.0,2.2549019607843137,190,251.0,592160.0,50656.0,1.3210526315789475,3116.6315789473683,2359.203187250996,0.18725099601593626
PRV52844,2.0,2.0,13000.0,6500.0,2136.0,1068.0,127.0,110.0,33950.0,267.3228346456693,230.0,1.811023622047244,112,129.0,46950.0,2366.0,1.1517857142857142,419.19642857142856,363.95348837209303,0.015503875968992248
PRV52845,8.0,8.0,218000.0,27250.0,8544.0,1068.0,223.0,129.0,50340.0,225.73991031390133,460.0,2.062780269058296,137,231.0,268340.0,9004.0,1.686131386861314,1958.6861313868612,1161.6450216450216,0.03463203463203463
PRV52846,175.0,164.0,2099830.0,11999.028571428571,185832.0,1068.0,66.0,60.0,17180.0,260.3030303030303,40.0,0.6060606060606061,222,241.0,2117010.0,185872.0,1.0855855855855856,9536.081081081082,8784.273858921162,0.7261410788381742
PRV52847,62.0,47.0,611000.0,9854.838709677419,58740.0,1068.0,30.0,28.0,6430.0,214.33333333333334,180.0,6.0,75,92.0,617430.0,58920.0,1.2266666666666666,8232.4,6711.195652173913,0.6739130434782609
PRV52848,0.0,0.0,0.0,0.0,0.0,0.0,25.0,25.0,5280.0,211.2,110.0,4.4,25,25.0,5280.0,110.0,1.0,211.2,211.2,0.0
PRV52849,2.0,2.0,43000.0,21500.0,2136.0,1068.0,12.0,11.0,2780.0,231.66666666666666,10.0,0.8333333333333334,13,14.0,45780.0,2146.0,1.0769230769230769,3521.5384615384614,3270.0,0.14285714285714285
PRV52850,1.0,1.0,16000.0,16000.0,1068.0,1068.0,145.0,51.0,32470.0,223.93103448275863,700.0,4.827586206896552,52,146.0,48470.0,1768.0,2.8076923076923075,932.1153846153846,331.986301369863,0.00684931506849315
PRV52851,8.0,8.0,61000.0,7625.0,8544.0,1068.0,29.0,27.0,6460.0,222.75862068965517,170.0,5.862068965517241,35,37.0,67460.0,8714.0,1.0571428571428572,1927.4285714285713,1823.2432432432433,0.21621621621621623
PRV52853,0.0,0.0,0.0,0.0,0.0,0.0,29.0,24.0,11050.0,381.0344827586207,180.0,6.206896551724138,24,29.0,11050.0,180.0,1.2083333333333333,460.4166666666667,381.0344827586207,0.0
PRV52855,3.0,3.0,25000.0,8333.333333333334,3204.0,1068.0,19.0,19.0,6800.0,357.89473684210526,0.0,0.0,22,22.0,31800.0,3204.0,1.0,1445.4545454545455,1445.4545454545455,0.13636363636363635
PRV52857,6.0,6.0,54000.0,9000.0,5340.0,1068.0,453.0,175.0,142310.0,314.1501103752759,1060.0,2.3399558498896247,178,459.0,196310.0,6400.0,2.5786516853932584,1102.8651685393259,427.69063180827885,0.013071895424836602
PRV52858,14.0,13.0,143000.0,10214.285714285714,14952.0,1068.0,66.0,64.0,21760.0,329.6969696969697,180.0,2.727272727272727,77,80.0,164760.0,15132.0,1.0389610389610389,2139.7402597402597,2059.5,0.175
PRV52859,0.0,0.0,0.0,0.0,0.0,0.0,911.0,441.0,287930.0,316.059275521405,1940.0,2.129527991218441,441,911.0,287930.0,1940.0,2.0657596371882088,652.9024943310658,316.059275521405,0.0
PRV52860,0.0,0.0,0.0,0.0,0.0,0.0,393.0,149.0,107830.0,274.3765903307888,1290.0,3.282442748091603,149,393.0,107830.0,1290.0,2.6375838926174495,723.6912751677852,274.3765903307888,0.0
PRV52861,0.0,0.0,0.0,0.0,0.0,0.0,14.0,14.0,1770.0,126.42857142857143,220.0,15.714285714285714,14,14.0,1770.0,220.0,1.0,126.42857142857143,126.42857142857143,0.0
PRV52862,56.0,48.0,431000.0,7696.428571428572,58740.0,1068.0,20.0,19.0,1660.0,83.0,0.0,0.0,67,76.0,432660.0,58740.0,1.1343283582089552,6457.611940298508,5692.894736842105,0.7368421052631579
PRV52863,0.0,0.0,0.0,0.0,0.0,0.0,52.0,29.0,14650.0,281.7307692307692,80.0,1.5384615384615385,29,52.0,14650.0,80.0,1.793103448275862,505.17241379310343,281.7307692307692,0.0
PRV52864,0.0,0.0,0.0,0.0,0.0,0.0,28.0,22.0,12870.0,459.64285714285717,120.0,4.285714285714286,22,28.0,12870.0,120.0,1.2727272727272727,585.0,459.64285714285717,0.0
PRV52865,6.0,6.0,70000.0,11666.666666666666,6408.0,1068.0,60.0,51.0,12790.0,213.16666666666666,20.0,0.3333333333333333,57,66.0,82790.0,6428.0,1.1578947368421053,1452.4561403508771,1254.3939393939395,0.09090909090909091
PRV52868,42.0,33.0,413000.0,9833.333333333334,44856.0,1068.0,68.0,61.0,21120.0,310.5882352941176,70.0,1.0294117647058822,93,110.0,434120.0,44926.0,1.1827956989247312,4667.956989247312,3946.5454545454545,0.38181818181818183
PRV52869,7.0,7.0,82000.0,11714.285714285714,7476.0,1068.0,55.0,43.0,12120.0,220.36363636363637,30.0,0.5454545454545454,50,62.0,94120.0,7506.0,1.24,1882.4,1518.0645161290322,0.11290322580645161
PRV52870,35.0,25.0,290300.0,8294.285714285714,36312.0,1068.0,554.0,215.0,163080.0,294.3682310469314,1670.0,3.0144404332129966,220,589.0,453380.0,37982.0,2.6772727272727272,2060.818181818182,769.7453310696095,0.059422750424448216
PRV52872,0.0,0.0,0.0,0.0,0.0,0.0,108.0,102.0,47710.0,441.75925925925924,250.0,2.314814814814815,102,108.0,47710.0,250.0,1.0588235294117647,467.7450980392157,441.75925925925924,0.0
PRV52873,0.0,0.0,0.0,0.0,0.0,0.0,69.0,56.0,16500.0,239.1304347826087,110.0,1.5942028985507246,56,69.0,16500.0,110.0,1.2321428571428572,294.64285714285717,239.1304347826087,0.0
PRV52875,0.0,0.0,0.0,0.0,0.0,0.0,12.0,12.0,1540.0,128.33333333333334,0.0,0.0,12,12.0,1540.0,0.0,1.0,128.33333333333334,128.33333333333334,0.0
PRV52876,18.0,17.0,178000.0,9888.888888888889,18156.0,1068.0,55.0,49.0,17980.0,326.90909090909093,240.0,4.363636363636363,66,73.0,195980.0,18396.0,1.106060606060606,2969.3939393939395,2684.6575342465753,0.2465753424657534
PRV52877,0.0,0.0,0.0,0.0,0.0,0.0,19.0,19.0,2450.0,128.94736842105263,0.0,0.0,19,19.0,2450.0,0.0,1.0,128.94736842105263,128.94736842105263,0.0
PRV52878,0.0,0.0,0.0,0.0,0.0,0.0,27.0,25.0,11700.0,433.3333333333333,0.0,0.0,25,27.0,11700.0,0.0,1.08,468.0,433.3333333333333,0.0
PRV52879,0.0,0.0,0.0,0.0,0.0,0.0,120.0,56.0,26880.0,224.0,370.0,3.0833333333333335,56,120.0,26880.0,370.0,2.142857142857143,480.0,224.0,0.0
PRV52880,3.0,3.0,18000.0,6000.0,3204.0,1068.0,17.0,17.0,1560.0,91.76470588235294,60.0,3.5294117647058822,19,20.0,19560.0,3264.0,1.0526315789473684,1029.4736842105262,978.0,0.15
PRV52881,20.0,20.0,142500.0,7125.0,20292.0,1068.0,282.0,209.0,69010.0,244.7163120567376,790.0,2.801418439716312,225,302.0,211510.0,21082.0,1.3422222222222222,940.0444444444445,700.364238410596,0.06622516556291391
PRV52882,0.0,0.0,0.0,0.0,0.0,0.0,41.0,32.0,14960.0,364.8780487804878,130.0,3.1707317073170733,32,41.0,14960.0,130.0,1.28125,467.5,364.8780487804878,0.0
PRV52884,0.0,0.0,0.0,0.0,0.0,0.0,707.0,213.0,237930.0,336.53465346534654,1720.0,2.432814710042433,213,707.0,237930.0,1720.0,3.31924882629108,1117.0422535211267,336.53465346534654,0.0
PRV52886,0.0,0.0,0.0,0.0,0.0,0.0,70.0,41.0,24030.0,343.2857142857143,370.0,5.285714285714286,41,70.0,24030.0,370.0,1.7073170731707317,586.0975609756098,343.2857142857143,0.0
PRV52887,23.0,20.0,259010.0,11261.304347826086,24564.0,1068.0,507.0,192.0,124580.0,245.7199211045365,1940.0,3.826429980276134,202,530.0,383590.0,26504.0,2.623762376237624,1898.960396039604,723.7547169811321,0.04339622641509434
PRV52889,31.0,29.0,229000.0,7387.096774193548,32040.0,1068.0,609.0,346.0,178500.0,293.1034482758621,1880.0,3.0870279146141213,363,640.0,407500.0,33920.0,1.7630853994490359,1122.5895316804408,636.71875,0.0484375
PRV52890,4.0,4.0,29000.0,7250.0,4272.0,1068.0,18.0,18.0,5950.0,330.55555555555554,100.0,5.555555555555555,22,22.0,34950.0,4372.0,1.0,1588.6363636363637,1588.6363636363637,0.18181818181818182
PRV52891,0.0,0.0,0.0,0.0,0.0,0.0,19.0,19.0,2580.0,135.78947368421052,90.0,4.7368421052631575,19,19.0,2580.0,90.0,1.0,135.78947368421052,135.78947368421052,0.0
PRV52892,7.0,7.0,104000.0,14857.142857142857,7476.0,1068.0,29.0,22.0,4690.0,161.72413793103448,0.0,0.0,29,36.0,108690.0,7476.0,1.2413793103448276,3747.9310344827586,3019.1666666666665,0.19444444444444445
PRV52893,0.0,0.0,0.0,0.0,0.0,0.0,362.0,227.0,131850.0,364.22651933701655,1390.0,3.839779005524862,227,362.0,131850.0,1390.0,1.5947136563876652,580.8370044052864,364.22651933701655,0.0
PRV52895,0.0,0.0,0.0,0.0,0.0,0.0,81.0,72.0,26180.0,323.2098765432099,190.0,2.345679012345679,72,81.0,26180.0,190.0,1.125,363.6111111111111,323.2098765432099,0.0
PRV52896,17.0,16.0,266000.0,15647.058823529413,18156.0,1068.0,125.0,86.0,34920.0,279.36,200.0,1.6,97,142.0,300920.0,18356.0,1.4639175257731958,3102.2680412371133,2119.154929577465,0.11971830985915492
PRV52897,0.0,0.0,0.0,0.0,0.0,0.0,45.0,39.0,9140.0,203.11111111111111,300.0,6.666666666666667,39,45.0,9140.0,300.0,1.1538461538461537,234.35897435897436,203.11111111111111,0.0
PRV52898,48.0,45.0,513000.0,10687.5,51264.0,1068.0,66.0,64.0,22930.0,347.42424242424244,150.0,2.272727272727273,108,114.0,535930.0,51414.0,1.0555555555555556,4962.314814814815,4701.140350877193,0.42105263157894735
PRV52899,0.0,0.0,0.0,0.0,0.0,0.0,1.0,1.0,30.0,30.0,0.0,0.0,1,1.0,30.0,0.0,1.0,30.0,30.0,0.0
PRV52901,0.0,0.0,0.0,0.0,0.0,0.0,85.0,50.0,23030.0,270.94117647058823,80.0,0.9411764705882353,50,85.0,23030.0,80.0,1.7,460.6,270.94117647058823,0.0
PRV52902,21.0,20.0,128000.0,6095.238095238095,21360.0,1068.0,25.0,25.0,4250.0,170.0,160.0,6.4,44,46.0,132250.0,21520.0,1.0454545454545454,3005.681818181818,2875.0,0.45652173913043476
PRV52903,167.0,158.0,1549580.0,9278.922155688622,174084.0,1068.0,33.0,33.0,18530.0,561.5151515151515,60.0,1.8181818181818181,191,200.0,1568110.0,174144.0,1.0471204188481675,8210.0,7840.55,0.835
PRV52904,1.0,1.0,10000.0,10000.0,1068.0,1068.0,2.0,2.0,230.0,115.0,0.0,0.0,3,3.0,10230.0,1068.0,1.0,3410.0,3410.0,0.3333333333333333
PRV52905,0.0,0.0,0.0,0.0,0.0,0.0,130.0,58.0,25440.0,195.69230769230768,250.0,1.9230769230769231,58,130.0,25440.0,250.0,2.2413793103448274,438.62068965517244,195.69230769230768,0.0
PRV52907,0.0,0.0,0.0,0.0,0.0,0.0,183.0,79.0,53600.0,292.89617486338796,560.0,3.060109289617486,79,183.0,53600.0,560.0,2.3164556962025316,678.4810126582279,292.89617486338796,0.0
PRV52910,10.0,9.0,149000.0,14900.0,10680.0,1068.0,8.0,8.0,2600.0,325.0,0.0,0.0,16,18.0,151600.0,10680.0,1.125,9475.0,8422.222222222223,0.5555555555555556
PRV52911,0.0,0.0,0.0,0.0,0.0,0.0,5.0,5.0,2060.0,412.0,0.0,0.0,5,5.0,2060.0,0.0,1.0,412.0,412.0,0.0
PRV52912,1.0,1.0,13000.0,13000.0,1068.0,1068.0,15.0,13.0,1640.0,109.33333333333333,110.0,7.333333333333333,14,16.0,14640.0,1178.0,1.1428571428571428,1045.7142857142858,915.0,0.0625
PRV52913,0.0,0.0,0.0,0.0,0.0,0.0,35.0,32.0,11600.0,331.42857142857144,220.0,6.285714285714286,32,35.0,11600.0,220.0,1.09375,362.5,331.42857142857144,0.0
PRV52914,0.0,0.0,0.0,0.0,0.0,0.0,61.0,44.0,17170.0,281.4754098360656,330.0,5.409836065573771,44,61.0,17170.0,330.0,1.3863636363636365,390.22727272727275,281.4754098360656,0.0
PRV52916,6.0,6.0,64000.0,10666.666666666666,6408.0,1068.0,20.0,20.0,9130.0,456.5,0.0,0.0,25,26.0,73130.0,6408.0,1.04,2925.2,2812.6923076923076,0.23076923076923078
PRV52917,0.0,0.0,0.0,0.0,0.0,0.0,32.0,21.0,8870.0,277.1875,70.0,2.1875,21,32.0,8870.0,70.0,1.5238095238095237,422.3809523809524,277.1875,0.0
PRV52918,13.0,12.0,108700.0,8361.538461538461,13884.0,1068.0,9.0,8.0,5310.0,590.0,0.0,0.0,20,22.0,114010.0,13884.0,1.1,5700.5,5182.272727272727,0.5909090909090909
PRV52919,0.0,0.0,0.0,0.0,0.0,0.0,66.0,37.0,14070.0,213.1818181818182,130.0,1.9696969696969697,37,66.0,14070.0,130.0,1.7837837837837838,380.27027027027026,213.1818181818182,0.0
PRV52920,2.0,2.0,13000.0,6500.0,2136.0,1068.0,15.0,15.0,1530.0,102.0,160.0,10.666666666666666,17,17.0,14530.0,2296.0,1.0,854.7058823529412,854.7058823529412,0.11764705882352941
PRV52921,3.0,3.0,13000.0,4333.333333333333,3204.0,1068.0,43.0,40.0,14450.0,336.04651162790697,160.0,3.7209302325581395,43,46.0,27450.0,3364.0,1.069767441860465,638.3720930232558,596.7391304347826,0.06521739130434782
PRV52922,7.0,5.0,40000.0,5714.285714285715,7476.0,1068.0,26.0,19.0,9510.0,365.7692307692308,0.0,0.0,24,33.0,49510.0,7476.0,1.375,2062.9166666666665,1500.3030303030303,0.21212121212121213
PRV52924,3.0,3.0,36000.0,12000.0,3204.0,1068.0,10.0,8.0,2730.0,273.0,0.0,0.0,11,13.0,38730.0,3204.0,1.1818181818181819,3520.909090909091,2979.230769230769,0.23076923076923078
PRV52925,4.0,4.0,29000.0,7250.0,4272.0,1068.0,0.0,0.0,0.0,0.0,0.0,0.0,4,4.0,29000.0,4272.0,1.0,7250.0,7250.0,1.0
PRV52926,4.0,4.0,51000.0,12750.0,4272.0,1068.0,13.0,12.0,2760.0,212.30769230769232,50.0,3.8461538461538463,16,17.0,53760.0,4322.0,1.0625,3360.0,3162.3529411764707,0.23529411764705882
PRV52928,0.0,0.0,0.0,0.0,0.0,0.0,41.0,23.0,9260.0,225.85365853658536,290.0,7.073170731707317,23,41.0,9260.0,290.0,1.7826086956521738,402.60869565217394,225.85365853658536,0.0
PRV52929,0.0,0.0,0.0,0.0,0.0,0.0,35.0,20.0,6770.0,193.42857142857142,30.0,0.8571428571428571,20,35.0,6770.0,30.0,1.75,338.5,193.42857142857142,0.0
PRV52930,0.0,0.0,0.0,0.0,0.0,0.0,127.0,61.0,39290.0,309.37007874015745,300.0,2.3622047244094486,61,127.0,39290.0,300.0,2.081967213114754,644.0983606557377,309.37007874015745,0.0
PRV52931,0.0,0.0,0.0,0.0,0.0,0.0,14.0,14.0,3010.0,215.0,150.0,10.714285714285714,14,14.0,3010.0,150.0,1.0,215.0,215.0,0.0
PRV52932,0.0,0.0,0.0,0.0,0.0,0.0,40.0,34.0,13830.0,345.75,90.0,2.25,34,40.0,13830.0,90.0,1.1764705882352942,406.7647058823529,345.75,0.0
PRV52933,4.0,2.0,68000.0,17000.0,3204.0,1068.0,4.0,4.0,1390.0,347.5,0.0,0.0,6,8.0,69390.0,3204.0,1.3333333333333333,11565.0,8673.75,0.5
PRV52934,0.0,0.0,0.0,0.0,0.0,0.0,32.0,18.0,8730.0,272.8125,230.0,7.1875,18,32.0,8730.0,230.0,1.7777777777777777,485.0,272.8125,0.0
PRV52935,0.0,0.0,0.0,0.0,0.0,0.0,280.0,85.0,101800.0,363.57142857142856,250.0,0.8928571428571429,85,280.0,101800.0,250.0,3.2941176470588234,1197.6470588235295,363.57142857142856,0.0
PRV52936,4.0,4.0,24000.0,6000.0,4272.0,1068.0,104.0,31.0,20340.0,195.57692307692307,310.0,2.980769230769231,34,108.0,44340.0,4582.0,3.176470588235294,1304.1176470588234,410.55555555555554,0.037037037037037035
PRV52937,0.0,0.0,0.0,0.0,0.0,0.0,24.0,21.0,6030.0,251.25,100.0,4.166666666666667,21,24.0,6030.0,100.0,1.1428571428571428,287.14285714285717,251.25,0.0
PRV52938,0.0,0.0,0.0,0.0,0.0,0.0,3.0,3.0,4270.0,1423.3333333333333,0.0,0.0,3,3.0,4270.0,0.0,1.0,1423.3333333333333,1423.3333333333333,0.0
PRV52940,0.0,0.0,0.0,0.0,0.0,0.0,9.0,7.0,950.0,105.55555555555556,40.0,4.444444444444445,7,9.0,950.0,40.0,1.2857142857142858,135.71428571428572,105.55555555555556,0.0
PRV52941,0.0,0.0,0.0,0.0,0.0,0.0,43.0,39.0,13950.0,324.4186046511628,170.0,3.953488372093023,39,43.0,13950.0,170.0,1.1025641025641026,357.6923076923077,324.4186046511628,0.0
PRV52942,0.0,0.0,0.0,0.0,0.0,0.0,43.0,39.0,10910.0,253.72093023255815,40.0,0.9302325581395349,39,43.0,10910.0,40.0,1.1025641025641026,279.7435897435897,253.72093023255815,0.0
PRV52943,0.0,0.0,0.0,0.0,0.0,0.0,35.0,33.0,6760.0,193.14285714285714,80.0,2.2857142857142856,33,35.0,6760.0,80.0,1.0606060606060606,204.84848484848484,193.14285714285714,0.0
PRV52944,0.0,0.0,0.0,0.0,0.0,0.0,4.0,4.0,4120.0,1030.0,0.0,0.0,4,4.0,4120.0,0.0,1.0,1030.0,1030.0,0.0
PRV52945,0.0,0.0,0.0,0.0,0.0,0.0,46.0,24.0,6870.0,149.34782608695653,160.0,3.4782608695652173,24,46.0,6870.0,160.0,1.9166666666666667,286.25,149.34782608695653,0.0
PRV52948,0.0,0.0,0.0,0.0,0.0,0.0,106.0,47.0,25320.0,238.8679245283019,510.0,4.811320754716981,47,106.0,25320.0,510.0,2.25531914893617,538.7234042553191,238.8679245283019,0.0
PRV52949,0.0,0.0,0.0,0.0,0.0,0.0,79.0,51.0,27080.0,342.7848101265823,370.0,4.6835443037974684,51,79.0,27080.0,370.0,1.5490196078431373,530.9803921568628,342.7848101265823,0.0
PRV52950,0.0,0.0,0.0,0.0,0.0,0.0,116.0,64.0,33830.0,291.63793103448273,470.0,4.051724137931035,64,116.0,33830.0,470.0,1.8125,528.59375,291.63793103448273,0.0
PRV52951,0.0,0.0,0.0,0.0,0.0,0.0,20.0,20.0,9980.0,499.0,110.0,5.5,20,20.0,9980.0,110.0,1.0,499.0,499.0,0.0
PRV52952,0.0,0.0,0.0,0.0,0.0,0.0,1.0,1.0,600.0,600.0,0.0,0.0,1,1.0,600.0,0.0,1.0,600.0,600.0,0.0
PRV52953,0.0,0.0,0.0,0.0,0.0,0.0,85.0,61.0,23580.0,277.4117647058824,130.0,1.5294117647058822,61,85.0,23580.0,130.0,1.3934426229508197,386.55737704918033,277.4117647058824,0.0
PRV52954,0.0,0.0,0.0,0.0,0.0,0.0,1.0,1.0,2100.0,2100.0,0.0,0.0,1,1.0,2100.0,0.0,1.0,2100.0,2100.0,0.0
PRV52955,0.0,0.0,0.0,0.0,0.0,0.0,73.0,63.0,14160.0,193.97260273972603,450.0,6.164383561643835,63,73.0,14160.0,450.0,1.1587301587301588,224.76190476190476,193.97260273972603,0.0
PRV52956,0.0,0.0,0.0,0.0,0.0,0.0,18.0,9.0,2110.0,117.22222222222223,100.0,5.555555555555555,9,18.0,2110.0,100.0,2.0,234.44444444444446,117.22222222222223,0.0
PRV52957,0.0,0.0,0.0,0.0,0.0,0.0,1.0,1.0,0.0,0.0,70.0,70.0,1,1.0,0.0,70.0,1.0,0.0,0.0,0.0
PRV52958,0.0,0.0,0.0,0.0,0.0,0.0,16.0,15.0,2020.0,126.25,0.0,0.0,15,16.0,2020.0,0.0,1.0666666666666667,134.66666666666666,126.25,0.0
PRV52961,0.0,0.0,0.0,0.0,0.0,0.0,5.0,5.0,320.0,64.0,0.0,0.0,5,5.0,320.0,0.0,1.0,64.0,64.0,0.0
PRV52962,0.0,0.0,0.0,0.0,0.0,0.0,14.0,9.0,3520.0,251.42857142857142,50.0,3.5714285714285716,9,14.0,3520.0,50.0,1.5555555555555556,391.1111111111111,251.42857142857142,0.0
PRV52963,0.0,0.0,0.0,0.0,0.0,0.0,9.0,7.0,850.0,94.44444444444444,0.0,0.0,7,9.0,850.0,0.0,1.2857142857142858,121.42857142857143,94.44444444444444,0.0
PRV52964,0.0,0.0,0.0,0.0,0.0,0.0,91.0,37.0,27140.0,298.24175824175825,170.0,1.8681318681318682,37,91.0,27140.0,170.0,2.4594594594594597,733.5135135135135,298.24175824175825,0.0
PRV52966,0.0,0.0,0.0,0.0,0.0,0.0,3.0,3.0,710.0,236.66666666666666,0.0,0.0,3,3.0,710.0,0.0,1.0,236.66666666666666,236.66666666666666,0.0
PRV52970,1.0,1.0,4000.0,4000.0,1068.0,1068.0,0.0,0.0,0.0,0.0,0.0,0.0,1,1.0,4000.0,1068.0,1.0,4000.0,4000.0,1.0
PRV52971,3.0,3.0,15000.0,5000.0,3204.0,1068.0,0.0,0.0,0.0,0.0,0.0,0.0,3,3.0,15000.0,3204.0,1.0,5000.0,5000.0,1.0
PRV52972,17.0,14.0,220000.0,12941.176470588236,18156.0,1068.0,0.0,0.0,0.0,0.0,0.0,0.0,14,17.0,220000.0,18156.0,1.2142857142857142,15714.285714285714,12941.176470588236,1.0
PRV52976,4.0,4.0,29000.0,7250.0,4272.0,1068.0,0.0,0.0,0.0,0.0,0.0,0.0,4,4.0,29000.0,4272.0,1.0,7250.0,7250.0,1.0
PRV52978,5.0,5.0,59000.0,11800.0,5340.0,1068.0,0.0,0.0,0.0,0.0,0.0,0.0,5,5.0,59000.0,5340.0,1.0,11800.0,11800.0,1.0
PRV52979,6.0,6.0,68000.0,11333.333333333334,6408.0,1068.0,0.0,0.0,0.0,0.0,0.0,0.0,6,6.0,68000.0,6408.0,1.0,11333.333333333334,11333.333333333334,1.0
PRV52980,0.0,0.0,0.0,0.0,0.0,0.0,601.0,229.0,142660.0,237.3710482529118,1330.0,2.212978369384359,229,601.0,142660.0,1330.0,2.6244541484716155,622.9694323144105,237.3710482529118,0.0
PRV52981,0.0,0.0,0.0,0.0,0.0,0.0,369.0,149.0,85830.0,232.60162601626016,790.0,2.140921409214092,149,369.0,85830.0,790.0,2.476510067114094,576.0402684563759,232.60162601626016,0.0
PRV52982,0.0,0.0,0.0,0.0,0.0,0.0,643.0,231.0,216220.0,336.2674961119751,2160.0,3.3592534992223952,231,643.0,216220.0,2160.0,2.7835497835497836,936.017316017316,336.2674961119751,0.0
PRV52985,121.0,92.0,1361000.0,11247.933884297521,126024.0,1068.0,1282.0,464.0,359120.0,280.1248049921997,2740.0,2.137285491419657,500,1403.0,1720120.0,128764.0,2.806,3440.24,1226.0299358517464,0.08624376336421953
PRV52986,9.0,7.0,124000.0,13777.777777777777,9612.0,1068.0,27.0,24.0,8490.0,314.44444444444446,160.0,5.925925925925926,31,36.0,132490.0,9772.0,1.1612903225806452,4273.870967741936,3680.277777777778,0.25
PRV52988,0.0,0.0,0.0,0.0,0.0,0.0,312.0,124.0,76070.0,243.81410256410257,880.0,2.8205128205128207,124,312.0,76070.0,880.0,2.5161290322580645,613.4677419354839,243.81410256410257,0.0
PRV52989,70.0,56.0,860000.0,12285.714285714286,74760.0,1068.0,107.0,86.0,22590.0,211.1214953271028,360.0,3.364485981308411,138,177.0,882590.0,75120.0,1.2826086956521738,6395.579710144928,4986.38418079096,0.3954802259887006
PRV52990,22.0,17.0,190000.0,8636.363636363636,23496.0,1068.0,57.0,43.0,18160.0,318.5964912280702,0.0,0.0,55,79.0,208160.0,23496.0,1.4363636363636363,3784.7272727272725,2634.9367088607596,0.27848101265822783
PRV52991,8.0,8.0,87000.0,10875.0,8544.0,1068.0,51.0,47.0,16970.0,332.7450980392157,0.0,0.0,54,59.0,103970.0,8544.0,1.0925925925925926,1925.3703703703704,1762.2033898305085,0.13559322033898305
PRV52993,0.0,0.0,0.0,0.0,0.0,0.0,10.0,9.0,3120.0,312.0,20.0,2.0,9,10.0,3120.0,20.0,1.1111111111111112,346.6666666666667,312.0,0.0
PRV52996,0.0,0.0,0.0,0.0,0.0,0.0,37.0,30.0,11510.0,311.0810810810811,0.0,0.0,30,37.0,11510.0,0.0,1.2333333333333334,383.6666666666667,311.0810810810811,0.0
PRV52998,15.0,13.0,147300.0,9820.0,14952.0,1068.0,18.0,16.0,3890.0,216.11111111111111,170.0,9.444444444444445,28,33.0,151190.0,15122.0,1.1785714285714286,5399.642857142857,4581.515151515152,0.45454545454545453
PRV52999,8.0,6.0,57000.0,7125.0,8544.0,1068.0,48.0,46.0,16210.0,337.7083333333333,100.0,2.0833333333333335,51,56.0,73210.0,8644.0,1.0980392156862746,1435.4901960784314,1307.3214285714287,0.14285714285714285
PRV53000,0.0,0.0,0.0,0.0,0.0,0.0,703.0,469.0,200250.0,284.850640113798,2030.0,2.887624466571835,469,703.0,200250.0,2030.0,1.4989339019189765,426.9722814498934,284.850640113798,0.0
PRV53001,0.0,0.0,0.0,0.0,0.0,0.0,150.0,105.0,45460.0,303.06666666666666,0.0,0.0,105,150.0,45460.0,0.0,1.4285714285714286,432.95238095238096,303.06666666666666,0.0
PRV53002,0.0,0.0,0.0,0.0,0.0,0.0,397.0,134.0,116040.0,292.29219143576825,1110.0,2.795969773299748,134,397.0,116040.0,1110.0,2.962686567164179,865.9701492537314,292.29219143576825,0.0
PRV53004,0.0,0.0,0.0,0.0,0.0,0.0,18.0,16.0,4310.0,239.44444444444446,0.0,0.0,16,18.0,4310.0,0.0,1.125,269.375,239.44444444444446,0.0
PRV53005,16.0,14.0,160200.0,10012.5,16020.0,1068.0,34.0,25.0,8660.0,254.7058823529412,0.0,0.0,37,50.0,168860.0,16020.0,1.3513513513513513,4563.783783783784,3377.2,0.32
PRV53007,37.0,30.0,385000.0,10405.405405405405,38448.0,1068.0,59.0,39.0,15540.0,263.3898305084746,370.0,6.271186440677966,68,96.0,400540.0,38818.0,1.411764705882353,5890.294117647059,4172.291666666667,0.3854166666666667
PRV53008,39.0,35.0,351000.0,9000.0,39516.0,1068.0,13.0,13.0,2600.0,200.0,50.0,3.8461538461538463,48,52.0,353600.0,39566.0,1.0833333333333333,7366.666666666667,6800.0,0.75
PRV53009,5.0,5.0,31000.0,6200.0,5340.0,1068.0,32.0,18.0,4620.0,144.375,0.0,0.0,23,37.0,35620.0,5340.0,1.608695652173913,1548.695652173913,962.7027027027027,0.13513513513513514
PRV53013,0.0,0.0,0.0,0.0,0.0,0.0,4.0,4.0,5030.0,1257.5,0.0,0.0,4,4.0,5030.0,0.0,1.0,1257.5,1257.5,0.0
PRV53014,0.0,0.0,0.0,0.0,0.0,0.0,8.0,8.0,1180.0,147.5,0.0,0.0,8,8.0,1180.0,0.0,1.0,147.5,147.5,0.0
PRV53015,0.0,0.0,0.0,0.0,0.0,0.0,8.0,6.0,1120.0,140.0,0.0,0.0,6,8.0,1120.0,0.0,1.3333333333333333,186.66666666666666,140.0,0.0
PRV53016,0.0,0.0,0.0,0.0,0.0,0.0,31.0,18.0,16900.0,545.1612903225806,140.0,4.516129032258065,18,31.0,16900.0,140.0,1.7222222222222223,938.8888888888889,545.1612903225806,0.0
PRV53017,0.0,0.0,0.0,0.0,0.0,0.0,9.0,4.0,1000.0,111.11111111111111,10.0,1.1111111111111112,4,9.0,1000.0,10.0,2.25,250.0,111.11111111111111,0.0
PRV53018,0.0,0.0,0.0,0.0,0.0,0.0,41.0,22.0,11260.0,274.6341463414634,190.0,4.634146341463414,22,41.0,11260.0,190.0,1.8636363636363635,511.8181818181818,274.6341463414634,0.0
PRV53019,0.0,0.0,0.0,0.0,0.0,0.0,15.0,13.0,4920.0,328.0,0.0,0.0,13,15.0,4920.0,0.0,1.1538461538461537,378.46153846153845,328.0,0.0
PRV53020,0.0,0.0,0.0,0.0,0.0,0.0,2.0,2.0,4500.0,2250.0,0.0,0.0,2,2.0,4500.0,0.0,1.0,2250.0,2250.0,0.0
PRV53021,18.0,15.0,213000.0,11833.333333333334,19224.0,1068.0,10.0,6.0,3950.0,395.0,0.0,0.0,21,28.0,216950.0,19224.0,1.3333333333333333,10330.952380952382,7748.214285714285,0.6428571428571429
PRV53024,2.0,2.0,10000.0,5000.0,2136.0,1068.0,24.0,17.0,3800.0,158.33333333333334,0.0,0.0,19,26.0,13800.0,2136.0,1.368421052631579,726.3157894736842,530.7692307692307,0.07692307692307693
PRV53025,0.0,0.0,0.0,0.0,0.0,0.0,50.0,19.0,9460.0,189.2,330.0,6.6,19,50.0,9460.0,330.0,2.6315789473684212,497.89473684210526,189.2,0.0
PRV53026,0.0,0.0,0.0,0.0,0.0,0.0,26.0,16.0,6140.0,236.15384615384616,0.0,0.0,16,26.0,6140.0,0.0,1.625,383.75,236.15384615384616,0.0
PRV53027,0.0,0.0,0.0,0.0,0.0,0.0,5.0,3.0,500.0,100.0,0.0,0.0,3,5.0,500.0,0.0,1.6666666666666667,166.66666666666666,100.0,0.0
PRV53028,0.0,0.0,0.0,0.0,0.0,0.0,3.0,3.0,300.0,100.0,0.0,0.0,3,3.0,300.0,0.0,1.0,100.0,100.0,0.0
PRV53029,4.0,3.0,38000.0,9500.0,4272.0,1068.0,12.0,10.0,2050.0,170.83333333333334,0.0,0.0,11,16.0,40050.0,4272.0,1.4545454545454546,3640.909090909091,2503.125,0.25
PRV53031,0.0,0.0,0.0,0.0,0.0,0.0,6.0,6.0,1390.0,231.66666666666666,0.0,0.0,6,6.0,1390.0,0.0,1.0,231.66666666666666,231.66666666666666,0.0
PRV53032,5.0,4.0,44000.0,8800.0,4272.0,1068.0,18.0,15.0,4310.0,239.44444444444446,0.0,0.0,19,23.0,48310.0,4272.0,1.2105263157894737,2542.6315789473683,2100.4347826086955,0.21739130434782608
PRV53033,2.0,1.0,75000.0,37500.0,2136.0,1068.0,0.0,0.0,0.0,0.0,0.0,0.0,1,2.0,75000.0,2136.0,2.0,75000.0,37500.0,1.0
PRV53034,0.0,0.0,0.0,0.0,0.0,0.0,2.0,2.0,3400.0,1700.0,0.0,0.0,2,2.0,3400.0,0.0,1.0,1700.0,1700.0,0.0
PRV53035,0.0,0.0,0.0,0.0,0.0,0.0,34.0,27.0,5140.0,151.1764705882353,80.0,2.3529411764705883,27,34.0,5140.0,80.0,1.2592592592592593,190.37037037037038,151.1764705882353,0.0
PRV53036,0.0,0.0,0.0,0.0,0.0,0.0,122.0,69.0,39530.0,324.0163934426229,180.0,1.4754098360655739,69,122.0,39530.0,180.0,1.7681159420289856,572.8985507246376,324.0163934426229,0.0
PRV53037,0.0,0.0,0.0,0.0,0.0,0.0,9.0,9.0,4340.0,482.22222222222223,0.0,0.0,9,9.0,4340.0,0.0,1.0,482.22222222222223,482.22222222222223,0.0
PRV53038,0.0,0.0,0.0,0.0,0.0,0.0,24.0,7.0,13310.0,554.5833333333334,160.0,6.666666666666667,7,24.0,13310.0,160.0,3.4285714285714284,1901.4285714285713,554.5833333333334,0.0
PRV53040,5.0,5.0,51000.0,10200.0,5340.0,1068.0,9.0,8.0,800.0,88.88888888888889,70.0,7.777777777777778,13,14.0,51800.0,5410.0,1.0769230769230769,3984.6153846153848,3700.0,0.35714285714285715
PRV53042,0.0,0.0,0.0,0.0,0.0,0.0,39.0,36.0,10090.0,258.71794871794873,140.0,3.58974358974359,36,39.0,10090.0,140.0,1.0833333333333333,280.27777777777777,258.71794871794873,0.0
PRV53043,0.0,0.0,0.0,0.0,0.0,0.0,61.0,24.0,37740.0,618.688524590164,190.0,3.1147540983606556,24,61.0,37740.0,190.0,2.5416666666666665,1572.5,618.688524590164,0.0
PRV53044,0.0,0.0,0.0,0.0,0.0,0.0,67.0,49.0,14460.0,215.82089552238807,170.0,2.537313432835821,49,67.0,14460.0,170.0,1.3673469387755102,295.1020408163265,215.82089552238807,0.0
PRV53045,0.0,0.0,0.0,0.0,0.0,0.0,216.0,78.0,62730.0,290.4166666666667,770.0,3.564814814814815,78,216.0,62730.0,770.0,2.769230769230769,804.2307692307693,290.4166666666667,0.0
PRV53047,0.0,0.0,0.0,0.0,0.0,0.0,79.0,32.0,13060.0,165.31645569620252,80.0,1.0126582278481013,32,79.0,13060.0,80.0,2.46875,408.125,165.31645569620252,0.0
PRV53048,0.0,0.0,0.0,0.0,0.0,0.0,7.0,6.0,5620.0,802.8571428571429,70.0,10.0,6,7.0,5620.0,70.0,1.1666666666666667,936.6666666666666,802.8571428571429,0.0
PRV53049,0.0,0.0,0.0,0.0,0.0,0.0,2.0,2.0,10.0,5.0,0.0,0.0,2,2.0,10.0,0.0,1.0,5.0,5.0,0.0
PRV53050,2.0,2.0,3000.0,1500.0,2136.0,1068.0,6.0,6.0,730.0,121.66666666666667,0.0,0.0,7,8.0,3730.0,2136.0,1.1428571428571428,532.8571428571429,466.25,0.25
PRV53052,1.0,1.0,4000.0,4000.0,1068.0,1068.0,8.0,7.0,1530.0,191.25,0.0,0.0,8,9.0,5530.0,1068.0,1.125,691.25,614.4444444444445,0.1111111111111111
PRV53054,0.0,0.0,0.0,0.0,0.0,0.0,49.0,27.0,10690.0,218.16326530612244,90.0,1.836734693877551,27,49.0,10690.0,90.0,1.8148148148148149,395.9259259259259,218.16326530612244,0.0
PRV53055,0.0,0.0,0.0,0.0,0.0,0.0,80.0,28.0,22570.0,282.125,200.0,2.5,28,80.0,22570.0,200.0,2.857142857142857,806.0714285714286,282.125,0.0
PRV53056,0.0,0.0,0.0,0.0,0.0,0.0,35.0,22.0,10110.0,288.85714285714283,130.0,3.7142857142857144,22,35.0,10110.0,130.0,1.5909090909090908,459.54545454545456,288.85714285714283,0.0
PRV53057,0.0,0.0,0.0,0.0,0.0,0.0,53.0,29.0,20640.0,389.4339622641509,260.0,4.90566037735849,29,53.0,20640.0,260.0,1.8275862068965518,711.7241379310345,389.4339622641509,0.0
PRV53059,0.0,0.0,0.0,0.0,0.0,0.0,33.0,21.0,16320.0,494.54545454545456,30.0,0.9090909090909091,21,33.0,16320.0,30.0,1.5714285714285714,777.1428571428571,494.54545454545456,0.0
PRV53061,1.0,1.0,9000.0,9000.0,1068.0,1068.0,0.0,0.0,0.0,0.0,0.0,0.0,1,1.0,9000.0,1068.0,1.0,9000.0,9000.0,1.0
PRV53062,0.0,0.0,0.0,0.0,0.0,0.0,4.0,4.0,190.0,47.5,0.0,0.0,4,4.0,190.0,0.0,1.0,47.5,47.5,0.0
PRV53063,2.0,2.0,7000.0,3500.0,2136.0,1068.0,2.0,2.0,450.0,225.0,70.0,35.0,4,4.0,7450.0,2206.0,1.0,1862.5,1862.5,0.5
PRV53064,0.0,0.0,0.0,0.0,0.0,0.0,35.0,28.0,6640.0,189.71428571428572,130.0,3.7142857142857144,28,35.0,6640.0,130.0,1.25,237.14285714285714,189.71428571428572,0.0
PRV53065,0.0,0.0,0.0,0.0,0.0,0.0,38.0,30.0,6230.0,163.94736842105263,100.0,2.6315789473684212,30,38.0,6230.0,100.0,1.2666666666666666,207.66666666666666,163.94736842105263,0.0
PRV53066,0.0,0.0,0.0,0.0,0.0,0.0,7.0,5.0,1220.0,174.28571428571428,0.0,0.0,5,7.0,1220.0,0.0,1.4,244.0,174.28571428571428,0.0
PRV53067,0.0,0.0,0.0,0.0,0.0,0.0,16.0,14.0,4540.0,283.75,70.0,4.375,14,16.0,4540.0,70.0,1.1428571428571428,324.2857142857143,283.75,0.0
PRV53069,0.0,0.0,0.0,0.0,0.0,0.0,11.0,9.0,2630.0,239.0909090909091,10.0,0.9090909090909091,9,11.0,2630.0,10.0,1.2222222222222223,292.22222222222223,239.0909090909091,0.0
PRV53070,12.0,10.0,111000.0,9250.0,12816.0,1068.0,8.0,7.0,530.0,66.25,0.0,0.0,17,20.0,111530.0,12816.0,1.1764705882352942,6560.588235294118,5576.5,0.6
PRV53071,0.0,0.0,0.0,0.0,0.0,0.0,28.0,20.0,12310.0,439.64285714285717,80.0,2.857142857142857,20,28.0,12310.0,80.0,1.4,615.5,439.64285714285717,0.0
PRV53072,0.0,0.0,0.0,0.0,0.0,0.0,18.0,18.0,4990.0,277.22222222222223,0.0,0.0,18,18.0,4990.0,0.0,1.0,277.22222222222223,277.22222222222223,0.0
PRV53073,0.0,0.0,0.0,0.0,0.0,0.0,14.0,7.0,1270.0,90.71428571428571,0.0,0.0,7,14.0,1270.0,0.0,2.0,181.42857142857142,90.71428571428571,0.0
PRV53074,0.0,0.0,0.0,0.0,0.0,0.0,178.0,66.0,48950.0,275.0,420.0,2.359550561797753,66,178.0,48950.0,420.0,2.696969696969697,741.6666666666666,275.0,0.0
PRV53075,0.0,0.0,0.0,0.0,0.0,0.0,2.0,2.0,1780.0,890.0,0.0,0.0,2,2.0,1780.0,0.0,1.0,890.0,890.0,0.0
PRV53076,0.0,0.0,0.0,0.0,0.0,0.0,105.0,47.0,30840.0,293.7142857142857,560.0,5.333333333333333,47,105.0,30840.0,560.0,2.234042553191489,656.1702127659574,293.7142857142857,0.0
PRV53077,0.0,0.0,0.0,0.0,0.0,0.0,124.0,81.0,38270.0,308.6290322580645,60.0,0.4838709677419355,81,124.0,38270.0,60.0,1.5308641975308641,472.4691358024691,308.6290322580645,0.0
PRV53078,0.0,0.0,0.0,0.0,0.0,0.0,45.0,37.0,10880.0,241.77777777777777,200.0,4.444444444444445,37,45.0,10880.0,200.0,1.2162162162162162,294.05405405405406,241.77777777777777,0.0
PRV53079,0.0,0.0,0.0,0.0,0.0,0.0,1.0,1.0,50.0,50.0,0.0,0.0,1,1.0,50.0,0.0,1.0,50.0,50.0,0.0
PRV53081,0.0,0.0,0.0,0.0,0.0,0.0,9.0,8.0,1800.0,200.0,0.0,0.0,8,9.0,1800.0,0.0,1.125,225.0,200.0,0.0
PRV53083,0.0,0.0,0.0,0.0,0.0,0.0,1.0,1.0,10.0,10.0,0.0,0.0,1,1.0,10.0,0.0,1.0,10.0,10.0,0.0
PRV53084,0.0,0.0,0.0,0.0,0.0,0.0,1.0,1.0,100.0,100.0,100.0,100.0,1,1.0,100.0,100.0,1.0,100.0,100.0,0.0
PRV53085,0.0,0.0,0.0,0.0,0.0,0.0,2.0,2.0,640.0,320.0,0.0,0.0,2,2.0,640.0,0.0,1.0,320.0,320.0,0.0
PRV53086,0.0,0.0,0.0,0.0,0.0,0.0,4.0,4.0,1060.0,265.0,0.0,0.0,4,4.0,1060.0,0.0,1.0,265.0,265.0,0.0
PRV53087,0.0,0.0,0.0,0.0,0.0,0.0,31.0,16.0,9580.0,309.03225806451616,0.0,0.0,16,31.0,9580.0,0.0,1.9375,598.75,309.03225806451616,0.0
PRV53090,0.0,0.0,0.0,0.0,0.0,0.0,179.0,71.0,58850.0,328.7709497206704,580.0,3.2402234636871508,71,179.0,58850.0,580.0,2.5211267605633805,828.8732394366198,328.7709497206704,0.0
PRV53091,4.0,4.0,19000.0,4750.0,4272.0,1068.0,0.0,0.0,0.0,0.0,0.0,0.0,4,4.0,19000.0,4272.0,1.0,4750.0,4750.0,1.0
PRV53095,2.0,2.0,36000.0,18000.0,2136.0,1068.0,2.0,2.0,100.0,50.0,0.0,0.0,4,4.0,36100.0,2136.0,1.0,9025.0,9025.0,0.5
PRV53096,0.0,0.0,0.0,0.0,0.0,0.0,130.0,103.0,53000.0,407.6923076923077,440.0,3.3846153846153846,103,130.0,53000.0,440.0,1.2621359223300972,514.5631067961165,407.6923076923077,0.0
PRV53099,0.0,0.0,0.0,0.0,0.0,0.0,2.0,2.0,220.0,110.0,0.0,0.0,2,2.0,220.0,0.0,1.0,110.0,110.0,0.0
PRV53100,5.0,5.0,50000.0,10000.0,5340.0,1068.0,125.0,71.0,36880.0,295.04,380.0,3.04,74,130.0,86880.0,5720.0,1.7567567567567568,1174.054054054054,668.3076923076923,0.038461538461538464
PRV53101,2.0,2.0,9000.0,4500.0,2136.0,1068.0,6.0,6.0,410.0,68.33333333333333,0.0,0.0,8,8.0,9410.0,2136.0,1.0,1176.25,1176.25,0.25
PRV53102,0.0,0.0,0.0,0.0,0.0,0.0,19.0,16.0,5910.0,311.05263157894734,40.0,2.1052631578947367,16,19.0,5910.0,40.0,1.1875,369.375,311.05263157894734,0.0
PRV53103,7.0,7.0,77000.0,11000.0,7476.0,1068.0,72.0,60.0,11440.0,158.88888888888889,200.0,2.7777777777777777,62,79.0,88440.0,7676.0,1.2741935483870968,1426.4516129032259,1119.493670886076,0.08860759493670886
PRV53104,28.0,21.0,239500.0,8553.57142857143,27768.0,1068.0,52.0,38.0,13270.0,255.19230769230768,160.0,3.076923076923077,55,80.0,252770.0,27928.0,1.4545454545454546,4595.818181818182,3159.625,0.35
PRV53106,4.0,2.0,18000.0,4500.0,4272.0,1068.0,40.0,26.0,9140.0,228.5,150.0,3.75,28,44.0,27140.0,4422.0,1.5714285714285714,969.2857142857143,616.8181818181819,0.09090909090909091
PRV53107,9.0,9.0,103000.0,11444.444444444445,9612.0,1068.0,6.0,6.0,390.0,65.0,130.0,21.666666666666668,15,15.0,103390.0,9742.0,1.0,6892.666666666667,6892.666666666667,0.6
PRV53108,5.0,5.0,54000.0,10800.0,5340.0,1068.0,43.0,35.0,15450.0,359.30232558139534,160.0,3.7209302325581395,37,48.0,69450.0,5500.0,1.2972972972972974,1877.027027027027,1446.875,0.10416666666666667
PRV53109,3.0,2.0,15800.0,5266.666666666667,3204.0,1068.0,25.0,20.0,6490.0,259.6,80.0,3.2,22,28.0,22290.0,3284.0,1.2727272727272727,1013.1818181818181,796.0714285714286,0.10714285714285714
PRV53110,1.0,1.0,15000.0,15000.0,1068.0,1068.0,29.0,21.0,8280.0,285.51724137931035,40.0,1.3793103448275863,21,30.0,23280.0,1108.0,1.4285714285714286,1108.5714285714287,776.0,0.03333333333333333
PRV53111,7.0,6.0,57000.0,8142.857142857143,7476.0,1068.0,26.0,23.0,11750.0,451.9230769230769,20.0,0.7692307692307693,29,33.0,68750.0,7496.0,1.1379310344827587,2370.689655172414,2083.3333333333335,0.21212121212121213
PRV53113,0.0,0.0,0.0,0.0,0.0,0.0,81.0,61.0,19320.0,238.5185185185185,370.0,4.567901234567901,61,81.0,19320.0,370.0,1.3278688524590163,316.72131147540983,238.5185185185185,0.0
PRV53114,14.0,10.0,274000.0,19571.428571428572,12816.0,1068.0,15.0,14.0,90680.0,6045.333333333333,1027.0,68.46666666666667,22,29.0,364680.0,13843.0,1.3181818181818181,16576.363636363636,12575.172413793103,0.4827586206896552
PRV53116,0.0,0.0,0.0,0.0,0.0,0.0,44.0,25.0,8230.0,187.04545454545453,50.0,1.1363636363636365,25,44.0,8230.0,50.0,1.76,329.2,187.04545454545453,0.0
PRV53117,18.0,18.0,127000.0,7055.555555555556,18156.0,1068.0,233.0,154.0,88370.0,379.2703862660944,480.0,2.060085836909871,167,251.0,215370.0,18636.0,1.5029940119760479,1289.6407185628743,858.0478087649402,0.07171314741035857
PRV53119,3.0,3.0,24000.0,8000.0,3204.0,1068.0,15.0,11.0,2410.0,160.66666666666666,0.0,0.0,14,18.0,26410.0,3204.0,1.2857142857142858,1886.4285714285713,1467.2222222222222,0.16666666666666666
PRV53120,10.0,10.0,101000.0,10100.0,10680.0,1068.0,55.0,49.0,14950.0,271.8181818181818,0.0,0.0,59,65.0,115950.0,10680.0,1.1016949152542372,1965.2542372881355,1783.8461538461538,0.15384615384615385
PRV53121,48.0,42.0,408000.0,8500.0,49128.0,1068.0,531.0,255.0,154270.0,290.52730696798494,1600.0,3.0131826741996233,279,579.0,562270.0,50728.0,2.075268817204301,2015.304659498208,971.1053540587219,0.08290155440414508
PRV53122,0.0,0.0,0.0,0.0,0.0,0.0,24.0,18.0,8070.0,336.25,200.0,8.333333333333334,18,24.0,8070.0,200.0,1.3333333333333333,448.3333333333333,336.25,0.0
PRV53123,0.0,0.0,0.0,0.0,0.0,0.0,132.0,82.0,45750.0,346.59090909090907,460.0,3.484848484848485,82,132.0,45750.0,460.0,1.6097560975609757,557.9268292682926,346.59090909090907,0.0
PRV53124,20.0,16.0,169000.0,8450.0,20292.0,1068.0,45.0,39.0,9380.0,208.44444444444446,0.0,0.0,53,65.0,178380.0,20292.0,1.2264150943396226,3365.6603773584907,2744.3076923076924,0.3076923076923077
PRV53125,0.0,0.0,0.0,0.0,0.0,0.0,2.0,2.0,500.0,250.0,0.0,0.0,2,2.0,500.0,0.0,1.0,250.0,250.0,0.0
PRV53126,0.0,0.0,0.0,0.0,0.0,0.0,34.0,25.0,11820.0,347.6470588235294,80.0,2.3529411764705883,25,34.0,11820.0,80.0,1.36,472.8,347.6470588235294,0.0
PRV53127,1.0,1.0,10000.0,10000.0,1068.0,1068.0,98.0,54.0,19730.0,201.3265306122449,280.0,2.857142857142857,55,99.0,29730.0,1348.0,1.8,540.5454545454545,300.3030303030303,0.010101010101010102
PRV53128,1.0,1.0,6000.0,6000.0,0.0,0.0,32.0,18.0,18220.0,569.375,260.0,8.125,19,33.0,24220.0,260.0,1.736842105263158,1274.7368421052631,733.939393939394,0.030303030303030304
PRV53129,3.0,3.0,75000.0,25000.0,3204.0,1068.0,43.0,36.0,7550.0,175.58139534883722,0.0,0.0,39,46.0,82550.0,3204.0,1.1794871794871795,2116.6666666666665,1794.5652173913043,0.06521739130434782
PRV53131,6.0,6.0,47000.0,7833.333333333333,6408.0,1068.0,7.0,7.0,1330.0,190.0,0.0,0.0,13,13.0,48330.0,6408.0,1.0,3717.6923076923076,3717.6923076923076,0.46153846153846156
PRV53133,0.0,0.0,0.0,0.0,0.0,0.0,159.0,106.0,46660.0,293.45911949685535,490.0,3.0817610062893084,106,159.0,46660.0,490.0,1.5,440.188679245283,293.45911949685535,0.0
PRV53134,0.0,0.0,0.0,0.0,0.0,0.0,10.0,8.0,4030.0,403.0,0.0,0.0,8,10.0,4030.0,0.0,1.25,503.75,403.0,0.0
PRV53135,7.0,6.0,68000.0,9714.285714285714,7476.0,1068.0,0.0,0.0,0.0,0.0,0.0,0.0,6,7.0,68000.0,7476.0,1.1666666666666667,11333.333333333334,9714.285714285714,1.0
PRV53136,7.0,7.0,146000.0,20857.14285714286,7476.0,1068.0,36.0,33.0,15020.0,417.22222222222223,100.0,2.7777777777777777,40,43.0,161020.0,7576.0,1.075,4025.5,3744.6511627906975,0.16279069767441862
PRV53137,0.0,0.0,0.0,0.0,0.0,0.0,30.0,23.0,8900.0,296.6666666666667,210.0,7.0,23,30.0,8900.0,210.0,1.3043478260869565,386.95652173913044,296.6666666666667,0.0
PRV53138,0.0,0.0,0.0,0.0,0.0,0.0,10.0,10.0,1570.0,157.0,0.0,0.0,10,10.0,1570.0,0.0,1.0,157.0,157.0,0.0
PRV53139,0.0,0.0,0.0,0.0,0.0,0.0,9.0,7.0,780.0,86.66666666666667,0.0,0.0,7,9.0,780.0,0.0,1.2857142857142858,111.42857142857143,86.66666666666667,0.0
PRV53140,0.0,0.0,0.0,0.0,0.0,0.0,21.0,19.0,2180.0,103.80952380952381,0.0,0.0,19,21.0,2180.0,0.0,1.105263157894737,114.73684210526316,103.80952380952381,0.0
PRV53141,32.0,30.0,313000.0,9781.25,32040.0,1068.0,73.0,65.0,19720.0,270.13698630136986,340.0,4.657534246575342,93,105.0,332720.0,32380.0,1.1290322580645162,3577.6344086021504,3168.7619047619046,0.3047619047619048
PRV53142,39.0,36.0,377000.0,9666.666666666666,40584.0,1068.0,72.0,64.0,17050.0,236.80555555555554,100.0,1.3888888888888888,98,111.0,394050.0,40684.0,1.1326530612244898,4020.918367346939,3550.0,0.35135135135135137
PRV53143,4.0,3.0,64000.0,16000.0,3204.0,1068.0,8.0,5.0,1670.0,208.75,0.0,0.0,7,12.0,65670.0,3204.0,1.7142857142857142,9381.42857142857,5472.5,0.3333333333333333
PRV53144,4.0,4.0,30300.0,7575.0,3204.0,1068.0,35.0,32.0,6160.0,176.0,30.0,0.8571428571428571,34,39.0,36460.0,3234.0,1.1470588235294117,1072.3529411764705,934.8717948717949,0.10256410256410256
PRV53145,0.0,0.0,0.0,0.0,0.0,0.0,132.0,111.0,34760.0,263.3333333333333,300.0,2.272727272727273,111,132.0,34760.0,300.0,1.1891891891891893,313.15315315315314,263.3333333333333,0.0
PRV53147,0.0,0.0,0.0,0.0,0.0,0.0,18.0,16.0,6760.0,375.55555555555554,140.0,7.777777777777778,16,18.0,6760.0,140.0,1.125,422.5,375.55555555555554,0.0
PRV53148,0.0,0.0,0.0,0.0,0.0,0.0,15.0,13.0,2580.0,172.0,0.0,0.0,13,15.0,2580.0,0.0,1.1538461538461537,198.46153846153845,172.0,0.0
PRV53149,0.0,0.0,0.0,0.0,0.0,0.0,61.0,21.0,14860.0,243.60655737704917,40.0,0.6557377049180327,21,61.0,14860.0,40.0,2.9047619047619047,707.6190476190476,243.60655737704917,0.0
PRV53150,0.0,0.0,0.0,0.0,0.0,0.0,13.0,5.0,3130.0,240.76923076923077,0.0,0.0,5,13.0,3130.0,0.0,2.6,626.0,240.76923076923077,0.0
PRV53151,0.0,0.0,0.0,0.0,0.0,0.0,25.0,19.0,6360.0,254.4,120.0,4.8,19,25.0,6360.0,120.0,1.3157894736842106,334.7368421052632,254.4,0.0
PRV53153,6.0,4.0,116000.0,19333.333333333332,5340.0,1068.0,18.0,17.0,5630.0,312.77777777777777,60.0,3.3333333333333335,21,24.0,121630.0,5400.0,1.1428571428571428,5791.9047619047615,5067.916666666667,0.25
PRV53154,0.0,0.0,0.0,0.0,0.0,0.0,52.0,15.0,23670.0,455.1923076923077,140.0,2.6923076923076925,15,52.0,23670.0,140.0,3.466666666666667,1578.0,455.1923076923077,0.0
PRV53156,0.0,0.0,0.0,0.0,0.0,0.0,16.0,10.0,6570.0,410.625,40.0,2.5,10,16.0,6570.0,40.0,1.6,657.0,410.625,0.0
PRV53157,0.0,0.0,0.0,0.0,0.0,0.0,2.0,2.0,2190.0,1095.0,0.0,0.0,2,2.0,2190.0,0.0,1.0,1095.0,1095.0,0.0
PRV53158,0.0,0.0,0.0,0.0,0.0,0.0,7.0,7.0,710.0,101.42857142857143,50.0,7.142857142857143,7,7.0,710.0,50.0,1.0,101.42857142857143,101.42857142857143,0.0
PRV53159,2.0,2.0,32000.0,16000.0,2136.0,1068.0,25.0,8.0,4160.0,166.4,0.0,0.0,10,27.0,36160.0,2136.0,2.7,3616.0,1339.2592592592594,0.07407407407407407
PRV53161,0.0,0.0,0.0,0.0,0.0,0.0,7.0,7.0,6810.0,972.8571428571429,0.0,0.0,7,7.0,6810.0,0.0,1.0,972.8571428571429,972.8571428571429,0.0
PRV53162,0.0,0.0,0.0,0.0,0.0,0.0,5.0,5.0,1350.0,270.0,0.0,0.0,5,5.0,1350.0,0.0,1.0,270.0,270.0,0.0
PRV53163,0.0,0.0,0.0,0.0,0.0,0.0,12.0,3.0,800.0,66.66666666666667,0.0,0.0,3,12.0,800.0,0.0,4.0,266.6666666666667,66.66666666666667,0.0
PRV53164,0.0,0.0,0.0,0.0,0.0,0.0,25.0,21.0,4180.0,167.2,40.0,1.6,21,25.0,4180.0,40.0,1.1904761904761905,199.04761904761904,167.2,0.0
PRV53166,1.0,1.0,5000.0,5000.0,1068.0,1068.0,22.0,20.0,3960.0,180.0,0.0,0.0,21,23.0,8960.0,1068.0,1.0952380952380953,426.6666666666667,389.5652173913044,0.043478260869565216
PRV53167,0.0,0.0,0.0,0.0,0.0,0.0,3.0,3.0,1770.0,590.0,0.0,0.0,3,3.0,1770.0,0.0,1.0,590.0,590.0,0.0
PRV53168,0.0,0.0,0.0,0.0,0.0,0.0,2.0,2.0,2070.0,1035.0,0.0,0.0,2,2.0,2070.0,0.0,1.0,1035.0,1035.0,0.0
PRV53169,0.0,0.0,0.0,0.0,0.0,0.0,4.0,4.0,170.0,42.5,0.0,0.0,4,4.0,170.0,0.0,1.0,42.5,42.5,0.0
PRV53171,0.0,0.0,0.0,0.0,0.0,0.0,17.0,5.0,8330.0,490.0,0.0,0.0,5,17.0,8330.0,0.0,3.4,1666.0,490.0,0.0
PRV53172,0.0,0.0,0.0,0.0,0.0,0.0,3.0,3.0,2450.0,816.6666666666666,0.0,0.0,3,3.0,2450.0,0.0,1.0,816.6666666666666,816.6666666666666,0.0
PRV53173,0.0,0.0,0.0,0.0,0.0,0.0,43.0,23.0,16610.0,386.27906976744185,40.0,0.9302325581395349,23,43.0,16610.0,40.0,1.8695652173913044,722.1739130434783,386.27906976744185,0.0
PRV53174,0.0,0.0,0.0,0.0,0.0,0.0,5.0,4.0,260.0,52.0,0.0,0.0,4,5.0,260.0,0.0,1.25,65.0,52.0,0.0
PRV53175,0.0,0.0,0.0,0.0,0.0,0.0,9.0,9.0,710.0,78.88888888888889,0.0,0.0,9,9.0,710.0,0.0,1.0,78.88888888888889,78.88888888888889,0.0
PRV53176,0.0,0.0,0.0,0.0,0.0,0.0,34.0,13.0,6000.0,176.47058823529412,130.0,3.823529411764706,13,34.0,6000.0,130.0,2.6153846153846154,461.53846153846155,176.47058823529412,0.0
PRV53177,0.0,0.0,0.0,0.0,0.0,0.0,16.0,11.0,1520.0,95.0,10.0,0.625,11,16.0,1520.0,10.0,1.4545454545454546,138.1818181818182,95.0,0.0
PRV53178,0.0,0.0,0.0,0.0,0.0,0.0,7.0,5.0,730.0,104.28571428571429,0.0,0.0,5,7.0,730.0,0.0,1.4,146.0,104.28571428571429,0.0
PRV53179,2.0,2.0,14000.0,7000.0,2136.0,1068.0,26.0,25.0,6190.0,238.07692307692307,110.0,4.230769230769231,27,28.0,20190.0,2246.0,1.037037037037037,747.7777777777778,721.0714285714286,0.07142857142857142
PRV53180,0.0,0.0,0.0,0.0,0.0,0.0,5.0,4.0,3010.0,602.0,0.0,0.0,4,5.0,3010.0,0.0,1.25,752.5,602.0,0.0
PRV53182,0.0,0.0,0.0,0.0,0.0,0.0,3.0,3.0,100.0,33.333333333333336,0.0,0.0,3,3.0,100.0,0.0,1.0,33.333333333333336,33.333333333333336,0.0
PRV53183,0.0,0.0,0.0,0.0,0.0,0.0,1.0,1.0,80.0,80.0,0.0,0.0,1,1.0,80.0,0.0,1.0,80.0,80.0,0.0
PRV53186,0.0,0.0,0.0,0.0,0.0,0.0,8.0,7.0,4710.0,588.75,0.0,0.0,7,8.0,4710.0,0.0,1.1428571428571428,672.8571428571429,588.75,0.0
PRV53187,0.0,0.0,0.0,0.0,0.0,0.0,4.0,4.0,180.0,45.0,0.0,0.0,4,4.0,180.0,0.0,1.0,45.0,45.0,0.0
PRV53188,0.0,0.0,0.0,0.0,0.0,0.0,10.0,8.0,1220.0,122.0,0.0,0.0,8,10.0,1220.0,0.0,1.25,152.5,122.0,0.0
PRV53189,4.0,3.0,42000.0,10500.0,4272.0,1068.0,24.0,20.0,11030.0,459.5833333333333,0.0,0.0,23,28.0,53030.0,4272.0,1.2173913043478262,2305.6521739130435,1893.9285714285713,0.14285714285714285
PRV53191,0.0,0.0,0.0,0.0,0.0,0.0,15.0,3.0,3310.0,220.66666666666666,0.0,0.0,3,15.0,3310.0,0.0,5.0,1103.3333333333333,220.66666666666666,0.0
PRV53192,0.0,0.0,0.0,0.0,0.0,0.0,149.0,51.0,40610.0,272.5503355704698,300.0,2.0134228187919465,51,149.0,40610.0,300.0,2.9215686274509802,796.2745098039215,272.5503355704698,0.0
PRV53194,0.0,0.0,0.0,0.0,0.0,0.0,32.0,12.0,22330.0,697.8125,40.0,1.25,12,32.0,22330.0,40.0,2.6666666666666665,1860.8333333333333,697.8125,0.0
PRV53196,0.0,0.0,0.0,0.0,0.0,0.0,16.0,9.0,4480.0,280.0,0.0,0.0,9,16.0,4480.0,0.0,1.7777777777777777,497.77777777777777,280.0,0.0
PRV53197,0.0,0.0,0.0,0.0,0.0,0.0,4.0,4.0,500.0,125.0,0.0,0.0,4,4.0,500.0,0.0,1.0,125.0,125.0,0.0
PRV53198,0.0,0.0,0.0,0.0,0.0,0.0,6.0,5.0,250.0,41.666666666666664,0.0,0.0,5,6.0,250.0,0.0,1.2,50.0,41.666666666666664,0.0
PRV53201,0.0,0.0,0.0,0.0,0.0,0.0,13.0,8.0,14220.0,1093.8461538461538,0.0,0.0,8,13.0,14220.0,0.0,1.625,1777.5,1093.8461538461538,0.0
PRV53202,0.0,0.0,0.0,0.0,0.0,0.0,11.0,8.0,670.0,60.90909090909091,0.0,0.0,8,11.0,670.0,0.0,1.375,83.75,60.90909090909091,0.0
PRV53203,0.0,0.0,0.0,0.0,0.0,0.0,7.0,5.0,420.0,60.0,0.0,0.0,5,7.0,420.0,0.0,1.4,84.0,60.0,0.0
PRV53204,0.0,0.0,0.0,0.0,0.0,0.0,7.0,6.0,3020.0,431.42857142857144,0.0,0.0,6,7.0,3020.0,0.0,1.1666666666666667,503.3333333333333,431.42857142857144,0.0
PRV53205,0.0,0.0,0.0,0.0,0.0,0.0,14.0,10.0,1280.0,91.42857142857143,100.0,7.142857142857143,10,14.0,1280.0,100.0,1.4,128.0,91.42857142857143,0.0
PRV53206,0.0,0.0,0.0,0.0,0.0,0.0,3.0,2.0,570.0,190.0,0.0,0.0,2,3.0,570.0,0.0,1.5,285.0,190.0,0.0
PRV53207,0.0,0.0,0.0,0.0,0.0,0.0,10.0,7.0,500.0,50.0,0.0,0.0,7,10.0,500.0,0.0,1.4285714285714286,71.42857142857143,50.0,0.0
PRV53208,4.0,4.0,55000.0,13750.0,4272.0,1068.0,19.0,13.0,3500.0,184.21052631578948,0.0,0.0,17,23.0,58500.0,4272.0,1.3529411764705883,3441.176470588235,2543.478260869565,0.17391304347826086
PRV53210,3.0,3.0,21000.0,7000.0,3204.0,1068.0,29.0,27.0,6050.0,208.6206896551724,0.0,0.0,30,32.0,27050.0,3204.0,1.0666666666666667,901.6666666666666,845.3125,0.09375
PRV53211,0.0,0.0,0.0,0.0,0.0,0.0,4.0,3.0,3460.0,865.0,0.0,0.0,3,4.0,3460.0,0.0,1.3333333333333333,1153.3333333333333,865.0,0.0
PRV53212,0.0,0.0,0.0,0.0,0.0,0.0,2.0,2.0,100.0,50.0,40.0,20.0,2,2.0,100.0,40.0,1.0,50.0,50.0,0.0
PRV53213,0.0,0.0,0.0,0.0,0.0,0.0,22.0,19.0,6910.0,314.09090909090907,0.0,0.0,19,22.0,6910.0,0.0,1.1578947368421053,363.6842105263158,314.09090909090907,0.0
PRV53214,0.0,0.0,0.0,0.0,0.0,0.0,18.0,14.0,4280.0,237.77777777777777,210.0,11.666666666666666,14,18.0,4280.0,210.0,1.2857142857142858,305.7142857142857,237.77777777777777,0.0
PRV53215,0.0,0.0,0.0,0.0,0.0,0.0,11.0,11.0,1560.0,141.8181818181818,0.0,0.0,11,11.0,1560.0,0.0,1.0,141.8181818181818,141.8181818181818,0.0
PRV53216,0.0,0.0,0.0,0.0,0.0,0.0,115.0,46.0,20930.0,182.0,290.0,2.5217391304347827,46,115.0,20930.0,290.0,2.5,455.0,182.0,0.0
PRV53217,0.0,0.0,0.0,0.0,0.0,0.0,5.0,5.0,1570.0,314.0,100.0,20.0,5,5.0,1570.0,100.0,1.0,314.0,314.0,0.0
PRV53218,0.0,0.0,0.0,0.0,0.0,0.0,13.0,9.0,2780.0,213.84615384615384,100.0,7.6923076923076925,9,13.0,2780.0,100.0,1.4444444444444444,308.8888888888889,213.84615384615384,0.0
PRV53220,5.0,5.0,110000.0,22000.0,5340.0,1068.0,0.0,0.0,0.0,0.0,0.0,0.0,5,5.0,110000.0,5340.0,1.0,22000.0,22000.0,1.0
PRV53221,0.0,0.0,0.0,0.0,0.0,0.0,16.0,9.0,6510.0,406.875,70.0,4.375,9,16.0,6510.0,70.0,1.7777777777777777,723.3333333333334,406.875,0.0
PRV53222,0.0,0.0,0.0,0.0,0.0,0.0,45.0,24.0,10770.0,239.33333333333334,350.0,7.777777777777778,24,45.0,10770.0,350.0,1.875,448.75,239.33333333333334,0.0
PRV53223,0.0,0.0,0.0,0.0,0.0,0.0,23.0,18.0,11790.0,512.6086956521739,90.0,3.9130434782608696,18,23.0,11790.0,90.0,1.2777777777777777,655.0,512.6086956521739,0.0
PRV53224,0.0,0.0,0.0,0.0,0.0,0.0,12.0,12.0,1680.0,140.0,0.0,0.0,12,12.0,1680.0,0.0,1.0,140.0,140.0,0.0
PRV53225,49.0,47.0,415300.0,8475.510204081633,51264.0,1068.0,0.0,0.0,0.0,0.0,0.0,0.0,47,49.0,415300.0,51264.0,1.0425531914893618,8836.170212765957,8475.510204081633,1.0
PRV53226,19.0,19.0,150000.0,7894.736842105263,20292.0,1068.0,0.0,0.0,0.0,0.0,0.0,0.0,19,19.0,150000.0,20292.0,1.0,7894.736842105263,7894.736842105263,1.0
PRV53227,0.0,0.0,0.0,0.0,0.0,0.0,74.0,59.0,18610.0,251.48648648648648,140.0,1.8918918918918919,59,74.0,18610.0,140.0,1.2542372881355932,315.4237288135593,251.48648648648648,0.0
PRV53228,0.0,0.0,0.0,0.0,0.0,0.0,1.0,1.0,600.0,600.0,0.0,0.0,1,1.0,600.0,0.0,1.0,600.0,600.0,0.0
PRV53229,0.0,0.0,0.0,0.0,0.0,0.0,139.0,65.0,29840.0,214.67625899280574,350.0,2.5179856115107913,65,139.0,29840.0,350.0,2.1384615384615384,459.0769230769231,214.67625899280574,0.0
PRV53230,0.0,0.0,0.0,0.0,0.0,0.0,56.0,40.0,16260.0,290.35714285714283,400.0,7.142857142857143,40,56.0,16260.0,400.0,1.4,406.5,290.35714285714283,0.0
PRV53232,0.0,0.0,0.0,0.0,0.0,0.0,64.0,28.0,25300.0,395.3125,170.0,2.65625,28,64.0,25300.0,170.0,2.2857142857142856,903.5714285714286,395.3125,0.0
PRV53233,13.0,12.0,96000.0,7384.615384615385,11748.0,1068.0,0.0,0.0,0.0,0.0,0.0,0.0,12,13.0,96000.0,11748.0,1.0833333333333333,8000.0,7384.615384615385,1.0
PRV53235,0.0,0.0,0.0,0.0,0.0,0.0,2.0,2.0,170.0,85.0,0.0,0.0,2,2.0,170.0,0.0,1.0,85.0,85.0,0.0
PRV53236,9.0,8.0,96000.0,10666.666666666666,9612.0,1068.0,0.0,0.0,0.0,0.0,0.0,0.0,8,9.0,96000.0,9612.0,1.125,12000.0,10666.666666666666,1.0
PRV53237,0.0,0.0,0.0,0.0,0.0,0.0,8.0,7.0,1230.0,153.75,0.0,0.0,7,8.0,1230.0,0.0,1.1428571428571428,175.71428571428572,153.75,0.0
PRV53238,9.0,9.0,98000.0,10888.888888888889,9612.0,1068.0,186.0,156.0,45590.0,245.10752688172042,450.0,2.4193548387096775,165,195.0,143590.0,10062.0,1.1818181818181819,870.2424242424242,736.3589743589744,0.046153846153846156
PRV53239,19.0,15.0,197000.0,10368.421052631578,20292.0,1068.0,94.0,76.0,35580.0,378.51063829787233,470.0,5.0,88,113.0,232580.0,20762.0,1.2840909090909092,2642.9545454545455,2058.2300884955753,0.168141592920354
PRV53240,1.0,1.0,3000.0,3000.0,1068.0,1068.0,5.0,4.0,1860.0,372.0,0.0,0.0,4,6.0,4860.0,1068.0,1.5,1215.0,810.0,0.16666666666666666
PRV53242,105.0,91.0,1142000.0,10876.190476190477,112140.0,1068.0,154.0,131.0,34290.0,222.66233766233765,440.0,2.857142857142857,209,259.0,1176290.0,112580.0,1.2392344497607655,5628.181818181818,4541.660231660232,0.40540540540540543
PRV53243,9.0,9.0,100000.0,11111.111111111111,9612.0,1068.0,66.0,53.0,11760.0,178.1818181818182,40.0,0.6060606060606061,61,75.0,111760.0,9652.0,1.2295081967213115,1832.1311475409836,1490.1333333333334,0.12
PRV53244,42.0,37.0,341500.0,8130.952380952381,44856.0,1068.0,466.0,148.0,124250.0,266.6309012875536,1090.0,2.3390557939914163,162,508.0,465750.0,45946.0,3.1358024691358026,2875.0,916.8307086614174,0.08267716535433071
PRV53245,16.0,13.0,176000.0,11000.0,17088.0,1068.0,130.0,99.0,38800.0,298.46153846153845,180.0,1.3846153846153846,106,146.0,214800.0,17268.0,1.3773584905660377,2026.4150943396226,1471.2328767123288,0.1095890410958904
PRV53246,2.0,2.0,26000.0,13000.0,2136.0,1068.0,107.0,99.0,30490.0,284.95327102803736,480.0,4.485981308411215,101,109.0,56490.0,2616.0,1.0792079207920793,559.3069306930693,518.256880733945,0.01834862385321101
PRV53247,7.0,7.0,59000.0,8428.57142857143,7476.0,1068.0,30.0,28.0,6960.0,232.0,200.0,6.666666666666667,35,37.0,65960.0,7676.0,1.0571428571428572,1884.5714285714287,1782.7027027027027,0.1891891891891892
PRV53248,5.0,4.0,74000.0,14800.0,4272.0,1068.0,52.0,35.0,14890.0,286.34615384615387,170.0,3.269230769230769,39,57.0,88890.0,4442.0,1.4615384615384615,2279.230769230769,1559.4736842105262,0.08771929824561403
PRV53249,6.0,5.0,54000.0,9000.0,6408.0,1068.0,17.0,14.0,6140.0,361.1764705882353,0.0,0.0,19,23.0,60140.0,6408.0,1.2105263157894737,3165.2631578947367,2614.782608695652,0.2608695652173913
PRV53251,4.0,4.0,29000.0,7250.0,4272.0,1068.0,229.0,116.0,66400.0,289.95633187772927,720.0,3.1441048034934496,117,233.0,95400.0,4992.0,1.9914529914529915,815.3846153846154,409.4420600858369,0.017167381974248927
PRV53252,4.0,3.0,67000.0,16750.0,3204.0,1068.0,73.0,29.0,11090.0,151.91780821917808,0.0,0.0,31,77.0,78090.0,3204.0,2.4838709677419355,2519.032258064516,1014.1558441558442,0.05194805194805195
PRV53253,0.0,0.0,0.0,0.0,0.0,0.0,110.0,94.0,35600.0,323.6363636363636,190.0,1.7272727272727273,94,110.0,35600.0,190.0,1.1702127659574468,378.72340425531917,323.6363636363636,0.0
PRV53254,0.0,0.0,0.0,0.0,0.0,0.0,9.0,9.0,1190.0,132.22222222222223,0.0,0.0,9,9.0,1190.0,0.0,1.0,132.22222222222223,132.22222222222223,0.0
PRV53255,0.0,0.0,0.0,0.0,0.0,0.0,26.0,24.0,7760.0,298.46153846153845,0.0,0.0,24,26.0,7760.0,0.0,1.0833333333333333,323.3333333333333,298.46153846153845,0.0
PRV53256,36.0,32.0,361000.0,10027.777777777777,38448.0,1068.0,309.0,261.0,97710.0,316.2135922330097,650.0,2.103559870550162,284,345.0,458710.0,39098.0,1.2147887323943662,1615.1760563380283,1329.5942028985507,0.10434782608695652
PRV53257,0.0,0.0,0.0,0.0,0.0,0.0,25.0,21.0,11120.0,444.8,20.0,0.8,21,25.0,11120.0,20.0,1.1904761904761905,529.5238095238095,444.8,0.0
PRV53258,3.0,3.0,27000.0,9000.0,2136.0,1068.0,77.0,65.0,12490.0,162.2077922077922,260.0,3.3766233766233764,68,80.0,39490.0,2396.0,1.1764705882352942,580.7352941176471,493.625,0.0375
PRV53259,0.0,0.0,0.0,0.0,0.0,0.0,187.0,117.0,61050.0,326.47058823529414,850.0,4.545454545454546,117,187.0,61050.0,850.0,1.5982905982905984,521.7948717948718,326.47058823529414,0.0
PRV53260,2.0,2.0,7000.0,3500.0,2136.0,1068.0,132.0,103.0,24320.0,184.24242424242425,460.0,3.484848484848485,104,134.0,31320.0,2596.0,1.2884615384615385,301.15384615384613,233.73134328358208,0.014925373134328358
PRV53261,0.0,0.0,0.0,0.0,0.0,0.0,194.0,101.0,41550.0,214.17525773195877,610.0,3.1443298969072164,101,194.0,41550.0,610.0,1.9207920792079207,411.38613861386136,214.17525773195877,0.0
PRV53262,0.0,0.0,0.0,0.0,0.0,0.0,118.0,83.0,45250.0,383.47457627118644,450.0,3.8135593220338984,83,118.0,45250.0,450.0,1.4216867469879517,545.1807228915662,383.47457627118644,0.0
PRV53265,27.0,19.0,315000.0,11666.666666666666,27768.0,1068.0,65.0,50.0,13820.0,212.6153846153846,170.0,2.6153846153846154,68,92.0,328820.0,27938.0,1.3529411764705883,4835.588235294118,3574.1304347826085,0.29347826086956524
PRV53266,88.0,81.0,911100.0,10353.40909090909,88644.0,1068.0,169.0,153.0,63010.0,372.84023668639054,810.0,4.792899408284024,228,257.0,974110.0,89454.0,1.1271929824561404,4272.412280701755,3790.3112840466924,0.3424124513618677
PRV53268,7.0,7.0,69000.0,9857.142857142857,7476.0,1068.0,67.0,56.0,19230.0,287.0149253731343,0.0,0.0,63,74.0,88230.0,7476.0,1.1746031746031746,1400.4761904761904,1192.2972972972973,0.0945945945945946
PRV53269,112.0,96.0,957000.0,8544.642857142857,115344.0,1068.0,344.0,269.0,88640.0,257.6744186046512,1470.0,4.273255813953488,357,456.0,1045640.0,116814.0,1.2773109243697478,2928.9635854341736,2293.0701754385964,0.24561403508771928
PRV53272,4.0,4.0,25000.0,6250.0,4272.0,1068.0,20.0,18.0,7660.0,383.0,140.0,7.0,21,24.0,32660.0,4412.0,1.1428571428571428,1555.2380952380952,1360.8333333333333,0.16666666666666666
PRV53274,0.0,0.0,0.0,0.0,0.0,0.0,30.0,25.0,4490.0,149.66666666666666,70.0,2.3333333333333335,25,30.0,4490.0,70.0,1.2,179.6,149.66666666666666,0.0
PRV53276,0.0,0.0,0.0,0.0,0.0,0.0,291.0,131.0,85280.0,293.05841924398624,260.0,0.8934707903780069,131,291.0,85280.0,260.0,2.2213740458015265,650.9923664122138,293.05841924398624,0.0
PRV53277,15.0,14.0,121000.0,8066.666666666667,16020.0,1068.0,29.0,24.0,8060.0,277.9310344827586,50.0,1.7241379310344827,34,44.0,129060.0,16070.0,1.2941176470588236,3795.8823529411766,2933.181818181818,0.3409090909090909
PRV53279,1.0,1.0,4000.0,4000.0,1068.0,1068.0,35.0,33.0,6520.0,186.28571428571428,0.0,0.0,34,36.0,10520.0,1068.0,1.0588235294117647,309.4117647058824,292.22222222222223,0.027777777777777776
PRV53280,0.0,0.0,0.0,0.0,0.0,0.0,15.0,11.0,2030.0,135.33333333333334,0.0,0.0,11,15.0,2030.0,0.0,1.3636363636363635,184.54545454545453,135.33333333333334,0.0
PRV53281,21.0,18.0,131000.0,6238.0952380952385,22428.0,1068.0,32.0,26.0,7310.0,228.4375,100.0,3.125,43,53.0,138310.0,22528.0,1.2325581395348837,3216.5116279069766,2609.622641509434,0.39622641509433965
PRV53282,0.0,0.0,0.0,0.0,0.0,0.0,31.0,24.0,5730.0,184.83870967741936,0.0,0.0,24,31.0,5730.0,0.0,1.2916666666666667,238.75,184.83870967741936,0.0
PRV53283,3.0,2.0,55000.0,18333.333333333332,3204.0,1068.0,94.0,55.0,45220.0,481.06382978723406,320.0,3.404255319148936,57,97.0,100220.0,3524.0,1.7017543859649122,1758.2456140350878,1033.1958762886597,0.030927835051546393
PRV53284,6.0,6.0,40000.0,6666.666666666667,6408.0,1068.0,142.0,76.0,34780.0,244.92957746478874,490.0,3.4507042253521125,79,148.0,74780.0,6898.0,1.8734177215189873,946.5822784810126,505.27027027027026,0.04054054054054054
PRV53288,0.0,0.0,0.0,0.0,0.0,0.0,43.0,42.0,12340.0,286.9767441860465,0.0,0.0,42,43.0,12340.0,0.0,1.0238095238095237,293.8095238095238,286.9767441860465,0.0
PRV53289,1.0,1.0,8000.0,8000.0,1068.0,1068.0,105.0,66.0,28260.0,269.14285714285717,260.0,2.4761904761904763,66,106.0,36260.0,1328.0,1.606060606060606,549.3939393939394,342.07547169811323,0.009433962264150943
PRV53290,0.0,0.0,0.0,0.0,0.0,0.0,6.0,5.0,3860.0,643.3333333333334,0.0,0.0,5,6.0,3860.0,0.0,1.2,772.0,643.3333333333334,0.0
PRV53291,0.0,0.0,0.0,0.0,0.0,0.0,10.0,8.0,2730.0,273.0,0.0,0.0,8,10.0,2730.0,0.0,1.25,341.25,273.0,0.0
PRV53292,5.0,5.0,23000.0,4600.0,5340.0,1068.0,36.0,32.0,10700.0,297.22222222222223,170.0,4.722222222222222,35,41.0,33700.0,5510.0,1.1714285714285715,962.8571428571429,821.9512195121952,0.12195121951219512
PRV53293,0.0,0.0,0.0,0.0,0.0,0.0,41.0,28.0,10080.0,245.85365853658536,140.0,3.4146341463414633,28,41.0,10080.0,140.0,1.4642857142857142,360.0,245.85365853658536,0.0
PRV53294,0.0,0.0,0.0,0.0,0.0,0.0,582.0,230.0,180760.0,310.58419243986253,2030.0,3.4879725085910653,230,582.0,180760.0,2030.0,2.5304347826086957,785.9130434782609,310.58419243986253,0.0
PRV53295,29.0,29.0,301000.0,10379.310344827587,29904.0,1068.0,168.0,139.0,32990.0,196.36904761904762,370.0,2.2023809523809526,166,197.0,333990.0,30274.0,1.1867469879518073,2011.987951807229,1695.3807106598986,0.14720812182741116
PRV53296,0.0,0.0,0.0,0.0,0.0,0.0,187.0,131.0,62740.0,335.5080213903743,370.0,1.9786096256684491,131,187.0,62740.0,370.0,1.4274809160305344,478.9312977099237,335.5080213903743,0.0
PRV53297,15.0,13.0,166000.0,11066.666666666666,16020.0,1068.0,14.0,14.0,5770.0,412.14285714285717,0.0,0.0,26,29.0,171770.0,16020.0,1.1153846153846154,6606.538461538462,5923.103448275862,0.5172413793103449
PRV53298,8.0,8.0,53000.0,6625.0,8544.0,1068.0,55.0,53.0,14130.0,256.90909090909093,80.0,1.4545454545454546,61,63.0,67130.0,8624.0,1.0327868852459017,1100.4918032786886,1065.5555555555557,0.12698412698412698
PRV53300,0.0,0.0,0.0,0.0,0.0,0.0,354.0,255.0,126160.0,356.38418079096044,1020.0,2.8813559322033897,255,354.0,126160.0,1020.0,1.388235294117647,494.7450980392157,356.38418079096044,0.0
PRV53301,0.0,0.0,0.0,0.0,0.0,0.0,67.0,46.0,16070.0,239.8507462686567,220.0,3.283582089552239,46,67.0,16070.0,220.0,1.4565217391304348,349.3478260869565,239.8507462686567,0.0
PRV53303,0.0,0.0,0.0,0.0,0.0,0.0,111.0,69.0,35770.0,322.2522522522523,210.0,1.8918918918918919,69,111.0,35770.0,210.0,1.608695652173913,518.4057971014493,322.2522522522523,0.0
PRV53304,2.0,2.0,59000.0,29500.0,2136.0,1068.0,11.0,11.0,670.0,60.90909090909091,0.0,0.0,13,13.0,59670.0,2136.0,1.0,4590.0,4590.0,0.15384615384615385
PRV53305,1.0,1.0,14000.0,14000.0,1068.0,1068.0,18.0,15.0,7440.0,413.3333333333333,200.0,11.11111111111111,16,19.0,21440.0,1268.0,1.1875,1340.0,1128.421052631579,0.05263157894736842
PRV53306,0.0,0.0,0.0,0.0,0.0,0.0,78.0,29.0,17600.0,225.64102564102564,140.0,1.794871794871795,29,78.0,17600.0,140.0,2.689655172413793,606.8965517241379,225.64102564102564,0.0
PRV53307,0.0,0.0,0.0,0.0,0.0,0.0,34.0,31.0,7430.0,218.52941176470588,10.0,0.29411764705882354,31,34.0,7430.0,10.0,1.096774193548387,239.67741935483872,218.52941176470588,0.0
PRV53308,7.0,5.0,117000.0,16714.285714285714,7476.0,1068.0,38.0,21.0,8990.0,236.57894736842104,10.0,0.2631578947368421,23,45.0,125990.0,7486.0,1.9565217391304348,5477.826086956522,2799.777777777778,0.15555555555555556
PRV53309,4.0,4.0,32000.0,8000.0,4272.0,1068.0,59.0,32.0,13260.0,224.74576271186442,210.0,3.559322033898305,35,63.0,45260.0,4482.0,1.8,1293.142857142857,718.4126984126984,0.06349206349206349
PRV53310,0.0,0.0,0.0,0.0,0.0,0.0,10.0,8.0,2290.0,229.0,0.0,0.0,8,10.0,2290.0,0.0,1.25,286.25,229.0,0.0
PRV53312,1.0,1.0,5000.0,5000.0,1068.0,1068.0,64.0,46.0,24790.0,387.34375,100.0,1.5625,46,65.0,29790.0,1168.0,1.4130434782608696,647.6086956521739,458.3076923076923,0.015384615384615385
PRV53313,0.0,0.0,0.0,0.0,0.0,0.0,68.0,22.0,17800.0,261.7647058823529,160.0,2.3529411764705883,22,68.0,17800.0,160.0,3.090909090909091,809.0909090909091,261.7647058823529,0.0
PRV53314,4.0,3.0,77000.0,19250.0,4272.0,1068.0,53.0,23.0,15490.0,292.2641509433962,50.0,0.9433962264150944,24,57.0,92490.0,4322.0,2.375,3853.75,1622.6315789473683,0.07017543859649122
PRV53315,0.0,0.0,0.0,0.0,0.0,0.0,25.0,18.0,8340.0,333.6,80.0,3.2,18,25.0,8340.0,80.0,1.3888888888888888,463.3333333333333,333.6,0.0
PRV53317,5.0,4.0,45000.0,9000.0,5340.0,1068.0,11.0,11.0,850.0,77.27272727272727,20.0,1.8181818181818181,15,16.0,45850.0,5360.0,1.0666666666666667,3056.6666666666665,2865.625,0.3125
PRV53318,0.0,0.0,0.0,0.0,0.0,0.0,21.0,19.0,9420.0,448.57142857142856,130.0,6.190476190476191,19,21.0,9420.0,130.0,1.105263157894737,495.7894736842105,448.57142857142856,0.0
PRV53319,13.0,9.0,99000.0,7615.384615384615,13884.0,1068.0,101.0,45.0,31220.0,309.1089108910891,180.0,1.7821782178217822,46,114.0,130220.0,14064.0,2.4782608695652173,2830.8695652173915,1142.280701754386,0.11403508771929824
PRV53320,3.0,2.0,65000.0,21666.666666666668,3204.0,1068.0,59.0,34.0,16340.0,276.9491525423729,190.0,3.2203389830508473,35,62.0,81340.0,3394.0,1.7714285714285714,2324.0,1311.9354838709678,0.04838709677419355
PRV53321,0.0,0.0,0.0,0.0,0.0,0.0,81.0,39.0,27530.0,339.87654320987656,130.0,1.6049382716049383,39,81.0,27530.0,130.0,2.076923076923077,705.8974358974359,339.87654320987656,0.0
PRV53323,0.0,0.0,0.0,0.0,0.0,0.0,18.0,11.0,2920.0,162.22222222222223,0.0,0.0,11,18.0,2920.0,0.0,1.6363636363636365,265.45454545454544,162.22222222222223,0.0
PRV53325,0.0,0.0,0.0,0.0,0.0,0.0,63.0,27.0,12890.0,204.6031746031746,200.0,3.1746031746031744,27,63.0,12890.0,200.0,2.3333333333333335,477.4074074074074,204.6031746031746,0.0
PRV53326,0.0,0.0,0.0,0.0,0.0,0.0,102.0,46.0,31950.0,313.2352941176471,490.0,4.803921568627451,46,102.0,31950.0,490.0,2.217391304347826,694.5652173913044,313.2352941176471,0.0
PRV53329,1.0,1.0,0.0,0.0,1068.0,1068.0,10.0,10.0,2070.0,207.0,70.0,7.0,11,11.0,2070.0,1138.0,1.0,188.1818181818182,188.1818181818182,0.09090909090909091
PRV53331,0.0,0.0,0.0,0.0,0.0,0.0,7.0,7.0,810.0,115.71428571428571,0.0,0.0,7,7.0,810.0,0.0,1.0,115.71428571428571,115.71428571428571,0.0
PRV53334,0.0,0.0,0.0,0.0,0.0,0.0,29.0,14.0,9340.0,322.0689655172414,70.0,2.413793103448276,14,29.0,9340.0,70.0,2.0714285714285716,667.1428571428571,322.0689655172414,0.0
PRV53335,0.0,0.0,0.0,0.0,0.0,0.0,381.0,266.0,114030.0,299.29133858267716,1460.0,3.832020997375328,266,381.0,114030.0,1460.0,1.4323308270676691,428.6842105263158,299.29133858267716,0.0
PRV53336,3.0,3.0,34000.0,11333.333333333334,2136.0,1068.0,0.0,0.0,0.0,0.0,0.0,0.0,3,3.0,34000.0,2136.0,1.0,11333.333333333334,11333.333333333334,1.0
PRV53337,0.0,0.0,0.0,0.0,0.0,0.0,5.0,3.0,1620.0,324.0,110.0,22.0,3,5.0,1620.0,110.0,1.6666666666666667,540.0,324.0,0.0
PRV53339,0.0,0.0,0.0,0.0,0.0,0.0,10.0,8.0,1430.0,143.0,0.0,0.0,8,10.0,1430.0,0.0,1.25,178.75,143.0,0.0
PRV53340,0.0,0.0,0.0,0.0,0.0,0.0,23.0,16.0,2170.0,94.34782608695652,10.0,0.43478260869565216,16,23.0,2170.0,10.0,1.4375,135.625,94.34782608695652,0.0
PRV53341,0.0,0.0,0.0,0.0,0.0,0.0,9.0,9.0,4090.0,454.44444444444446,0.0,0.0,9,9.0,4090.0,0.0,1.0,454.44444444444446,454.44444444444446,0.0
PRV53342,0.0,0.0,0.0,0.0,0.0,0.0,73.0,59.0,25810.0,353.56164383561645,380.0,5.205479452054795,59,73.0,25810.0,380.0,1.2372881355932204,437.45762711864404,353.56164383561645,0.0
PRV53343,0.0,0.0,0.0,0.0,0.0,0.0,6.0,6.0,310.0,51.666666666666664,0.0,0.0,6,6.0,310.0,0.0,1.0,51.666666666666664,51.666666666666664,0.0
PRV53344,0.0,0.0,0.0,0.0,0.0,0.0,3.0,3.0,630.0,210.0,0.0,0.0,3,3.0,630.0,0.0,1.0,210.0,210.0,0.0
PRV53346,0.0,0.0,0.0,0.0,0.0,0.0,4.0,4.0,770.0,192.5,0.0,0.0,4,4.0,770.0,0.0,1.0,192.5,192.5,0.0
PRV53347,0.0,0.0,0.0,0.0,0.0,0.0,6.0,6.0,280.0,46.666666666666664,0.0,0.0,6,6.0,280.0,0.0,1.0,46.666666666666664,46.666666666666664,0.0
PRV53349,0.0,0.0,0.0,0.0,0.0,0.0,24.0,16.0,2180.0,90.83333333333333,70.0,2.9166666666666665,16,24.0,2180.0,70.0,1.5,136.25,90.83333333333333,0.0
PRV53350,0.0,0.0,0.0,0.0,0.0,0.0,4.0,3.0,2420.0,605.0,0.0,0.0,3,4.0,2420.0,0.0,1.3333333333333333,806.6666666666666,605.0,0.0
PRV53351,0.0,0.0,0.0,0.0,0.0,0.0,18.0,13.0,4660.0,258.8888888888889,260.0,14.444444444444445,13,18.0,4660.0,260.0,1.3846153846153846,358.46153846153845,258.8888888888889,0.0
PRV53352,0.0,0.0,0.0,0.0,0.0,0.0,288.0,187.0,92300.0,320.4861111111111,870.0,3.0208333333333335,187,288.0,92300.0,870.0,1.5401069518716577,493.58288770053474,320.4861111111111,0.0
PRV53353,0.0,0.0,0.0,0.0,0.0,0.0,30.0,25.0,9310.0,310.3333333333333,10.0,0.3333333333333333,25,30.0,9310.0,10.0,1.2,372.4,310.3333333333333,0.0
PRV53354,0.0,0.0,0.0,0.0,0.0,0.0,18.0,18.0,5120.0,284.44444444444446,100.0,5.555555555555555,18,18.0,5120.0,100.0,1.0,284.44444444444446,284.44444444444446,0.0
PRV53355,0.0,0.0,0.0,0.0,0.0,0.0,3.0,3.0,510.0,170.0,10.0,3.3333333333333335,3,3.0,510.0,10.0,1.0,170.0,170.0,0.0
PRV53356,0.0,0.0,0.0,0.0,0.0,0.0,38.0,36.0,3950.0,103.94736842105263,80.0,2.1052631578947367,36,38.0,3950.0,80.0,1.0555555555555556,109.72222222222223,103.94736842105263,0.0
PRV53357,0.0,0.0,0.0,0.0,0.0,0.0,2.0,2.0,1820.0,910.0,0.0,0.0,2,2.0,1820.0,0.0,1.0,910.0,910.0,0.0
PRV53358,0.0,0.0,0.0,0.0,0.0,0.0,3.0,3.0,2840.0,946.6666666666666,0.0,0.0,3,3.0,2840.0,0.0,1.0,946.6666666666666,946.6666666666666,0.0
PRV53359,0.0,0.0,0.0,0.0,0.0,0.0,213.0,155.0,57150.0,268.3098591549296,420.0,1.971830985915493,155,213.0,57150.0,420.0,1.3741935483870968,368.7096774193548,268.3098591549296,0.0
PRV53360,0.0,0.0,0.0,0.0,0.0,0.0,20.0,12.0,2660.0,133.0,30.0,1.5,12,20.0,2660.0,30.0,1.6666666666666667,221.66666666666666,133.0,0.0
PRV53361,0.0,0.0,0.0,0.0,0.0,0.0,9.0,7.0,4540.0,504.44444444444446,0.0,0.0,7,9.0,4540.0,0.0,1.2857142857142858,648.5714285714286,504.44444444444446,0.0
PRV53362,0.0,0.0,0.0,0.0,0.0,0.0,35.0,24.0,13220.0,377.7142857142857,20.0,0.5714285714285714,24,35.0,13220.0,20.0,1.4583333333333333,550.8333333333334,377.7142857142857,0.0
PRV53363,0.0,0.0,0.0,0.0,0.0,0.0,41.0,38.0,16940.0,413.1707317073171,40.0,0.975609756097561,38,41.0,16940.0,40.0,1.0789473684210527,445.7894736842105,413.1707317073171,0.0
PRV53364,0.0,0.0,0.0,0.0,0.0,0.0,26.0,24.0,8770.0,337.3076923076923,0.0,0.0,24,26.0,8770.0,0.0,1.0833333333333333,365.4166666666667,337.3076923076923,0.0
PRV53365,0.0,0.0,0.0,0.0,0.0,0.0,6.0,6.0,730.0,121.66666666666667,0.0,0.0,6,6.0,730.0,0.0,1.0,121.66666666666667,121.66666666666667,0.0
PRV53369,0.0,0.0,0.0,0.0,0.0,0.0,1.0,1.0,90.0,90.0,0.0,0.0,1,1.0,90.0,0.0,1.0,90.0,90.0,0.0
PRV53370,0.0,0.0,0.0,0.0,0.0,0.0,9.0,7.0,1070.0,118.88888888888889,0.0,0.0,7,9.0,1070.0,0.0,1.2857142857142858,152.85714285714286,118.88888888888889,0.0
PRV53371,0.0,0.0,0.0,0.0,0.0,0.0,43.0,29.0,10930.0,254.1860465116279,0.0,0.0,29,43.0,10930.0,0.0,1.4827586206896552,376.8965517241379,254.1860465116279,0.0
PRV53373,0.0,0.0,0.0,0.0,0.0,0.0,3.0,3.0,2210.0,736.6666666666666,0.0,0.0,3,3.0,2210.0,0.0,1.0,736.6666666666666,736.6666666666666,0.0
PRV53374,0.0,0.0,0.0,0.0,0.0,0.0,387.0,132.0,105160.0,271.7312661498708,410.0,1.0594315245478036,132,387.0,105160.0,410.0,2.9318181818181817,796.6666666666666,271.7312661498708,0.0
PRV53375,0.0,0.0,0.0,0.0,0.0,0.0,15.0,14.0,4590.0,306.0,30.0,2.0,14,15.0,4590.0,30.0,1.0714285714285714,327.85714285714283,306.0,0.0
PRV53376,0.0,0.0,0.0,0.0,0.0,0.0,74.0,31.0,28240.0,381.6216216216216,260.0,3.5135135135135136,31,74.0,28240.0,260.0,2.3870967741935485,910.9677419354839,381.6216216216216,0.0
PRV53377,7.0,7.0,57000.0,8142.857142857143,7476.0,1068.0,0.0,0.0,0.0,0.0,0.0,0.0,7,7.0,57000.0,7476.0,1.0,8142.857142857143,8142.857142857143,1.0
PRV53378,10.0,10.0,74000.0,7400.0,10680.0,1068.0,0.0,0.0,0.0,0.0,0.0,0.0,10,10.0,74000.0,10680.0,1.0,7400.0,7400.0,1.0
PRV53379,11.0,10.0,153000.0,13909.09090909091,11748.0,1068.0,0.0,0.0,0.0,0.0,0.0,0.0,10,11.0,153000.0,11748.0,1.1,15300.0,13909.09090909091,1.0
PRV53380,4.0,4.0,22000.0,5500.0,4272.0,1068.0,0.0,0.0,0.0,0.0,0.0,0.0,4,4.0,22000.0,4272.0,1.0,5500.0,5500.0,1.0
PRV53381,11.0,9.0,134000.0,12181.818181818182,11748.0,1068.0,22.0,22.0,4120.0,187.27272727272728,70.0,3.1818181818181817,29,33.0,138120.0,11818.0,1.1379310344827587,4762.758620689655,4185.454545454545,0.3333333333333333
PRV53382,0.0,0.0,0.0,0.0,0.0,0.0,45.0,38.0,18320.0,407.1111111111111,0.0,0.0,38,45.0,18320.0,0.0,1.1842105263157894,482.10526315789474,407.1111111111111,0.0
PRV53383,4.0,4.0,43000.0,10750.0,4272.0,1068.0,18.0,16.0,8890.0,493.8888888888889,0.0,0.0,20,22.0,51890.0,4272.0,1.1,2594.5,2358.6363636363635,0.18181818181818182
PRV53384,38.0,28.0,331000.0,8710.526315789473,40584.0,1068.0,24.0,23.0,4120.0,171.66666666666666,10.0,0.4166666666666667,51,62.0,335120.0,40594.0,1.2156862745098038,6570.980392156863,5405.1612903225805,0.6129032258064516
PRV53385,106.0,88.0,1055300.0,9955.66037735849,110004.0,1068.0,931.0,390.0,307270.0,330.04296455424276,2580.0,2.771213748657358,418,1037.0,1362570.0,112584.0,2.4808612440191387,3259.7368421052633,1313.953712632594,0.10221793635486982
PRV53386,0.0,0.0,0.0,0.0,0.0,0.0,53.0,51.0,13070.0,246.60377358490567,10.0,0.18867924528301888,51,53.0,13070.0,10.0,1.0392156862745099,256.27450980392155,246.60377358490567,0.0
PRV53387,3.0,3.0,23200.0,7733.333333333333,3204.0,1068.0,46.0,37.0,13120.0,285.2173913043478,70.0,1.5217391304347827,40,49.0,36320.0,3274.0,1.225,908.0,741.2244897959183,0.061224489795918366
PRV53388,11.0,10.0,97000.0,8818.181818181818,10680.0,1068.0,111.0,61.0,26340.0,237.2972972972973,300.0,2.7027027027027026,65,122.0,123340.0,10980.0,1.876923076923077,1897.5384615384614,1010.983606557377,0.09016393442622951
PRV53389,1.0,1.0,15000.0,15000.0,1068.0,1068.0,12.0,12.0,4070.0,339.1666666666667,0.0,0.0,13,13.0,19070.0,1068.0,1.0,1466.923076923077,1466.923076923077,0.07692307692307693
PRV53390,0.0,0.0,0.0,0.0,0.0,0.0,15.0,14.0,4320.0,288.0,40.0,2.6666666666666665,14,15.0,4320.0,40.0,1.0714285714285714,308.57142857142856,288.0,0.0
PRV53391,0.0,0.0,0.0,0.0,0.0,0.0,69.0,62.0,11420.0,165.5072463768116,450.0,6.521739130434782,62,69.0,11420.0,450.0,1.1129032258064515,184.19354838709677,165.5072463768116,0.0
PRV53392,0.0,0.0,0.0,0.0,0.0,0.0,99.0,80.0,33790.0,341.3131313131313,180.0,1.8181818181818181,80,99.0,33790.0,180.0,1.2375,422.375,341.3131313131313,0.0
PRV53393,2.0,2.0,9000.0,4500.0,2136.0,1068.0,3.0,3.0,170.0,56.666666666666664,0.0,0.0,5,5.0,9170.0,2136.0,1.0,1834.0,1834.0,0.4
PRV53394,47.0,43.0,443000.0,9425.531914893618,48060.0,1068.0,1168.0,355.0,342420.0,293.1678082191781,3540.0,3.030821917808219,368,1215.0,785420.0,51600.0,3.301630434782609,2134.2934782608695,646.4362139917696,0.03868312757201646
PRV53396,45.0,37.0,439000.0,9755.555555555555,46992.0,1068.0,54.0,50.0,13600.0,251.85185185185185,50.0,0.9259259259259259,83,99.0,452600.0,47042.0,1.1927710843373494,5453.012048192771,4571.717171717171,0.45454545454545453
PRV53397,3.0,3.0,116000.0,38666.666666666664,3204.0,1068.0,11.0,11.0,6270.0,570.0,0.0,0.0,14,14.0,122270.0,3204.0,1.0,8733.57142857143,8733.57142857143,0.21428571428571427
PRV53398,1.0,1.0,17000.0,17000.0,1068.0,1068.0,4.0,4.0,410.0,102.5,0.0,0.0,5,5.0,17410.0,1068.0,1.0,3482.0,3482.0,0.2
PRV53399,7.0,7.0,67000.0,9571.42857142857,7476.0,1068.0,26.0,23.0,7120.0,273.84615384615387,0.0,0.0,30,33.0,74120.0,7476.0,1.1,2470.6666666666665,2246.060606060606,0.21212121212121213
PRV53401,130.0,113.0,1101000.0,8469.23076923077,132432.0,1068.0,173.0,165.0,42010.0,242.83236994219652,380.0,2.1965317919075145,275,303.0,1143010.0,132812.0,1.1018181818181818,4156.4,3772.3102310231025,0.429042904290429
PRV53402,0.0,0.0,0.0,0.0,0.0,0.0,17.0,10.0,7230.0,425.29411764705884,0.0,0.0,10,17.0,7230.0,0.0,1.7,723.0,425.29411764705884,0.0
PRV53403,0.0,0.0,0.0,0.0,0.0,0.0,72.0,67.0,15250.0,211.80555555555554,100.0,1.3888888888888888,67,72.0,15250.0,100.0,1.0746268656716418,227.61194029850745,211.80555555555554,0.0
PRV53405,21.0,21.0,192000.0,9142.857142857143,22428.0,1068.0,168.0,146.0,47010.0,279.82142857142856,600.0,3.5714285714285716,164,189.0,239010.0,23028.0,1.1524390243902438,1457.378048780488,1264.6031746031747,0.1111111111111111
PRV53407,3.0,2.0,16000.0,5333.333333333333,3204.0,1068.0,130.0,40.0,37960.0,292.0,420.0,3.230769230769231,40,133.0,53960.0,3624.0,3.325,1349.0,405.7142857142857,0.022556390977443608
PRV53408,10.0,10.0,74000.0,7400.0,9612.0,1068.0,37.0,36.0,14780.0,399.4594594594595,60.0,1.6216216216216217,45,47.0,88780.0,9672.0,1.0444444444444445,1972.888888888889,1888.936170212766,0.2127659574468085
PRV53409,3.0,3.0,24000.0,8000.0,3204.0,1068.0,31.0,21.0,4130.0,133.2258064516129,70.0,2.2580645161290325,22,34.0,28130.0,3274.0,1.5454545454545454,1278.6363636363637,827.3529411764706,0.08823529411764706
PRV53411,0.0,0.0,0.0,0.0,0.0,0.0,6.0,6.0,2570.0,428.3333333333333,30.0,5.0,6,6.0,2570.0,30.0,1.0,428.3333333333333,428.3333333333333,0.0
PRV53412,0.0,0.0,0.0,0.0,0.0,0.0,27.0,26.0,9640.0,357.037037037037,0.0,0.0,26,27.0,9640.0,0.0,1.0384615384615385,370.7692307692308,357.037037037037,0.0
PRV53413,2.0,2.0,29000.0,14500.0,2136.0,1068.0,28.0,25.0,5040.0,180.0,0.0,0.0,27,30.0,34040.0,2136.0,1.1111111111111112,1260.7407407407406,1134.6666666666667,0.06666666666666667
PRV53415,0.0,0.0,0.0,0.0,0.0,0.0,34.0,27.0,12050.0,354.4117647058824,150.0,4.411764705882353,27,34.0,12050.0,150.0,1.2592592592592593,446.2962962962963,354.4117647058824,0.0
PRV53416,1.0,1.0,14000.0,14000.0,1068.0,1068.0,86.0,58.0,36840.0,428.3720930232558,60.0,0.6976744186046512,59,87.0,50840.0,1128.0,1.4745762711864407,861.6949152542373,584.3678160919541,0.011494252873563218
PRV53417,7.0,7.0,76000.0,10857.142857142857,7476.0,1068.0,164.0,69.0,39090.0,238.35365853658536,570.0,3.475609756097561,71,171.0,115090.0,8046.0,2.408450704225352,1620.9859154929577,673.0409356725146,0.04093567251461988
PRV53419,5.0,5.0,43000.0,8600.0,5340.0,1068.0,14.0,13.0,3410.0,243.57142857142858,0.0,0.0,18,19.0,46410.0,5340.0,1.0555555555555556,2578.3333333333335,2442.6315789473683,0.2631578947368421
PRV53421,95.0,77.0,984000.0,10357.894736842105,99324.0,1068.0,34.0,34.0,15910.0,467.94117647058823,200.0,5.882352941176471,110,129.0,999910.0,99524.0,1.1727272727272726,9090.09090909091,7751.240310077519,0.7364341085271318
PRV53423,5.0,4.0,34000.0,6800.0,4272.0,1068.0,48.0,40.0,14240.0,296.6666666666667,230.0,4.791666666666667,43,53.0,48240.0,4502.0,1.2325581395348837,1121.860465116279,910.188679245283,0.09433962264150944
PRV53424,37.0,28.0,375000.0,10135.135135135135,35244.0,1068.0,226.0,113.0,77390.0,342.43362831858406,550.0,2.433628318584071,125,263.0,452390.0,35794.0,2.104,3619.12,1720.1140684410645,0.14068441064638784
PRV53426,0.0,0.0,0.0,0.0,0.0,0.0,10.0,6.0,1480.0,148.0,0.0,0.0,6,10.0,1480.0,0.0,1.6666666666666667,246.66666666666666,148.0,0.0
PRV53427,0.0,0.0,0.0,0.0,0.0,0.0,24.0,17.0,8880.0,370.0,60.0,2.5,17,24.0,8880.0,60.0,1.411764705882353,522.3529411764706,370.0,0.0
PRV53428,0.0,0.0,0.0,0.0,0.0,0.0,22.0,22.0,4930.0,224.0909090909091,0.0,0.0,22,22.0,4930.0,0.0,1.0,224.0909090909091,224.0909090909091,0.0
PRV53429,1.0,1.0,16000.0,16000.0,1068.0,1068.0,28.0,26.0,6690.0,238.92857142857142,70.0,2.5,27,29.0,22690.0,1138.0,1.0740740740740742,840.3703703703703,782.4137931034483,0.034482758620689655
PRV53431,1.0,1.0,21000.0,21000.0,1068.0,1068.0,41.0,30.0,9080.0,221.46341463414635,80.0,1.951219512195122,31,42.0,30080.0,1148.0,1.3548387096774193,970.3225806451613,716.1904761904761,0.023809523809523808
PRV53432,13.0,13.0,170000.0,13076.923076923076,13884.0,1068.0,109.0,97.0,21580.0,197.9816513761468,240.0,2.2018348623853212,110,122.0,191580.0,14124.0,1.1090909090909091,1741.6363636363637,1570.327868852459,0.10655737704918032
PRV53433,0.0,0.0,0.0,0.0,0.0,0.0,19.0,15.0,2920.0,153.68421052631578,70.0,3.6842105263157894,15,19.0,2920.0,70.0,1.2666666666666666,194.66666666666666,153.68421052631578,0.0
PRV53435,0.0,0.0,0.0,0.0,0.0,0.0,6.0,6.0,5490.0,915.0,0.0,0.0,6,6.0,5490.0,0.0,1.0,915.0,915.0,0.0
PRV53436,3.0,3.0,14000.0,4666.666666666667,3204.0,1068.0,15.0,15.0,2420.0,161.33333333333334,200.0,13.333333333333334,18,18.0,16420.0,3404.0,1.0,912.2222222222222,912.2222222222222,0.16666666666666666
PRV53437,1.0,1.0,6000.0,6000.0,1068.0,1068.0,8.0,8.0,1740.0,217.5,0.0,0.0,9,9.0,7740.0,1068.0,1.0,860.0,860.0,0.1111111111111111
PRV53438,8.0,8.0,58000.0,7250.0,8544.0,1068.0,53.0,45.0,9830.0,185.47169811320754,170.0,3.207547169811321,51,61.0,67830.0,8714.0,1.196078431372549,1330.0,1111.967213114754,0.13114754098360656
PRV53439,0.0,0.0,0.0,0.0,0.0,0.0,24.0,23.0,5670.0,236.25,0.0,0.0,23,24.0,5670.0,0.0,1.0434782608695652,246.52173913043478,236.25,0.0
PRV53440,1.0,1.0,4000.0,4000.0,1068.0,1068.0,163.0,98.0,55590.0,341.04294478527606,370.0,2.2699386503067487,98,164.0,59590.0,1438.0,1.6734693877551021,608.0612244897959,363.3536585365854,0.006097560975609756
PRV53441,14.0,13.0,184000.0,13142.857142857143,13884.0,1068.0,24.0,24.0,3610.0,150.41666666666666,130.0,5.416666666666667,36,38.0,187610.0,14014.0,1.0555555555555556,5211.388888888889,4937.105263157895,0.3684210526315789
PRV53442,8.0,7.0,82000.0,10250.0,8544.0,1068.0,38.0,35.0,10730.0,282.36842105263156,120.0,3.1578947368421053,40,46.0,92730.0,8664.0,1.15,2318.25,2015.8695652173913,0.17391304347826086
PRV53443,0.0,0.0,0.0,0.0,0.0,0.0,215.0,100.0,81290.0,378.09302325581393,180.0,0.8372093023255814,100,215.0,81290.0,180.0,2.15,812.9,378.09302325581393,0.0
PRV53444,10.0,9.0,97000.0,9700.0,10680.0,1068.0,17.0,17.0,4300.0,252.94117647058823,0.0,0.0,26,27.0,101300.0,10680.0,1.0384615384615385,3896.153846153846,3751.8518518518517,0.37037037037037035
PRV53445,0.0,0.0,0.0,0.0,0.0,0.0,7.0,7.0,4940.0,705.7142857142857,0.0,0.0,7,7.0,4940.0,0.0,1.0,705.7142857142857,705.7142857142857,0.0
PRV53446,0.0,0.0,0.0,0.0,0.0,0.0,46.0,44.0,12880.0,280.0,0.0,0.0,44,46.0,12880.0,0.0,1.0454545454545454,292.72727272727275,280.0,0.0
PRV53447,0.0,0.0,0.0,0.0,0.0,0.0,39.0,35.0,6170.0,158.2051282051282,100.0,2.5641025641025643,35,39.0,6170.0,100.0,1.1142857142857143,176.28571428571428,158.2051282051282,0.0
PRV53448,10.0,10.0,76200.0,7620.0,10680.0,1068.0,54.0,52.0,16230.0,300.55555555555554,140.0,2.5925925925925926,62,64.0,92430.0,10820.0,1.032258064516129,1490.8064516129032,1444.21875,0.15625
PRV53449,1.0,1.0,9000.0,9000.0,1068.0,1068.0,8.0,8.0,980.0,122.5,20.0,2.5,9,9.0,9980.0,1088.0,1.0,1108.888888888889,1108.888888888889,0.1111111111111111
PRV53450,0.0,0.0,0.0,0.0,0.0,0.0,50.0,48.0,14890.0,297.8,360.0,7.2,48,50.0,14890.0,360.0,1.0416666666666667,310.2083333333333,297.8,0.0
PRV53451,5.0,5.0,25000.0,5000.0,5340.0,1068.0,0.0,0.0,0.0,0.0,0.0,0.0,5,5.0,25000.0,5340.0,1.0,5000.0,5000.0,1.0
PRV53452,0.0,0.0,0.0,0.0,0.0,0.0,62.0,44.0,37100.0,598.3870967741935,130.0,2.096774193548387,44,62.0,37100.0,130.0,1.4090909090909092,843.1818181818181,598.3870967741935,0.0
PRV53453,4.0,4.0,38000.0,9500.0,3204.0,1068.0,11.0,11.0,4980.0,452.72727272727275,10.0,0.9090909090909091,15,15.0,42980.0,3214.0,1.0,2865.3333333333335,2865.3333333333335,0.26666666666666666
PRV53454,0.0,0.0,0.0,0.0,0.0,0.0,25.0,21.0,5580.0,223.2,0.0,0.0,21,25.0,5580.0,0.0,1.1904761904761905,265.7142857142857,223.2,0.0
PRV53455,0.0,0.0,0.0,0.0,0.0,0.0,39.0,36.0,8640.0,221.53846153846155,160.0,4.102564102564102,36,39.0,8640.0,160.0,1.0833333333333333,240.0,221.53846153846155,0.0
PRV53456,5.0,5.0,62000.0,12400.0,4272.0,1068.0,24.0,22.0,7670.0,319.5833333333333,160.0,6.666666666666667,27,29.0,69670.0,4432.0,1.0740740740740742,2580.3703703703704,2402.4137931034484,0.1724137931034483
PRV53457,0.0,0.0,0.0,0.0,0.0,0.0,5.0,5.0,9430.0,1886.0,0.0,0.0,5,5.0,9430.0,0.0,1.0,1886.0,1886.0,0.0
PRV53460,0.0,0.0,0.0,0.0,0.0,0.0,3.0,3.0,820.0,273.3333333333333,0.0,0.0,3,3.0,820.0,0.0,1.0,273.3333333333333,273.3333333333333,0.0
PRV53461,14.0,12.0,315000.0,22500.0,14952.0,1068.0,22.0,22.0,110080.0,5003.636363636364,905.0,41.13636363636363,32,36.0,425080.0,15857.0,1.125,13283.75,11807.777777777777,0.3888888888888889
PRV53462,0.0,0.0,0.0,0.0,0.0,0.0,11.0,11.0,4450.0,404.54545454545456,100.0,9.090909090909092,11,11.0,4450.0,100.0,1.0,404.54545454545456,404.54545454545456,0.0
PRV53463,3.0,3.0,13000.0,4333.333333333333,3204.0,1068.0,73.0,40.0,25030.0,342.8767123287671,150.0,2.0547945205479454,43,76.0,38030.0,3354.0,1.7674418604651163,884.4186046511628,500.39473684210526,0.039473684210526314
PRV53465,3.0,3.0,28000.0,9333.333333333334,3204.0,1068.0,20.0,18.0,6750.0,337.5,100.0,5.0,21,23.0,34750.0,3304.0,1.0952380952380953,1654.7619047619048,1510.8695652173913,0.13043478260869565
PRV53467,0.0,0.0,0.0,0.0,0.0,0.0,10.0,9.0,850.0,85.0,20.0,2.0,9,10.0,850.0,20.0,1.1111111111111112,94.44444444444444,85.0,0.0
PRV53469,0.0,0.0,0.0,0.0,0.0,0.0,14.0,13.0,7460.0,532.8571428571429,70.0,5.0,13,14.0,7460.0,70.0,1.0769230769230769,573.8461538461538,532.8571428571429,0.0
PRV53470,0.0,0.0,0.0,0.0,0.0,0.0,64.0,57.0,21900.0,342.1875,80.0,1.25,57,64.0,21900.0,80.0,1.1228070175438596,384.2105263157895,342.1875,0.0
PRV53471,1.0,1.0,19000.0,19000.0,1068.0,1068.0,30.0,25.0,6720.0,224.0,0.0,0.0,26,31.0,25720.0,1068.0,1.1923076923076923,989.2307692307693,829.6774193548387,0.03225806451612903
PRV53472,0.0,0.0,0.0,0.0,0.0,0.0,3.0,3.0,3440.0,1146.6666666666667,0.0,0.0,3,3.0,3440.0,0.0,1.0,1146.6666666666667,1146.6666666666667,0.0
PRV53473,0.0,0.0,0.0,0.0,0.0,0.0,11.0,7.0,7140.0,649.0909090909091,0.0,0.0,7,11.0,7140.0,0.0,1.5714285714285714,1020.0,649.0909090909091,0.0
PRV53474,0.0,0.0,0.0,0.0,0.0,0.0,6.0,6.0,470.0,78.33333333333333,0.0,0.0,6,6.0,470.0,0.0,1.0,78.33333333333333,78.33333333333333,0.0
PRV53475,0.0,0.0,0.0,0.0,0.0,0.0,10.0,10.0,4190.0,419.0,0.0,0.0,10,10.0,4190.0,0.0,1.0,419.0,419.0,0.0
PRV53476,0.0,0.0,0.0,0.0,0.0,0.0,10.0,10.0,3310.0,331.0,100.0,10.0,10,10.0,3310.0,100.0,1.0,331.0,331.0,0.0
PRV53477,0.0,0.0,0.0,0.0,0.0,0.0,50.0,45.0,14170.0,283.4,150.0,3.0,45,50.0,14170.0,150.0,1.1111111111111112,314.8888888888889,283.4,0.0
PRV53478,0.0,0.0,0.0,0.0,0.0,0.0,149.0,93.0,50680.0,340.13422818791946,520.0,3.48993288590604,93,149.0,50680.0,520.0,1.6021505376344085,544.9462365591398,340.13422818791946,0.0
PRV53479,0.0,0.0,0.0,0.0,0.0,0.0,5.0,5.0,390.0,78.0,40.0,8.0,5,5.0,390.0,40.0,1.0,78.0,78.0,0.0
PRV53480,0.0,0.0,0.0,0.0,0.0,0.0,10.0,9.0,1520.0,152.0,0.0,0.0,9,10.0,1520.0,0.0,1.1111111111111112,168.88888888888889,152.0,0.0
PRV53482,0.0,0.0,0.0,0.0,0.0,0.0,24.0,21.0,10120.0,421.6666666666667,0.0,0.0,21,24.0,10120.0,0.0,1.1428571428571428,481.9047619047619,421.6666666666667,0.0
PRV53483,2.0,2.0,10000.0,5000.0,2136.0,1068.0,16.0,13.0,10080.0,630.0,60.0,3.75,15,18.0,20080.0,2196.0,1.2,1338.6666666666667,1115.5555555555557,0.1111111111111111
PRV53484,0.0,0.0,0.0,0.0,0.0,0.0,63.0,42.0,16720.0,265.3968253968254,100.0,1.5873015873015872,42,63.0,16720.0,100.0,1.5,398.0952380952381,265.3968253968254,0.0
PRV53485,0.0,0.0,0.0,0.0,0.0,0.0,5.0,5.0,330.0,66.0,0.0,0.0,5,5.0,330.0,0.0,1.0,66.0,66.0,0.0
PRV53486,0.0,0.0,0.0,0.0,0.0,0.0,28.0,13.0,5640.0,201.42857142857142,90.0,3.2142857142857144,13,28.0,5640.0,90.0,2.1538461538461537,433.84615384615387,201.42857142857142,0.0
PRV53487,0.0,0.0,0.0,0.0,0.0,0.0,40.0,17.0,15530.0,388.25,190.0,4.75,17,40.0,15530.0,190.0,2.3529411764705883,913.5294117647059,388.25,0.0
PRV53489,5.0,3.0,71000.0,14200.0,4272.0,1068.0,15.0,12.0,3870.0,258.0,0.0,0.0,15,20.0,74870.0,4272.0,1.3333333333333333,4991.333333333333,3743.5,0.25
PRV53490,0.0,0.0,0.0,0.0,0.0,0.0,145.0,66.0,38620.0,266.3448275862069,440.0,3.0344827586206895,66,145.0,38620.0,440.0,2.196969696969697,585.1515151515151,266.3448275862069,0.0
PRV53491,0.0,0.0,0.0,0.0,0.0,0.0,16.0,14.0,1760.0,110.0,0.0,0.0,14,16.0,1760.0,0.0,1.1428571428571428,125.71428571428571,110.0,0.0
PRV53492,0.0,0.0,0.0,0.0,0.0,0.0,3.0,3.0,590.0,196.66666666666666,0.0,0.0,3,3.0,590.0,0.0,1.0,196.66666666666666,196.66666666666666,0.0
PRV53494,0.0,0.0,0.0,0.0,0.0,0.0,7.0,7.0,470.0,67.14285714285714,0.0,0.0,7,7.0,470.0,0.0,1.0,67.14285714285714,67.14285714285714,0.0
PRV53495,0.0,0.0,0.0,0.0,0.0,0.0,34.0,20.0,14990.0,440.88235294117646,360.0,10.588235294117647,20,34.0,14990.0,360.0,1.7,749.5,440.88235294117646,0.0
PRV53496,0.0,0.0,0.0,0.0,0.0,0.0,58.0,29.0,14660.0,252.75862068965517,10.0,0.1724137931034483,29,58.0,14660.0,10.0,2.0,505.51724137931035,252.75862068965517,0.0
PRV53498,0.0,0.0,0.0,0.0,0.0,0.0,2.0,2.0,860.0,430.0,50.0,25.0,2,2.0,860.0,50.0,1.0,430.0,430.0,0.0
PRV53499,0.0,0.0,0.0,0.0,0.0,0.0,46.0,18.0,12370.0,268.9130434782609,170.0,3.6956521739130435,18,46.0,12370.0,170.0,2.5555555555555554,687.2222222222222,268.9130434782609,0.0
PRV53501,0.0,0.0,0.0,0.0,0.0,0.0,1.0,1.0,300.0,300.0,0.0,0.0,1,1.0,300.0,0.0,1.0,300.0,300.0,0.0
PRV53502,0.0,0.0,0.0,0.0,0.0,0.0,47.0,27.0,8000.0,170.2127659574468,0.0,0.0,27,47.0,8000.0,0.0,1.7407407407407407,296.2962962962963,170.2127659574468,0.0
PRV53503,0.0,0.0,0.0,0.0,0.0,0.0,13.0,9.0,5380.0,413.84615384615387,0.0,0.0,9,13.0,5380.0,0.0,1.4444444444444444,597.7777777777778,413.84615384615387,0.0
PRV53504,0.0,0.0,0.0,0.0,0.0,0.0,4.0,4.0,730.0,182.5,0.0,0.0,4,4.0,730.0,0.0,1.0,182.5,182.5,0.0
PRV53506,0.0,0.0,0.0,0.0,0.0,0.0,1.0,1.0,500.0,500.0,0.0,0.0,1,1.0,500.0,0.0,1.0,500.0,500.0,0.0
PRV53507,9.0,8.0,62000.0,6888.888888888889,9612.0,1068.0,0.0,0.0,0.0,0.0,0.0,0.0,8,9.0,62000.0,9612.0,1.125,7750.0,6888.888888888889,1.0
PRV53509,1.0,1.0,15000.0,15000.0,1068.0,1068.0,0.0,0.0,0.0,0.0,0.0,0.0,1,1.0,15000.0,1068.0,1.0,15000.0,15000.0,1.0
PRV53510,2.0,2.0,11000.0,5500.0,2136.0,1068.0,14.0,10.0,2880.0,205.71428571428572,0.0,0.0,12,16.0,13880.0,2136.0,1.3333333333333333,1156.6666666666667,867.5,0.125
PRV53511,1.0,1.0,0.0,0.0,1068.0,1068.0,0.0,0.0,0.0,0.0,0.0,0.0,1,1.0,0.0,1068.0,1.0,0.0,0.0,1.0
PRV53513,2.0,2.0,18000.0,9000.0,2136.0,1068.0,0.0,0.0,0.0,0.0,0.0,0.0,2,2.0,18000.0,2136.0,1.0,9000.0,9000.0,1.0
PRV53515,1.0,1.0,14000.0,14000.0,1068.0,1068.0,0.0,0.0,0.0,0.0,0.0,0.0,1,1.0,14000.0,1068.0,1.0,14000.0,14000.0,1.0
PRV53516,1.0,1.0,3000.0,3000.0,1068.0,1068.0,0.0,0.0,0.0,0.0,0.0,0.0,1,1.0,3000.0,1068.0,1.0,3000.0,3000.0,1.0
PRV53517,2.0,2.0,17000.0,8500.0,2136.0,1068.0,0.0,0.0,0.0,0.0,0.0,0.0,2,2.0,17000.0,2136.0,1.0,8500.0,8500.0,1.0
PRV53519,9.0,9.0,61000.0,6777.777777777777,9612.0,1068.0,0.0,0.0,0.0,0.0,0.0,0.0,9,9.0,61000.0,9612.0,1.0,6777.777777777777,6777.777777777777,1.0
PRV53520,0.0,0.0,0.0,0.0,0.0,0.0,4.0,4.0,690.0,172.5,0.0,0.0,4,4.0,690.0,0.0,1.0,172.5,172.5,0.0
PRV53521,0.0,0.0,0.0,0.0,0.0,0.0,9.0,8.0,380.0,42.22222222222222,0.0,0.0,8,9.0,380.0,0.0,1.125,47.5,42.22222222222222,0.0
PRV53522,0.0,0.0,0.0,0.0,0.0,0.0,26.0,25.0,3690.0,141.92307692307693,240.0,9.23076923076923,25,26.0,3690.0,240.0,1.04,147.6,141.92307692307693,0.0
PRV53523,0.0,0.0,0.0,0.0,0.0,0.0,89.0,70.0,26250.0,294.9438202247191,480.0,5.393258426966292,70,89.0,26250.0,480.0,1.2714285714285714,375.0,294.9438202247191,0.0
PRV53524,0.0,0.0,0.0,0.0,0.0,0.0,52.0,44.0,10110.0,194.42307692307693,120.0,2.3076923076923075,44,52.0,10110.0,120.0,1.1818181818181819,229.77272727272728,194.42307692307693,0.0
PRV53525,0.0,0.0,0.0,0.0,0.0,0.0,2.0,2.0,700.0,350.0,0.0,0.0,2,2.0,700.0,0.0,1.0,350.0,350.0,0.0
PRV53526,0.0,0.0,0.0,0.0,0.0,0.0,60.0,28.0,18440.0,307.3333333333333,80.0,1.3333333333333333,28,60.0,18440.0,80.0,2.142857142857143,658.5714285714286,307.3333333333333,0.0
PRV53527,0.0,0.0,0.0,0.0,0.0,0.0,37.0,31.0,9500.0,256.7567567567568,400.0,10.81081081081081,31,37.0,9500.0,400.0,1.1935483870967742,306.4516129032258,256.7567567567568,0.0
PRV53530,0.0,0.0,0.0,0.0,0.0,0.0,27.0,26.0,6940.0,257.037037037037,80.0,2.962962962962963,26,27.0,6940.0,80.0,1.0384615384615385,266.9230769230769,257.037037037037,0.0
PRV53531,0.0,0.0,0.0,0.0,0.0,0.0,11.0,9.0,940.0,85.45454545454545,0.0,0.0,9,11.0,940.0,0.0,1.2222222222222223,104.44444444444444,85.45454545454545,0.0
PRV53532,0.0,0.0,0.0,0.0,0.0,0.0,9.0,8.0,2230.0,247.77777777777777,30.0,3.3333333333333335,8,9.0,2230.0,30.0,1.125,278.75,247.77777777777777,0.0
PRV53533,0.0,0.0,0.0,0.0,0.0,0.0,51.0,32.0,21850.0,428.4313725490196,350.0,6.862745098039215,32,51.0,21850.0,350.0,1.59375,682.8125,428.4313725490196,0.0
PRV53534,0.0,0.0,0.0,0.0,0.0,0.0,76.0,41.0,24190.0,318.2894736842105,60.0,0.7894736842105263,41,76.0,24190.0,60.0,1.853658536585366,590.0,318.2894736842105,0.0
PRV53535,0.0,0.0,0.0,0.0,0.0,0.0,19.0,18.0,8970.0,472.10526315789474,40.0,2.1052631578947367,18,19.0,8970.0,40.0,1.0555555555555556,498.3333333333333,472.10526315789474,0.0
PRV53536,0.0,0.0,0.0,0.0,0.0,0.0,31.0,25.0,5660.0,182.58064516129033,40.0,1.2903225806451613,25,31.0,5660.0,40.0,1.24,226.4,182.58064516129033,0.0
PRV53539,0.0,0.0,0.0,0.0,0.0,0.0,2.0,2.0,200.0,100.0,10.0,5.0,2,2.0,200.0,10.0,1.0,100.0,100.0,0.0
PRV53540,0.0,0.0,0.0,0.0,0.0,0.0,13.0,12.0,3060.0,235.3846153846154,0.0,0.0,12,13.0,3060.0,0.0,1.0833333333333333,255.0,235.3846153846154,0.0
PRV53544,0.0,0.0,0.0,0.0,0.0,0.0,17.0,14.0,4860.0,285.88235294117646,0.0,0.0,14,17.0,4860.0,0.0,1.2142857142857142,347.14285714285717,285.88235294117646,0.0
PRV53545,0.0,0.0,0.0,0.0,0.0,0.0,1.0,1.0,60.0,60.0,0.0,0.0,1,1.0,60.0,0.0,1.0,60.0,60.0,0.0
PRV53547,0.0,0.0,0.0,0.0,0.0,0.0,21.0,18.0,6850.0,326.1904761904762,90.0,4.285714285714286,18,21.0,6850.0,90.0,1.1666666666666667,380.55555555555554,326.1904761904762,0.0
PRV53548,0.0,0.0,0.0,0.0,0.0,0.0,4.0,4.0,250.0,62.5,0.0,0.0,4,4.0,250.0,0.0,1.0,62.5,62.5,0.0
PRV53549,0.0,0.0,0.0,0.0,0.0,0.0,6.0,6.0,450.0,75.0,0.0,0.0,6,6.0,450.0,0.0,1.0,75.0,75.0,0.0
PRV53550,0.0,0.0,0.0,0.0,0.0,0.0,10.0,10.0,3130.0,313.0,0.0,0.0,10,10.0,3130.0,0.0,1.0,313.0,313.0,0.0
PRV53551,0.0,0.0,0.0,0.0,0.0,0.0,29.0,19.0,11220.0,386.8965517241379,130.0,4.482758620689655,19,29.0,11220.0,130.0,1.5263157894736843,590.5263157894736,386.8965517241379,0.0
PRV53553,0.0,0.0,0.0,0.0,0.0,0.0,30.0,20.0,7060.0,235.33333333333334,160.0,5.333333333333333,20,30.0,7060.0,160.0,1.5,353.0,235.33333333333334,0.0
PRV53554,0.0,0.0,0.0,0.0,0.0,0.0,2.0,2.0,70.0,35.0,0.0,0.0,2,2.0,70.0,0.0,1.0,35.0,35.0,0.0
PRV53555,0.0,0.0,0.0,0.0,0.0,0.0,11.0,5.0,3260.0,296.3636363636364,50.0,4.545454545454546,5,11.0,3260.0,50.0,2.2,652.0,296.3636363636364,0.0
PRV53556,0.0,0.0,0.0,0.0,0.0,0.0,31.0,26.0,11550.0,372.5806451612903,90.0,2.903225806451613,26,31.0,11550.0,90.0,1.1923076923076923,444.2307692307692,372.5806451612903,0.0
PRV53558,0.0,0.0,0.0,0.0,0.0,0.0,22.0,10.0,7320.0,332.72727272727275,0.0,0.0,10,22.0,7320.0,0.0,2.2,732.0,332.72727272727275,0.0
PRV53559,0.0,0.0,0.0,0.0,0.0,0.0,2.0,2.0,60.0,30.0,0.0,0.0,2,2.0,60.0,0.0,1.0,30.0,30.0,0.0
PRV53560,0.0,0.0,0.0,0.0,0.0,0.0,23.0,21.0,6960.0,302.60869565217394,0.0,0.0,21,23.0,6960.0,0.0,1.0952380952380953,331.42857142857144,302.60869565217394,0.0
PRV53561,0.0,0.0,0.0,0.0,0.0,0.0,9.0,8.0,5690.0,632.2222222222222,70.0,7.777777777777778,8,9.0,5690.0,70.0,1.125,711.25,632.2222222222222,0.0
PRV53562,0.0,0.0,0.0,0.0,0.0,0.0,10.0,10.0,5890.0,589.0,20.0,2.0,10,10.0,5890.0,20.0,1.0,589.0,589.0,0.0
PRV53563,0.0,0.0,0.0,0.0,0.0,0.0,2.0,2.0,60.0,30.0,0.0,0.0,2,2.0,60.0,0.0,1.0,30.0,30.0,0.0
PRV53564,0.0,0.0,0.0,0.0,0.0,0.0,5.0,4.0,220.0,44.0,0.0,0.0,4,5.0,220.0,0.0,1.25,55.0,44.0,0.0
PRV53565,0.0,0.0,0.0,0.0,0.0,0.0,5.0,5.0,1910.0,382.0,0.0,0.0,5,5.0,1910.0,0.0,1.0,382.0,382.0,0.0
PRV53566,0.0,0.0,0.0,0.0,0.0,0.0,4.0,4.0,590.0,147.5,0.0,0.0,4,4.0,590.0,0.0,1.0,147.5,147.5,0.0
PRV53568,0.0,0.0,0.0,0.0,0.0,0.0,4.0,2.0,1230.0,307.5,0.0,0.0,2,4.0,1230.0,0.0,2.0,615.0,307.5,0.0
PRV53569,0.0,0.0,0.0,0.0,0.0,0.0,14.0,11.0,3790.0,270.7142857142857,0.0,0.0,11,14.0,3790.0,0.0,1.2727272727272727,344.54545454545456,270.7142857142857,0.0
PRV53570,0.0,0.0,0.0,0.0,0.0,0.0,18.0,18.0,8110.0,450.55555555555554,10.0,0.5555555555555556,18,18.0,8110.0,10.0,1.0,450.55555555555554,450.55555555555554,0.0
PRV53571,0.0,0.0,0.0,0.0,0.0,0.0,26.0,25.0,2810.0,108.07692307692308,0.0,0.0,25,26.0,2810.0,0.0,1.04,112.4,108.07692307692308,0.0
PRV53572,0.0,0.0,0.0,0.0,0.0,0.0,5.0,5.0,1610.0,322.0,0.0,0.0,5,5.0,1610.0,0.0,1.0,322.0,322.0,0.0
PRV53573,0.0,0.0,0.0,0.0,0.0,0.0,32.0,27.0,10830.0,338.4375,120.0,3.75,27,32.0,10830.0,120.0,1.1851851851851851,401.1111111111111,338.4375,0.0
PRV53574,0.0,0.0,0.0,0.0,0.0,0.0,17.0,14.0,2750.0,161.76470588235293,100.0,5.882352941176471,14,17.0,2750.0,100.0,1.2142857142857142,196.42857142857142,161.76470588235293,0.0
PRV53577,0.0,0.0,0.0,0.0,0.0,0.0,11.0,11.0,2150.0,195.45454545454547,0.0,0.0,11,11.0,2150.0,0.0,1.0,195.45454545454547,195.45454545454547,0.0
PRV53578,0.0,0.0,0.0,0.0,0.0,0.0,7.0,6.0,570.0,81.42857142857143,0.0,0.0,6,7.0,570.0,0.0,1.1666666666666667,95.0,81.42857142857143,0.0
PRV53581,0.0,0.0,0.0,0.0,0.0,0.0,11.0,10.0,990.0,90.0,60.0,5.454545454545454,10,11.0,990.0,60.0,1.1,99.0,90.0,0.0
PRV53582,0.0,0.0,0.0,0.0,0.0,0.0,14.0,7.0,6920.0,494.2857142857143,100.0,7.142857142857143,7,14.0,6920.0,100.0,2.0,988.5714285714286,494.2857142857143,0.0
PRV53584,0.0,0.0,0.0,0.0,0.0,0.0,8.0,6.0,1490.0,186.25,80.0,10.0,6,8.0,1490.0,80.0,1.3333333333333333,248.33333333333334,186.25,0.0
PRV53585,0.0,0.0,0.0,0.0,0.0,0.0,4.0,4.0,500.0,125.0,0.0,0.0,4,4.0,500.0,0.0,1.0,125.0,125.0,0.0
PRV53586,0.0,0.0,0.0,0.0,0.0,0.0,3.0,3.0,160.0,53.333333333333336,20.0,6.666666666666667,3,3.0,160.0,20.0,1.0,53.333333333333336,53.333333333333336,0.0
PRV53587,0.0,0.0,0.0,0.0,0.0,0.0,3.0,3.0,770.0,256.6666666666667,0.0,0.0,3,3.0,770.0,0.0,1.0,256.6666666666667,256.6666666666667,0.0
PRV53588,0.0,0.0,0.0,0.0,0.0,0.0,1.0,1.0,10.0,10.0,0.0,0.0,1,1.0,10.0,0.0,1.0,10.0,10.0,0.0
PRV53589,0.0,0.0,0.0,0.0,0.0,0.0,2.0,2.0,500.0,250.0,0.0,0.0,2,2.0,500.0,0.0,1.0,250.0,250.0,0.0
PRV53590,7.0,7.0,96000.0,13714.285714285714,7476.0,1068.0,12.0,11.0,2820.0,235.0,0.0,0.0,18,19.0,98820.0,7476.0,1.0555555555555556,5490.0,5201.0526315789475,0.3684210526315789
PRV53591,6.0,6.0,70000.0,11666.666666666666,6408.0,1068.0,0.0,0.0,0.0,0.0,0.0,0.0,6,6.0,70000.0,6408.0,1.0,11666.666666666666,11666.666666666666,1.0
PRV53593,0.0,0.0,0.0,0.0,0.0,0.0,17.0,11.0,5090.0,299.4117647058824,70.0,4.117647058823529,11,17.0,5090.0,70.0,1.5454545454545454,462.72727272727275,299.4117647058824,0.0
PRV53594,0.0,0.0,0.0,0.0,0.0,0.0,101.0,60.0,29470.0,291.7821782178218,230.0,2.277227722772277,60,101.0,29470.0,230.0,1.6833333333333333,491.1666666666667,291.7821782178218,0.0
PRV53595,0.0,0.0,0.0,0.0,0.0,0.0,9.0,9.0,4460.0,495.55555555555554,0.0,0.0,9,9.0,4460.0,0.0,1.0,495.55555555555554,495.55555555555554,0.0
PRV53596,0.0,0.0,0.0,0.0,0.0,0.0,4.0,4.0,820.0,205.0,0.0,0.0,4,4.0,820.0,0.0,1.0,205.0,205.0,0.0
PRV53597,6.0,6.0,41000.0,6833.333333333333,6408.0,1068.0,0.0,0.0,0.0,0.0,0.0,0.0,6,6.0,41000.0,6408.0,1.0,6833.333333333333,6833.333333333333,1.0
PRV53598,8.0,8.0,70000.0,8750.0,8544.0,1068.0,0.0,0.0,0.0,0.0,0.0,0.0,8,8.0,70000.0,8544.0,1.0,8750.0,8750.0,1.0
PRV53599,3.0,3.0,22000.0,7333.333333333333,3204.0,1068.0,0.0,0.0,0.0,0.0,0.0,0.0,3,3.0,22000.0,3204.0,1.0,7333.333333333333,7333.333333333333,1.0
PRV53600,1.0,1.0,4000.0,4000.0,1068.0,1068.0,0.0,0.0,0.0,0.0,0.0,0.0,1,1.0,4000.0,1068.0,1.0,4000.0,4000.0,1.0
PRV53601,2.0,2.0,6000.0,3000.0,2136.0,1068.0,0.0,0.0,0.0,0.0,0.0,0.0,2,2.0,6000.0,2136.0,1.0,3000.0,3000.0,1.0
PRV53602,4.0,4.0,21000.0,5250.0,4272.0,1068.0,0.0,0.0,0.0,0.0,0.0,0.0,4,4.0,21000.0,4272.0,1.0,5250.0,5250.0,1.0
PRV53604,6.0,5.0,51000.0,8500.0,6408.0,1068.0,0.0,0.0,0.0,0.0,0.0,0.0,5,6.0,51000.0,6408.0,1.2,10200.0,8500.0,1.0
PRV53605,0.0,0.0,0.0,0.0,0.0,0.0,55.0,55.0,7250.0,131.8181818181818,10.0,0.18181818181818182,55,55.0,7250.0,10.0,1.0,131.8181818181818,131.8181818181818,0.0
PRV53606,0.0,0.0,0.0,0.0,0.0,0.0,76.0,74.0,11750.0,154.60526315789474,110.0,1.4473684210526316,74,76.0,11750.0,110.0,1.027027027027027,158.78378378378378,154.60526315789474,0.0
PRV53607,0.0,0.0,0.0,0.0,0.0,0.0,26.0,26.0,8290.0,318.84615384615387,150.0,5.769230769230769,26,26.0,8290.0,150.0,1.0,318.84615384615387,318.84615384615387,0.0
PRV53608,0.0,0.0,0.0,0.0,0.0,0.0,199.0,176.0,50290.0,252.71356783919597,610.0,3.0653266331658293,176,199.0,50290.0,610.0,1.1306818181818181,285.7386363636364,252.71356783919597,0.0
PRV53609,2.0,2.0,8000.0,4000.0,2136.0,1068.0,181.0,174.0,52050.0,287.56906077348066,300.0,1.6574585635359116,176,183.0,60050.0,2436.0,1.0397727272727273,341.1931818181818,328.14207650273227,0.01092896174863388
PRV53611,0.0,0.0,0.0,0.0,0.0,0.0,36.0,36.0,14410.0,400.27777777777777,190.0,5.277777777777778,36,36.0,14410.0,190.0,1.0,400.27777777777777,400.27777777777777,0.0
PRV53612,6.0,6.0,27000.0,4500.0,6408.0,1068.0,40.0,40.0,4180.0,104.5,30.0,0.75,46,46.0,31180.0,6438.0,1.0,677.8260869565217,677.8260869565217,0.13043478260869565
PRV53613,15.0,14.0,137000.0,9133.333333333334,16020.0,1068.0,120.0,117.0,31350.0,261.25,140.0,1.1666666666666667,127,135.0,168350.0,16160.0,1.062992125984252,1325.5905511811025,1247.037037037037,0.1111111111111111
PRV53614,0.0,0.0,0.0,0.0,0.0,0.0,118.0,104.0,25710.0,217.88135593220338,480.0,4.067796610169491,104,118.0,25710.0,480.0,1.1346153846153846,247.21153846153845,217.88135593220338,0.0
PRV53616,2.0,2.0,26000.0,13000.0,2136.0,1068.0,42.0,39.0,8970.0,213.57142857142858,200.0,4.761904761904762,41,44.0,34970.0,2336.0,1.0731707317073171,852.9268292682926,794.7727272727273,0.045454545454545456
PRV53617,0.0,0.0,0.0,0.0,0.0,0.0,83.0,70.0,33480.0,403.3734939759036,370.0,4.457831325301205,70,83.0,33480.0,370.0,1.1857142857142857,478.2857142857143,403.3734939759036,0.0
PRV53618,12.0,11.0,60000.0,5000.0,12816.0,1068.0,224.0,192.0,55660.0,248.48214285714286,270.0,1.2053571428571428,203,236.0,115660.0,13086.0,1.1625615763546797,569.7536945812808,490.08474576271186,0.05084745762711865
PRV53619,0.0,0.0,0.0,0.0,0.0,0.0,2.0,2.0,560.0,280.0,0.0,0.0,2,2.0,560.0,0.0,1.0,280.0,280.0,0.0
PRV53620,6.0,5.0,38000.0,6333.333333333333,6408.0,1068.0,122.0,117.0,44850.0,367.62295081967216,530.0,4.344262295081967,122,128.0,82850.0,6938.0,1.0491803278688525,679.0983606557377,647.265625,0.046875
PRV53621,0.0,0.0,0.0,0.0,0.0,0.0,81.0,75.0,22500.0,277.77777777777777,180.0,2.2222222222222223,75,81.0,22500.0,180.0,1.08,300.0,277.77777777777777,0.0
PRV53622,0.0,0.0,0.0,0.0,0.0,0.0,6.0,6.0,460.0,76.66666666666667,0.0,0.0,6,6.0,460.0,0.0,1.0,76.66666666666667,76.66666666666667,0.0
PRV53623,0.0,0.0,0.0,0.0,0.0,0.0,894.0,395.0,245450.0,274.5525727069351,2720.0,3.0425055928411635,395,894.0,245450.0,2720.0,2.2632911392405064,621.3924050632911,274.5525727069351,0.0
PRV53624,0.0,0.0,0.0,0.0,0.0,0.0,143.0,140.0,40790.0,285.24475524475525,310.0,2.167832167832168,140,143.0,40790.0,310.0,1.0214285714285714,291.35714285714283,285.24475524475525,0.0
PRV53625,0.0,0.0,0.0,0.0,0.0,0.0,147.0,128.0,44210.0,300.7482993197279,410.0,2.7891156462585034,128,147.0,44210.0,410.0,1.1484375,345.390625,300.7482993197279,0.0
PRV53626,1.0,1.0,3000.0,3000.0,1068.0,1068.0,12.0,12.0,7560.0,630.0,0.0,0.0,13,13.0,10560.0,1068.0,1.0,812.3076923076923,812.3076923076923,0.07692307692307693
PRV53627,0.0,0.0,0.0,0.0,0.0,0.0,118.0,56.0,32390.0,274.49152542372883,80.0,0.6779661016949152,56,118.0,32390.0,80.0,2.107142857142857,578.3928571428571,274.49152542372883,0.0
PRV53628,4.0,3.0,19000.0,4750.0,4272.0,1068.0,198.0,175.0,63780.0,322.1212121212121,390.0,1.9696969696969697,178,202.0,82780.0,4662.0,1.1348314606741574,465.0561797752809,409.8019801980198,0.019801980198019802
PRV53629,0.0,0.0,0.0,0.0,0.0,0.0,15.0,15.0,3950.0,263.3333333333333,90.0,6.0,15,15.0,3950.0,90.0,1.0,263.3333333333333,263.3333333333333,0.0
PRV53631,0.0,0.0,0.0,0.0,0.0,0.0,6.0,6.0,470.0,78.33333333333333,0.0,0.0,6,6.0,470.0,0.0,1.0,78.33333333333333,78.33333333333333,0.0
PRV53632,2.0,2.0,7000.0,3500.0,2136.0,1068.0,13.0,10.0,7380.0,567.6923076923077,0.0,0.0,12,15.0,14380.0,2136.0,1.25,1198.3333333333333,958.6666666666666,0.13333333333333333
PRV53633,0.0,0.0,0.0,0.0,0.0,0.0,66.0,48.0,18010.0,272.8787878787879,500.0,7.575757575757576,48,66.0,18010.0,500.0,1.375,375.2083333333333,272.8787878787879,0.0
PRV53634,0.0,0.0,0.0,0.0,0.0,0.0,497.0,286.0,145400.0,292.55533199195173,930.0,1.8712273641851107,286,497.0,145400.0,930.0,1.7377622377622377,508.3916083916084,292.55533199195173,0.0
PRV53635,5.0,5.0,82000.0,16400.0,5340.0,1068.0,49.0,47.0,8660.0,176.73469387755102,200.0,4.081632653061225,52,54.0,90660.0,5540.0,1.0384615384615385,1743.4615384615386,1678.888888888889,0.09259259259259259
PRV53638,0.0,0.0,0.0,0.0,0.0,0.0,111.0,54.0,38040.0,342.7027027027027,140.0,1.2612612612612613,54,111.0,38040.0,140.0,2.0555555555555554,704.4444444444445,342.7027027027027,0.0
PRV53640,0.0,0.0,0.0,0.0,0.0,0.0,33.0,27.0,5660.0,171.5151515151515,160.0,4.848484848484849,27,33.0,5660.0,160.0,1.2222222222222223,209.62962962962962,171.5151515151515,0.0
PRV53641,0.0,0.0,0.0,0.0,0.0,0.0,8.0,8.0,2140.0,267.5,0.0,0.0,8,8.0,2140.0,0.0,1.0,267.5,267.5,0.0
PRV53642,0.0,0.0,0.0,0.0,0.0,0.0,6.0,6.0,3270.0,545.0,70.0,11.666666666666666,6,6.0,3270.0,70.0,1.0,545.0,545.0,0.0
PRV53643,0.0,0.0,0.0,0.0,0.0,0.0,1.0,1.0,200.0,200.0,0.0,0.0,1,1.0,200.0,0.0,1.0,200.0,200.0,0.0
PRV53644,0.0,0.0,0.0,0.0,0.0,0.0,22.0,17.0,4640.0,210.9090909090909,80.0,3.6363636363636362,17,22.0,4640.0,80.0,1.2941176470588236,272.94117647058823,210.9090909090909,0.0
PRV53645,0.0,0.0,0.0,0.0,0.0,0.0,6.0,6.0,3600.0,600.0,0.0,0.0,6,6.0,3600.0,0.0,1.0,600.0,600.0,0.0
PRV53646,0.0,0.0,0.0,0.0,0.0,0.0,3.0,3.0,20.0,6.666666666666667,0.0,0.0,3,3.0,20.0,0.0,1.0,6.666666666666667,6.666666666666667,0.0
PRV53647,0.0,0.0,0.0,0.0,0.0,0.0,7.0,5.0,610.0,87.14285714285714,0.0,0.0,5,7.0,610.0,0.0,1.4,122.0,87.14285714285714,0.0
PRV53648,0.0,0.0,0.0,0.0,0.0,0.0,20.0,12.0,10540.0,527.0,70.0,3.5,12,20.0,10540.0,70.0,1.6666666666666667,878.3333333333334,527.0,0.0
PRV53649,0.0,0.0,0.0,0.0,0.0,0.0,27.0,24.0,4770.0,176.66666666666666,190.0,7.037037037037037,24,27.0,4770.0,190.0,1.125,198.75,176.66666666666666,0.0
PRV53651,0.0,0.0,0.0,0.0,0.0,0.0,11.0,10.0,900.0,81.81818181818181,120.0,10.909090909090908,10,11.0,900.0,120.0,1.1,90.0,81.81818181818181,0.0
PRV53652,0.0,0.0,0.0,0.0,0.0,0.0,25.0,24.0,3640.0,145.6,0.0,0.0,24,25.0,3640.0,0.0,1.0416666666666667,151.66666666666666,145.6,0.0
PRV53654,0.0,0.0,0.0,0.0,0.0,0.0,39.0,35.0,12040.0,308.71794871794873,100.0,2.5641025641025643,35,39.0,12040.0,100.0,1.1142857142857143,344.0,308.71794871794873,0.0
PRV53655,0.0,0.0,0.0,0.0,0.0,0.0,1.0,1.0,20.0,20.0,0.0,0.0,1,1.0,20.0,0.0,1.0,20.0,20.0,0.0
PRV53656,0.0,0.0,0.0,0.0,0.0,0.0,5.0,5.0,1150.0,230.0,80.0,16.0,5,5.0,1150.0,80.0,1.0,230.0,230.0,0.0
PRV53657,0.0,0.0,0.0,0.0,0.0,0.0,25.0,24.0,2850.0,114.0,50.0,2.0,24,25.0,2850.0,50.0,1.0416666666666667,118.75,114.0,0.0
PRV53658,0.0,0.0,0.0,0.0,0.0,0.0,27.0,22.0,3810.0,141.11111111111111,0.0,0.0,22,27.0,3810.0,0.0,1.2272727272727273,173.1818181818182,141.11111111111111,0.0
PRV53659,0.0,0.0,0.0,0.0,0.0,0.0,5.0,5.0,680.0,136.0,0.0,0.0,5,5.0,680.0,0.0,1.0,136.0,136.0,0.0
PRV53660,0.0,0.0,0.0,0.0,0.0,0.0,35.0,34.0,5970.0,170.57142857142858,350.0,10.0,34,35.0,5970.0,350.0,1.0294117647058822,175.58823529411765,170.57142857142858,0.0
PRV53661,0.0,0.0,0.0,0.0,0.0,0.0,1.0,1.0,200.0,200.0,0.0,0.0,1,1.0,200.0,0.0,1.0,200.0,200.0,0.0
PRV53662,0.0,0.0,0.0,0.0,0.0,0.0,331.0,140.0,86030.0,259.9093655589124,640.0,1.933534743202417,140,331.0,86030.0,640.0,2.3642857142857143,614.5,259.9093655589124,0.0
PRV53663,0.0,0.0,0.0,0.0,0.0,0.0,76.0,55.0,19810.0,260.6578947368421,120.0,1.5789473684210527,55,76.0,19810.0,120.0,1.3818181818181818,360.1818181818182,260.6578947368421,0.0
PRV53664,0.0,0.0,0.0,0.0,0.0,0.0,132.0,85.0,59730.0,452.5,20.0,0.15151515151515152,85,132.0,59730.0,20.0,1.5529411764705883,702.7058823529412,452.5,0.0
PRV53665,0.0,0.0,0.0,0.0,0.0,0.0,65.0,36.0,16330.0,251.23076923076923,120.0,1.8461538461538463,36,65.0,16330.0,120.0,1.8055555555555556,453.6111111111111,251.23076923076923,0.0
PRV53666,0.0,0.0,0.0,0.0,0.0,0.0,20.0,19.0,3510.0,175.5,0.0,0.0,19,20.0,3510.0,0.0,1.0526315789473684,184.73684210526315,175.5,0.0
PRV53667,9.0,8.0,155000.0,17222.222222222223,9612.0,1068.0,0.0,0.0,0.0,0.0,0.0,0.0,8,9.0,155000.0,9612.0,1.125,19375.0,17222.222222222223,1.0
PRV53668,16.0,16.0,141200.0,8825.0,17088.0,1068.0,0.0,0.0,0.0,0.0,0.0,0.0,16,16.0,141200.0,17088.0,1.0,8825.0,8825.0,1.0
PRV53669,0.0,0.0,0.0,0.0,0.0,0.0,13.0,13.0,4250.0,326.9230769230769,10.0,0.7692307692307693,13,13.0,4250.0,10.0,1.0,326.9230769230769,326.9230769230769,0.0
PRV53670,0.0,0.0,0.0,0.0,0.0,0.0,1173.0,788.0,322450.0,274.89343563512364,3360.0,2.864450127877238,788,1173.0,322450.0,3360.0,1.4885786802030456,409.2005076142132,274.89343563512364,0.0
PRV53671,31.0,24.0,247700.0,7990.322580645161,32040.0,1068.0,24.0,22.0,5890.0,245.41666666666666,10.0,0.4166666666666667,46,55.0,253590.0,32050.0,1.1956521739130435,5512.826086956522,4610.727272727273,0.5636363636363636
PRV53672,0.0,0.0,0.0,0.0,0.0,0.0,487.0,377.0,142060.0,291.7043121149897,990.0,2.0328542094455853,377,487.0,142060.0,990.0,1.2917771883289124,376.81697612732097,291.7043121149897,0.0
PRV53673,14.0,14.0,179000.0,12785.714285714286,14952.0,1068.0,22.0,22.0,2630.0,119.54545454545455,100.0,4.545454545454546,36,36.0,181630.0,15052.0,1.0,5045.277777777777,5045.277777777777,0.3888888888888889
PRV53674,0.0,0.0,0.0,0.0,0.0,0.0,496.0,384.0,153530.0,309.53629032258067,1590.0,3.2056451612903225,384,496.0,153530.0,1590.0,1.2916666666666667,399.8177083333333,309.53629032258067,0.0
PRV53675,76.0,72.0,680700.0,8956.578947368422,79032.0,1068.0,221.0,205.0,66980.0,303.0769230769231,630.0,2.8506787330316743,276,297.0,747680.0,79662.0,1.076086956521739,2708.985507246377,2517.4410774410776,0.2558922558922559
PRV53676,0.0,0.0,0.0,0.0,0.0,0.0,471.0,374.0,167540.0,355.71125265392783,1040.0,2.208067940552017,374,471.0,167540.0,1040.0,1.2593582887700534,447.96791443850265,355.71125265392783,0.0
PRV53677,63.0,53.0,653000.0,10365.079365079366,65148.0,1068.0,499.0,143.0,120150.0,240.7815631262525,1040.0,2.0841683366733466,172,562.0,773150.0,66188.0,3.2674418604651163,4495.058139534884,1375.711743772242,0.11209964412811388
PRV53678,0.0,0.0,0.0,0.0,0.0,0.0,3.0,3.0,120.0,40.0,0.0,0.0,3,3.0,120.0,0.0,1.0,40.0,40.0,0.0
PRV53679,0.0,0.0,0.0,0.0,0.0,0.0,826.0,667.0,283020.0,342.6392251815981,2470.0,2.990314769975787,667,826.0,283020.0,2470.0,1.2383808095952025,424.31784107946027,342.6392251815981,0.0
PRV53680,0.0,0.0,0.0,0.0,0.0,0.0,27.0,25.0,7890.0,292.22222222222223,20.0,0.7407407407407407,25,27.0,7890.0,20.0,1.08,315.6,292.22222222222223,0.0
PRV53681,0.0,0.0,0.0,0.0,0.0,0.0,31.0,26.0,9970.0,321.61290322580646,70.0,2.2580645161290325,26,31.0,9970.0,70.0,1.1923076923076923,383.46153846153845,321.61290322580646,0.0
PRV53682,0.0,0.0,0.0,0.0,0.0,0.0,365.0,130.0,99570.0,272.7945205479452,1350.0,3.6986301369863015,130,365.0,99570.0,1350.0,2.8076923076923075,765.9230769230769,272.7945205479452,0.0
PRV53683,2.0,2.0,35000.0,17500.0,2136.0,1068.0,7.0,6.0,2300.0,328.57142857142856,0.0,0.0,8,9.0,37300.0,2136.0,1.125,4662.5,4144.444444444444,0.2222222222222222
PRV53684,0.0,0.0,0.0,0.0,0.0,0.0,4.0,4.0,2570.0,642.5,0.0,0.0,4,4.0,2570.0,0.0,1.0,642.5,642.5,0.0
PRV53685,0.0,0.0,0.0,0.0,0.0,0.0,45.0,29.0,17770.0,394.8888888888889,50.0,1.1111111111111112,29,45.0,17770.0,50.0,1.5517241379310345,612.7586206896551,394.8888888888889,0.0
PRV53686,0.0,0.0,0.0,0.0,0.0,0.0,292.0,232.0,78140.0,267.6027397260274,930.0,3.184931506849315,232,292.0,78140.0,930.0,1.2586206896551724,336.8103448275862,267.6027397260274,0.0
PRV53688,0.0,0.0,0.0,0.0,0.0,0.0,17.0,15.0,3440.0,202.35294117647058,100.0,5.882352941176471,15,17.0,3440.0,100.0,1.1333333333333333,229.33333333333334,202.35294117647058,0.0
PRV53689,0.0,0.0,0.0,0.0,0.0,0.0,561.0,383.0,178130.0,317.5222816399287,2090.0,3.7254901960784315,383,561.0,178130.0,2090.0,1.4647519582245432,465.09138381201046,317.5222816399287,0.0
PRV53690,0.0,0.0,0.0,0.0,0.0,0.0,11.0,9.0,1690.0,153.63636363636363,0.0,0.0,9,11.0,1690.0,0.0,1.2222222222222223,187.77777777777777,153.63636363636363,0.0
PRV53692,146.0,125.0,1366400.0,9358.90410958904,147384.0,1068.0,98.0,92.0,31200.0,318.3673469387755,370.0,3.7755102040816326,216,244.0,1397600.0,147754.0,1.1296296296296295,6470.37037037037,5727.868852459016,0.5983606557377049
PRV53694,0.0,0.0,0.0,0.0,0.0,0.0,61.0,61.0,14560.0,238.68852459016392,300.0,4.918032786885246,61,61.0,14560.0,300.0,1.0,238.68852459016392,238.68852459016392,0.0
PRV53695,0.0,0.0,0.0,0.0,0.0,0.0,116.0,78.0,32120.0,276.8965517241379,660.0,5.689655172413793,78,116.0,32120.0,660.0,1.4871794871794872,411.79487179487177,276.8965517241379,0.0
PRV53696,0.0,0.0,0.0,0.0,0.0,0.0,15.0,15.0,4830.0,322.0,100.0,6.666666666666667,15,15.0,4830.0,100.0,1.0,322.0,322.0,0.0
PRV53697,71.0,62.0,868000.0,12225.352112676057,75828.0,1068.0,43.0,42.0,11270.0,262.09302325581393,0.0,0.0,100,114.0,879270.0,75828.0,1.14,8792.7,7712.894736842105,0.6228070175438597
PRV53698,0.0,0.0,0.0,0.0,0.0,0.0,77.0,72.0,30550.0,396.75324675324674,240.0,3.116883116883117,72,77.0,30550.0,240.0,1.0694444444444444,424.30555555555554,396.75324675324674,0.0
PRV53699,2.0,2.0,18000.0,9000.0,2136.0,1068.0,359.0,278.0,112970.0,314.67966573816153,790.0,2.200557103064067,280,361.0,130970.0,2926.0,1.2892857142857144,467.75,362.797783933518,0.00554016620498615
PRV53700,0.0,0.0,0.0,0.0,0.0,0.0,913.0,454.0,220320.0,241.31434830230012,2180.0,2.3877327491785323,454,913.0,220320.0,2180.0,2.011013215859031,485.2863436123348,241.31434830230012,0.0
PRV53701,0.0,0.0,0.0,0.0,0.0,0.0,6.0,6.0,2270.0,378.3333333333333,80.0,13.333333333333334,6,6.0,2270.0,80.0,1.0,378.3333333333333,378.3333333333333,0.0
PRV53702,0.0,0.0,0.0,0.0,0.0,0.0,1010.0,729.0,289070.0,286.2079207920792,3070.0,3.0396039603960396,729,1010.0,289070.0,3070.0,1.3854595336076818,396.5294924554184,286.2079207920792,0.0
PRV53703,0.0,0.0,0.0,0.0,0.0,0.0,39.0,39.0,6160.0,157.94871794871796,0.0,0.0,39,39.0,6160.0,0.0,1.0,157.94871794871796,157.94871794871796,0.0
PRV53704,0.0,0.0,0.0,0.0,0.0,0.0,15.0,15.0,2950.0,196.66666666666666,0.0,0.0,15,15.0,2950.0,0.0,1.0,196.66666666666666,196.66666666666666,0.0
PRV53705,4.0,4.0,32600.0,8150.0,4272.0,1068.0,53.0,53.0,15820.0,298.49056603773585,30.0,0.5660377358490566,57,57.0,48420.0,4302.0,1.0,849.4736842105264,849.4736842105264,0.07017543859649122
PRV53706,282.0,262.0,2776000.0,9843.971631205673,296904.0,1068.0,191.0,185.0,55940.0,292.87958115183244,570.0,2.9842931937172774,445,473.0,2831940.0,297474.0,1.0629213483146067,6363.91011235955,5987.188160676533,0.5961945031712473
PRV53708,0.0,0.0,0.0,0.0,0.0,0.0,53.0,36.0,20820.0,392.8301886792453,100.0,1.8867924528301887,36,53.0,20820.0,100.0,1.4722222222222223,578.3333333333334,392.8301886792453,0.0
PRV53709,0.0,0.0,0.0,0.0,0.0,0.0,99.0,91.0,25310.0,255.65656565656565,400.0,4.040404040404041,91,99.0,25310.0,400.0,1.0879120879120878,278.13186813186815,255.65656565656565,0.0
PRV53710,58.0,50.0,534000.0,9206.896551724138,60876.0,1068.0,327.0,217.0,81000.0,247.70642201834863,1460.0,4.464831804281346,255,385.0,615000.0,62336.0,1.5098039215686274,2411.764705882353,1597.4025974025974,0.15064935064935064
PRV53712,161.0,143.0,1859500.0,11549.689440993789,170880.0,1068.0,76.0,67.0,22920.0,301.57894736842104,220.0,2.8947368421052633,203,237.0,1882420.0,171100.0,1.167487684729064,9273.004926108375,7942.700421940928,0.679324894514768
PRV53713,0.0,0.0,0.0,0.0,0.0,0.0,31.0,28.0,4340.0,140.0,170.0,5.483870967741935,28,31.0,4340.0,170.0,1.1071428571428572,155.0,140.0,0.0
PRV53714,0.0,0.0,0.0,0.0,0.0,0.0,144.0,68.0,44310.0,307.7083333333333,270.0,1.875,68,144.0,44310.0,270.0,2.1176470588235294,651.6176470588235,307.7083333333333,0.0
PRV53715,0.0,0.0,0.0,0.0,0.0,0.0,24.0,21.0,7140.0,297.5,30.0,1.25,21,24.0,7140.0,30.0,1.1428571428571428,340.0,297.5,0.0
PRV53716,0.0,0.0,0.0,0.0,0.0,0.0,33.0,30.0,7400.0,224.24242424242425,170.0,5.151515151515151,30,33.0,7400.0,170.0,1.1,246.66666666666666,224.24242424242425,0.0
PRV53717,0.0,0.0,0.0,0.0,0.0,0.0,61.0,37.0,17940.0,294.0983606557377,0.0,0.0,37,61.0,17940.0,0.0,1.6486486486486487,484.86486486486484,294.0983606557377,0.0
PRV53718,0.0,0.0,0.0,0.0,0.0,0.0,1.0,1.0,200.0,200.0,0.0,0.0,1,1.0,200.0,0.0,1.0,200.0,200.0,0.0
PRV53719,0.0,0.0,0.0,0.0,0.0,0.0,5.0,5.0,770.0,154.0,0.0,0.0,5,5.0,770.0,0.0,1.0,154.0,154.0,0.0
PRV53720,0.0,0.0,0.0,0.0,0.0,0.0,55.0,51.0,13700.0,249.0909090909091,450.0,8.181818181818182,51,55.0,13700.0,450.0,1.0784313725490196,268.62745098039215,249.0909090909091,0.0
PRV53721,0.0,0.0,0.0,0.0,0.0,0.0,5.0,5.0,2560.0,512.0,0.0,0.0,5,5.0,2560.0,0.0,1.0,512.0,512.0,0.0
PRV53722,0.0,0.0,0.0,0.0,0.0,0.0,6.0,6.0,1000.0,166.66666666666666,0.0,0.0,6,6.0,1000.0,0.0,1.0,166.66666666666666,166.66666666666666,0.0
PRV53723,0.0,0.0,0.0,0.0,0.0,0.0,6.0,6.0,3900.0,650.0,0.0,0.0,6,6.0,3900.0,0.0,1.0,650.0,650.0,0.0
PRV53724,0.0,0.0,0.0,0.0,0.0,0.0,2.0,2.0,120.0,60.0,0.0,0.0,2,2.0,120.0,0.0,1.0,60.0,60.0,0.0
PRV53725,0.0,0.0,0.0,0.0,0.0,0.0,1.0,1.0,0.0,0.0,0.0,0.0,1,1.0,0.0,0.0,1.0,0.0,0.0,0.0
PRV53726,0.0,0.0,0.0,0.0,0.0,0.0,16.0,12.0,3710.0,231.875,0.0,0.0,12,16.0,3710.0,0.0,1.3333333333333333,309.1666666666667,231.875,0.0
PRV53727,0.0,0.0,0.0,0.0,0.0,0.0,20.0,17.0,7230.0,361.5,10.0,0.5,17,20.0,7230.0,10.0,1.1764705882352942,425.29411764705884,361.5,0.0
PRV53728,0.0,0.0,0.0,0.0,0.0,0.0,14.0,14.0,3480.0,248.57142857142858,0.0,0.0,14,14.0,3480.0,0.0,1.0,248.57142857142858,248.57142857142858,0.0
PRV53729,0.0,0.0,0.0,0.0,0.0,0.0,3.0,3.0,1900.0,633.3333333333334,0.0,0.0,3,3.0,1900.0,0.0,1.0,633.3333333333334,633.3333333333334,0.0
PRV53730,0.0,0.0,0.0,0.0,0.0,0.0,2.0,2.0,230.0,115.0,0.0,0.0,2,2.0,230.0,0.0,1.0,115.0,115.0,0.0
PRV53731,0.0,0.0,0.0,0.0,0.0,0.0,4.0,4.0,2660.0,665.0,0.0,0.0,4,4.0,2660.0,0.0,1.0,665.0,665.0,0.0
PRV53732,0.0,0.0,0.0,0.0,0.0,0.0,15.0,15.0,3150.0,210.0,40.0,2.6666666666666665,15,15.0,3150.0,40.0,1.0,210.0,210.0,0.0
PRV53733,0.0,0.0,0.0,0.0,0.0,0.0,20.0,19.0,6430.0,321.5,20.0,1.0,19,20.0,6430.0,20.0,1.0526315789473684,338.42105263157896,321.5,0.0
PRV53734,0.0,0.0,0.0,0.0,0.0,0.0,1.0,1.0,20.0,20.0,0.0,0.0,1,1.0,20.0,0.0,1.0,20.0,20.0,0.0
PRV53735,0.0,0.0,0.0,0.0,0.0,0.0,3.0,3.0,810.0,270.0,0.0,0.0,3,3.0,810.0,0.0,1.0,270.0,270.0,0.0
PRV53740,0.0,0.0,0.0,0.0,0.0,0.0,47.0,29.0,12140.0,258.29787234042556,500.0,10.638297872340425,29,47.0,12140.0,500.0,1.6206896551724137,418.62068965517244,258.29787234042556,0.0
PRV53741,0.0,0.0,0.0,0.0,0.0,0.0,7.0,7.0,2390.0,341.42857142857144,0.0,0.0,7,7.0,2390.0,0.0,1.0,341.42857142857144,341.42857142857144,0.0
PRV53743,0.0,0.0,0.0,0.0,0.0,0.0,31.0,31.0,14140.0,456.1290322580645,120.0,3.870967741935484,31,31.0,14140.0,120.0,1.0,456.1290322580645,456.1290322580645,0.0
PRV53745,0.0,0.0,0.0,0.0,0.0,0.0,23.0,20.0,3760.0,163.47826086956522,80.0,3.4782608695652173,20,23.0,3760.0,80.0,1.15,188.0,163.47826086956522,0.0
PRV53746,6.0,6.0,35000.0,5833.333333333333,6408.0,1068.0,0.0,0.0,0.0,0.0,0.0,0.0,6,6.0,35000.0,6408.0,1.0,5833.333333333333,5833.333333333333,1.0
PRV53749,24.0,21.0,231000.0,9625.0,24564.0,1068.0,45.0,43.0,10350.0,230.0,0.0,0.0,64,69.0,241350.0,24564.0,1.078125,3771.09375,3497.8260869565215,0.34782608695652173
PRV53750,1.0,1.0,7000.0,7000.0,1068.0,1068.0,1244.0,380.0,346470.0,278.5128617363344,2210.0,1.7765273311897105,380,1245.0,353470.0,3278.0,3.276315789473684,930.1842105263158,283.9116465863454,0.0008032128514056225
PRV53751,0.0,0.0,0.0,0.0,0.0,0.0,22.0,22.0,9070.0,412.27272727272725,0.0,0.0,22,22.0,9070.0,0.0,1.0,412.27272727272725,412.27272727272725,0.0
PRV53752,0.0,0.0,0.0,0.0,0.0,0.0,35.0,34.0,11840.0,338.2857142857143,200.0,5.714285714285714,34,35.0,11840.0,200.0,1.0294117647058822,348.2352941176471,338.2857142857143,0.0
PRV53754,0.0,0.0,0.0,0.0,0.0,0.0,9.0,9.0,2530.0,281.1111111111111,0.0,0.0,9,9.0,2530.0,0.0,1.0,281.1111111111111,281.1111111111111,0.0
PRV53755,0.0,0.0,0.0,0.0,0.0,0.0,20.0,20.0,2050.0,102.5,210.0,10.5,20,20.0,2050.0,210.0,1.0,102.5,102.5,0.0
PRV53756,0.0,0.0,0.0,0.0,0.0,0.0,59.0,59.0,18210.0,308.64406779661016,80.0,1.3559322033898304,59,59.0,18210.0,80.0,1.0,308.64406779661016,308.64406779661016,0.0
PRV53757,1.0,1.0,23000.0,23000.0,1068.0,1068.0,55.0,53.0,14230.0,258.72727272727275,0.0,0.0,54,56.0,37230.0,1068.0,1.037037037037037,689.4444444444445,664.8214285714286,0.017857142857142856
PRV53759,0.0,0.0,0.0,0.0,0.0,0.0,56.0,52.0,12020.0,214.64285714285714,130.0,2.3214285714285716,52,56.0,12020.0,130.0,1.0769230769230769,231.15384615384616,214.64285714285714,0.0
PRV53761,0.0,0.0,0.0,0.0,0.0,0.0,38.0,38.0,9980.0,262.63157894736844,250.0,6.578947368421052,38,38.0,9980.0,250.0,1.0,262.63157894736844,262.63157894736844,0.0
PRV53762,84.0,59.0,915000.0,10892.857142857143,87576.0,1068.0,534.0,500.0,167730.0,314.1011235955056,1500.0,2.808988764044944,557,618.0,1082730.0,89076.0,1.1095152603231597,1943.8599640933573,1751.990291262136,0.13592233009708737
PRV53763,58.0,57.0,739000.0,12741.379310344828,59808.0,1068.0,0.0,0.0,0.0,0.0,0.0,0.0,57,58.0,739000.0,59808.0,1.0175438596491229,12964.912280701754,12741.379310344828,1.0
PRV53764,1.0,1.0,2000.0,2000.0,1068.0,1068.0,38.0,37.0,10390.0,273.42105263157896,60.0,1.5789473684210527,38,39.0,12390.0,1128.0,1.0263157894736843,326.05263157894734,317.6923076923077,0.02564102564102564
PRV53765,0.0,0.0,0.0,0.0,0.0,0.0,67.0,66.0,25080.0,374.32835820895525,90.0,1.3432835820895523,66,67.0,25080.0,90.0,1.0151515151515151,380.0,374.32835820895525,0.0
PRV53766,0.0,0.0,0.0,0.0,0.0,0.0,30.0,29.0,4860.0,162.0,100.0,3.3333333333333335,29,30.0,4860.0,100.0,1.0344827586206897,167.58620689655172,162.0,0.0
PRV53767,0.0,0.0,0.0,0.0,0.0,0.0,18.0,18.0,4130.0,229.44444444444446,140.0,7.777777777777778,18,18.0,4130.0,140.0,1.0,229.44444444444446,229.44444444444446,0.0
PRV53768,5.0,5.0,21000.0,4200.0,4272.0,1068.0,57.0,54.0,16180.0,283.859649122807,330.0,5.7894736842105265,59,62.0,37180.0,4602.0,1.0508474576271187,630.1694915254237,599.6774193548387,0.08064516129032258
PRV53769,132.0,126.0,1624900.0,12309.848484848484,137772.0,1068.0,245.0,229.0,60280.0,246.0408163265306,810.0,3.306122448979592,354,377.0,1685180.0,138582.0,1.0649717514124293,4760.395480225989,4469.9734748010615,0.35013262599469497
PRV53770,77.0,68.0,807500.0,10487.012987012988,81168.0,1068.0,176.0,171.0,42020.0,238.75,350.0,1.9886363636363635,239,253.0,849520.0,81518.0,1.0585774058577406,3554.476987447699,3357.786561264822,0.30434782608695654
PRV53771,0.0,0.0,0.0,0.0,0.0,0.0,51.0,50.0,21610.0,423.72549019607845,100.0,1.9607843137254901,50,51.0,21610.0,100.0,1.02,432.2,423.72549019607845,0.0
PRV53772,0.0,0.0,0.0,0.0,0.0,0.0,22.0,22.0,5410.0,245.9090909090909,0.0,0.0,22,22.0,5410.0,0.0,1.0,245.9090909090909,245.9090909090909,0.0
PRV53773,0.0,0.0,0.0,0.0,0.0,0.0,567.0,531.0,175830.0,310.1058201058201,1700.0,2.998236331569665,531,567.0,175830.0,1700.0,1.0677966101694916,331.12994350282486,310.1058201058201,0.0
PRV53774,50.0,44.0,546000.0,10920.0,51264.0,1068.0,174.0,163.0,43370.0,249.2528735632184,560.0,3.218390804597701,206,224.0,589370.0,51824.0,1.087378640776699,2861.019417475728,2631.1160714285716,0.22321428571428573
PRV53775,2.0,2.0,12000.0,6000.0,2136.0,1068.0,45.0,43.0,19170.0,426.0,280.0,6.222222222222222,45,47.0,31170.0,2416.0,1.0444444444444445,692.6666666666666,663.1914893617021,0.0425531914893617
PRV53776,47.0,45.0,530000.0,11276.595744680852,50196.0,1068.0,153.0,148.0,41960.0,274.2483660130719,540.0,3.5294117647058822,191,200.0,571960.0,50736.0,1.0471204188481675,2994.5549738219897,2859.8,0.235
PRV53779,0.0,0.0,0.0,0.0,0.0,0.0,49.0,48.0,12430.0,253.6734693877551,100.0,2.0408163265306123,48,49.0,12430.0,100.0,1.0208333333333333,258.9583333333333,253.6734693877551,0.0
PRV53780,0.0,0.0,0.0,0.0,0.0,0.0,26.0,26.0,5080.0,195.3846153846154,0.0,0.0,26,26.0,5080.0,0.0,1.0,195.3846153846154,195.3846153846154,0.0
PRV53781,79.0,74.0,874600.0,11070.886075949367,84372.0,1068.0,314.0,304.0,88590.0,282.13375796178343,920.0,2.929936305732484,371,393.0,963190.0,85292.0,1.059299191374663,2596.199460916442,2450.8651399491096,0.2010178117048346
PRV53782,0.0,0.0,0.0,0.0,0.0,0.0,53.0,39.0,17820.0,336.22641509433964,0.0,0.0,39,53.0,17820.0,0.0,1.358974358974359,456.9230769230769,336.22641509433964,0.0
PRV53783,0.0,0.0,0.0,0.0,0.0,0.0,30.0,30.0,6640.0,221.33333333333334,0.0,0.0,30,30.0,6640.0,0.0,1.0,221.33333333333334,221.33333333333334,0.0
PRV53784,0.0,0.0,0.0,0.0,0.0,0.0,41.0,38.0,5870.0,143.17073170731706,210.0,5.121951219512195,38,41.0,5870.0,210.0,1.0789473684210527,154.47368421052633,143.17073170731706,0.0
PRV53785,0.0,0.0,0.0,0.0,0.0,0.0,129.0,124.0,54580.0,423.1007751937984,400.0,3.10077519379845,124,129.0,54580.0,400.0,1.0403225806451613,440.16129032258067,423.1007751937984,0.0
PRV53786,36.0,33.0,342000.0,9500.0,38448.0,1068.0,1346.0,530.0,373760.0,277.6820208023774,3860.0,2.8677563150074294,538,1382.0,715760.0,42308.0,2.5687732342007434,1330.4089219330856,517.9160636758321,0.02604920405209841
PRV53787,32.0,32.0,290000.0,9062.5,34176.0,1068.0,42.0,42.0,13480.0,320.95238095238096,0.0,0.0,74,74.0,303480.0,34176.0,1.0,4101.081081081081,4101.081081081081,0.43243243243243246
PRV53788,0.0,0.0,0.0,0.0,0.0,0.0,18.0,18.0,3500.0,194.44444444444446,0.0,0.0,18,18.0,3500.0,0.0,1.0,194.44444444444446,194.44444444444446,0.0
PRV53790,44.0,44.0,504000.0,11454.545454545454,46992.0,1068.0,449.0,426.0,138230.0,307.8619153674833,1070.0,2.3830734966592426,470,493.0,642230.0,48062.0,1.048936170212766,1366.4468085106382,1302.6977687626775,0.08924949290060852
PRV53791,6.0,5.0,42000.0,7000.0,6408.0,1068.0,86.0,85.0,20190.0,234.7674418604651,320.0,3.7209302325581395,90,92.0,62190.0,6728.0,1.0222222222222221,691.0,675.9782608695652,0.06521739130434782
PRV53792,33.0,32.0,261000.0,7909.090909090909,35244.0,1068.0,20.0,20.0,11510.0,575.5,50.0,2.5,52,53.0,272510.0,35294.0,1.0192307692307692,5240.576923076923,5141.698113207547,0.6226415094339622
PRV53793,0.0,0.0,0.0,0.0,0.0,0.0,45.0,37.0,25700.0,571.1111111111111,40.0,0.8888888888888888,37,45.0,25700.0,40.0,1.2162162162162162,694.5945945945946,571.1111111111111,0.0
PRV53794,0.0,0.0,0.0,0.0,0.0,0.0,167.0,160.0,47640.0,285.2694610778443,530.0,3.1736526946107784,160,167.0,47640.0,530.0,1.04375,297.75,285.2694610778443,0.0
PRV53796,0.0,0.0,0.0,0.0,0.0,0.0,28.0,27.0,5960.0,212.85714285714286,100.0,3.5714285714285716,27,28.0,5960.0,100.0,1.037037037037037,220.74074074074073,212.85714285714286,0.0
PRV53797,0.0,0.0,0.0,0.0,0.0,0.0,4739.0,2020.0,1303600.0,275.0791306182739,14020.0,2.958430048533446,2020,4739.0,1303600.0,14020.0,2.346039603960396,645.3465346534654,275.0791306182739,0.0
PRV53798,0.0,0.0,0.0,0.0,0.0,0.0,38.0,38.0,15620.0,411.05263157894734,0.0,0.0,38,38.0,15620.0,0.0,1.0,411.05263157894734,411.05263157894734,0.0
PRV53799,14.0,13.0,100000.0,7142.857142857143,14952.0,1068.0,739.0,664.0,206440.0,279.3504736129905,2750.0,3.7212449255751014,676,753.0,306440.0,17702.0,1.113905325443787,453.31360946745565,406.95883134130145,0.01859229747675963
PRV53801,0.0,0.0,0.0,0.0,0.0,0.0,59.0,58.0,26260.0,445.08474576271186,140.0,2.3728813559322033,58,59.0,26260.0,140.0,1.0172413793103448,452.7586206896552,445.08474576271186,0.0
PRV53802,46.0,42.0,448000.0,9739.130434782608,46992.0,1068.0,34.0,34.0,11870.0,349.11764705882354,160.0,4.705882352941177,76,80.0,459870.0,47152.0,1.0526315789473684,6050.921052631579,5748.375,0.575
PRV53805,0.0,0.0,0.0,0.0,0.0,0.0,70.0,69.0,22520.0,321.7142857142857,140.0,2.0,69,70.0,22520.0,140.0,1.0144927536231885,326.3768115942029,321.7142857142857,0.0
PRV53806,0.0,0.0,0.0,0.0,0.0,0.0,173.0,161.0,50270.0,290.5780346820809,550.0,3.179190751445087,161,173.0,50270.0,550.0,1.0745341614906831,312.2360248447205,290.5780346820809,0.0
PRV53807,36.0,36.0,344300.0,9563.888888888889,38448.0,1068.0,122.0,120.0,30730.0,251.88524590163934,280.0,2.2950819672131146,155,158.0,375030.0,38728.0,1.0193548387096774,2419.548387096774,2373.6075949367087,0.22784810126582278
PRV53808,195.0,185.0,1854200.0,9508.71794871795,207192.0,1068.0,298.0,284.0,73050.0,245.13422818791946,930.0,3.120805369127517,468,493.0,1927250.0,208122.0,1.0534188034188035,4118.055555555556,3909.2292089249495,0.39553752535496955
PRV53812,0.0,0.0,0.0,0.0,0.0,0.0,2.0,2.0,260.0,130.0,0.0,0.0,2,2.0,260.0,0.0,1.0,130.0,130.0,0.0
PRV53814,3.0,3.0,18000.0,6000.0,3204.0,1068.0,50.0,49.0,12040.0,240.8,40.0,0.8,52,53.0,30040.0,3244.0,1.0192307692307692,577.6923076923077,566.7924528301887,0.05660377358490566
PRV53815,0.0,0.0,0.0,0.0,0.0,0.0,11.0,11.0,1800.0,163.63636363636363,0.0,0.0,11,11.0,1800.0,0.0,1.0,163.63636363636363,163.63636363636363,0.0
PRV53816,0.0,0.0,0.0,0.0,0.0,0.0,194.0,177.0,57210.0,294.89690721649487,960.0,4.948453608247423,177,194.0,57210.0,960.0,1.0960451977401129,323.22033898305085,294.89690721649487,0.0
PRV53817,0.0,0.0,0.0,0.0,0.0,0.0,21.0,21.0,5180.0,246.66666666666666,0.0,0.0,21,21.0,5180.0,0.0,1.0,246.66666666666666,246.66666666666666,0.0
PRV53818,0.0,0.0,0.0,0.0,0.0,0.0,10.0,9.0,1020.0,102.0,0.0,0.0,9,10.0,1020.0,0.0,1.1111111111111112,113.33333333333333,102.0,0.0
PRV53819,0.0,0.0,0.0,0.0,0.0,0.0,53.0,40.0,17930.0,338.3018867924528,200.0,3.7735849056603774,40,53.0,17930.0,200.0,1.325,448.25,338.3018867924528,0.0
PRV53820,0.0,0.0,0.0,0.0,0.0,0.0,15.0,15.0,2450.0,163.33333333333334,40.0,2.6666666666666665,15,15.0,2450.0,40.0,1.0,163.33333333333334,163.33333333333334,0.0
PRV53821,0.0,0.0,0.0,0.0,0.0,0.0,10.0,10.0,1070.0,107.0,0.0,0.0,10,10.0,1070.0,0.0,1.0,107.0,107.0,0.0
PRV53824,0.0,0.0,0.0,0.0,0.0,0.0,114.0,91.0,35580.0,312.10526315789474,350.0,3.0701754385964914,91,114.0,35580.0,350.0,1.2527472527472527,390.989010989011,312.10526315789474,0.0
PRV53827,0.0,0.0,0.0,0.0,0.0,0.0,9.0,9.0,2830.0,314.44444444444446,100.0,11.11111111111111,9,9.0,2830.0,100.0,1.0,314.44444444444446,314.44444444444446,0.0
PRV53828,0.0,0.0,0.0,0.0,0.0,0.0,28.0,24.0,6260.0,223.57142857142858,0.0,0.0,24,28.0,6260.0,0.0,1.1666666666666667,260.8333333333333,223.57142857142858,0.0
PRV53829,0.0,0.0,0.0,0.0,0.0,0.0,16.0,16.0,5910.0,369.375,180.0,11.25,16,16.0,5910.0,180.0,1.0,369.375,369.375,0.0
PRV53831,0.0,0.0,0.0,0.0,0.0,0.0,83.0,71.0,27550.0,331.9277108433735,100.0,1.2048192771084338,71,83.0,27550.0,100.0,1.1690140845070423,388.0281690140845,331.9277108433735,0.0
PRV53832,0.0,0.0,0.0,0.0,0.0,0.0,12.0,12.0,4910.0,409.1666666666667,0.0,0.0,12,12.0,4910.0,0.0,1.0,409.1666666666667,409.1666666666667,0.0
PRV53835,0.0,0.0,0.0,0.0,0.0,0.0,8.0,8.0,2300.0,287.5,0.0,0.0,8,8.0,2300.0,0.0,1.0,287.5,287.5,0.0
PRV53836,0.0,0.0,0.0,0.0,0.0,0.0,49.0,44.0,10970.0,223.87755102040816,100.0,2.0408163265306123,44,49.0,10970.0,100.0,1.1136363636363635,249.3181818181818,223.87755102040816,0.0
PRV53837,0.0,0.0,0.0,0.0,0.0,0.0,13.0,13.0,2490.0,191.53846153846155,80.0,6.153846153846154,13,13.0,2490.0,80.0,1.0,191.53846153846155,191.53846153846155,0.0
PRV53838,0.0,0.0,0.0,0.0,0.0,0.0,194.0,148.0,57800.0,297.9381443298969,270.0,1.3917525773195876,148,194.0,57800.0,270.0,1.3108108108108107,390.5405405405405,297.9381443298969,0.0
PRV53839,0.0,0.0,0.0,0.0,0.0,0.0,1.0,1.0,0.0,0.0,0.0,0.0,1,1.0,0.0,0.0,1.0,0.0,0.0,0.0
PRV53840,0.0,0.0,0.0,0.0,0.0,0.0,6.0,6.0,460.0,76.66666666666667,40.0,6.666666666666667,6,6.0,460.0,40.0,1.0,76.66666666666667,76.66666666666667,0.0
PRV53841,0.0,0.0,0.0,0.0,0.0,0.0,22.0,19.0,3370.0,153.1818181818182,100.0,4.545454545454546,19,22.0,3370.0,100.0,1.1578947368421053,177.3684210526316,153.1818181818182,0.0
PRV53842,0.0,0.0,0.0,0.0,0.0,0.0,7.0,7.0,2410.0,344.2857142857143,0.0,0.0,7,7.0,2410.0,0.0,1.0,344.2857142857143,344.2857142857143,0.0
PRV53843,0.0,0.0,0.0,0.0,0.0,0.0,14.0,14.0,1460.0,104.28571428571429,10.0,0.7142857142857143,14,14.0,1460.0,10.0,1.0,104.28571428571429,104.28571428571429,0.0
PRV53844,0.0,0.0,0.0,0.0,0.0,0.0,53.0,40.0,7910.0,149.24528301886792,30.0,0.5660377358490566,40,53.0,7910.0,30.0,1.325,197.75,149.24528301886792,0.0
PRV53845,0.0,0.0,0.0,0.0,0.0,0.0,20.0,18.0,9160.0,458.0,340.0,17.0,18,20.0,9160.0,340.0,1.1111111111111112,508.8888888888889,458.0,0.0
PRV53846,0.0,0.0,0.0,0.0,0.0,0.0,12.0,11.0,2640.0,220.0,0.0,0.0,11,12.0,2640.0,0.0,1.0909090909090908,240.0,220.0,0.0
PRV53848,0.0,0.0,0.0,0.0,0.0,0.0,8.0,8.0,1080.0,135.0,0.0,0.0,8,8.0,1080.0,0.0,1.0,135.0,135.0,0.0
PRV53849,0.0,0.0,0.0,0.0,0.0,0.0,21.0,20.0,2930.0,139.52380952380952,0.0,0.0,20,21.0,2930.0,0.0,1.05,146.5,139.52380952380952,0.0
PRV53850,0.0,0.0,0.0,0.0,0.0,0.0,10.0,10.0,1720.0,172.0,0.0,0.0,10,10.0,1720.0,0.0,1.0,172.0,172.0,0.0
PRV53851,0.0,0.0,0.0,0.0,0.0,0.0,48.0,47.0,21100.0,439.5833333333333,160.0,3.3333333333333335,47,48.0,21100.0,160.0,1.0212765957446808,448.93617021276594,439.5833333333333,0.0
PRV53855,20.0,17.0,141000.0,7050.0,21360.0,1068.0,0.0,0.0,0.0,0.0,0.0,0.0,17,20.0,141000.0,21360.0,1.1764705882352942,8294.117647058823,7050.0,1.0
PRV53857,10.0,10.0,140000.0,14000.0,10680.0,1068.0,0.0,0.0,0.0,0.0,0.0,0.0,10,10.0,140000.0,10680.0,1.0,14000.0,14000.0,1.0
PRV53859,0.0,0.0,0.0,0.0,0.0,0.0,143.0,134.0,33810.0,236.43356643356643,590.0,4.125874125874126,134,143.0,33810.0,590.0,1.0671641791044777,252.3134328358209,236.43356643356643,0.0
PRV53860,0.0,0.0,0.0,0.0,0.0,0.0,1.0,1.0,100.0,100.0,0.0,0.0,1,1.0,100.0,0.0,1.0,100.0,100.0,0.0
PRV53861,2.0,2.0,11000.0,5500.0,2136.0,1068.0,0.0,0.0,0.0,0.0,0.0,0.0,2,2.0,11000.0,2136.0,1.0,5500.0,5500.0,1.0
PRV53862,4.0,4.0,50000.0,12500.0,4272.0,1068.0,2.0,2.0,100.0,50.0,0.0,0.0,6,6.0,50100.0,4272.0,1.0,8350.0,8350.0,0.6666666666666666
PRV53864,0.0,0.0,0.0,0.0,0.0,0.0,2.0,2.0,460.0,230.0,0.0,0.0,2,2.0,460.0,0.0,1.0,230.0,230.0,0.0
PRV53865,6.0,6.0,60000.0,10000.0,6408.0,1068.0,0.0,0.0,0.0,0.0,0.0,0.0,6,6.0,60000.0,6408.0,1.0,10000.0,10000.0,1.0
PRV53867,9.0,9.0,90000.0,10000.0,9612.0,1068.0,4.0,4.0,3270.0,817.5,0.0,0.0,13,13.0,93270.0,9612.0,1.0,7174.615384615385,7174.615384615385,0.6923076923076923
PRV53868,10.0,9.0,158000.0,15800.0,10680.0,1068.0,18.0,18.0,3420.0,190.0,80.0,4.444444444444445,27,28.0,161420.0,10760.0,1.037037037037037,5978.518518518518,5765.0,0.35714285714285715
PRV53871,0.0,0.0,0.0,0.0,0.0,0.0,1220.0,531.0,272730.0,223.54918032786884,3290.0,2.69672131147541,531,1220.0,272730.0,3290.0,2.297551789077213,513.6158192090395,223.54918032786884,0.0
PRV53872,9.0,9.0,105000.0,11666.666666666666,9612.0,1068.0,222.0,135.0,65480.0,294.9549549549549,460.0,2.0720720720720722,142,231.0,170480.0,10072.0,1.6267605633802817,1200.5633802816901,738.008658008658,0.03896103896103896
PRV53873,14.0,13.0,97000.0,6928.571428571428,14952.0,1068.0,68.0,63.0,19650.0,288.97058823529414,260.0,3.823529411764706,76,82.0,116650.0,15212.0,1.0789473684210527,1534.8684210526317,1422.560975609756,0.17073170731707318
PRV53874,0.0,0.0,0.0,0.0,0.0,0.0,524.0,416.0,149580.0,285.4580152671756,1710.0,3.263358778625954,416,524.0,149580.0,1710.0,1.2596153846153846,359.5673076923077,285.4580152671756,0.0
PRV53875,0.0,0.0,0.0,0.0,0.0,0.0,41.0,35.0,9290.0,226.58536585365854,30.0,0.7317073170731707,35,41.0,9290.0,30.0,1.1714285714285715,265.42857142857144,226.58536585365854,0.0
PRV53876,0.0,0.0,0.0,0.0,0.0,0.0,125.0,60.0,31310.0,250.48,450.0,3.6,60,125.0,31310.0,450.0,2.0833333333333335,521.8333333333334,250.48,0.0
PRV53877,0.0,0.0,0.0,0.0,0.0,0.0,19.0,17.0,6750.0,355.2631578947368,10.0,0.5263157894736842,17,19.0,6750.0,10.0,1.1176470588235294,397.05882352941177,355.2631578947368,0.0
PRV53878,5.0,5.0,35000.0,7000.0,5340.0,1068.0,41.0,35.0,13670.0,333.4146341463415,290.0,7.073170731707317,40,46.0,48670.0,5630.0,1.15,1216.75,1058.0434782608695,0.10869565217391304
PRV53879,0.0,0.0,0.0,0.0,0.0,0.0,15.0,15.0,1340.0,89.33333333333333,0.0,0.0,15,15.0,1340.0,0.0,1.0,89.33333333333333,89.33333333333333,0.0
PRV53880,0.0,0.0,0.0,0.0,0.0,0.0,61.0,46.0,19790.0,324.42622950819674,140.0,2.2950819672131146,46,61.0,19790.0,140.0,1.326086956521739,430.2173913043478,324.42622950819674,0.0
PRV53884,117.0,98.0,996900.0,8520.51282051282,123888.0,1068.0,152.0,138.0,43070.0,283.35526315789474,440.0,2.8947368421052633,226,269.0,1039970.0,124328.0,1.1902654867256637,4601.637168141593,3866.059479553903,0.4349442379182156
PRV53885,6.0,6.0,48900.0,8150.0,6408.0,1068.0,6.0,6.0,730.0,121.66666666666667,0.0,0.0,12,12.0,49630.0,6408.0,1.0,4135.833333333333,4135.833333333333,0.5
PRV53887,0.0,0.0,0.0,0.0,0.0,0.0,598.0,213.0,165500.0,276.75585284280936,980.0,1.6387959866220736,213,598.0,165500.0,980.0,2.807511737089202,776.9953051643192,276.75585284280936,0.0
PRV53888,0.0,0.0,0.0,0.0,0.0,0.0,70.0,56.0,19410.0,277.2857142857143,150.0,2.142857142857143,56,70.0,19410.0,150.0,1.25,346.60714285714283,277.2857142857143,0.0
PRV53889,9.0,9.0,60000.0,6666.666666666667,9612.0,1068.0,186.0,179.0,38480.0,206.88172043010752,540.0,2.903225806451613,187,195.0,98480.0,10152.0,1.0427807486631016,526.6310160427807,505.02564102564105,0.046153846153846156
PRV53891,0.0,0.0,0.0,0.0,0.0,0.0,22.0,22.0,10530.0,478.6363636363636,100.0,4.545454545454546,22,22.0,10530.0,100.0,1.0,478.6363636363636,478.6363636363636,0.0
PRV53892,8.0,7.0,120000.0,15000.0,8544.0,1068.0,111.0,108.0,30340.0,273.3333333333333,270.0,2.4324324324324325,115,119.0,150340.0,8814.0,1.0347826086956522,1307.304347826087,1263.361344537815,0.06722689075630252
PRV53894,15.0,14.0,215000.0,14333.333333333334,16020.0,1068.0,202.0,91.0,53080.0,262.7722772277228,840.0,4.158415841584159,97,217.0,268080.0,16860.0,2.2371134020618557,2763.7113402061855,1235.3917050691243,0.06912442396313365
PRV53895,0.0,0.0,0.0,0.0,0.0,0.0,1273.0,576.0,401380.0,315.30243519245874,3270.0,2.568735271013354,576,1273.0,401380.0,3270.0,2.2100694444444446,696.8402777777778,315.30243519245874,0.0
PRV53896,0.0,0.0,0.0,0.0,0.0,0.0,43.0,38.0,10950.0,254.65116279069767,140.0,3.255813953488372,38,43.0,10950.0,140.0,1.131578947368421,288.1578947368421,254.65116279069767,0.0
PRV53899,0.0,0.0,0.0,0.0,0.0,0.0,3.0,3.0,120.0,40.0,10.0,3.3333333333333335,3,3.0,120.0,10.0,1.0,40.0,40.0,0.0
PRV53900,0.0,0.0,0.0,0.0,0.0,0.0,789.0,317.0,201850.0,255.83016476552598,2670.0,3.3840304182509504,317,789.0,201850.0,2670.0,2.4889589905362777,636.7507886435332,255.83016476552598,0.0
PRV53901,0.0,0.0,0.0,0.0,0.0,0.0,14.0,14.0,5400.0,385.7142857142857,0.0,0.0,14,14.0,5400.0,0.0,1.0,385.7142857142857,385.7142857142857,0.0
PRV53905,0.0,0.0,0.0,0.0,0.0,0.0,77.0,72.0,21730.0,282.2077922077922,220.0,2.857142857142857,72,77.0,21730.0,220.0,1.0694444444444444,301.80555555555554,282.2077922077922,0.0
PRV53906,0.0,0.0,0.0,0.0,0.0,0.0,4.0,4.0,480.0,120.0,0.0,0.0,4,4.0,480.0,0.0,1.0,120.0,120.0,0.0
PRV53907,0.0,0.0,0.0,0.0,0.0,0.0,126.0,120.0,45960.0,364.76190476190476,200.0,1.5873015873015872,120,126.0,45960.0,200.0,1.05,383.0,364.76190476190476,0.0
PRV53908,0.0,0.0,0.0,0.0,0.0,0.0,15.0,15.0,8510.0,567.3333333333334,60.0,4.0,15,15.0,8510.0,60.0,1.0,567.3333333333334,567.3333333333334,0.0
PRV53909,0.0,0.0,0.0,0.0,0.0,0.0,256.0,154.0,79990.0,312.4609375,200.0,0.78125,154,256.0,79990.0,200.0,1.6623376623376624,519.4155844155844,312.4609375,0.0
PRV53910,27.0,27.0,254000.0,9407.407407407407,26700.0,1068.0,69.0,64.0,21480.0,311.30434782608694,490.0,7.101449275362318,91,96.0,275480.0,27190.0,1.054945054945055,3027.252747252747,2869.5833333333335,0.28125
PRV53911,14.0,14.0,177000.0,12642.857142857143,14952.0,1068.0,522.0,191.0,197480.0,378.3141762452107,1040.0,1.9923371647509578,201,536.0,374480.0,15992.0,2.6666666666666665,1863.084577114428,698.6567164179105,0.026119402985074626
PRV53912,0.0,0.0,0.0,0.0,0.0,0.0,66.0,61.0,16820.0,254.84848484848484,210.0,3.1818181818181817,61,66.0,16820.0,210.0,1.0819672131147542,275.73770491803276,254.84848484848484,0.0
PRV53913,0.0,0.0,0.0,0.0,0.0,0.0,131.0,129.0,36180.0,276.1832061068702,260.0,1.984732824427481,129,131.0,36180.0,260.0,1.0155038759689923,280.4651162790698,276.1832061068702,0.0
PRV53915,0.0,0.0,0.0,0.0,0.0,0.0,545.0,434.0,152600.0,280.0,1510.0,2.770642201834862,434,545.0,152600.0,1510.0,1.2557603686635945,351.61290322580646,280.0,0.0
PRV53916,0.0,0.0,0.0,0.0,0.0,0.0,192.0,109.0,43180.0,224.89583333333334,1120.0,5.833333333333333,109,192.0,43180.0,1120.0,1.761467889908257,396.1467889908257,224.89583333333334,0.0
PRV53917,7.0,6.0,52300.0,7471.428571428572,7476.0,1068.0,193.0,103.0,69900.0,362.1761658031088,570.0,2.9533678756476682,106,200.0,122200.0,8046.0,1.8867924528301887,1152.8301886792453,611.0,0.035
PRV53918,0.0,0.0,0.0,0.0,0.0,0.0,3588.0,1709.0,1014510.0,282.75083612040135,9100.0,2.536231884057971,1709,3588.0,1014510.0,9100.0,2.099473376243417,593.6278525453481,282.75083612040135,0.0
PRV53919,6.0,6.0,50800.0,8466.666666666666,6408.0,1068.0,18.0,17.0,3250.0,180.55555555555554,190.0,10.555555555555555,22,24.0,54050.0,6598.0,1.0909090909090908,2456.818181818182,2252.0833333333335,0.25
PRV53920,3.0,3.0,36000.0,12000.0,3204.0,1068.0,218.0,117.0,59610.0,273.4403669724771,800.0,3.669724770642202,118,221.0,95610.0,4004.0,1.8728813559322033,810.2542372881356,432.6244343891403,0.013574660633484163
PRV53921,9.0,9.0,55040.0,6115.555555555556,9612.0,1068.0,759.0,492.0,267190.0,352.0289855072464,1540.0,2.028985507246377,498,768.0,322230.0,11152.0,1.5421686746987953,647.0481927710844,419.5703125,0.01171875
PRV53922,0.0,0.0,0.0,0.0,0.0,0.0,55.0,51.0,13530.0,246.0,200.0,3.6363636363636362,51,55.0,13530.0,200.0,1.0784313725490196,265.29411764705884,246.0,0.0
PRV53923,30.0,29.0,243000.0,8100.0,32040.0,1068.0,125.0,111.0,27400.0,219.2,120.0,0.96,139,155.0,270400.0,32160.0,1.1151079136690647,1945.3237410071943,1744.516129032258,0.1935483870967742
PRV53924,0.0,0.0,0.0,0.0,0.0,0.0,1.0,1.0,0.0,0.0,0.0,0.0,1,1.0,0.0,0.0,1.0,0.0,0.0,0.0
PRV53925,20.0,18.0,148000.0,7400.0,21360.0,1068.0,41.0,40.0,12200.0,297.5609756097561,100.0,2.4390243902439024,58,61.0,160200.0,21460.0,1.0517241379310345,2762.0689655172414,2626.2295081967213,0.32786885245901637
PRV53926,0.0,0.0,0.0,0.0,0.0,0.0,27.0,26.0,8840.0,327.4074074074074,120.0,4.444444444444445,26,27.0,8840.0,120.0,1.0384615384615385,340.0,327.4074074074074,0.0
PRV53927,0.0,0.0,0.0,0.0,0.0,0.0,11.0,11.0,3600.0,327.27272727272725,0.0,0.0,11,11.0,3600.0,0.0,1.0,327.27272727272725,327.27272727272725,0.0
PRV53928,3.0,3.0,14000.0,4666.666666666667,3204.0,1068.0,38.0,38.0,9750.0,256.57894736842104,90.0,2.3684210526315788,41,41.0,23750.0,3294.0,1.0,579.2682926829268,579.2682926829268,0.07317073170731707
PRV53931,3.0,3.0,30000.0,10000.0,3204.0,1068.0,52.0,45.0,10410.0,200.19230769230768,190.0,3.6538461538461537,48,55.0,40410.0,3394.0,1.1458333333333333,841.875,734.7272727272727,0.05454545454545454
PRV53932,82.0,80.0,860000.0,10487.80487804878,85440.0,1068.0,222.0,206.0,60140.0,270.9009009009009,640.0,2.8828828828828827,283,304.0,920140.0,86080.0,1.0742049469964665,3251.3780918727916,3026.7763157894738,0.26973684210526316
PRV53933,0.0,0.0,0.0,0.0,0.0,0.0,265.0,136.0,81990.0,309.39622641509436,500.0,1.8867924528301887,136,265.0,81990.0,500.0,1.9485294117647058,602.8676470588235,309.39622641509436,0.0
PRV53934,0.0,0.0,0.0,0.0,0.0,0.0,122.0,97.0,33500.0,274.59016393442624,530.0,4.344262295081967,97,122.0,33500.0,530.0,1.2577319587628866,345.36082474226805,274.59016393442624,0.0
PRV53935,0.0,0.0,0.0,0.0,0.0,0.0,12.0,12.0,5410.0,450.8333333333333,0.0,0.0,12,12.0,5410.0,0.0,1.0,450.8333333333333,450.8333333333333,0.0
PRV53937,17.0,17.0,211000.0,12411.764705882353,18156.0,1068.0,21.0,21.0,6970.0,331.9047619047619,40.0,1.9047619047619047,38,38.0,217970.0,18196.0,1.0,5736.0526315789475,5736.0526315789475,0.4473684210526316
PRV53938,82.0,62.0,637000.0,7768.292682926829,86508.0,1068.0,29.0,28.0,16670.0,574.8275862068965,0.0,0.0,89,111.0,653670.0,86508.0,1.247191011235955,7344.606741573034,5888.918918918919,0.7387387387387387
PRV53939,6.0,6.0,112000.0,18666.666666666668,6408.0,1068.0,298.0,174.0,81440.0,273.28859060402687,1230.0,4.12751677852349,178,304.0,193440.0,7638.0,1.7078651685393258,1086.741573033708,636.3157894736842,0.019736842105263157
PRV53940,0.0,0.0,0.0,0.0,0.0,0.0,97.0,93.0,21890.0,225.6701030927835,330.0,3.402061855670103,93,97.0,21890.0,330.0,1.043010752688172,235.3763440860215,225.6701030927835,0.0
PRV53941,6.0,5.0,59000.0,9833.333333333334,6408.0,1068.0,71.0,67.0,23160.0,326.19718309859155,70.0,0.9859154929577465,72,77.0,82160.0,6478.0,1.0694444444444444,1141.111111111111,1067.012987012987,0.07792207792207792
PRV53942,8.0,8.0,73000.0,9125.0,8544.0,1068.0,17.0,16.0,4620.0,271.7647058823529,140.0,8.235294117647058,24,25.0,77620.0,8684.0,1.0416666666666667,3234.1666666666665,3104.8,0.32
PRV53943,8.0,8.0,63000.0,7875.0,8544.0,1068.0,101.0,95.0,28800.0,285.1485148514852,240.0,2.376237623762376,103,109.0,91800.0,8784.0,1.058252427184466,891.2621359223301,842.2018348623853,0.07339449541284404
PRV53944,0.0,0.0,0.0,0.0,0.0,0.0,104.0,55.0,21740.0,209.03846153846155,430.0,4.134615384615385,55,104.0,21740.0,430.0,1.8909090909090909,395.27272727272725,209.03846153846155,0.0
PRV53945,0.0,0.0,0.0,0.0,0.0,0.0,49.0,47.0,15300.0,312.2448979591837,160.0,3.2653061224489797,47,49.0,15300.0,160.0,1.0425531914893618,325.531914893617,312.2448979591837,0.0
PRV53946,0.0,0.0,0.0,0.0,0.0,0.0,21.0,21.0,10070.0,479.5238095238095,100.0,4.761904761904762,21,21.0,10070.0,100.0,1.0,479.5238095238095,479.5238095238095,0.0
PRV53947,0.0,0.0,0.0,0.0,0.0,0.0,8.0,8.0,430.0,53.75,0.0,0.0,8,8.0,430.0,0.0,1.0,53.75,53.75,0.0
PRV53949,0.0,0.0,0.0,0.0,0.0,0.0,5.0,5.0,710.0,142.0,30.0,6.0,5,5.0,710.0,30.0,1.0,142.0,142.0,0.0
PRV53950,0.0,0.0,0.0,0.0,0.0,0.0,298.0,235.0,82130.0,275.6040268456376,790.0,2.651006711409396,235,298.0,82130.0,790.0,1.2680851063829788,349.48936170212767,275.6040268456376,0.0
PRV53951,22.0,18.0,211000.0,9590.90909090909,23496.0,1068.0,32.0,31.0,12620.0,394.375,60.0,1.875,49,54.0,223620.0,23556.0,1.1020408163265305,4563.673469387755,4141.111111111111,0.4074074074074074
PRV53952,0.0,0.0,0.0,0.0,0.0,0.0,15.0,13.0,4580.0,305.3333333333333,0.0,0.0,13,15.0,4580.0,0.0,1.1538461538461537,352.3076923076923,305.3333333333333,0.0
PRV53956,0.0,0.0,0.0,0.0,0.0,0.0,526.0,454.0,157610.0,299.638783269962,1690.0,3.2129277566539924,454,526.0,157610.0,1690.0,1.158590308370044,347.15859030837004,299.638783269962,0.0
PRV53957,0.0,0.0,0.0,0.0,0.0,0.0,15.0,14.0,6640.0,442.6666666666667,0.0,0.0,14,15.0,6640.0,0.0,1.0714285714285714,474.2857142857143,442.6666666666667,0.0
PRV53958,23.0,22.0,213000.0,9260.869565217392,23496.0,1068.0,690.0,326.0,262260.0,380.0869565217391,1610.0,2.3333333333333335,340,713.0,475260.0,25106.0,2.097058823529412,1397.8235294117646,666.5638148667601,0.03225806451612903
PRV53959,76.0,73.0,866400.0,11400.0,79032.0,1068.0,138.0,131.0,30430.0,220.5072463768116,120.0,0.8695652173913043,202,214.0,896830.0,79152.0,1.0594059405940595,4439.752475247525,4190.794392523365,0.35514018691588783
PRV53960,0.0,0.0,0.0,0.0,0.0,0.0,420.0,115.0,127360.0,303.23809523809524,1030.0,2.4523809523809526,115,420.0,127360.0,1030.0,3.652173913043478,1107.4782608695652,303.23809523809524,0.0
PRV53961,97.0,92.0,793900.0,8184.5360824742265,102528.0,1068.0,32.0,32.0,17560.0,548.75,340.0,10.625,124,129.0,811460.0,102868.0,1.0403225806451613,6544.032258064516,6290.387596899225,0.751937984496124
PRV53963,4.0,4.0,57000.0,14250.0,4272.0,1068.0,35.0,33.0,13660.0,390.2857142857143,20.0,0.5714285714285714,37,39.0,70660.0,4292.0,1.054054054054054,1909.7297297297298,1811.7948717948718,0.10256410256410256
PRV53964,0.0,0.0,0.0,0.0,0.0,0.0,146.0,81.0,40830.0,279.6575342465753,220.0,1.5068493150684932,81,146.0,40830.0,220.0,1.8024691358024691,504.0740740740741,279.6575342465753,0.0
PRV53965,0.0,0.0,0.0,0.0,0.0,0.0,110.0,33.0,32070.0,291.54545454545456,170.0,1.5454545454545454,33,110.0,32070.0,170.0,3.3333333333333335,971.8181818181819,291.54545454545456,0.0
PRV53966,0.0,0.0,0.0,0.0,0.0,0.0,2.0,2.0,500.0,250.0,0.0,0.0,2,2.0,500.0,0.0,1.0,250.0,250.0,0.0
PRV53967,0.0,0.0,0.0,0.0,0.0,0.0,2.0,2.0,100.0,50.0,0.0,0.0,2,2.0,100.0,0.0,1.0,50.0,50.0,0.0
PRV53968,0.0,0.0,0.0,0.0,0.0,0.0,32.0,30.0,6600.0,206.25,150.0,4.6875,30,32.0,6600.0,150.0,1.0666666666666667,220.0,206.25,0.0
PRV53969,0.0,0.0,0.0,0.0,0.0,0.0,118.0,72.0,35990.0,305.0,290.0,2.457627118644068,72,118.0,35990.0,290.0,1.6388888888888888,499.8611111111111,305.0,0.0
PRV53970,3.0,3.0,65000.0,21666.666666666668,3204.0,1068.0,1.0,1.0,200.0,200.0,0.0,0.0,4,4.0,65200.0,3204.0,1.0,16300.0,16300.0,0.75
PRV53971,0.0,0.0,0.0,0.0,0.0,0.0,102.0,55.0,22210.0,217.7450980392157,820.0,8.03921568627451,55,102.0,22210.0,820.0,1.8545454545454545,403.8181818181818,217.7450980392157,0.0
PRV53972,6.0,5.0,35000.0,5833.333333333333,6408.0,1068.0,68.0,56.0,16920.0,248.8235294117647,170.0,2.5,61,74.0,51920.0,6578.0,1.2131147540983607,851.1475409836065,701.6216216216217,0.08108108108108109
PRV53973,0.0,0.0,0.0,0.0,0.0,0.0,170.0,84.0,45130.0,265.47058823529414,390.0,2.2941176470588234,84,170.0,45130.0,390.0,2.0238095238095237,537.2619047619048,265.47058823529414,0.0
PRV53974,0.0,0.0,0.0,0.0,0.0,0.0,67.0,59.0,12950.0,193.28358208955223,60.0,0.8955223880597015,59,67.0,12950.0,60.0,1.1355932203389831,219.4915254237288,193.28358208955223,0.0
PRV53975,0.0,0.0,0.0,0.0,0.0,0.0,70.0,42.0,11390.0,162.71428571428572,420.0,6.0,42,70.0,11390.0,420.0,1.6666666666666667,271.1904761904762,162.71428571428572,0.0
PRV53977,0.0,0.0,0.0,0.0,0.0,0.0,65.0,40.0,22120.0,340.3076923076923,0.0,0.0,40,65.0,22120.0,0.0,1.625,553.0,340.3076923076923,0.0
PRV53978,0.0,0.0,0.0,0.0,0.0,0.0,1.0,1.0,100.0,100.0,0.0,0.0,1,1.0,100.0,0.0,1.0,100.0,100.0,0.0
PRV53979,0.0,0.0,0.0,0.0,0.0,0.0,77.0,38.0,26170.0,339.87012987012986,190.0,2.4675324675324677,38,77.0,26170.0,190.0,2.026315789473684,688.6842105263158,339.87012987012986,0.0
PRV53980,0.0,0.0,0.0,0.0,0.0,0.0,22.0,15.0,3730.0,169.54545454545453,0.0,0.0,15,22.0,3730.0,0.0,1.4666666666666666,248.66666666666666,169.54545454545453,0.0
PRV53981,0.0,0.0,0.0,0.0,0.0,0.0,22.0,22.0,4810.0,218.63636363636363,0.0,0.0,22,22.0,4810.0,0.0,1.0,218.63636363636363,218.63636363636363,0.0
PRV53982,0.0,0.0,0.0,0.0,0.0,0.0,9.0,9.0,980.0,108.88888888888889,0.0,0.0,9,9.0,980.0,0.0,1.0,108.88888888888889,108.88888888888889,0.0
PRV53983,0.0,0.0,0.0,0.0,0.0,0.0,24.0,23.0,6400.0,266.6666666666667,20.0,0.8333333333333334,23,24.0,6400.0,20.0,1.0434782608695652,278.2608695652174,266.6666666666667,0.0
PRV53985,8.0,7.0,108000.0,13500.0,8544.0,1068.0,189.0,59.0,55330.0,292.75132275132273,570.0,3.015873015873016,62,197.0,163330.0,9114.0,3.1774193548387095,2634.3548387096776,829.0862944162436,0.04060913705583756
PRV53986,11.0,11.0,78000.0,7090.909090909091,11748.0,1068.0,34.0,32.0,12060.0,354.70588235294116,140.0,4.117647058823529,42,45.0,90060.0,11888.0,1.0714285714285714,2144.285714285714,2001.3333333333333,0.24444444444444444
PRV53988,0.0,0.0,0.0,0.0,0.0,0.0,32.0,25.0,6360.0,198.75,0.0,0.0,25,32.0,6360.0,0.0,1.28,254.4,198.75,0.0
PRV53989,1.0,1.0,13000.0,13000.0,1068.0,1068.0,26.0,21.0,9130.0,351.15384615384613,80.0,3.076923076923077,22,27.0,22130.0,1148.0,1.2272727272727273,1005.9090909090909,819.6296296296297,0.037037037037037035
PRV53990,5.0,4.0,43000.0,8600.0,5340.0,1068.0,94.0,56.0,20350.0,216.48936170212767,200.0,2.127659574468085,56,99.0,63350.0,5540.0,1.7678571428571428,1131.25,639.89898989899,0.050505050505050504
PRV53991,0.0,0.0,0.0,0.0,0.0,0.0,62.0,57.0,14050.0,226.61290322580646,160.0,2.5806451612903225,57,62.0,14050.0,160.0,1.087719298245614,246.49122807017545,226.61290322580646,0.0
PRV53992,0.0,0.0,0.0,0.0,0.0,0.0,244.0,101.0,87620.0,359.0983606557377,480.0,1.9672131147540983,101,244.0,87620.0,480.0,2.4158415841584158,867.5247524752475,359.0983606557377,0.0
PRV53993,0.0,0.0,0.0,0.0,0.0,0.0,201.0,107.0,53770.0,267.5124378109453,560.0,2.7860696517412937,107,201.0,53770.0,560.0,1.8785046728971964,502.5233644859813,267.5124378109453,0.0
PRV53994,0.0,0.0,0.0,0.0,0.0,0.0,174.0,62.0,46000.0,264.367816091954,450.0,2.586206896551724,62,174.0,46000.0,450.0,2.806451612903226,741.9354838709677,264.367816091954,0.0
PRV53995,0.0,0.0,0.0,0.0,0.0,0.0,3.0,3.0,440.0,146.66666666666666,0.0,0.0,3,3.0,440.0,0.0,1.0,146.66666666666666,146.66666666666666,0.0
PRV53996,2.0,2.0,11000.0,5500.0,2136.0,1068.0,3.0,3.0,390.0,130.0,0.0,0.0,5,5.0,11390.0,2136.0,1.0,2278.0,2278.0,0.4
PRV53997,0.0,0.0,0.0,0.0,0.0,0.0,172.0,95.0,70230.0,408.3139534883721,310.0,1.802325581395349,95,172.0,70230.0,310.0,1.8105263157894738,739.2631578947369,408.3139534883721,0.0
PRV53999,0.0,0.0,0.0,0.0,0.0,0.0,1.0,1.0,60.0,60.0,0.0,0.0,1,1.0,60.0,0.0,1.0,60.0,60.0,0.0
PRV54000,0.0,0.0,0.0,0.0,0.0,0.0,206.0,95.0,42220.0,204.95145631067962,650.0,3.1553398058252426,95,206.0,42220.0,650.0,2.168421052631579,444.42105263157896,204.95145631067962,0.0
PRV54001,8.0,8.0,61000.0,7625.0,8544.0,1068.0,0.0,0.0,0.0,0.0,0.0,0.0,8,8.0,61000.0,8544.0,1.0,7625.0,7625.0,1.0
PRV54002,0.0,0.0,0.0,0.0,0.0,0.0,11.0,11.0,2060.0,187.27272727272728,0.0,0.0,11,11.0,2060.0,0.0,1.0,187.27272727272728,187.27272727272728,0.0
PRV54004,0.0,0.0,0.0,0.0,0.0,0.0,8.0,8.0,1090.0,136.25,0.0,0.0,8,8.0,1090.0,0.0,1.0,136.25,136.25,0.0
PRV54005,0.0,0.0,0.0,0.0,0.0,0.0,8.0,8.0,1800.0,225.0,20.0,2.5,8,8.0,1800.0,20.0,1.0,225.0,225.0,0.0
PRV54006,0.0,0.0,0.0,0.0,0.0,0.0,1.0,1.0,90.0,90.0,0.0,0.0,1,1.0,90.0,0.0,1.0,90.0,90.0,0.0
PRV54007,0.0,0.0,0.0,0.0,0.0,0.0,5.0,5.0,1400.0,280.0,40.0,8.0,5,5.0,1400.0,40.0,1.0,280.0,280.0,0.0
PRV54008,0.0,0.0,0.0,0.0,0.0,0.0,50.0,41.0,12860.0,257.2,260.0,5.2,41,50.0,12860.0,260.0,1.2195121951219512,313.6585365853659,257.2,0.0
PRV54009,0.0,0.0,0.0,0.0,0.0,0.0,1.0,1.0,40.0,40.0,0.0,0.0,1,1.0,40.0,0.0,1.0,40.0,40.0,0.0
PRV54011,0.0,0.0,0.0,0.0,0.0,0.0,2.0,2.0,70.0,35.0,0.0,0.0,2,2.0,70.0,0.0,1.0,35.0,35.0,0.0
PRV54012,0.0,0.0,0.0,0.0,0.0,0.0,8.0,8.0,3800.0,475.0,0.0,0.0,8,8.0,3800.0,0.0,1.0,475.0,475.0,0.0
PRV54013,0.0,0.0,0.0,0.0,0.0,0.0,1.0,1.0,100.0,100.0,0.0,0.0,1,1.0,100.0,0.0,1.0,100.0,100.0,0.0
PRV54014,0.0,0.0,0.0,0.0,0.0,0.0,2.0,2.0,410.0,205.0,0.0,0.0,2,2.0,410.0,0.0,1.0,205.0,205.0,0.0
PRV54016,0.0,0.0,0.0,0.0,0.0,0.0,4.0,4.0,640.0,160.0,80.0,20.0,4,4.0,640.0,80.0,1.0,160.0,160.0,0.0
PRV54017,0.0,0.0,0.0,0.0,0.0,0.0,13.0,13.0,2610.0,200.76923076923077,0.0,0.0,13,13.0,2610.0,0.0,1.0,200.76923076923077,200.76923076923077,0.0
PRV54019,0.0,0.0,0.0,0.0,0.0,0.0,4.0,4.0,900.0,225.0,0.0,0.0,4,4.0,900.0,0.0,1.0,225.0,225.0,0.0
PRV54020,0.0,0.0,0.0,0.0,0.0,0.0,7.0,6.0,2050.0,292.85714285714283,40.0,5.714285714285714,6,7.0,2050.0,40.0,1.1666666666666667,341.6666666666667,292.85714285714283,0.0
PRV54021,0.0,0.0,0.0,0.0,0.0,0.0,20.0,19.0,1980.0,99.0,190.0,9.5,19,20.0,1980.0,190.0,1.0526315789473684,104.21052631578948,99.0,0.0
PRV54023,0.0,0.0,0.0,0.0,0.0,0.0,18.0,14.0,2060.0,114.44444444444444,0.0,0.0,14,18.0,2060.0,0.0,1.2857142857142858,147.14285714285714,114.44444444444444,0.0
PRV54024,0.0,0.0,0.0,0.0,0.0,0.0,38.0,32.0,17870.0,470.2631578947368,40.0,1.0526315789473684,32,38.0,17870.0,40.0,1.1875,558.4375,470.2631578947368,0.0
PRV54025,0.0,0.0,0.0,0.0,0.0,0.0,20.0,18.0,8980.0,449.0,100.0,5.0,18,20.0,8980.0,100.0,1.1111111111111112,498.8888888888889,449.0,0.0
PRV54026,0.0,0.0,0.0,0.0,0.0,0.0,3.0,3.0,2420.0,806.6666666666666,50.0,16.666666666666668,3,3.0,2420.0,50.0,1.0,806.6666666666666,806.6666666666666,0.0
PRV54027,0.0,0.0,0.0,0.0,0.0,0.0,14.0,8.0,1390.0,99.28571428571429,0.0,0.0,8,14.0,1390.0,0.0,1.75,173.75,99.28571428571429,0.0
PRV54028,0.0,0.0,0.0,0.0,0.0,0.0,6.0,6.0,720.0,120.0,0.0,0.0,6,6.0,720.0,0.0,1.0,120.0,120.0,0.0
PRV54029,0.0,0.0,0.0,0.0,0.0,0.0,2.0,2.0,320.0,160.0,0.0,0.0,2,2.0,320.0,0.0,1.0,160.0,160.0,0.0
PRV54030,0.0,0.0,0.0,0.0,0.0,0.0,14.0,14.0,2820.0,201.42857142857142,0.0,0.0,14,14.0,2820.0,0.0,1.0,201.42857142857142,201.42857142857142,0.0
PRV54031,0.0,0.0,0.0,0.0,0.0,0.0,5.0,5.0,2270.0,454.0,100.0,20.0,5,5.0,2270.0,100.0,1.0,454.0,454.0,0.0
PRV54033,0.0,0.0,0.0,0.0,0.0,0.0,1.0,1.0,30.0,30.0,0.0,0.0,1,1.0,30.0,0.0,1.0,30.0,30.0,0.0
PRV54034,0.0,0.0,0.0,0.0,0.0,0.0,1.0,1.0,70.0,70.0,100.0,100.0,1,1.0,70.0,100.0,1.0,70.0,70.0,0.0
PRV54036,0.0,0.0,0.0,0.0,0.0,0.0,100.0,97.0,25890.0,258.9,340.0,3.4,97,100.0,25890.0,340.0,1.0309278350515463,266.9072164948454,258.9,0.0
PRV54037,0.0,0.0,0.0,0.0,0.0,0.0,17.0,16.0,10510.0,618.2352941176471,0.0,0.0,16,17.0,10510.0,0.0,1.0625,656.875,618.2352941176471,0.0
PRV54038,0.0,0.0,0.0,0.0,0.0,0.0,19.0,15.0,5840.0,307.36842105263156,80.0,4.2105263157894735,15,19.0,5840.0,80.0,1.2666666666666666,389.3333333333333,307.36842105263156,0.0
PRV54039,0.0,0.0,0.0,0.0,0.0,0.0,28.0,18.0,4770.0,170.35714285714286,50.0,1.7857142857142858,18,28.0,4770.0,50.0,1.5555555555555556,265.0,170.35714285714286,0.0
PRV54040,0.0,0.0,0.0,0.0,0.0,0.0,2.0,2.0,250.0,125.0,0.0,0.0,2,2.0,250.0,0.0,1.0,125.0,125.0,0.0
PRV54041,0.0,0.0,0.0,0.0,0.0,0.0,65.0,32.0,35330.0,543.5384615384615,200.0,3.076923076923077,32,65.0,35330.0,200.0,2.03125,1104.0625,543.5384615384615,0.0
PRV54043,0.0,0.0,0.0,0.0,0.0,0.0,3.0,3.0,5540.0,1846.6666666666667,0.0,0.0,3,3.0,5540.0,0.0,1.0,1846.6666666666667,1846.6666666666667,0.0
PRV54044,0.0,0.0,0.0,0.0,0.0,0.0,6.0,6.0,820.0,136.66666666666666,0.0,0.0,6,6.0,820.0,0.0,1.0,136.66666666666666,136.66666666666666,0.0
PRV54045,0.0,0.0,0.0,0.0,0.0,0.0,3.0,2.0,240.0,80.0,0.0,0.0,2,3.0,240.0,0.0,1.5,120.0,80.0,0.0
PRV54046,0.0,0.0,0.0,0.0,0.0,0.0,1.0,1.0,0.0,0.0,0.0,0.0,1,1.0,0.0,0.0,1.0,0.0,0.0,0.0
PRV54048,0.0,0.0,0.0,0.0,0.0,0.0,4.0,4.0,830.0,207.5,0.0,0.0,4,4.0,830.0,0.0,1.0,207.5,207.5,0.0
PRV54049,0.0,0.0,0.0,0.0,0.0,0.0,132.0,37.0,34600.0,262.1212121212121,330.0,2.5,37,132.0,34600.0,330.0,3.5675675675675675,935.1351351351351,262.1212121212121,0.0
PRV54050,0.0,0.0,0.0,0.0,0.0,0.0,1.0,1.0,500.0,500.0,0.0,0.0,1,1.0,500.0,0.0,1.0,500.0,500.0,0.0
PRV54051,5.0,5.0,38000.0,7600.0,5340.0,1068.0,0.0,0.0,0.0,0.0,0.0,0.0,5,5.0,38000.0,5340.0,1.0,7600.0,7600.0,1.0
PRV54052,6.0,6.0,75000.0,12500.0,6408.0,1068.0,0.0,0.0,0.0,0.0,0.0,0.0,6,6.0,75000.0,6408.0,1.0,12500.0,12500.0,1.0
PRV54053,0.0,0.0,0.0,0.0,0.0,0.0,1.0,1.0,10.0,10.0,0.0,0.0,1,1.0,10.0,0.0,1.0,10.0,10.0,0.0
PRV54054,1.0,1.0,5000.0,5000.0,1068.0,1068.0,0.0,0.0,0.0,0.0,0.0,0.0,1,1.0,5000.0,1068.0,1.0,5000.0,5000.0,1.0
PRV54055,25.0,25.0,214000.0,8560.0,25632.0,1068.0,0.0,0.0,0.0,0.0,0.0,0.0,25,25.0,214000.0,25632.0,1.0,8560.0,8560.0,1.0
PRV54056,21.0,15.0,197000.0,9380.952380952382,20292.0,1068.0,0.0,0.0,0.0,0.0,0.0,0.0,15,21.0,197000.0,20292.0,1.4,13133.333333333334,9380.952380952382,1.0
PRV54057,0.0,0.0,0.0,0.0,0.0,0.0,1.0,1.0,0.0,0.0,0.0,0.0,1,1.0,0.0,0.0,1.0,0.0,0.0,0.0
PRV54058,35.0,34.0,284000.0,8114.285714285715,37380.0,1068.0,0.0,0.0,0.0,0.0,0.0,0.0,34,35.0,284000.0,37380.0,1.0294117647058822,8352.941176470587,8114.285714285715,1.0
PRV54059,18.0,18.0,172000.0,9555.555555555555,19224.0,1068.0,0.0,0.0,0.0,0.0,0.0,0.0,18,18.0,172000.0,19224.0,1.0,9555.555555555555,9555.555555555555,1.0
PRV54060,16.0,16.0,164000.0,10250.0,17088.0,1068.0,0.0,0.0,0.0,0.0,0.0,0.0,16,16.0,164000.0,17088.0,1.0,10250.0,10250.0,1.0
PRV54061,4.0,3.0,30000.0,7500.0,4272.0,1068.0,7.0,7.0,470.0,67.14285714285714,10.0,1.4285714285714286,10,11.0,30470.0,4282.0,1.1,3047.0,2770.0,0.36363636363636365
PRV54062,2.0,2.0,15000.0,7500.0,2136.0,1068.0,9.0,8.0,2730.0,303.3333333333333,50.0,5.555555555555555,10,11.0,17730.0,2186.0,1.1,1773.0,1611.8181818181818,0.18181818181818182
PRV54063,1.0,1.0,3000.0,3000.0,1068.0,1068.0,16.0,12.0,5620.0,351.25,50.0,3.125,13,17.0,8620.0,1118.0,1.3076923076923077,663.0769230769231,507.05882352941177,0.058823529411764705
PRV54064,16.0,15.0,179000.0,11187.5,17088.0,1068.0,106.0,66.0,43200.0,407.54716981132077,810.0,7.6415094339622645,72,122.0,222200.0,17898.0,1.6944444444444444,3086.1111111111113,1821.311475409836,0.13114754098360656
PRV54065,24.0,20.0,238000.0,9916.666666666666,25632.0,1068.0,70.0,52.0,18620.0,266.0,110.0,1.5714285714285714,71,94.0,256620.0,25742.0,1.323943661971831,3614.3661971830984,2730.0,0.2553191489361702
PRV54066,0.0,0.0,0.0,0.0,0.0,0.0,148.0,110.0,41710.0,281.8243243243243,720.0,4.864864864864865,110,148.0,41710.0,720.0,1.3454545454545455,379.1818181818182,281.8243243243243,0.0
PRV54068,0.0,0.0,0.0,0.0,0.0,0.0,7.0,7.0,570.0,81.42857142857143,0.0,0.0,7,7.0,570.0,0.0,1.0,81.42857142857143,81.42857142857143,0.0
PRV54070,0.0,0.0,0.0,0.0,0.0,0.0,1467.0,1177.0,393990.0,268.56850715746424,3780.0,2.576687116564417,1177,1467.0,393990.0,3780.0,1.2463891248937977,334.7408666100255,268.56850715746424,0.0
PRV54071,8.0,8.0,78000.0,9750.0,8544.0,1068.0,428.0,319.0,151020.0,352.85046728971963,940.0,2.196261682242991,325,436.0,229020.0,9484.0,1.3415384615384616,704.6769230769231,525.2752293577981,0.01834862385321101
PRV54072,6.0,6.0,99000.0,16500.0,6408.0,1068.0,24.0,20.0,6640.0,276.6666666666667,0.0,0.0,26,30.0,105640.0,6408.0,1.1538461538461537,4063.076923076923,3521.3333333333335,0.2
PRV54073,7.0,6.0,100000.0,14285.714285714286,7476.0,1068.0,37.0,24.0,16390.0,442.97297297297297,140.0,3.7837837837837838,28,44.0,116390.0,7616.0,1.5714285714285714,4156.785714285715,2645.2272727272725,0.1590909090909091
PRV54074,23.0,23.0,319000.0,13869.565217391304,23496.0,1068.0,90.0,87.0,23890.0,265.44444444444446,320.0,3.5555555555555554,109,113.0,342890.0,23816.0,1.036697247706422,3145.7798165137615,3034.424778761062,0.20353982300884957
PRV54075,32.0,31.0,286000.0,8937.5,33108.0,1068.0,1487.0,890.0,411520.0,276.7451244115669,4660.0,3.133826496301278,910,1519.0,697520.0,37768.0,1.6692307692307693,766.5054945054945,459.1968400263331,0.02106649111257406
PRV54076,9.0,9.0,78000.0,8666.666666666666,9612.0,1068.0,43.0,41.0,13970.0,324.8837209302326,140.0,3.255813953488372,50,52.0,91970.0,9752.0,1.04,1839.4,1768.6538461538462,0.17307692307692307
PRV54077,52.0,46.0,521000.0,10019.23076923077,53400.0,1068.0,24.0,24.0,16320.0,680.0,0.0,0.0,70,76.0,537320.0,53400.0,1.0857142857142856,7676.0,7070.0,0.6842105263157895
PRV54078,20.0,18.0,193000.0,9650.0,20292.0,1068.0,99.0,91.0,21380.0,215.95959595959596,530.0,5.353535353535354,109,119.0,214380.0,20822.0,1.091743119266055,1966.788990825688,1801.5126050420167,0.16806722689075632
PRV54080,0.0,0.0,0.0,0.0,0.0,0.0,573.0,261.0,176370.0,307.80104712041884,1250.0,2.181500872600349,261,573.0,176370.0,1250.0,2.1954022988505746,675.7471264367816,307.80104712041884,0.0
PRV54081,11.0,10.0,135000.0,12272.727272727272,11748.0,1068.0,3.0,3.0,200.0,66.66666666666667,0.0,0.0,13,14.0,135200.0,11748.0,1.0769230769230769,10400.0,9657.142857142857,0.7857142857142857
PRV54082,5.0,5.0,35000.0,7000.0,5340.0,1068.0,6.0,6.0,450.0,75.0,0.0,0.0,11,11.0,35450.0,5340.0,1.0,3222.7272727272725,3222.7272727272725,0.45454545454545453
PRV54083,8.0,8.0,60000.0,7500.0,8544.0,1068.0,271.0,167.0,73780.0,272.2509225092251,820.0,3.025830258302583,173,279.0,133780.0,9364.0,1.6127167630057804,773.2947976878613,479.4982078853047,0.02867383512544803
PRV54084,8.0,8.0,73000.0,9125.0,8544.0,1068.0,41.0,36.0,9310.0,227.0731707317073,120.0,2.926829268292683,43,49.0,82310.0,8664.0,1.1395348837209303,1914.1860465116279,1679.795918367347,0.16326530612244897
PRV54085,58.0,58.0,552000.0,9517.241379310344,61944.0,1068.0,176.0,143.0,50110.0,284.71590909090907,560.0,3.1818181818181817,197,234.0,602110.0,62504.0,1.1878172588832487,3056.395939086294,2573.119658119658,0.24786324786324787
PRV54086,0.0,0.0,0.0,0.0,0.0,0.0,66.0,60.0,12550.0,190.15151515151516,280.0,4.242424242424242,60,66.0,12550.0,280.0,1.1,209.16666666666666,190.15151515151516,0.0
PRV54089,7.0,7.0,76000.0,10857.142857142857,7476.0,1068.0,34.0,34.0,15230.0,447.94117647058823,280.0,8.235294117647058,41,41.0,91230.0,7756.0,1.0,2225.121951219512,2225.121951219512,0.17073170731707318
PRV54090,32.0,27.0,281000.0,8781.25,34176.0,1068.0,158.0,105.0,39740.0,251.51898734177215,600.0,3.7974683544303796,123,190.0,320740.0,34776.0,1.5447154471544715,2607.642276422764,1688.1052631578948,0.16842105263157894
PRV54091,0.0,0.0,0.0,0.0,0.0,0.0,112.0,76.0,22820.0,203.75,130.0,1.1607142857142858,76,112.0,22820.0,130.0,1.4736842105263157,300.2631578947368,203.75,0.0
PRV54092,0.0,0.0,0.0,0.0,0.0,0.0,481.0,401.0,141550.0,294.28274428274426,1760.0,3.6590436590436592,401,481.0,141550.0,1760.0,1.199501246882793,352.9925187032419,294.28274428274426,0.0
PRV54093,41.0,40.0,501700.0,12236.585365853658,42720.0,1068.0,48.0,46.0,13280.0,276.6666666666667,180.0,3.75,86,89.0,514980.0,42900.0,1.0348837209302326,5988.139534883721,5786.29213483146,0.4606741573033708
PRV54096,0.0,0.0,0.0,0.0,0.0,0.0,7.0,7.0,920.0,131.42857142857142,0.0,0.0,7,7.0,920.0,0.0,1.0,131.42857142857142,131.42857142857142,0.0
PRV54098,9.0,7.0,57080.0,6342.222222222223,8544.0,1068.0,247.0,93.0,63320.0,256.3562753036437,500.0,2.0242914979757085,96,256.0,120400.0,9044.0,2.6666666666666665,1254.1666666666667,470.3125,0.03515625
PRV54099,14.0,14.0,144000.0,10285.714285714286,14952.0,1068.0,203.0,90.0,43860.0,216.0591133004926,630.0,3.103448275862069,97,217.0,187860.0,15582.0,2.2371134020618557,1936.701030927835,865.7142857142857,0.06451612903225806
PRV54101,11.0,10.0,60000.0,5454.545454545455,11748.0,1068.0,18.0,18.0,5790.0,321.6666666666667,0.0,0.0,28,29.0,65790.0,11748.0,1.0357142857142858,2349.6428571428573,2268.6206896551726,0.3793103448275862
PRV54102,9.0,7.0,88000.0,9777.777777777777,8544.0,1068.0,14.0,11.0,12720.0,908.5714285714286,50.0,3.5714285714285716,18,23.0,100720.0,8594.0,1.2777777777777777,5595.555555555556,4379.130434782609,0.391304347826087
PRV54103,8.0,7.0,58000.0,7250.0,8544.0,1068.0,179.0,79.0,46930.0,262.1787709497207,290.0,1.6201117318435754,82,187.0,104930.0,8834.0,2.2804878048780486,1279.6341463414635,561.1229946524064,0.0427807486631016
PRV54106,5.0,5.0,62000.0,12400.0,5340.0,1068.0,34.0,32.0,7910.0,232.64705882352942,140.0,4.117647058823529,37,39.0,69910.0,5480.0,1.054054054054054,1889.4594594594594,1792.5641025641025,0.1282051282051282
PRV54107,0.0,0.0,0.0,0.0,0.0,0.0,147.0,129.0,44080.0,299.86394557823127,220.0,1.4965986394557824,129,147.0,44080.0,220.0,1.1395348837209303,341.70542635658916,299.86394557823127,0.0
PRV54109,0.0,0.0,0.0,0.0,0.0,0.0,16.0,14.0,4950.0,309.375,30.0,1.875,14,16.0,4950.0,30.0,1.1428571428571428,353.57142857142856,309.375,0.0
PRV54110,0.0,0.0,0.0,0.0,0.0,0.0,7.0,7.0,450.0,64.28571428571429,20.0,2.857142857142857,7,7.0,450.0,20.0,1.0,64.28571428571429,64.28571428571429,0.0
PRV54111,54.0,43.0,548000.0,10148.148148148148,57672.0,1068.0,195.0,138.0,42000.0,215.3846153846154,530.0,2.717948717948718,176,249.0,590000.0,58202.0,1.4147727272727273,3352.2727272727275,2369.4779116465866,0.21686746987951808
PRV54112,0.0,0.0,0.0,0.0,0.0,0.0,31.0,18.0,6590.0,212.58064516129033,40.0,1.2903225806451613,18,31.0,6590.0,40.0,1.7222222222222223,366.1111111111111,212.58064516129033,0.0
PRV54113,0.0,0.0,0.0,0.0,0.0,0.0,1.0,1.0,60.0,60.0,0.0,0.0,1,1.0,60.0,0.0,1.0,60.0,60.0,0.0
PRV54114,3.0,3.0,20000.0,6666.666666666667,3204.0,1068.0,8.0,7.0,2790.0,348.75,140.0,17.5,9,11.0,22790.0,3344.0,1.2222222222222223,2532.222222222222,2071.818181818182,0.2727272727272727
PRV54115,0.0,0.0,0.0,0.0,0.0,0.0,4.0,4.0,170.0,42.5,0.0,0.0,4,4.0,170.0,0.0,1.0,42.5,42.5,0.0
PRV54116,0.0,0.0,0.0,0.0,0.0,0.0,16.0,4.0,1280.0,80.0,10.0,0.625,4,16.0,1280.0,10.0,4.0,320.0,80.0,0.0
PRV54117,0.0,0.0,0.0,0.0,0.0,0.0,6.0,6.0,320.0,53.333333333333336,0.0,0.0,6,6.0,320.0,0.0,1.0,53.333333333333336,53.333333333333336,0.0
PRV54118,0.0,0.0,0.0,0.0,0.0,0.0,8.0,8.0,470.0,58.75,100.0,12.5,8,8.0,470.0,100.0,1.0,58.75,58.75,0.0
PRV54119,0.0,0.0,0.0,0.0,0.0,0.0,14.0,12.0,1980.0,141.42857142857142,60.0,4.285714285714286,12,14.0,1980.0,60.0,1.1666666666666667,165.0,141.42857142857142,0.0
PRV54120,0.0,0.0,0.0,0.0,0.0,0.0,2.0,2.0,1000.0,500.0,0.0,0.0,2,2.0,1000.0,0.0,1.0,500.0,500.0,0.0
PRV54121,0.0,0.0,0.0,0.0,0.0,0.0,48.0,19.0,15370.0,320.2083333333333,140.0,2.9166666666666665,19,48.0,15370.0,140.0,2.526315789473684,808.9473684210526,320.2083333333333,0.0
PRV54122,0.0,0.0,0.0,0.0,0.0,0.0,4.0,4.0,510.0,127.5,0.0,0.0,4,4.0,510.0,0.0,1.0,127.5,127.5,0.0
PRV54123,0.0,0.0,0.0,0.0,0.0,0.0,2.0,2.0,110.0,55.0,60.0,30.0,2,2.0,110.0,60.0,1.0,55.0,55.0,0.0
PRV54124,0.0,0.0,0.0,0.0,0.0,0.0,5.0,5.0,700.0,140.0,0.0,0.0,5,5.0,700.0,0.0,1.0,140.0,140.0,0.0
PRV54125,0.0,0.0,0.0,0.0,0.0,0.0,11.0,10.0,7180.0,652.7272727272727,0.0,0.0,10,11.0,7180.0,0.0,1.1,718.0,652.7272727272727,0.0
PRV54127,0.0,0.0,0.0,0.0,0.0,0.0,28.0,25.0,9100.0,325.0,0.0,0.0,25,28.0,9100.0,0.0,1.12,364.0,325.0,0.0
PRV54128,0.0,0.0,0.0,0.0,0.0,0.0,27.0,9.0,10440.0,386.6666666666667,0.0,0.0,9,27.0,10440.0,0.0,3.0,1160.0,386.6666666666667,0.0
PRV54129,0.0,0.0,0.0,0.0,0.0,0.0,5.0,5.0,3120.0,624.0,0.0,0.0,5,5.0,3120.0,0.0,1.0,624.0,624.0,0.0
PRV54130,0.0,0.0,0.0,0.0,0.0,0.0,64.0,36.0,9210.0,143.90625,220.0,3.4375,36,64.0,9210.0,220.0,1.7777777777777777,255.83333333333334,143.90625,0.0
PRV54131,0.0,0.0,0.0,0.0,0.0,0.0,24.0,12.0,4010.0,167.08333333333334,10.0,0.4166666666666667,12,24.0,4010.0,10.0,2.0,334.1666666666667,167.08333333333334,0.0
PRV54132,0.0,0.0,0.0,0.0,0.0,0.0,5.0,5.0,530.0,106.0,0.0,0.0,5,5.0,530.0,0.0,1.0,106.0,106.0,0.0
PRV54133,0.0,0.0,0.0,0.0,0.0,0.0,25.0,24.0,3560.0,142.4,0.0,0.0,24,25.0,3560.0,0.0,1.0416666666666667,148.33333333333334,142.4,0.0
PRV54134,2.0,2.0,10000.0,5000.0,2136.0,1068.0,42.0,34.0,17250.0,410.7142857142857,70.0,1.6666666666666667,36,44.0,27250.0,2206.0,1.2222222222222223,756.9444444444445,619.3181818181819,0.045454545454545456
PRV54135,0.0,0.0,0.0,0.0,0.0,0.0,3.0,2.0,260.0,86.66666666666667,0.0,0.0,2,3.0,260.0,0.0,1.5,130.0,86.66666666666667,0.0
PRV54136,0.0,0.0,0.0,0.0,0.0,0.0,30.0,16.0,7570.0,252.33333333333334,120.0,4.0,16,30.0,7570.0,120.0,1.875,473.125,252.33333333333334,0.0
PRV54139,5.0,4.0,39000.0,7800.0,5340.0,1068.0,94.0,51.0,22480.0,239.14893617021278,180.0,1.9148936170212767,52,99.0,61480.0,5520.0,1.9038461538461537,1182.3076923076924,621.010101010101,0.050505050505050504
PRV54140,0.0,0.0,0.0,0.0,0.0,0.0,6.0,6.0,230.0,38.333333333333336,0.0,0.0,6,6.0,230.0,0.0,1.0,38.333333333333336,38.333333333333336,0.0
PRV54141,0.0,0.0,0.0,0.0,0.0,0.0,31.0,11.0,9100.0,293.5483870967742,10.0,0.3225806451612903,11,31.0,9100.0,10.0,2.8181818181818183,827.2727272727273,293.5483870967742,0.0
PRV54142,0.0,0.0,0.0,0.0,0.0,0.0,28.0,7.0,9940.0,355.0,100.0,3.5714285714285716,7,28.0,9940.0,100.0,4.0,1420.0,355.0,0.0
PRV54144,0.0,0.0,0.0,0.0,0.0,0.0,294.0,103.0,73130.0,248.74149659863946,830.0,2.82312925170068,103,294.0,73130.0,830.0,2.854368932038835,710.0,248.74149659863946,0.0
PRV54145,0.0,0.0,0.0,0.0,0.0,0.0,6.0,5.0,6320.0,1053.3333333333333,20.0,3.3333333333333335,5,6.0,6320.0,20.0,1.2,1264.0,1053.3333333333333,0.0
PRV54146,0.0,0.0,0.0,0.0,0.0,0.0,5.0,3.0,240.0,48.0,0.0,0.0,3,5.0,240.0,0.0,1.6666666666666667,80.0,48.0,0.0
PRV54148,0.0,0.0,0.0,0.0,0.0,0.0,1.0,1.0,90.0,90.0,0.0,0.0,1,1.0,90.0,0.0,1.0,90.0,90.0,0.0
PRV54149,5.0,3.0,32000.0,6400.0,5340.0,1068.0,11.0,11.0,2700.0,245.45454545454547,0.0,0.0,14,16.0,34700.0,5340.0,1.1428571428571428,2478.5714285714284,2168.75,0.3125
PRV54150,0.0,0.0,0.0,0.0,0.0,0.0,25.0,24.0,11020.0,440.8,170.0,6.8,24,25.0,11020.0,170.0,1.0416666666666667,459.1666666666667,440.8,0.0
PRV54153,3.0,3.0,40000.0,13333.333333333334,3204.0,1068.0,11.0,8.0,1410.0,128.1818181818182,0.0,0.0,11,14.0,41410.0,3204.0,1.2727272727272727,3764.5454545454545,2957.8571428571427,0.21428571428571427
PRV54154,0.0,0.0,0.0,0.0,0.0,0.0,12.0,11.0,1640.0,136.66666666666666,0.0,0.0,11,12.0,1640.0,0.0,1.0909090909090908,149.0909090909091,136.66666666666666,0.0
PRV54155,1.0,1.0,13000.0,13000.0,1068.0,1068.0,50.0,29.0,11440.0,228.8,220.0,4.4,29,51.0,24440.0,1288.0,1.7586206896551724,842.7586206896551,479.2156862745098,0.0196078431372549
PRV54156,0.0,0.0,0.0,0.0,0.0,0.0,121.0,46.0,30480.0,251.900826446281,230.0,1.9008264462809918,46,121.0,30480.0,230.0,2.630434782608696,662.6086956521739,251.900826446281,0.0
PRV54157,0.0,0.0,0.0,0.0,0.0,0.0,130.0,51.0,27980.0,215.23076923076923,180.0,1.3846153846153846,51,130.0,27980.0,180.0,2.549019607843137,548.6274509803922,215.23076923076923,0.0
PRV54158,0.0,0.0,0.0,0.0,0.0,0.0,9.0,9.0,2360.0,262.22222222222223,0.0,0.0,9,9.0,2360.0,0.0,1.0,262.22222222222223,262.22222222222223,0.0
PRV54159,0.0,0.0,0.0,0.0,0.0,0.0,34.0,22.0,14400.0,423.52941176470586,100.0,2.9411764705882355,22,34.0,14400.0,100.0,1.5454545454545454,654.5454545454545,423.52941176470586,0.0
PRV54160,0.0,0.0,0.0,0.0,0.0,0.0,9.0,9.0,4370.0,485.55555555555554,0.0,0.0,9,9.0,4370.0,0.0,1.0,485.55555555555554,485.55555555555554,0.0
PRV54162,0.0,0.0,0.0,0.0,0.0,0.0,32.0,18.0,8160.0,255.0,40.0,1.25,18,32.0,8160.0,40.0,1.7777777777777777,453.3333333333333,255.0,0.0
PRV54163,0.0,0.0,0.0,0.0,0.0,0.0,41.0,24.0,8820.0,215.1219512195122,130.0,3.1707317073170733,24,41.0,8820.0,130.0,1.7083333333333333,367.5,215.1219512195122,0.0
PRV54164,1.0,1.0,4000.0,4000.0,1068.0,1068.0,1.0,1.0,100.0,100.0,0.0,0.0,2,2.0,4100.0,1068.0,1.0,2050.0,2050.0,0.5
PRV54166,0.0,0.0,0.0,0.0,0.0,0.0,20.0,17.0,6500.0,325.0,0.0,0.0,17,20.0,6500.0,0.0,1.1764705882352942,382.3529411764706,325.0,0.0
PRV54167,0.0,0.0,0.0,0.0,0.0,0.0,9.0,8.0,1840.0,204.44444444444446,100.0,11.11111111111111,8,9.0,1840.0,100.0,1.125,230.0,204.44444444444446,0.0
PRV54168,1.0,1.0,7000.0,7000.0,1068.0,1068.0,66.0,38.0,27350.0,414.3939393939394,350.0,5.303030303030303,39,67.0,34350.0,1418.0,1.7179487179487178,880.7692307692307,512.6865671641791,0.014925373134328358
PRV54171,0.0,0.0,0.0,0.0,0.0,0.0,72.0,27.0,20740.0,288.05555555555554,330.0,4.583333333333333,27,72.0,20740.0,330.0,2.6666666666666665,768.1481481481482,288.05555555555554,0.0
PRV54172,0.0,0.0,0.0,0.0,0.0,0.0,2.0,2.0,140.0,70.0,0.0,0.0,2,2.0,140.0,0.0,1.0,70.0,70.0,0.0
PRV54173,0.0,0.0,0.0,0.0,0.0,0.0,7.0,7.0,640.0,91.42857142857143,0.0,0.0,7,7.0,640.0,0.0,1.0,91.42857142857143,91.42857142857143,0.0
PRV54175,0.0,0.0,0.0,0.0,0.0,0.0,1.0,1.0,80.0,80.0,0.0,0.0,1,1.0,80.0,0.0,1.0,80.0,80.0,0.0
PRV54176,0.0,0.0,0.0,0.0,0.0,0.0,10.0,10.0,1670.0,167.0,0.0,0.0,10,10.0,1670.0,0.0,1.0,167.0,167.0,0.0
PRV54177,0.0,0.0,0.0,0.0,0.0,0.0,2.0,2.0,1100.0,550.0,0.0,0.0,2,2.0,1100.0,0.0,1.0,550.0,550.0,0.0
PRV54178,0.0,0.0,0.0,0.0,0.0,0.0,2.0,2.0,90.0,45.0,0.0,0.0,2,2.0,90.0,0.0,1.0,45.0,45.0,0.0
PRV54179,0.0,0.0,0.0,0.0,0.0,0.0,1.0,1.0,0.0,0.0,0.0,0.0,1,1.0,0.0,0.0,1.0,0.0,0.0,0.0
PRV54180,0.0,0.0,0.0,0.0,0.0,0.0,2.0,2.0,150.0,75.0,0.0,0.0,2,2.0,150.0,0.0,1.0,75.0,75.0,0.0
PRV54181,0.0,0.0,0.0,0.0,0.0,0.0,4.0,4.0,190.0,47.5,0.0,0.0,4,4.0,190.0,0.0,1.0,47.5,47.5,0.0
PRV54182,0.0,0.0,0.0,0.0,0.0,0.0,4.0,4.0,1750.0,437.5,0.0,0.0,4,4.0,1750.0,0.0,1.0,437.5,437.5,0.0
PRV54183,0.0,0.0,0.0,0.0,0.0,0.0,2.0,2.0,4400.0,2200.0,0.0,0.0,2,2.0,4400.0,0.0,1.0,2200.0,2200.0,0.0
PRV54184,0.0,0.0,0.0,0.0,0.0,0.0,10.0,8.0,3560.0,356.0,0.0,0.0,8,10.0,3560.0,0.0,1.25,445.0,356.0,0.0
PRV54185,0.0,0.0,0.0,0.0,0.0,0.0,2.0,2.0,350.0,175.0,0.0,0.0,2,2.0,350.0,0.0,1.0,175.0,175.0,0.0
PRV54186,0.0,0.0,0.0,0.0,0.0,0.0,11.0,7.0,1730.0,157.27272727272728,0.0,0.0,7,11.0,1730.0,0.0,1.5714285714285714,247.14285714285714,157.27272727272728,0.0
PRV54187,0.0,0.0,0.0,0.0,0.0,0.0,1.0,1.0,200.0,200.0,0.0,0.0,1,1.0,200.0,0.0,1.0,200.0,200.0,0.0
PRV54188,0.0,0.0,0.0,0.0,0.0,0.0,4.0,4.0,3060.0,765.0,0.0,0.0,4,4.0,3060.0,0.0,1.0,765.0,765.0,0.0
PRV54191,0.0,0.0,0.0,0.0,0.0,0.0,2.0,2.0,360.0,180.0,0.0,0.0,2,2.0,360.0,0.0,1.0,180.0,180.0,0.0
PRV54192,0.0,0.0,0.0,0.0,0.0,0.0,2.0,2.0,890.0,445.0,0.0,0.0,2,2.0,890.0,0.0,1.0,445.0,445.0,0.0
PRV54193,0.0,0.0,0.0,0.0,0.0,0.0,24.0,12.0,4030.0,167.91666666666666,0.0,0.0,12,24.0,4030.0,0.0,2.0,335.8333333333333,167.91666666666666,0.0
PRV54194,0.0,0.0,0.0,0.0,0.0,0.0,7.0,7.0,3630.0,518.5714285714286,0.0,0.0,7,7.0,3630.0,0.0,1.0,518.5714285714286,518.5714285714286,0.0
PRV54196,0.0,0.0,0.0,0.0,0.0,0.0,10.0,10.0,4320.0,432.0,0.0,0.0,10,10.0,4320.0,0.0,1.0,432.0,432.0,0.0
PRV54197,0.0,0.0,0.0,0.0,0.0,0.0,14.0,12.0,850.0,60.714285714285715,0.0,0.0,12,14.0,850.0,0.0,1.1666666666666667,70.83333333333333,60.714285714285715,0.0
PRV54198,0.0,0.0,0.0,0.0,0.0,0.0,6.0,6.0,490.0,81.66666666666667,0.0,0.0,6,6.0,490.0,0.0,1.0,81.66666666666667,81.66666666666667,0.0
PRV54199,0.0,0.0,0.0,0.0,0.0,0.0,1.0,1.0,40.0,40.0,0.0,0.0,1,1.0,40.0,0.0,1.0,40.0,40.0,0.0
PRV54200,13.0,13.0,173090.0,13314.615384615385,13884.0,1068.0,0.0,0.0,0.0,0.0,0.0,0.0,13,13.0,173090.0,13884.0,1.0,13314.615384615385,13314.615384615385,1.0
PRV54201,4.0,4.0,19600.0,4900.0,4272.0,1068.0,0.0,0.0,0.0,0.0,0.0,0.0,4,4.0,19600.0,4272.0,1.0,4900.0,4900.0,1.0
PRV54202,10.0,10.0,137000.0,13700.0,9612.0,1068.0,0.0,0.0,0.0,0.0,0.0,0.0,10,10.0,137000.0,9612.0,1.0,13700.0,13700.0,1.0
PRV54203,0.0,0.0,0.0,0.0,0.0,0.0,51.0,45.0,12930.0,253.52941176470588,160.0,3.1372549019607843,45,51.0,12930.0,160.0,1.1333333333333333,287.3333333333333,253.52941176470588,0.0
PRV54204,4.0,4.0,62200.0,15550.0,4272.0,1068.0,0.0,0.0,0.0,0.0,0.0,0.0,4,4.0,62200.0,4272.0,1.0,15550.0,15550.0,1.0
PRV54205,9.0,8.0,65000.0,7222.222222222223,9612.0,1068.0,0.0,0.0,0.0,0.0,0.0,0.0,8,9.0,65000.0,9612.0,1.125,8125.0,7222.222222222223,1.0
PRV54206,1.0,1.0,10000.0,10000.0,1068.0,1068.0,43.0,40.0,11400.0,265.1162790697674,50.0,1.1627906976744187,41,44.0,21400.0,1118.0,1.0731707317073171,521.9512195121952,486.3636363636364,0.022727272727272728
PRV54207,0.0,0.0,0.0,0.0,0.0,0.0,41.0,32.0,6950.0,169.5121951219512,100.0,2.4390243902439024,32,41.0,6950.0,100.0,1.28125,217.1875,169.5121951219512,0.0
PRV54208,10.0,8.0,109300.0,10930.0,10680.0,1068.0,17.0,16.0,4860.0,285.88235294117646,0.0,0.0,24,27.0,114160.0,10680.0,1.125,4756.666666666667,4228.148148148148,0.37037037037037035
PRV54209,20.0,19.0,146600.0,7330.0,21360.0,1068.0,131.0,122.0,32300.0,246.5648854961832,470.0,3.5877862595419847,139,151.0,178900.0,21830.0,1.0863309352517985,1287.0503597122301,1184.76821192053,0.13245033112582782
PRV54210,0.0,0.0,0.0,0.0,0.0,0.0,20.0,18.0,4610.0,230.5,100.0,5.0,18,20.0,4610.0,100.0,1.1111111111111112,256.1111111111111,230.5,0.0
PRV54212,0.0,0.0,0.0,0.0,0.0,0.0,54.0,32.0,11920.0,220.74074074074073,0.0,0.0,32,54.0,11920.0,0.0,1.6875,372.5,220.74074074074073,0.0
PRV54213,21.0,19.0,160000.0,7619.047619047619,22428.0,1068.0,46.0,42.0,9320.0,202.6086956521739,90.0,1.9565217391304348,61,67.0,169320.0,22518.0,1.098360655737705,2775.7377049180327,2527.1641791044776,0.31343283582089554
PRV54215,14.0,11.0,142000.0,10142.857142857143,12816.0,1068.0,17.0,15.0,2370.0,139.41176470588235,60.0,3.5294117647058822,26,31.0,144370.0,12876.0,1.1923076923076923,5552.692307692308,4657.096774193548,0.45161290322580644
PRV54216,10.0,10.0,150000.0,15000.0,10680.0,1068.0,39.0,34.0,13340.0,342.05128205128204,0.0,0.0,43,49.0,163340.0,10680.0,1.1395348837209303,3798.6046511627906,3333.469387755102,0.20408163265306123
PRV54217,0.0,0.0,0.0,0.0,0.0,0.0,30.0,14.0,5260.0,175.33333333333334,100.0,3.3333333333333335,14,30.0,5260.0,100.0,2.142857142857143,375.7142857142857,175.33333333333334,0.0
PRV54219,0.0,0.0,0.0,0.0,0.0,0.0,101.0,33.0,18730.0,185.44554455445544,90.0,0.8910891089108911,33,101.0,18730.0,90.0,3.0606060606060606,567.5757575757576,185.44554455445544,0.0
PRV54220,8.0,7.0,165000.0,20625.0,7476.0,1068.0,24.0,23.0,20140.0,839.1666666666666,0.0,0.0,29,32.0,185140.0,7476.0,1.103448275862069,6384.137931034483,5785.625,0.25
PRV54222,0.0,0.0,0.0,0.0,0.0,0.0,19.0,11.0,3130.0,164.73684210526315,0.0,0.0,11,19.0,3130.0,0.0,1.7272727272727273,284.54545454545456,164.73684210526315,0.0
PRV54223,0.0,0.0,0.0,0.0,0.0,0.0,74.0,25.0,16480.0,222.7027027027027,160.0,2.1621621621621623,25,74.0,16480.0,160.0,2.96,659.2,222.7027027027027,0.0
PRV54224,0.0,0.0,0.0,0.0,0.0,0.0,43.0,23.0,15460.0,359.5348837209302,30.0,0.6976744186046512,23,43.0,15460.0,30.0,1.8695652173913044,672.1739130434783,359.5348837209302,0.0
PRV54225,0.0,0.0,0.0,0.0,0.0,0.0,104.0,59.0,53620.0,515.5769230769231,530.0,5.096153846153846,59,104.0,53620.0,530.0,1.7627118644067796,908.8135593220339,515.5769230769231,0.0
PRV54226,0.0,0.0,0.0,0.0,0.0,0.0,13.0,11.0,760.0,58.46153846153846,0.0,0.0,11,13.0,760.0,0.0,1.1818181818181819,69.0909090909091,58.46153846153846,0.0
PRV54227,0.0,0.0,0.0,0.0,0.0,0.0,53.0,47.0,7630.0,143.96226415094338,30.0,0.5660377358490566,47,53.0,7630.0,30.0,1.127659574468085,162.3404255319149,143.96226415094338,0.0
PRV54228,41.0,29.0,304000.0,7414.634146341464,42720.0,1068.0,311.0,188.0,102000.0,327.9742765273312,460.0,1.4790996784565917,198,352.0,406000.0,43180.0,1.7777777777777777,2050.5050505050503,1153.409090909091,0.11647727272727272
PRV54230,44.0,39.0,391000.0,8886.363636363636,46992.0,1068.0,82.0,79.0,17650.0,215.2439024390244,490.0,5.975609756097561,113,126.0,408650.0,47482.0,1.1150442477876106,3616.3716814159293,3243.253968253968,0.3492063492063492
PRV54231,0.0,0.0,0.0,0.0,0.0,0.0,190.0,64.0,67880.0,357.2631578947368,330.0,1.736842105263158,64,190.0,67880.0,330.0,2.96875,1060.625,357.2631578947368,0.0
PRV54232,8.0,6.0,98500.0,12312.5,8544.0,1068.0,34.0,28.0,9250.0,272.05882352941177,0.0,0.0,34,42.0,107750.0,8544.0,1.2352941176470589,3169.1176470588234,2565.4761904761904,0.19047619047619047
PRV54233,1.0,1.0,6000.0,6000.0,1068.0,1068.0,6.0,6.0,350.0,58.333333333333336,0.0,0.0,7,7.0,6350.0,1068.0,1.0,907.1428571428571,907.1428571428571,0.14285714285714285
PRV54235,0.0,0.0,0.0,0.0,0.0,0.0,16.0,13.0,4280.0,267.5,0.0,0.0,13,16.0,4280.0,0.0,1.2307692307692308,329.2307692307692,267.5,0.0
PRV54237,0.0,0.0,0.0,0.0,0.0,0.0,234.0,119.0,52560.0,224.6153846153846,920.0,3.9316239316239314,119,234.0,52560.0,920.0,1.9663865546218486,441.6806722689076,224.6153846153846,0.0
PRV54238,0.0,0.0,0.0,0.0,0.0,0.0,348.0,153.0,92890.0,266.92528735632186,900.0,2.586206896551724,153,348.0,92890.0,900.0,2.2745098039215685,607.124183006536,266.92528735632186,0.0
PRV54239,0.0,0.0,0.0,0.0,0.0,0.0,62.0,44.0,20980.0,338.38709677419354,180.0,2.903225806451613,44,62.0,20980.0,180.0,1.4090909090909092,476.8181818181818,338.38709677419354,0.0
PRV54240,0.0,0.0,0.0,0.0,0.0,0.0,72.0,37.0,14400.0,200.0,290.0,4.027777777777778,37,72.0,14400.0,290.0,1.945945945945946,389.18918918918916,200.0,0.0
PRV54242,4.0,4.0,28000.0,7000.0,4272.0,1068.0,84.0,70.0,25270.0,300.8333333333333,120.0,1.4285714285714286,74,88.0,53270.0,4392.0,1.1891891891891893,719.8648648648649,605.3409090909091,0.045454545454545456
PRV54244,49.0,46.0,520800.0,10628.57142857143,50196.0,1068.0,182.0,151.0,55570.0,305.3296703296703,380.0,2.087912087912088,189,231.0,576370.0,50576.0,1.2222222222222223,3049.5767195767194,2495.1082251082253,0.21212121212121213
PRV54245,14.0,13.0,119000.0,8500.0,14952.0,1068.0,159.0,93.0,38450.0,241.8238993710692,790.0,4.968553459119497,104,173.0,157450.0,15742.0,1.6634615384615385,1513.9423076923076,910.1156069364162,0.08092485549132948
PRV54246,0.0,0.0,0.0,0.0,0.0,0.0,43.0,27.0,9900.0,230.2325581395349,120.0,2.7906976744186047,27,43.0,9900.0,120.0,1.5925925925925926,366.6666666666667,230.2325581395349,0.0
PRV54247,4.0,4.0,28000.0,7000.0,4272.0,1068.0,66.0,44.0,19030.0,288.3333333333333,140.0,2.121212121212121,48,70.0,47030.0,4412.0,1.4583333333333333,979.7916666666666,671.8571428571429,0.05714285714285714
PRV54250,0.0,0.0,0.0,0.0,0.0,0.0,62.0,61.0,22530.0,363.38709677419354,220.0,3.5483870967741935,61,62.0,22530.0,220.0,1.0163934426229508,369.344262295082,363.38709677419354,0.0
PRV54251,6.0,6.0,57000.0,9500.0,6408.0,1068.0,41.0,29.0,20590.0,502.1951219512195,100.0,2.4390243902439024,32,47.0,77590.0,6508.0,1.46875,2424.6875,1650.8510638297873,0.1276595744680851
PRV54252,0.0,0.0,0.0,0.0,0.0,0.0,17.0,16.0,6030.0,354.70588235294116,0.0,0.0,16,17.0,6030.0,0.0,1.0625,376.875,354.70588235294116,0.0
PRV54253,4.0,4.0,80000.0,20000.0,4272.0,1068.0,10.0,9.0,2850.0,285.0,0.0,0.0,13,14.0,82850.0,4272.0,1.0769230769230769,6373.076923076923,5917.857142857143,0.2857142857142857
PRV54254,0.0,0.0,0.0,0.0,0.0,0.0,104.0,44.0,23140.0,222.5,290.0,2.7884615384615383,44,104.0,23140.0,290.0,2.3636363636363638,525.9090909090909,222.5,0.0
PRV54255,0.0,0.0,0.0,0.0,0.0,0.0,232.0,154.0,107230.0,462.19827586206895,160.0,0.6896551724137931,154,232.0,107230.0,160.0,1.5064935064935066,696.2987012987013,462.19827586206895,0.0
PRV54256,5.0,5.0,39000.0,7800.0,5340.0,1068.0,257.0,95.0,78080.0,303.81322957198444,590.0,2.2957198443579765,100,262.0,117080.0,5930.0,2.62,1170.8,446.8702290076336,0.019083969465648856
PRV54257,0.0,0.0,0.0,0.0,0.0,0.0,282.0,134.0,69540.0,246.59574468085106,620.0,2.198581560283688,134,282.0,69540.0,620.0,2.1044776119402986,518.955223880597,246.59574468085106,0.0
PRV54258,118.0,95.0,1186000.0,10050.847457627118,119616.0,1068.0,120.0,110.0,31250.0,260.4166666666667,200.0,1.6666666666666667,201,238.0,1217250.0,119816.0,1.1840796019900497,6055.9701492537315,5114.495798319328,0.4957983193277311
PRV54259,12.0,10.0,78000.0,6500.0,12816.0,1068.0,17.0,16.0,11900.0,700.0,0.0,0.0,26,29.0,89900.0,12816.0,1.1153846153846154,3457.6923076923076,3100.0,0.41379310344827586
PRV54261,0.0,0.0,0.0,0.0,0.0,0.0,75.0,66.0,25490.0,339.8666666666667,380.0,5.066666666666666,66,75.0,25490.0,380.0,1.1363636363636365,386.2121212121212,339.8666666666667,0.0
PRV54262,1.0,1.0,3000.0,3000.0,1068.0,1068.0,0.0,0.0,0.0,0.0,0.0,0.0,1,1.0,3000.0,1068.0,1.0,3000.0,3000.0,1.0
PRV54263,1.0,1.0,4000.0,4000.0,1068.0,1068.0,5.0,5.0,860.0,172.0,100.0,20.0,6,6.0,4860.0,1168.0,1.0,810.0,810.0,0.16666666666666666
PRV54265,0.0,0.0,0.0,0.0,0.0,0.0,406.0,197.0,112930.0,278.1527093596059,1360.0,3.3497536945812807,197,406.0,112930.0,1360.0,2.0609137055837565,573.248730964467,278.1527093596059,0.0
PRV54266,21.0,18.0,328000.0,15619.047619047618,21360.0,1068.0,44.0,42.0,11180.0,254.0909090909091,90.0,2.0454545454545454,59,65.0,339180.0,21450.0,1.1016949152542372,5748.813559322034,5218.153846153846,0.3230769230769231
PRV54267,0.0,0.0,0.0,0.0,0.0,0.0,226.0,84.0,78960.0,349.3805309734513,550.0,2.433628318584071,84,226.0,78960.0,550.0,2.6904761904761907,940.0,349.3805309734513,0.0
PRV54269,0.0,0.0,0.0,0.0,0.0,0.0,118.0,26.0,32740.0,277.45762711864404,290.0,2.457627118644068,26,118.0,32740.0,290.0,4.538461538461538,1259.2307692307693,277.45762711864404,0.0
PRV54270,0.0,0.0,0.0,0.0,0.0,0.0,34.0,27.0,11320.0,332.94117647058823,150.0,4.411764705882353,27,34.0,11320.0,150.0,1.2592592592592593,419.25925925925924,332.94117647058823,0.0
PRV54271,0.0,0.0,0.0,0.0,0.0,0.0,29.0,12.0,6240.0,215.17241379310346,130.0,4.482758620689655,12,29.0,6240.0,130.0,2.4166666666666665,520.0,215.17241379310346,0.0
PRV54273,0.0,0.0,0.0,0.0,0.0,0.0,234.0,108.0,72020.0,307.77777777777777,930.0,3.9743589743589745,108,234.0,72020.0,930.0,2.1666666666666665,666.8518518518518,307.77777777777777,0.0
PRV54274,0.0,0.0,0.0,0.0,0.0,0.0,47.0,17.0,16740.0,356.17021276595744,40.0,0.851063829787234,17,47.0,16740.0,40.0,2.764705882352941,984.7058823529412,356.17021276595744,0.0
PRV54275,0.0,0.0,0.0,0.0,0.0,0.0,1.0,1.0,50.0,50.0,0.0,0.0,1,1.0,50.0,0.0,1.0,50.0,50.0,0.0
PRV54276,4.0,4.0,86000.0,21500.0,4272.0,1068.0,73.0,33.0,14810.0,202.87671232876713,320.0,4.383561643835616,35,77.0,100810.0,4592.0,2.2,2880.285714285714,1309.2207792207791,0.05194805194805195
PRV54278,0.0,0.0,0.0,0.0,0.0,0.0,61.0,27.0,19690.0,322.78688524590166,140.0,2.2950819672131146,27,61.0,19690.0,140.0,2.259259259259259,729.2592592592592,322.78688524590166,0.0
PRV54280,0.0,0.0,0.0,0.0,0.0,0.0,20.0,15.0,7030.0,351.5,0.0,0.0,15,20.0,7030.0,0.0,1.3333333333333333,468.6666666666667,351.5,0.0
PRV54282,0.0,0.0,0.0,0.0,0.0,0.0,19.0,11.0,6540.0,344.2105263157895,70.0,3.6842105263157894,11,19.0,6540.0,70.0,1.7272727272727273,594.5454545454545,344.2105263157895,0.0
PRV54283,0.0,0.0,0.0,0.0,0.0,0.0,5.0,5.0,550.0,110.0,0.0,0.0,5,5.0,550.0,0.0,1.0,110.0,110.0,0.0
PRV54284,8.0,5.0,58000.0,7250.0,8544.0,1068.0,105.0,43.0,38100.0,362.85714285714283,230.0,2.1904761904761907,43,113.0,96100.0,8774.0,2.627906976744186,2234.8837209302324,850.4424778761062,0.07079646017699115
PRV54285,0.0,0.0,0.0,0.0,0.0,0.0,20.0,16.0,2550.0,127.5,200.0,10.0,16,20.0,2550.0,200.0,1.25,159.375,127.5,0.0
PRV54287,0.0,0.0,0.0,0.0,0.0,0.0,155.0,67.0,37900.0,244.51612903225808,720.0,4.645161290322581,67,155.0,37900.0,720.0,2.3134328358208953,565.6716417910447,244.51612903225808,0.0
PRV54288,0.0,0.0,0.0,0.0,0.0,0.0,15.0,13.0,4100.0,273.3333333333333,0.0,0.0,13,15.0,4100.0,0.0,1.1538461538461537,315.38461538461536,273.3333333333333,0.0
PRV54289,0.0,0.0,0.0,0.0,0.0,0.0,56.0,28.0,17720.0,316.42857142857144,170.0,3.0357142857142856,28,56.0,17720.0,170.0,2.0,632.8571428571429,316.42857142857144,0.0
PRV54290,0.0,0.0,0.0,0.0,0.0,0.0,6.0,6.0,3300.0,550.0,0.0,0.0,6,6.0,3300.0,0.0,1.0,550.0,550.0,0.0
PRV54291,0.0,0.0,0.0,0.0,0.0,0.0,10.0,9.0,1710.0,171.0,60.0,6.0,9,10.0,1710.0,60.0,1.1111111111111112,190.0,171.0,0.0
PRV54293,0.0,0.0,0.0,0.0,0.0,0.0,2.0,2.0,2520.0,1260.0,0.0,0.0,2,2.0,2520.0,0.0,1.0,1260.0,1260.0,0.0
PRV54294,0.0,0.0,0.0,0.0,0.0,0.0,1.0,1.0,60.0,60.0,0.0,0.0,1,1.0,60.0,0.0,1.0,60.0,60.0,0.0
PRV54295,0.0,0.0,0.0,0.0,0.0,0.0,1.0,1.0,3300.0,3300.0,0.0,0.0,1,1.0,3300.0,0.0,1.0,3300.0,3300.0,0.0
PRV54296,0.0,0.0,0.0,0.0,0.0,0.0,54.0,18.0,10460.0,193.7037037037037,200.0,3.7037037037037037,18,54.0,10460.0,200.0,3.0,581.1111111111111,193.7037037037037,0.0
PRV54297,8.0,7.0,168000.0,21000.0,8544.0,1068.0,0.0,0.0,0.0,0.0,0.0,0.0,7,8.0,168000.0,8544.0,1.1428571428571428,24000.0,21000.0,1.0
PRV54298,3.0,3.0,38000.0,12666.666666666666,3204.0,1068.0,0.0,0.0,0.0,0.0,0.0,0.0,3,3.0,38000.0,3204.0,1.0,12666.666666666666,12666.666666666666,1.0
PRV54299,0.0,0.0,0.0,0.0,0.0,0.0,5.0,5.0,1800.0,360.0,0.0,0.0,5,5.0,1800.0,0.0,1.0,360.0,360.0,0.0
PRV54300,0.0,0.0,0.0,0.0,0.0,0.0,6.0,6.0,1490.0,248.33333333333334,280.0,46.666666666666664,6,6.0,1490.0,280.0,1.0,248.33333333333334,248.33333333333334,0.0
PRV54301,0.0,0.0,0.0,0.0,0.0,0.0,13.0,11.0,3690.0,283.84615384615387,0.0,0.0,11,13.0,3690.0,0.0,1.1818181818181819,335.45454545454544,283.84615384615387,0.0
PRV54302,0.0,0.0,0.0,0.0,0.0,0.0,1.0,1.0,3300.0,3300.0,0.0,0.0,1,1.0,3300.0,0.0,1.0,3300.0,3300.0,0.0
PRV54303,0.0,0.0,0.0,0.0,0.0,0.0,16.0,14.0,5160.0,322.5,0.0,0.0,14,16.0,5160.0,0.0,1.1428571428571428,368.57142857142856,322.5,0.0
PRV54304,0.0,0.0,0.0,0.0,0.0,0.0,1.0,1.0,50.0,50.0,0.0,0.0,1,1.0,50.0,0.0,1.0,50.0,50.0,0.0
PRV54305,0.0,0.0,0.0,0.0,0.0,0.0,6.0,5.0,2660.0,443.3333333333333,10.0,1.6666666666666667,5,6.0,2660.0,10.0,1.2,532.0,443.3333333333333,0.0
PRV54306,0.0,0.0,0.0,0.0,0.0,0.0,33.0,28.0,13300.0,403.030303030303,400.0,12.121212121212121,28,33.0,13300.0,400.0,1.1785714285714286,475.0,403.030303030303,0.0
PRV54307,0.0,0.0,0.0,0.0,0.0,0.0,2.0,2.0,400.0,200.0,0.0,0.0,2,2.0,400.0,0.0,1.0,200.0,200.0,0.0
PRV54308,0.0,0.0,0.0,0.0,0.0,0.0,1.0,1.0,70.0,70.0,0.0,0.0,1,1.0,70.0,0.0,1.0,70.0,70.0,0.0
PRV54309,0.0,0.0,0.0,0.0,0.0,0.0,29.0,18.0,6160.0,212.41379310344828,220.0,7.586206896551724,18,29.0,6160.0,220.0,1.6111111111111112,342.22222222222223,212.41379310344828,0.0
PRV54310,0.0,0.0,0.0,0.0,0.0,0.0,7.0,3.0,300.0,42.857142857142854,0.0,0.0,3,7.0,300.0,0.0,2.3333333333333335,100.0,42.857142857142854,0.0
PRV54311,0.0,0.0,0.0,0.0,0.0,0.0,3.0,3.0,100.0,33.333333333333336,0.0,0.0,3,3.0,100.0,0.0,1.0,33.333333333333336,33.333333333333336,0.0
PRV54312,0.0,0.0,0.0,0.0,0.0,0.0,4.0,4.0,350.0,87.5,30.0,7.5,4,4.0,350.0,30.0,1.0,87.5,87.5,0.0
PRV54313,0.0,0.0,0.0,0.0,0.0,0.0,16.0,16.0,7070.0,441.875,80.0,5.0,16,16.0,7070.0,80.0,1.0,441.875,441.875,0.0
PRV54315,0.0,0.0,0.0,0.0,0.0,0.0,103.0,41.0,37770.0,366.6990291262136,250.0,2.4271844660194173,41,103.0,37770.0,250.0,2.5121951219512195,921.219512195122,366.6990291262136,0.0
PRV54316,0.0,0.0,0.0,0.0,0.0,0.0,2.0,1.0,250.0,125.0,0.0,0.0,1,2.0,250.0,0.0,2.0,250.0,125.0,0.0
PRV54317,0.0,0.0,0.0,0.0,0.0,0.0,25.0,22.0,3650.0,146.0,40.0,1.6,22,25.0,3650.0,40.0,1.1363636363636365,165.9090909090909,146.0,0.0
PRV54319,0.0,0.0,0.0,0.0,0.0,0.0,1.0,1.0,100.0,100.0,0.0,0.0,1,1.0,100.0,0.0,1.0,100.0,100.0,0.0
PRV54320,0.0,0.0,0.0,0.0,0.0,0.0,102.0,44.0,21760.0,213.33333333333334,180.0,1.7647058823529411,44,102.0,21760.0,180.0,2.3181818181818183,494.54545454545456,213.33333333333334,0.0
PRV54323,0.0,0.0,0.0,0.0,0.0,0.0,51.0,30.0,10380.0,203.52941176470588,310.0,6.078431372549019,30,51.0,10380.0,310.0,1.7,346.0,203.52941176470588,0.0
PRV54324,32.0,28.0,266000.0,8312.5,34176.0,1068.0,0.0,0.0,0.0,0.0,0.0,0.0,28,32.0,266000.0,34176.0,1.1428571428571428,9500.0,8312.5,1.0
PRV54325,15.0,15.0,142000.0,9466.666666666666,16020.0,1068.0,0.0,0.0,0.0,0.0,0.0,0.0,15,15.0,142000.0,16020.0,1.0,9466.666666666666,9466.666666666666,1.0
PRV54326,5.0,4.0,20000.0,4000.0,5340.0,1068.0,0.0,0.0,0.0,0.0,0.0,0.0,4,5.0,20000.0,5340.0,1.25,5000.0,4000.0,1.0
PRV54327,13.0,12.0,177000.0,13615.384615384615,13884.0,1068.0,57.0,33.0,18380.0,322.4561403508772,150.0,2.6315789473684212,43,70.0,195380.0,14034.0,1.627906976744186,4543.720930232558,2791.1428571428573,0.18571428571428572
PRV54328,17.0,14.0,173000.0,10176.470588235294,17088.0,1068.0,100.0,87.0,22980.0,229.8,170.0,1.7,99,117.0,195980.0,17258.0,1.1818181818181819,1979.5959595959596,1675.042735042735,0.1452991452991453
PRV54330,18.0,15.0,146000.0,8111.111111111111,18156.0,1068.0,454.0,361.0,134120.0,295.4185022026432,1010.0,2.2246696035242293,372,472.0,280120.0,19166.0,1.2688172043010753,753.010752688172,593.4745762711865,0.038135593220338986
PRV54332,0.0,0.0,0.0,0.0,0.0,0.0,995.0,531.0,333170.0,334.84422110552765,2360.0,2.371859296482412,531,995.0,333170.0,2360.0,1.8738229755178908,627.4387947269303,334.84422110552765,0.0
PRV54333,50.0,40.0,547000.0,10940.0,53400.0,1068.0,310.0,262.0,82430.0,265.9032258064516,740.0,2.3870967741935485,291,360.0,629430.0,54140.0,1.2371134020618557,2162.9896907216494,1748.4166666666667,0.1388888888888889
PRV54334,0.0,0.0,0.0,0.0,0.0,0.0,105.0,49.0,22590.0,215.14285714285714,270.0,2.5714285714285716,49,105.0,22590.0,270.0,2.142857142857143,461.0204081632653,215.14285714285714,0.0
PRV54335,19.0,19.0,182000.0,9578.947368421053,20292.0,1068.0,200.0,170.0,63690.0,318.45,410.0,2.05,187,219.0,245690.0,20702.0,1.1711229946524064,1313.850267379679,1121.8721461187215,0.0867579908675799
PRV54336,14.0,13.0,167000.0,11928.57142857143,14952.0,1068.0,218.0,96.0,65060.0,298.4403669724771,300.0,1.3761467889908257,103,232.0,232060.0,15252.0,2.2524271844660193,2253.009708737864,1000.2586206896551,0.0603448275862069
PRV54337,64.0,61.0,612000.0,9562.5,66216.0,1068.0,85.0,71.0,28510.0,335.4117647058824,430.0,5.0588235294117645,132,149.0,640510.0,66646.0,1.128787878787879,4852.348484848485,4298.724832214765,0.42953020134228187
PRV54339,11.0,10.0,112000.0,10181.818181818182,11748.0,1068.0,112.0,61.0,31870.0,284.55357142857144,190.0,1.6964285714285714,68,123.0,143870.0,11938.0,1.8088235294117647,2115.735294117647,1169.6747967479675,0.08943089430894309
PRV54340,3.0,3.0,28000.0,9333.333333333334,3204.0,1068.0,93.0,51.0,41900.0,450.5376344086022,630.0,6.774193548387097,54,96.0,69900.0,3834.0,1.7777777777777777,1294.4444444444443,728.125,0.03125
PRV54341,1.0,1.0,3000.0,3000.0,1068.0,1068.0,54.0,33.0,20970.0,388.3333333333333,150.0,2.7777777777777777,34,55.0,23970.0,1218.0,1.6176470588235294,705.0,435.8181818181818,0.01818181818181818
PRV54342,7.0,7.0,39200.0,5600.0,7476.0,1068.0,28.0,27.0,5080.0,181.42857142857142,180.0,6.428571428571429,34,35.0,44280.0,7656.0,1.0294117647058822,1302.3529411764705,1265.142857142857,0.2
PRV54343,0.0,0.0,0.0,0.0,0.0,0.0,17.0,16.0,3110.0,182.94117647058823,100.0,5.882352941176471,16,17.0,3110.0,100.0,1.0625,194.375,182.94117647058823,0.0
PRV54344,0.0,0.0,0.0,0.0,0.0,0.0,51.0,42.0,17170.0,336.6666666666667,200.0,3.9215686274509802,42,51.0,17170.0,200.0,1.2142857142857142,408.8095238095238,336.6666666666667,0.0
PRV54345,0.0,0.0,0.0,0.0,0.0,0.0,167.0,139.0,47280.0,283.1137724550898,500.0,2.9940119760479043,139,167.0,47280.0,500.0,1.2014388489208634,340.1438848920863,283.1137724550898,0.0
PRV54347,0.0,0.0,0.0,0.0,0.0,0.0,26.0,25.0,6530.0,251.15384615384616,0.0,0.0,25,26.0,6530.0,0.0,1.04,261.2,251.15384615384616,0.0
PRV54348,91.0,85.0,918000.0,10087.912087912087,95052.0,1068.0,126.0,120.0,41880.0,332.3809523809524,340.0,2.6984126984126986,203,217.0,959880.0,95392.0,1.0689655172413792,4728.472906403941,4423.410138248848,0.41935483870967744
PRV54349,0.0,0.0,0.0,0.0,0.0,0.0,77.0,27.0,17850.0,231.8181818181818,550.0,7.142857142857143,27,77.0,17850.0,550.0,2.8518518518518516,661.1111111111111,231.8181818181818,0.0
PRV54350,105.0,86.0,1064000.0,10133.333333333334,110004.0,1068.0,1390.0,493.0,361070.0,259.76258992805754,5410.0,3.8920863309352516,530,1495.0,1425070.0,115414.0,2.8207547169811322,2688.811320754717,953.2240802675585,0.07023411371237458
PRV54352,0.0,0.0,0.0,0.0,0.0,0.0,12.0,7.0,1670.0,139.16666666666666,0.0,0.0,7,12.0,1670.0,0.0,1.7142857142857142,238.57142857142858,139.16666666666666,0.0
PRV54353,0.0,0.0,0.0,0.0,0.0,0.0,32.0,31.0,6620.0,206.875,250.0,7.8125,31,32.0,6620.0,250.0,1.032258064516129,213.5483870967742,206.875,0.0
PRV54354,25.0,22.0,231000.0,9240.0,26700.0,1068.0,75.0,68.0,28620.0,381.6,70.0,0.9333333333333333,89,100.0,259620.0,26770.0,1.1235955056179776,2917.078651685393,2596.2,0.25
PRV54355,2.0,2.0,10000.0,5000.0,2136.0,1068.0,14.0,8.0,4040.0,288.57142857142856,200.0,14.285714285714286,10,16.0,14040.0,2336.0,1.6,1404.0,877.5,0.125
PRV54356,15.0,12.0,183700.0,12246.666666666666,14952.0,1068.0,16.0,12.0,11670.0,729.375,0.0,0.0,24,31.0,195370.0,14952.0,1.2916666666666667,8140.416666666667,6302.258064516129,0.4838709677419355
PRV54357,0.0,0.0,0.0,0.0,0.0,0.0,10.0,9.0,2190.0,219.0,0.0,0.0,9,10.0,2190.0,0.0,1.1111111111111112,243.33333333333334,219.0,0.0
PRV54358,0.0,0.0,0.0,0.0,0.0,0.0,43.0,30.0,13150.0,305.8139534883721,30.0,0.6976744186046512,30,43.0,13150.0,30.0,1.4333333333333333,438.3333333333333,305.8139534883721,0.0
PRV54359,44.0,36.0,484000.0,11000.0,46992.0,1068.0,446.0,138.0,100210.0,224.68609865470853,900.0,2.0179372197309418,152,490.0,584210.0,47892.0,3.223684210526316,3843.4868421052633,1192.265306122449,0.08979591836734693
PRV54360,0.0,0.0,0.0,0.0,0.0,0.0,37.0,32.0,9100.0,245.94594594594594,200.0,5.405405405405405,32,37.0,9100.0,200.0,1.15625,284.375,245.94594594594594,0.0
PRV54361,7.0,6.0,76000.0,10857.142857142857,6408.0,1068.0,33.0,22.0,7640.0,231.5151515151515,20.0,0.6060606060606061,27,40.0,83640.0,6428.0,1.4814814814814814,3097.777777777778,2091.0,0.175
PRV54362,0.0,0.0,0.0,0.0,0.0,0.0,50.0,38.0,14510.0,290.2,410.0,8.2,38,50.0,14510.0,410.0,1.3157894736842106,381.8421052631579,290.2,0.0
PRV54363,12.0,12.0,118000.0,9833.333333333334,12816.0,1068.0,52.0,36.0,18700.0,359.61538461538464,270.0,5.1923076923076925,47,64.0,136700.0,13086.0,1.3617021276595744,2908.5106382978724,2135.9375,0.1875
PRV54365,0.0,0.0,0.0,0.0,0.0,0.0,115.0,61.0,31190.0,271.2173913043478,380.0,3.3043478260869565,61,115.0,31190.0,380.0,1.8852459016393444,511.3114754098361,271.2173913043478,0.0
PRV54367,322.0,279.0,3040900.0,9443.788819875776,334284.0,1068.0,314.0,289.0,92980.0,296.11464968152865,1110.0,3.535031847133758,558,636.0,3133880.0,335394.0,1.1397849462365592,5616.272401433692,4927.4842767295595,0.5062893081761006
PRV54368,4.0,4.0,11000.0,2750.0,4272.0,1068.0,106.0,94.0,34340.0,323.9622641509434,340.0,3.207547169811321,98,110.0,45340.0,4612.0,1.1224489795918366,462.6530612244898,412.1818181818182,0.03636363636363636
PRV54370,0.0,0.0,0.0,0.0,0.0,0.0,181.0,113.0,42270.0,233.53591160220995,490.0,2.707182320441989,113,181.0,42270.0,490.0,1.6017699115044248,374.070796460177,233.53591160220995,0.0
PRV54371,0.0,0.0,0.0,0.0,0.0,0.0,31.0,30.0,8280.0,267.0967741935484,50.0,1.6129032258064515,30,31.0,8280.0,50.0,1.0333333333333334,276.0,267.0967741935484,0.0
PRV54372,21.0,21.0,209000.0,9952.380952380952,22428.0,1068.0,1596.0,792.0,464000.0,290.7268170426065,4190.0,2.62531328320802,805,1617.0,673000.0,26618.0,2.008695652173913,836.0248447204968,416.20284477427333,0.012987012987012988
PRV54373,1.0,1.0,5000.0,5000.0,1068.0,1068.0,7.0,7.0,830.0,118.57142857142857,0.0,0.0,8,8.0,5830.0,1068.0,1.0,728.75,728.75,0.125
PRV54374,0.0,0.0,0.0,0.0,0.0,0.0,854.0,455.0,280020.0,327.89227166276345,2270.0,2.65807962529274,455,854.0,280020.0,2270.0,1.876923076923077,615.4285714285714,327.89227166276345,0.0
PRV54375,16.0,13.0,131000.0,8187.5,16020.0,1068.0,40.0,35.0,12990.0,324.75,10.0,0.25,48,56.0,143990.0,16030.0,1.1666666666666667,2999.7916666666665,2571.25,0.2857142857142857
PRV54377,2.0,2.0,29000.0,14500.0,2136.0,1068.0,18.0,17.0,4110.0,228.33333333333334,90.0,5.0,19,20.0,33110.0,2226.0,1.0526315789473684,1742.6315789473683,1655.5,0.1
PRV54378,18.0,16.0,187000.0,10388.888888888889,19224.0,1068.0,61.0,46.0,13510.0,221.47540983606558,400.0,6.557377049180328,58,79.0,200510.0,19624.0,1.3620689655172413,3457.0689655172414,2538.1012658227846,0.22784810126582278
PRV54379,28.0,25.0,246000.0,8785.714285714286,27768.0,1068.0,88.0,73.0,34670.0,393.97727272727275,250.0,2.840909090909091,96,116.0,280670.0,28018.0,1.2083333333333333,2923.6458333333335,2419.5689655172414,0.2413793103448276
PRV54380,2.0,2.0,16000.0,8000.0,2136.0,1068.0,10.0,9.0,940.0,94.0,0.0,0.0,11,12.0,16940.0,2136.0,1.0909090909090908,1540.0,1411.6666666666667,0.16666666666666666
PRV54381,13.0,13.0,135700.0,10438.461538461539,13884.0,1068.0,116.0,111.0,27710.0,238.8793103448276,260.0,2.2413793103448274,124,129.0,163410.0,14144.0,1.0403225806451613,1317.8225806451612,1266.7441860465117,0.10077519379844961
PRV54382,66.0,62.0,654020.0,9909.39393939394,67284.0,1068.0,191.0,153.0,50810.0,266.020942408377,360.0,1.8848167539267016,214,257.0,704830.0,67644.0,1.2009345794392523,3293.5981308411215,2742.5291828793775,0.25680933852140075
PRV54383,0.0,0.0,0.0,0.0,0.0,0.0,29.0,22.0,5470.0,188.6206896551724,0.0,0.0,22,29.0,5470.0,0.0,1.3181818181818181,248.63636363636363,188.6206896551724,0.0
PRV54384,2.0,2.0,37000.0,18500.0,2136.0,1068.0,26.0,25.0,7280.0,280.0,0.0,0.0,27,28.0,44280.0,2136.0,1.037037037037037,1640.0,1581.4285714285713,0.07142857142857142
PRV54387,0.0,0.0,0.0,0.0,0.0,0.0,415.0,235.0,113710.0,274.0,1290.0,3.108433734939759,235,415.0,113710.0,1290.0,1.7659574468085106,483.8723404255319,274.0,0.0
PRV54388,6.0,6.0,30000.0,5000.0,6408.0,1068.0,70.0,68.0,18840.0,269.14285714285717,70.0,1.0,73,76.0,48840.0,6478.0,1.0410958904109588,669.0410958904109,642.6315789473684,0.07894736842105263
PRV54389,0.0,0.0,0.0,0.0,0.0,0.0,56.0,44.0,25590.0,456.9642857142857,100.0,1.7857142857142858,44,56.0,25590.0,100.0,1.2727272727272727,581.5909090909091,456.9642857142857,0.0
PRV54390,38.0,33.0,337000.0,8868.421052631578,40584.0,1068.0,57.0,54.0,15760.0,276.49122807017545,70.0,1.2280701754385965,86,95.0,352760.0,40654.0,1.1046511627906976,4101.860465116279,3713.2631578947367,0.4
PRV54391,21.0,19.0,158000.0,7523.809523809524,21360.0,1068.0,297.0,206.0,79230.0,266.7676767676768,360.0,1.2121212121212122,222,318.0,237230.0,21720.0,1.4324324324324325,1068.6036036036037,746.0062893081761,0.0660377358490566
PRV54392,0.0,0.0,0.0,0.0,0.0,0.0,35.0,33.0,4860.0,138.85714285714286,20.0,0.5714285714285714,33,35.0,4860.0,20.0,1.0606060606060606,147.27272727272728,138.85714285714286,0.0
PRV54393,5.0,5.0,27000.0,5400.0,5340.0,1068.0,70.0,58.0,21090.0,301.2857142857143,430.0,6.142857142857143,63,75.0,48090.0,5770.0,1.1904761904761905,763.3333333333334,641.2,0.06666666666666667
PRV54396,1.0,1.0,10000.0,10000.0,1068.0,1068.0,43.0,32.0,16840.0,391.6279069767442,60.0,1.3953488372093024,32,44.0,26840.0,1128.0,1.375,838.75,610.0,0.022727272727272728
PRV54399,13.0,13.0,161000.0,12384.615384615385,13884.0,1068.0,336.0,140.0,102040.0,303.6904761904762,860.0,2.5595238095238093,144,349.0,263040.0,14744.0,2.423611111111111,1826.6666666666667,753.6962750716332,0.03724928366762178
PRV54400,0.0,0.0,0.0,0.0,0.0,0.0,96.0,88.0,28030.0,291.9791666666667,20.0,0.20833333333333334,88,96.0,28030.0,20.0,1.0909090909090908,318.52272727272725,291.9791666666667,0.0
PRV54401,0.0,0.0,0.0,0.0,0.0,0.0,22.0,22.0,3020.0,137.27272727272728,0.0,0.0,22,22.0,3020.0,0.0,1.0,137.27272727272728,137.27272727272728,0.0
PRV54402,6.0,6.0,58000.0,9666.666666666666,6408.0,1068.0,50.0,45.0,16520.0,330.4,110.0,2.2,50,56.0,74520.0,6518.0,1.12,1490.4,1330.7142857142858,0.10714285714285714
PRV54403,0.0,0.0,0.0,0.0,0.0,0.0,12.0,11.0,1880.0,156.66666666666666,100.0,8.333333333333334,11,12.0,1880.0,100.0,1.0909090909090908,170.9090909090909,156.66666666666666,0.0
PRV54404,2.0,2.0,6000.0,3000.0,2136.0,1068.0,264.0,188.0,77080.0,291.969696969697,1030.0,3.9015151515151514,188,266.0,83080.0,3166.0,1.4148936170212767,441.9148936170213,312.3308270676692,0.007518796992481203
PRV54407,0.0,0.0,0.0,0.0,0.0,0.0,19.0,16.0,2540.0,133.68421052631578,20.0,1.0526315789473684,16,19.0,2540.0,20.0,1.1875,158.75,133.68421052631578,0.0
PRV54408,2.0,2.0,10000.0,5000.0,2136.0,1068.0,104.0,27.0,43140.0,414.8076923076923,40.0,0.38461538461538464,28,106.0,53140.0,2176.0,3.7857142857142856,1897.857142857143,501.3207547169811,0.018867924528301886
PRV54409,5.0,5.0,32000.0,6400.0,5340.0,1068.0,14.0,13.0,3160.0,225.71428571428572,0.0,0.0,16,19.0,35160.0,5340.0,1.1875,2197.5,1850.5263157894738,0.2631578947368421
PRV54410,0.0,0.0,0.0,0.0,0.0,0.0,37.0,20.0,10350.0,279.72972972972974,50.0,1.3513513513513513,20,37.0,10350.0,50.0,1.85,517.5,279.72972972972974,0.0
PRV54411,1.0,1.0,2000.0,2000.0,1068.0,1068.0,21.0,15.0,6070.0,289.04761904761904,170.0,8.095238095238095,16,22.0,8070.0,1238.0,1.375,504.375,366.8181818181818,0.045454545454545456
PRV54412,0.0,0.0,0.0,0.0,0.0,0.0,70.0,43.0,12280.0,175.42857142857142,30.0,0.42857142857142855,43,70.0,12280.0,30.0,1.627906976744186,285.5813953488372,175.42857142857142,0.0
PRV54413,0.0,0.0,0.0,0.0,0.0,0.0,20.0,14.0,3150.0,157.5,40.0,2.0,14,20.0,3150.0,40.0,1.4285714285714286,225.0,157.5,0.0
PRV54414,1.0,1.0,13000.0,13000.0,1068.0,1068.0,29.0,17.0,18780.0,647.5862068965517,220.0,7.586206896551724,18,30.0,31780.0,1288.0,1.6666666666666667,1765.5555555555557,1059.3333333333333,0.03333333333333333
PRV54415,0.0,0.0,0.0,0.0,0.0,0.0,27.0,16.0,7130.0,264.0740740740741,210.0,7.777777777777778,16,27.0,7130.0,210.0,1.6875,445.625,264.0740740740741,0.0
PRV54416,0.0,0.0,0.0,0.0,0.0,0.0,17.0,16.0,7880.0,463.52941176470586,0.0,0.0,16,17.0,7880.0,0.0,1.0625,492.5,463.52941176470586,0.0
PRV54419,0.0,0.0,0.0,0.0,0.0,0.0,28.0,27.0,4970.0,177.5,0.0,0.0,27,28.0,4970.0,0.0,1.037037037037037,184.07407407407408,177.5,0.0
PRV54420,0.0,0.0,0.0,0.0,0.0,0.0,1.0,1.0,300.0,300.0,0.0,0.0,1,1.0,300.0,0.0,1.0,300.0,300.0,0.0
PRV54421,0.0,0.0,0.0,0.0,0.0,0.0,65.0,31.0,14530.0,223.53846153846155,100.0,1.5384615384615385,31,65.0,14530.0,100.0,2.096774193548387,468.7096774193548,223.53846153846155,0.0
PRV54422,0.0,0.0,0.0,0.0,0.0,0.0,15.0,12.0,2750.0,183.33333333333334,0.0,0.0,12,15.0,2750.0,0.0,1.25,229.16666666666666,183.33333333333334,0.0
PRV54423,0.0,0.0,0.0,0.0,0.0,0.0,93.0,51.0,22480.0,241.72043010752688,390.0,4.193548387096774,51,93.0,22480.0,390.0,1.8235294117647058,440.7843137254902,241.72043010752688,0.0
PRV54424,0.0,0.0,0.0,0.0,0.0,0.0,2.0,2.0,150.0,75.0,0.0,0.0,2,2.0,150.0,0.0,1.0,75.0,75.0,0.0
PRV54425,4.0,4.0,73000.0,18250.0,4272.0,1068.0,14.0,9.0,1300.0,92.85714285714286,0.0,0.0,13,18.0,74300.0,4272.0,1.3846153846153846,5715.384615384615,4127.777777777777,0.2222222222222222
PRV54426,9.0,8.0,96000.0,10666.666666666666,9612.0,1068.0,15.0,12.0,4390.0,292.6666666666667,0.0,0.0,20,24.0,100390.0,9612.0,1.2,5019.5,4182.916666666667,0.375
PRV54427,0.0,0.0,0.0,0.0,0.0,0.0,62.0,20.0,11740.0,189.3548387096774,290.0,4.67741935483871,20,62.0,11740.0,290.0,3.1,587.0,189.3548387096774,0.0
PRV54429,3.0,2.0,29000.0,9666.666666666666,2136.0,1068.0,62.0,27.0,22170.0,357.5806451612903,230.0,3.7096774193548385,27,65.0,51170.0,2366.0,2.4074074074074074,1895.1851851851852,787.2307692307693,0.046153846153846156
PRV54430,0.0,0.0,0.0,0.0,0.0,0.0,64.0,30.0,12900.0,201.5625,440.0,6.875,30,64.0,12900.0,440.0,2.1333333333333333,430.0,201.5625,0.0
PRV54431,0.0,0.0,0.0,0.0,0.0,0.0,9.0,9.0,1580.0,175.55555555555554,0.0,0.0,9,9.0,1580.0,0.0,1.0,175.55555555555554,175.55555555555554,0.0
PRV54432,0.0,0.0,0.0,0.0,0.0,0.0,5.0,5.0,1110.0,222.0,0.0,0.0,5,5.0,1110.0,0.0,1.0,222.0,222.0,0.0
PRV54433,0.0,0.0,0.0,0.0,0.0,0.0,14.0,12.0,4040.0,288.57142857142856,0.0,0.0,12,14.0,4040.0,0.0,1.1666666666666667,336.6666666666667,288.57142857142856,0.0
PRV54434,2.0,2.0,17000.0,8500.0,2136.0,1068.0,40.0,29.0,11830.0,295.75,170.0,4.25,31,42.0,28830.0,2306.0,1.3548387096774193,930.0,686.4285714285714,0.047619047619047616
PRV54435,0.0,0.0,0.0,0.0,0.0,0.0,11.0,8.0,4280.0,389.09090909090907,0.0,0.0,8,11.0,4280.0,0.0,1.375,535.0,389.09090909090907,0.0
PRV54436,0.0,0.0,0.0,0.0,0.0,0.0,2.0,2.0,2200.0,1100.0,0.0,0.0,2,2.0,2200.0,0.0,1.0,1100.0,1100.0,0.0
PRV54437,0.0,0.0,0.0,0.0,0.0,0.0,14.0,14.0,3230.0,230.71428571428572,0.0,0.0,14,14.0,3230.0,0.0,1.0,230.71428571428572,230.71428571428572,0.0
PRV54438,0.0,0.0,0.0,0.0,0.0,0.0,272.0,98.0,61630.0,226.5808823529412,710.0,2.610294117647059,98,272.0,61630.0,710.0,2.7755102040816326,628.8775510204082,226.5808823529412,0.0
PRV54439,0.0,0.0,0.0,0.0,0.0,0.0,3.0,3.0,190.0,63.333333333333336,0.0,0.0,3,3.0,190.0,0.0,1.0,63.333333333333336,63.333333333333336,0.0
PRV54441,0.0,0.0,0.0,0.0,0.0,0.0,4.0,4.0,480.0,120.0,0.0,0.0,4,4.0,480.0,0.0,1.0,120.0,120.0,0.0
PRV54442,0.0,0.0,0.0,0.0,0.0,0.0,68.0,56.0,25300.0,372.05882352941177,70.0,1.0294117647058822,56,68.0,25300.0,70.0,1.2142857142857142,451.7857142857143,372.05882352941177,0.0
PRV54443,0.0,0.0,0.0,0.0,0.0,0.0,61.0,51.0,27200.0,445.9016393442623,310.0,5.081967213114754,51,61.0,27200.0,310.0,1.196078431372549,533.3333333333334,445.9016393442623,0.0
PRV54444,0.0,0.0,0.0,0.0,0.0,0.0,27.0,25.0,9770.0,361.85185185185185,140.0,5.185185185185185,25,27.0,9770.0,140.0,1.08,390.8,361.85185185185185,0.0
PRV54448,0.0,0.0,0.0,0.0,0.0,0.0,23.0,23.0,6720.0,292.17391304347825,60.0,2.608695652173913,23,23.0,6720.0,60.0,1.0,292.17391304347825,292.17391304347825,0.0
PRV54449,0.0,0.0,0.0,0.0,0.0,0.0,1.0,1.0,50.0,50.0,0.0,0.0,1,1.0,50.0,0.0,1.0,50.0,50.0,0.0
PRV54450,0.0,0.0,0.0,0.0,0.0,0.0,10.0,10.0,5790.0,579.0,0.0,0.0,10,10.0,5790.0,0.0,1.0,579.0,579.0,0.0
PRV54451,0.0,0.0,0.0,0.0,0.0,0.0,13.0,13.0,8310.0,639.2307692307693,70.0,5.384615384615385,13,13.0,8310.0,70.0,1.0,639.2307692307693,639.2307692307693,0.0
PRV54452,0.0,0.0,0.0,0.0,0.0,0.0,5.0,5.0,520.0,104.0,90.0,18.0,5,5.0,520.0,90.0,1.0,104.0,104.0,0.0
PRV54454,0.0,0.0,0.0,0.0,0.0,0.0,171.0,138.0,45040.0,263.39181286549706,420.0,2.456140350877193,138,171.0,45040.0,420.0,1.2391304347826086,326.3768115942029,263.39181286549706,0.0
PRV54455,0.0,0.0,0.0,0.0,0.0,0.0,6.0,6.0,1390.0,231.66666666666666,0.0,0.0,6,6.0,1390.0,0.0,1.0,231.66666666666666,231.66666666666666,0.0
PRV54456,0.0,0.0,0.0,0.0,0.0,0.0,8.0,6.0,1370.0,171.25,0.0,0.0,6,8.0,1370.0,0.0,1.3333333333333333,228.33333333333334,171.25,0.0
PRV54457,0.0,0.0,0.0,0.0,0.0,0.0,16.0,8.0,2220.0,138.75,0.0,0.0,8,16.0,2220.0,0.0,2.0,277.5,138.75,0.0
PRV54459,0.0,0.0,0.0,0.0,0.0,0.0,9.0,9.0,3080.0,342.22222222222223,0.0,0.0,9,9.0,3080.0,0.0,1.0,342.22222222222223,342.22222222222223,0.0
PRV54460,5.0,5.0,47000.0,9400.0,5340.0,1068.0,0.0,0.0,0.0,0.0,0.0,0.0,5,5.0,47000.0,5340.0,1.0,9400.0,9400.0,1.0
PRV54461,12.0,12.0,152000.0,12666.666666666666,11748.0,1068.0,0.0,0.0,0.0,0.0,0.0,0.0,12,12.0,152000.0,11748.0,1.0,12666.666666666666,12666.666666666666,1.0
PRV54462,0.0,0.0,0.0,0.0,0.0,0.0,80.0,75.0,16330.0,204.125,120.0,1.5,75,80.0,16330.0,120.0,1.0666666666666667,217.73333333333332,204.125,0.0
PRV54463,0.0,0.0,0.0,0.0,0.0,0.0,3.0,3.0,2010.0,670.0,0.0,0.0,3,3.0,2010.0,0.0,1.0,670.0,670.0,0.0
PRV54465,0.0,0.0,0.0,0.0,0.0,0.0,9.0,5.0,3610.0,401.1111111111111,140.0,15.555555555555555,5,9.0,3610.0,140.0,1.8,722.0,401.1111111111111,0.0
PRV54466,0.0,0.0,0.0,0.0,0.0,0.0,3.0,3.0,120.0,40.0,0.0,0.0,3,3.0,120.0,0.0,1.0,40.0,40.0,0.0
PRV54467,0.0,0.0,0.0,0.0,0.0,0.0,7.0,5.0,1380.0,197.14285714285714,0.0,0.0,5,7.0,1380.0,0.0,1.4,276.0,197.14285714285714,0.0
PRV54468,0.0,0.0,0.0,0.0,0.0,0.0,21.0,19.0,1710.0,81.42857142857143,0.0,0.0,19,21.0,1710.0,0.0,1.105263157894737,90.0,81.42857142857143,0.0
PRV54469,0.0,0.0,0.0,0.0,0.0,0.0,11.0,10.0,3290.0,299.09090909090907,0.0,0.0,10,11.0,3290.0,0.0,1.1,329.0,299.09090909090907,0.0
PRV54471,0.0,0.0,0.0,0.0,0.0,0.0,46.0,23.0,16700.0,363.04347826086956,10.0,0.21739130434782608,23,46.0,16700.0,10.0,2.0,726.0869565217391,363.04347826086956,0.0
PRV54472,0.0,0.0,0.0,0.0,0.0,0.0,32.0,19.0,16300.0,509.375,160.0,5.0,19,32.0,16300.0,160.0,1.6842105263157894,857.8947368421053,509.375,0.0
PRV54473,0.0,0.0,0.0,0.0,0.0,0.0,19.0,8.0,11020.0,580.0,0.0,0.0,8,19.0,11020.0,0.0,2.375,1377.5,580.0,0.0
PRV54475,0.0,0.0,0.0,0.0,0.0,0.0,151.0,60.0,43120.0,285.5629139072848,350.0,2.3178807947019866,60,151.0,43120.0,350.0,2.5166666666666666,718.6666666666666,285.5629139072848,0.0
PRV54477,0.0,0.0,0.0,0.0,0.0,0.0,100.0,60.0,34310.0,343.1,550.0,5.5,60,100.0,34310.0,550.0,1.6666666666666667,571.8333333333334,343.1,0.0
PRV54478,0.0,0.0,0.0,0.0,0.0,0.0,64.0,47.0,21590.0,337.34375,0.0,0.0,47,64.0,21590.0,0.0,1.3617021276595744,459.36170212765956,337.34375,0.0
PRV54479,0.0,0.0,0.0,0.0,0.0,0.0,17.0,9.0,8640.0,508.2352941176471,0.0,0.0,9,17.0,8640.0,0.0,1.8888888888888888,960.0,508.2352941176471,0.0
PRV54480,6.0,6.0,40000.0,6666.666666666667,6408.0,1068.0,0.0,0.0,0.0,0.0,0.0,0.0,6,6.0,40000.0,6408.0,1.0,6666.666666666667,6666.666666666667,1.0
PRV54481,0.0,0.0,0.0,0.0,0.0,0.0,8.0,8.0,1890.0,236.25,100.0,12.5,8,8.0,1890.0,100.0,1.0,236.25,236.25,0.0
PRV54482,0.0,0.0,0.0,0.0,0.0,0.0,6.0,6.0,370.0,61.666666666666664,0.0,0.0,6,6.0,370.0,0.0,1.0,61.666666666666664,61.666666666666664,0.0
PRV54483,0.0,0.0,0.0,0.0,0.0,0.0,13.0,11.0,1170.0,90.0,140.0,10.76923076923077,11,13.0,1170.0,140.0,1.1818181818181819,106.36363636363636,90.0,0.0
PRV54486,0.0,0.0,0.0,0.0,0.0,0.0,28.0,19.0,8010.0,286.07142857142856,0.0,0.0,19,28.0,8010.0,0.0,1.4736842105263157,421.57894736842104,286.07142857142856,0.0
PRV54489,0.0,0.0,0.0,0.0,0.0,0.0,14.0,14.0,6300.0,450.0,0.0,0.0,14,14.0,6300.0,0.0,1.0,450.0,450.0,0.0
PRV54490,0.0,0.0,0.0,0.0,0.0,0.0,23.0,19.0,2160.0,93.91304347826087,90.0,3.9130434782608696,19,23.0,2160.0,90.0,1.2105263157894737,113.6842105263158,93.91304347826087,0.0
PRV54491,0.0,0.0,0.0,0.0,0.0,0.0,14.0,10.0,8730.0,623.5714285714286,90.0,6.428571428571429,10,14.0,8730.0,90.0,1.4,873.0,623.5714285714286,0.0
PRV54496,0.0,0.0,0.0,0.0,0.0,0.0,8.0,7.0,2360.0,295.0,100.0,12.5,7,8.0,2360.0,100.0,1.1428571428571428,337.14285714285717,295.0,0.0
PRV54497,5.0,5.0,51000.0,10200.0,4272.0,1068.0,0.0,0.0,0.0,0.0,0.0,0.0,5,5.0,51000.0,4272.0,1.0,10200.0,10200.0,1.0
PRV54498,1.0,1.0,12000.0,12000.0,1068.0,1068.0,0.0,0.0,0.0,0.0,0.0,0.0,1,1.0,12000.0,1068.0,1.0,12000.0,12000.0,1.0
PRV54499,1.0,1.0,11000.0,11000.0,1068.0,1068.0,0.0,0.0,0.0,0.0,0.0,0.0,1,1.0,11000.0,1068.0,1.0,11000.0,11000.0,1.0
PRV54500,2.0,2.0,25000.0,12500.0,2136.0,1068.0,0.0,0.0,0.0,0.0,0.0,0.0,2,2.0,25000.0,2136.0,1.0,12500.0,12500.0,1.0
PRV54501,3.0,3.0,40000.0,13333.333333333334,3204.0,1068.0,0.0,0.0,0.0,0.0,0.0,0.0,3,3.0,40000.0,3204.0,1.0,13333.333333333334,13333.333333333334,1.0
PRV54502,3.0,3.0,55000.0,18333.333333333332,3204.0,1068.0,0.0,0.0,0.0,0.0,0.0,0.0,3,3.0,55000.0,3204.0,1.0,18333.333333333332,18333.333333333332,1.0
PRV54503,1.0,1.0,8000.0,8000.0,1068.0,1068.0,0.0,0.0,0.0,0.0,0.0,0.0,1,1.0,8000.0,1068.0,1.0,8000.0,8000.0,1.0
PRV54504,44.0,36.0,416400.0,9463.636363636364,46992.0,1068.0,76.0,70.0,18520.0,243.68421052631578,80.0,1.0526315789473684,103,120.0,434920.0,47072.0,1.1650485436893203,4222.52427184466,3624.3333333333335,0.36666666666666664
PRV54505,5.0,3.0,50000.0,10000.0,5340.0,1068.0,33.0,21.0,5140.0,155.75757575757575,100.0,3.0303030303030303,24,38.0,55140.0,5440.0,1.5833333333333333,2297.5,1451.0526315789473,0.13157894736842105
PRV54506,3.0,3.0,23000.0,7666.666666666667,3204.0,1068.0,131.0,74.0,33570.0,256.25954198473283,430.0,3.282442748091603,75,134.0,56570.0,3634.0,1.7866666666666666,754.2666666666667,422.1641791044776,0.022388059701492536
PRV54507,39.0,30.0,340000.0,8717.948717948719,39516.0,1068.0,70.0,44.0,23310.0,333.0,120.0,1.7142857142857142,73,109.0,363310.0,39636.0,1.4931506849315068,4976.8493150684935,3333.119266055046,0.3577981651376147
PRV54508,0.0,0.0,0.0,0.0,0.0,0.0,90.0,75.0,33010.0,366.77777777777777,360.0,4.0,75,90.0,33010.0,360.0,1.2,440.1333333333333,366.77777777777777,0.0
PRV54509,0.0,0.0,0.0,0.0,0.0,0.0,4.0,4.0,250.0,62.5,0.0,0.0,4,4.0,250.0,0.0,1.0,62.5,62.5,0.0
PRV54510,0.0,0.0,0.0,0.0,0.0,0.0,149.0,75.0,41250.0,276.8456375838926,510.0,3.422818791946309,75,149.0,41250.0,510.0,1.9866666666666666,550.0,276.8456375838926,0.0
PRV54511,0.0,0.0,0.0,0.0,0.0,0.0,32.0,30.0,8690.0,271.5625,0.0,0.0,30,32.0,8690.0,0.0,1.0666666666666667,289.6666666666667,271.5625,0.0
PRV54514,48.0,42.0,556600.0,11595.833333333334,51264.0,1068.0,339.0,271.0,87410.0,257.8466076696165,700.0,2.0648967551622417,305,387.0,644010.0,51964.0,1.2688524590163934,2111.5081967213114,1664.108527131783,0.12403100775193798
PRV54515,0.0,0.0,0.0,0.0,0.0,0.0,67.0,66.0,22750.0,339.55223880597015,180.0,2.6865671641791047,66,67.0,22750.0,180.0,1.0151515151515151,344.6969696969697,339.55223880597015,0.0
PRV54517,0.0,0.0,0.0,0.0,0.0,0.0,45.0,16.0,5660.0,125.77777777777777,80.0,1.7777777777777777,16,45.0,5660.0,80.0,2.8125,353.75,125.77777777777777,0.0
PRV54519,0.0,0.0,0.0,0.0,0.0,0.0,15.0,10.0,4540.0,302.6666666666667,150.0,10.0,10,15.0,4540.0,150.0,1.5,454.0,302.6666666666667,0.0
PRV54520,0.0,0.0,0.0,0.0,0.0,0.0,15.0,11.0,8080.0,538.6666666666666,120.0,8.0,11,15.0,8080.0,120.0,1.3636363636363635,734.5454545454545,538.6666666666666,0.0
PRV54521,0.0,0.0,0.0,0.0,0.0,0.0,64.0,39.0,31840.0,497.5,280.0,4.375,39,64.0,31840.0,280.0,1.641025641025641,816.4102564102565,497.5,0.0
PRV54522,0.0,0.0,0.0,0.0,0.0,0.0,2.0,2.0,2030.0,1015.0,0.0,0.0,2,2.0,2030.0,0.0,1.0,1015.0,1015.0,0.0
PRV54523,0.0,0.0,0.0,0.0,0.0,0.0,1.0,1.0,90.0,90.0,0.0,0.0,1,1.0,90.0,0.0,1.0,90.0,90.0,0.0
PRV54524,0.0,0.0,0.0,0.0,0.0,0.0,21.0,16.0,2840.0,135.23809523809524,0.0,0.0,16,21.0,2840.0,0.0,1.3125,177.5,135.23809523809524,0.0
PRV54526,0.0,0.0,0.0,0.0,0.0,0.0,46.0,17.0,10230.0,222.3913043478261,80.0,1.7391304347826086,17,46.0,10230.0,80.0,2.7058823529411766,601.7647058823529,222.3913043478261,0.0
PRV54528,0.0,0.0,0.0,0.0,0.0,0.0,23.0,9.0,5710.0,248.2608695652174,0.0,0.0,9,23.0,5710.0,0.0,2.5555555555555554,634.4444444444445,248.2608695652174,0.0
PRV54529,0.0,0.0,0.0,0.0,0.0,0.0,5.0,5.0,160.0,32.0,70.0,14.0,5,5.0,160.0,70.0,1.0,32.0,32.0,0.0
PRV54530,0.0,0.0,0.0,0.0,0.0,0.0,13.0,4.0,2580.0,198.46153846153845,50.0,3.8461538461538463,4,13.0,2580.0,50.0,3.25,645.0,198.46153846153845,0.0
PRV54531,1.0,1.0,5000.0,5000.0,1068.0,1068.0,29.0,25.0,9030.0,311.37931034482756,100.0,3.4482758620689653,26,30.0,14030.0,1168.0,1.1538461538461537,539.6153846153846,467.6666666666667,0.03333333333333333
PRV54535,0.0,0.0,0.0,0.0,0.0,0.0,34.0,29.0,7090.0,208.52941176470588,100.0,2.9411764705882355,29,34.0,7090.0,100.0,1.1724137931034482,244.48275862068965,208.52941176470588,0.0
PRV54536,0.0,0.0,0.0,0.0,0.0,0.0,13.0,11.0,4890.0,376.15384615384613,0.0,0.0,11,13.0,4890.0,0.0,1.1818181818181819,444.54545454545456,376.15384615384613,0.0
PRV54537,0.0,0.0,0.0,0.0,0.0,0.0,60.0,20.0,22470.0,374.5,200.0,3.3333333333333335,20,60.0,22470.0,200.0,3.0,1123.5,374.5,0.0
PRV54538,0.0,0.0,0.0,0.0,0.0,0.0,48.0,32.0,21330.0,444.375,480.0,10.0,32,48.0,21330.0,480.0,1.5,666.5625,444.375,0.0
PRV54539,0.0,0.0,0.0,0.0,0.0,0.0,69.0,43.0,18130.0,262.7536231884058,310.0,4.492753623188406,43,69.0,18130.0,310.0,1.6046511627906976,421.6279069767442,262.7536231884058,0.0
PRV54540,0.0,0.0,0.0,0.0,0.0,0.0,20.0,19.0,9690.0,484.5,100.0,5.0,19,20.0,9690.0,100.0,1.0526315789473684,510.0,484.5,0.0
PRV54541,2.0,2.0,5000.0,2500.0,2136.0,1068.0,5.0,4.0,1050.0,210.0,0.0,0.0,6,7.0,6050.0,2136.0,1.1666666666666667,1008.3333333333334,864.2857142857143,0.2857142857142857
PRV54542,5.0,3.0,33000.0,6600.0,5340.0,1068.0,15.0,12.0,2420.0,161.33333333333334,80.0,5.333333333333333,14,20.0,35420.0,5420.0,1.4285714285714286,2530.0,1771.0,0.25
PRV54543,3.0,2.0,39000.0,13000.0,3204.0,1068.0,14.0,13.0,2500.0,178.57142857142858,260.0,18.571428571428573,15,17.0,41500.0,3464.0,1.1333333333333333,2766.6666666666665,2441.176470588235,0.17647058823529413
PRV54544,0.0,0.0,0.0,0.0,0.0,0.0,28.0,8.0,5250.0,187.5,100.0,3.5714285714285716,8,28.0,5250.0,100.0,3.5,656.25,187.5,0.0
PRV54545,0.0,0.0,0.0,0.0,0.0,0.0,2.0,1.0,180.0,90.0,0.0,0.0,1,2.0,180.0,0.0,2.0,180.0,90.0,0.0
PRV54546,0.0,0.0,0.0,0.0,0.0,0.0,6.0,6.0,910.0,151.66666666666666,100.0,16.666666666666668,6,6.0,910.0,100.0,1.0,151.66666666666666,151.66666666666666,0.0
PRV54547,0.0,0.0,0.0,0.0,0.0,0.0,3.0,3.0,540.0,180.0,0.0,0.0,3,3.0,540.0,0.0,1.0,180.0,180.0,0.0
PRV54548,0.0,0.0,0.0,0.0,0.0,0.0,12.0,7.0,1890.0,157.5,0.0,0.0,7,12.0,1890.0,0.0,1.7142857142857142,270.0,157.5,0.0
PRV54549,0.0,0.0,0.0,0.0,0.0,0.0,1.0,1.0,40.0,40.0,0.0,0.0,1,1.0,40.0,0.0,1.0,40.0,40.0,0.0
PRV54550,0.0,0.0,0.0,0.0,0.0,0.0,21.0,13.0,5550.0,264.2857142857143,0.0,0.0,13,21.0,5550.0,0.0,1.6153846153846154,426.9230769230769,264.2857142857143,0.0
PRV54551,0.0,0.0,0.0,0.0,0.0,0.0,7.0,5.0,1960.0,280.0,0.0,0.0,5,7.0,1960.0,0.0,1.4,392.0,280.0,0.0
PRV54552,0.0,0.0,0.0,0.0,0.0,0.0,45.0,28.0,11370.0,252.66666666666666,200.0,4.444444444444445,28,45.0,11370.0,200.0,1.6071428571428572,406.07142857142856,252.66666666666666,0.0
PRV54553,0.0,0.0,0.0,0.0,0.0,0.0,18.0,12.0,3740.0,207.77777777777777,0.0,0.0,12,18.0,3740.0,0.0,1.5,311.6666666666667,207.77777777777777,0.0
PRV54554,0.0,0.0,0.0,0.0,0.0,0.0,26.0,8.0,6990.0,268.84615384615387,0.0,0.0,8,26.0,6990.0,0.0,3.25,873.75,268.84615384615387,0.0
PRV54555,6.0,6.0,51000.0,8500.0,6408.0,1068.0,0.0,0.0,0.0,0.0,0.0,0.0,6,6.0,51000.0,6408.0,1.0,8500.0,8500.0,1.0
PRV54557,0.0,0.0,0.0,0.0,0.0,0.0,564.0,263.0,157890.0,279.9468085106383,1730.0,3.0673758865248226,263,564.0,157890.0,1730.0,2.1444866920152093,600.3422053231939,279.9468085106383,0.0
PRV54558,15.0,14.0,180000.0,12000.0,16020.0,1068.0,58.0,55.0,17970.0,309.82758620689657,70.0,1.206896551724138,69,73.0,197970.0,16090.0,1.0579710144927537,2869.1304347826085,2711.917808219178,0.2054794520547945
PRV54559,24.0,21.0,245000.0,10208.333333333334,24564.0,1068.0,42.0,37.0,10560.0,251.42857142857142,20.0,0.47619047619047616,57,66.0,255560.0,24584.0,1.1578947368421053,4483.508771929824,3872.121212121212,0.36363636363636365
PRV54560,40.0,36.0,456000.0,11400.0,42720.0,1068.0,58.0,54.0,17080.0,294.48275862068965,0.0,0.0,87,98.0,473080.0,42720.0,1.1264367816091954,5437.701149425287,4827.34693877551,0.40816326530612246
PRV54561,25.0,23.0,216300.0,8652.0,26700.0,1068.0,161.0,86.0,53370.0,331.49068322981367,360.0,2.2360248447204967,102,186.0,269670.0,27060.0,1.8235294117647058,2643.823529411765,1449.8387096774193,0.13440860215053763
PRV54562,0.0,0.0,0.0,0.0,0.0,0.0,206.0,75.0,57510.0,279.1747572815534,440.0,2.1359223300970873,75,206.0,57510.0,440.0,2.7466666666666666,766.8,279.1747572815534,0.0
PRV54563,0.0,0.0,0.0,0.0,0.0,0.0,267.0,172.0,79070.0,296.14232209737827,1090.0,4.082397003745318,172,267.0,79070.0,1090.0,1.552325581395349,459.7093023255814,296.14232209737827,0.0
PRV54564,0.0,0.0,0.0,0.0,0.0,0.0,803.0,330.0,229780.0,286.1519302615193,2250.0,2.8019925280199254,330,803.0,229780.0,2250.0,2.433333333333333,696.3030303030303,286.1519302615193,0.0
PRV54565,39.0,34.0,388000.0,9948.71794871795,40584.0,1068.0,91.0,75.0,24130.0,265.16483516483515,200.0,2.197802197802198,106,130.0,412130.0,40784.0,1.2264150943396226,3888.0188679245284,3170.230769230769,0.3
PRV54566,40.0,34.0,684000.0,17100.0,41652.0,1068.0,268.0,213.0,71660.0,267.3880597014925,420.0,1.5671641791044777,247,308.0,755660.0,42072.0,1.2469635627530364,3059.3522267206476,2453.4415584415583,0.12987012987012986
PRV54567,6.0,5.0,108000.0,18000.0,6408.0,1068.0,51.0,30.0,4690.0,91.96078431372548,100.0,1.9607843137254901,34,57.0,112690.0,6508.0,1.6764705882352942,3314.4117647058824,1977.017543859649,0.10526315789473684
PRV54568,5.0,5.0,44000.0,8800.0,5340.0,1068.0,51.0,43.0,9640.0,189.01960784313727,0.0,0.0,46,56.0,53640.0,5340.0,1.2173913043478262,1166.0869565217392,957.8571428571429,0.08928571428571429
PRV54569,12.0,8.0,191000.0,15916.666666666666,12816.0,1068.0,51.0,37.0,18350.0,359.80392156862746,90.0,1.7647058823529411,42,63.0,209350.0,12906.0,1.5,4984.523809523809,3323.0158730158732,0.19047619047619047
PRV54571,4.0,4.0,48000.0,12000.0,4272.0,1068.0,13.0,13.0,2610.0,200.76923076923077,0.0,0.0,17,17.0,50610.0,4272.0,1.0,2977.0588235294117,2977.0588235294117,0.23529411764705882
PRV54572,0.0,0.0,0.0,0.0,0.0,0.0,146.0,117.0,53110.0,363.7671232876712,270.0,1.8493150684931507,117,146.0,53110.0,270.0,1.2478632478632479,453.9316239316239,363.7671232876712,0.0
PRV54573,0.0,0.0,0.0,0.0,0.0,0.0,22.0,14.0,5960.0,270.90909090909093,120.0,5.454545454545454,14,22.0,5960.0,120.0,1.5714285714285714,425.7142857142857,270.90909090909093,0.0
PRV54574,0.0,0.0,0.0,0.0,0.0,0.0,35.0,24.0,7800.0,222.85714285714286,130.0,3.7142857142857144,24,35.0,7800.0,130.0,1.4583333333333333,325.0,222.85714285714286,0.0
PRV54575,33.0,31.0,447000.0,13545.454545454546,33108.0,1068.0,240.0,132.0,57080.0,237.83333333333334,500.0,2.0833333333333335,155,273.0,504080.0,33608.0,1.761290322580645,3252.1290322580644,1846.4468864468865,0.12087912087912088
PRV54576,14.0,14.0,113000.0,8071.428571428572,12816.0,1068.0,2.0,2.0,100.0,50.0,0.0,0.0,16,16.0,113100.0,12816.0,1.0,7068.75,7068.75,0.875
PRV54577,45.0,42.0,490000.0,10888.888888888889,45924.0,1068.0,16.0,15.0,4010.0,250.625,0.0,0.0,56,61.0,494010.0,45924.0,1.0892857142857142,8821.607142857143,8098.524590163935,0.7377049180327869
PRV54578,0.0,0.0,0.0,0.0,0.0,0.0,77.0,37.0,24130.0,313.3766233766234,390.0,5.064935064935065,37,77.0,24130.0,390.0,2.081081081081081,652.1621621621622,313.3766233766234,0.0
PRV54579,0.0,0.0,0.0,0.0,0.0,0.0,2.0,2.0,1290.0,645.0,0.0,0.0,2,2.0,1290.0,0.0,1.0,645.0,645.0,0.0
PRV54580,0.0,0.0,0.0,0.0,0.0,0.0,30.0,19.0,7280.0,242.66666666666666,60.0,2.0,19,30.0,7280.0,60.0,1.5789473684210527,383.1578947368421,242.66666666666666,0.0
PRV54581,0.0,0.0,0.0,0.0,0.0,0.0,11.0,9.0,2160.0,196.36363636363637,0.0,0.0,9,11.0,2160.0,0.0,1.2222222222222223,240.0,196.36363636363637,0.0
PRV54582,0.0,0.0,0.0,0.0,0.0,0.0,71.0,35.0,18960.0,267.0422535211268,300.0,4.225352112676056,35,71.0,18960.0,300.0,2.0285714285714285,541.7142857142857,267.0422535211268,0.0
PRV54585,0.0,0.0,0.0,0.0,0.0,0.0,75.0,34.0,22620.0,301.6,320.0,4.266666666666667,34,75.0,22620.0,320.0,2.2058823529411766,665.2941176470588,301.6,0.0
PRV54587,0.0,0.0,0.0,0.0,0.0,0.0,3.0,2.0,150.0,50.0,0.0,0.0,2,3.0,150.0,0.0,1.5,75.0,50.0,0.0
PRV54588,0.0,0.0,0.0,0.0,0.0,0.0,63.0,47.0,17220.0,273.3333333333333,120.0,1.9047619047619047,47,63.0,17220.0,120.0,1.3404255319148937,366.3829787234043,273.3333333333333,0.0
PRV54589,0.0,0.0,0.0,0.0,0.0,0.0,11.0,5.0,1700.0,154.54545454545453,0.0,0.0,5,11.0,1700.0,0.0,2.2,340.0,154.54545454545453,0.0
PRV54590,1.0,1.0,16000.0,16000.0,1068.0,1068.0,65.0,34.0,12700.0,195.3846153846154,180.0,2.769230769230769,34,66.0,28700.0,1248.0,1.9411764705882353,844.1176470588235,434.8484848484849,0.015151515151515152
PRV54591,0.0,0.0,0.0,0.0,0.0,0.0,45.0,14.0,8280.0,184.0,80.0,1.7777777777777777,14,45.0,8280.0,80.0,3.2142857142857144,591.4285714285714,184.0,0.0
PRV54593,0.0,0.0,0.0,0.0,0.0,0.0,35.0,22.0,10960.0,313.14285714285717,30.0,0.8571428571428571,22,35.0,10960.0,30.0,1.5909090909090908,498.1818181818182,313.14285714285717,0.0
PRV54595,0.0,0.0,0.0,0.0,0.0,0.0,11.0,9.0,7620.0,692.7272727272727,0.0,0.0,9,11.0,7620.0,0.0,1.2222222222222223,846.6666666666666,692.7272727272727,0.0
PRV54596,0.0,0.0,0.0,0.0,0.0,0.0,64.0,20.0,16490.0,257.65625,150.0,2.34375,20,64.0,16490.0,150.0,3.2,824.5,257.65625,0.0
PRV54597,0.0,0.0,0.0,0.0,0.0,0.0,15.0,10.0,5000.0,333.3333333333333,10.0,0.6666666666666666,10,15.0,5000.0,10.0,1.5,500.0,333.3333333333333,0.0
PRV54598,0.0,0.0,0.0,0.0,0.0,0.0,9.0,7.0,1010.0,112.22222222222223,0.0,0.0,7,9.0,1010.0,0.0,1.2857142857142858,144.28571428571428,112.22222222222223,0.0
PRV54599,0.0,0.0,0.0,0.0,0.0,0.0,17.0,11.0,3820.0,224.7058823529412,60.0,3.5294117647058822,11,17.0,3820.0,60.0,1.5454545454545454,347.27272727272725,224.7058823529412,0.0
PRV54601,0.0,0.0,0.0,0.0,0.0,0.0,11.0,6.0,710.0,64.54545454545455,60.0,5.454545454545454,6,11.0,710.0,60.0,1.8333333333333333,118.33333333333333,64.54545454545455,0.0
PRV54602,0.0,0.0,0.0,0.0,0.0,0.0,14.0,13.0,1710.0,122.14285714285714,30.0,2.142857142857143,13,14.0,1710.0,30.0,1.0769230769230769,131.53846153846155,122.14285714285714,0.0
PRV54603,0.0,0.0,0.0,0.0,0.0,0.0,57.0,32.0,16180.0,283.859649122807,280.0,4.912280701754386,32,57.0,16180.0,280.0,1.78125,505.625,283.859649122807,0.0
PRV54604,0.0,0.0,0.0,0.0,0.0,0.0,38.0,15.0,8240.0,216.8421052631579,70.0,1.8421052631578947,15,38.0,8240.0,70.0,2.533333333333333,549.3333333333334,216.8421052631579,0.0
PRV54606,0.0,0.0,0.0,0.0,0.0,0.0,8.0,8.0,1510.0,188.75,0.0,0.0,8,8.0,1510.0,0.0,1.0,188.75,188.75,0.0
PRV54608,0.0,0.0,0.0,0.0,0.0,0.0,33.0,10.0,10650.0,322.72727272727275,0.0,0.0,10,33.0,10650.0,0.0,3.3,1065.0,322.72727272727275,0.0
PRV54609,0.0,0.0,0.0,0.0,0.0,0.0,45.0,14.0,17160.0,381.3333333333333,170.0,3.7777777777777777,14,45.0,17160.0,170.0,3.2142857142857144,1225.7142857142858,381.3333333333333,0.0
PRV54610,0.0,0.0,0.0,0.0,0.0,0.0,45.0,21.0,14470.0,321.55555555555554,190.0,4.222222222222222,21,45.0,14470.0,190.0,2.142857142857143,689.047619047619,321.55555555555554,0.0
PRV54611,1.0,1.0,4000.0,4000.0,1068.0,1068.0,5.0,5.0,760.0,152.0,100.0,20.0,6,6.0,4760.0,1168.0,1.0,793.3333333333334,793.3333333333334,0.16666666666666666
PRV54612,0.0,0.0,0.0,0.0,0.0,0.0,12.0,4.0,1120.0,93.33333333333333,90.0,7.5,4,12.0,1120.0,90.0,3.0,280.0,93.33333333333333,0.0
PRV54614,0.0,0.0,0.0,0.0,0.0,0.0,15.0,8.0,1440.0,96.0,40.0,2.6666666666666665,8,15.0,1440.0,40.0,1.875,180.0,96.0,0.0
PRV54615,0.0,0.0,0.0,0.0,0.0,0.0,5.0,2.0,310.0,62.0,0.0,0.0,2,5.0,310.0,0.0,2.5,155.0,62.0,0.0
PRV54616,2.0,2.0,23000.0,11500.0,2136.0,1068.0,3.0,3.0,310.0,103.33333333333333,0.0,0.0,5,5.0,23310.0,2136.0,1.0,4662.0,4662.0,0.4
PRV54618,0.0,0.0,0.0,0.0,0.0,0.0,32.0,18.0,10200.0,318.75,180.0,5.625,18,32.0,10200.0,180.0,1.7777777777777777,566.6666666666666,318.75,0.0
PRV54619,0.0,0.0,0.0,0.0,0.0,0.0,33.0,21.0,9710.0,294.24242424242425,0.0,0.0,21,33.0,9710.0,0.0,1.5714285714285714,462.3809523809524,294.24242424242425,0.0
PRV54620,7.0,6.0,73000.0,10428.57142857143,7476.0,1068.0,6.0,6.0,1520.0,253.33333333333334,0.0,0.0,12,13.0,74520.0,7476.0,1.0833333333333333,6210.0,5732.307692307692,0.5384615384615384
PRV54621,0.0,0.0,0.0,0.0,0.0,0.0,1.0,1.0,900.0,900.0,0.0,0.0,1,1.0,900.0,0.0,1.0,900.0,900.0,0.0
PRV54622,0.0,0.0,0.0,0.0,0.0,0.0,10.0,8.0,890.0,89.0,30.0,3.0,8,10.0,890.0,30.0,1.25,111.25,89.0,0.0
PRV54623,0.0,0.0,0.0,0.0,0.0,0.0,43.0,11.0,8030.0,186.74418604651163,300.0,6.976744186046512,11,43.0,8030.0,300.0,3.909090909090909,730.0,186.74418604651163,0.0
PRV54624,0.0,0.0,0.0,0.0,0.0,0.0,10.0,8.0,10180.0,1018.0,0.0,0.0,8,10.0,10180.0,0.0,1.25,1272.5,1018.0,0.0
PRV54625,0.0,0.0,0.0,0.0,0.0,0.0,16.0,7.0,7290.0,455.625,0.0,0.0,7,16.0,7290.0,0.0,2.2857142857142856,1041.4285714285713,455.625,0.0
PRV54627,0.0,0.0,0.0,0.0,0.0,0.0,26.0,13.0,5530.0,212.69230769230768,0.0,0.0,13,26.0,5530.0,0.0,2.0,425.38461538461536,212.69230769230768,0.0
PRV54628,0.0,0.0,0.0,0.0,0.0,0.0,4.0,4.0,1540.0,385.0,0.0,0.0,4,4.0,1540.0,0.0,1.0,385.0,385.0,0.0
PRV54629,0.0,0.0,0.0,0.0,0.0,0.0,3.0,3.0,580.0,193.33333333333334,0.0,0.0,3,3.0,580.0,0.0,1.0,193.33333333333334,193.33333333333334,0.0
PRV54630,0.0,0.0,0.0,0.0,0.0,0.0,85.0,23.0,25680.0,302.11764705882354,100.0,1.1764705882352942,23,85.0,25680.0,100.0,3.6956521739130435,1116.5217391304348,302.11764705882354,0.0
PRV54633,0.0,0.0,0.0,0.0,0.0,0.0,12.0,6.0,1430.0,119.16666666666667,30.0,2.5,6,12.0,1430.0,30.0,2.0,238.33333333333334,119.16666666666667,0.0
PRV54634,0.0,0.0,0.0,0.0,0.0,0.0,32.0,23.0,6110.0,190.9375,190.0,5.9375,23,32.0,6110.0,190.0,1.391304347826087,265.6521739130435,190.9375,0.0
PRV54635,0.0,0.0,0.0,0.0,0.0,0.0,33.0,11.0,6590.0,199.6969696969697,240.0,7.2727272727272725,11,33.0,6590.0,240.0,3.0,599.0909090909091,199.6969696969697,0.0
PRV54636,0.0,0.0,0.0,0.0,0.0,0.0,76.0,51.0,26500.0,348.6842105263158,80.0,1.0526315789473684,51,76.0,26500.0,80.0,1.4901960784313726,519.6078431372549,348.6842105263158,0.0
PRV54637,13.0,12.0,226000.0,17384.615384615383,12816.0,1068.0,0.0,0.0,0.0,0.0,0.0,0.0,12,13.0,226000.0,12816.0,1.0833333333333333,18833.333333333332,17384.615384615383,1.0
PRV54638,6.0,6.0,82000.0,13666.666666666666,6408.0,1068.0,0.0,0.0,0.0,0.0,0.0,0.0,6,6.0,82000.0,6408.0,1.0,13666.666666666666,13666.666666666666,1.0
PRV54639,13.0,12.0,110000.0,8461.538461538461,12816.0,1068.0,0.0,0.0,0.0,0.0,0.0,0.0,12,13.0,110000.0,12816.0,1.0833333333333333,9166.666666666666,8461.538461538461,1.0
PRV54640,7.0,7.0,72000.0,10285.714285714286,7476.0,1068.0,12.0,12.0,2260.0,188.33333333333334,40.0,3.3333333333333335,19,19.0,74260.0,7516.0,1.0,3908.4210526315787,3908.4210526315787,0.3684210526315789
PRV54642,0.0,0.0,0.0,0.0,0.0,0.0,49.0,46.0,14110.0,287.9591836734694,240.0,4.8979591836734695,46,49.0,14110.0,240.0,1.065217391304348,306.7391304347826,287.9591836734694,0.0
PRV54643,0.0,0.0,0.0,0.0,0.0,0.0,18.0,18.0,8380.0,465.55555555555554,0.0,0.0,18,18.0,8380.0,0.0,1.0,465.55555555555554,465.55555555555554,0.0
PRV54644,22.0,21.0,194000.0,8818.181818181818,23496.0,1068.0,46.0,45.0,18370.0,399.3478260869565,20.0,0.43478260869565216,66,68.0,212370.0,23516.0,1.0303030303030303,3217.7272727272725,3123.0882352941176,0.3235294117647059
PRV54645,0.0,0.0,0.0,0.0,0.0,0.0,2.0,2.0,1010.0,505.0,60.0,30.0,2,2.0,1010.0,60.0,1.0,505.0,505.0,0.0
PRV54646,0.0,0.0,0.0,0.0,0.0,0.0,23.0,13.0,11180.0,486.0869565217391,0.0,0.0,13,23.0,11180.0,0.0,1.7692307692307692,860.0,486.0869565217391,0.0
PRV54649,22.0,22.0,302000.0,13727.272727272728,22428.0,1068.0,53.0,51.0,13080.0,246.79245283018867,290.0,5.471698113207547,73,75.0,315080.0,22718.0,1.0273972602739727,4316.164383561644,4201.066666666667,0.29333333333333333
PRV54651,21.0,21.0,270000.0,12857.142857142857,21360.0,1068.0,70.0,66.0,21760.0,310.85714285714283,110.0,1.5714285714285714,87,91.0,291760.0,21470.0,1.0459770114942528,3353.5632183908046,3206.153846153846,0.23076923076923078
PRV54652,0.0,0.0,0.0,0.0,0.0,0.0,38.0,33.0,12020.0,316.3157894736842,80.0,2.1052631578947367,33,38.0,12020.0,80.0,1.1515151515151516,364.24242424242425,316.3157894736842,0.0
PRV54653,40.0,31.0,371000.0,9275.0,42720.0,1068.0,30.0,30.0,6740.0,224.66666666666666,0.0,0.0,61,70.0,377740.0,42720.0,1.1475409836065573,6192.459016393443,5396.285714285715,0.5714285714285714
PRV54656,0.0,0.0,0.0,0.0,0.0,0.0,35.0,35.0,11380.0,325.14285714285717,30.0,0.8571428571428571,35,35.0,11380.0,30.0,1.0,325.14285714285717,325.14285714285717,0.0
PRV54657,17.0,17.0,287000.0,16882.352941176472,18156.0,1068.0,29.0,29.0,5220.0,180.0,0.0,0.0,46,46.0,292220.0,18156.0,1.0,6352.608695652174,6352.608695652174,0.3695652173913043
PRV54658,27.0,27.0,175000.0,6481.481481481482,26700.0,1068.0,58.0,58.0,17580.0,303.1034482758621,100.0,1.7241379310344827,85,85.0,192580.0,26800.0,1.0,2265.6470588235293,2265.6470588235293,0.3176470588235294
PRV54660,0.0,0.0,0.0,0.0,0.0,0.0,24.0,21.0,5110.0,212.91666666666666,30.0,1.25,21,24.0,5110.0,30.0,1.1428571428571428,243.33333333333334,212.91666666666666,0.0
PRV54661,3.0,3.0,84000.0,28000.0,3204.0,1068.0,16.0,16.0,4200.0,262.5,0.0,0.0,19,19.0,88200.0,3204.0,1.0,4642.105263157895,4642.105263157895,0.15789473684210525
PRV54662,3.0,3.0,17000.0,5666.666666666667,3204.0,1068.0,42.0,41.0,8590.0,204.52380952380952,110.0,2.619047619047619,44,45.0,25590.0,3314.0,1.0227272727272727,581.5909090909091,568.6666666666666,0.06666666666666667
PRV54664,0.0,0.0,0.0,0.0,0.0,0.0,2.0,2.0,1200.0,600.0,100.0,50.0,2,2.0,1200.0,100.0,1.0,600.0,600.0,0.0
PRV54666,1.0,1.0,10000.0,10000.0,1068.0,1068.0,4.0,4.0,1310.0,327.5,90.0,22.5,5,5.0,11310.0,1158.0,1.0,2262.0,2262.0,0.2
PRV54667,9.0,7.0,72600.0,8066.666666666667,8544.0,1068.0,157.0,65.0,64090.0,408.21656050955414,200.0,1.2738853503184713,66,166.0,136690.0,8744.0,2.515151515151515,2071.060606060606,823.433734939759,0.05421686746987952
PRV54668,1.0,1.0,3000.0,3000.0,1068.0,1068.0,305.0,260.0,93050.0,305.08196721311475,530.0,1.7377049180327868,261,306.0,96050.0,1598.0,1.1724137931034482,368.00766283524905,313.8888888888889,0.0032679738562091504
PRV54670,0.0,0.0,0.0,0.0,0.0,0.0,159.0,115.0,39370.0,247.61006289308176,240.0,1.509433962264151,115,159.0,39370.0,240.0,1.382608695652174,342.3478260869565,247.61006289308176,0.0
PRV54671,0.0,0.0,0.0,0.0,0.0,0.0,3.0,1.0,920.0,306.6666666666667,0.0,0.0,1,3.0,920.0,0.0,3.0,920.0,306.6666666666667,0.0
PRV54672,0.0,0.0,0.0,0.0,0.0,0.0,10.0,7.0,4200.0,420.0,0.0,0.0,7,10.0,4200.0,0.0,1.4285714285714286,600.0,420.0,0.0
PRV54673,1.0,1.0,6000.0,6000.0,0.0,0.0,0.0,0.0,0.0,0.0,0.0,0.0,1,1.0,6000.0,0.0,1.0,6000.0,6000.0,1.0
PRV54674,3.0,3.0,27000.0,9000.0,3204.0,1068.0,0.0,0.0,0.0,0.0,0.0,0.0,3,3.0,27000.0,3204.0,1.0,9000.0,9000.0,1.0
PRV54675,37.0,34.0,422000.0,11405.405405405405,39516.0,1068.0,0.0,0.0,0.0,0.0,0.0,0.0,34,37.0,422000.0,39516.0,1.088235294117647,12411.764705882353,11405.405405405405,1.0
PRV54676,40.0,36.0,375200.0,9380.0,40584.0,1068.0,0.0,0.0,0.0,0.0,0.0,0.0,36,40.0,375200.0,40584.0,1.1111111111111112,10422.222222222223,9380.0,1.0
PRV54677,0.0,0.0,0.0,0.0,0.0,0.0,27.0,15.0,16270.0,602.5925925925926,110.0,4.074074074074074,15,27.0,16270.0,110.0,1.8,1084.6666666666667,602.5925925925926,0.0
PRV54678,0.0,0.0,0.0,0.0,0.0,0.0,15.0,7.0,6850.0,456.6666666666667,70.0,4.666666666666667,7,15.0,6850.0,70.0,2.142857142857143,978.5714285714286,456.6666666666667,0.0
PRV54679,1.0,1.0,7000.0,7000.0,1068.0,1068.0,0.0,0.0,0.0,0.0,0.0,0.0,1,1.0,7000.0,1068.0,1.0,7000.0,7000.0,1.0
PRV54680,18.0,17.0,257000.0,14277.777777777777,19224.0,1068.0,0.0,0.0,0.0,0.0,0.0,0.0,17,18.0,257000.0,19224.0,1.0588235294117647,15117.64705882353,14277.777777777777,1.0
PRV54681,0.0,0.0,0.0,0.0,0.0,0.0,301.0,285.0,63790.0,211.9269102990033,590.0,1.9601328903654485,285,301.0,63790.0,590.0,1.056140350877193,223.82456140350877,211.9269102990033,0.0
PRV54682,6.0,6.0,33000.0,5500.0,5340.0,1068.0,90.0,82.0,24690.0,274.3333333333333,400.0,4.444444444444445,88,96.0,57690.0,5740.0,1.0909090909090908,655.5681818181819,600.9375,0.0625
PRV54683,0.0,0.0,0.0,0.0,0.0,0.0,462.0,406.0,123850.0,268.0735930735931,1080.0,2.3376623376623376,406,462.0,123850.0,1080.0,1.1379310344827587,305.04926108374383,268.0735930735931,0.0
PRV54684,0.0,0.0,0.0,0.0,0.0,0.0,133.0,128.0,43360.0,326.01503759398497,240.0,1.8045112781954886,128,133.0,43360.0,240.0,1.0390625,338.75,326.01503759398497,0.0
PRV54685,0.0,0.0,0.0,0.0,0.0,0.0,145.0,139.0,40150.0,276.8965517241379,260.0,1.793103448275862,139,145.0,40150.0,260.0,1.0431654676258992,288.84892086330933,276.8965517241379,0.0
PRV54686,14.0,13.0,106000.0,7571.428571428572,14952.0,1068.0,143.0,113.0,39620.0,277.06293706293707,430.0,3.006993006993007,125,157.0,145620.0,15382.0,1.256,1164.96,927.515923566879,0.08917197452229299
PRV54687,0.0,0.0,0.0,0.0,0.0,0.0,18.0,18.0,9390.0,521.6666666666666,70.0,3.888888888888889,18,18.0,9390.0,70.0,1.0,521.6666666666666,521.6666666666666,0.0
PRV54688,11.0,11.0,143000.0,13000.0,11748.0,1068.0,1021.0,470.0,258660.0,253.33986287952987,3220.0,3.1537708129285016,481,1032.0,401660.0,14968.0,2.1455301455301456,835.0519750519751,389.20542635658916,0.01065891472868217
PRV54689,0.0,0.0,0.0,0.0,0.0,0.0,20.0,20.0,2070.0,103.5,0.0,0.0,20,20.0,2070.0,0.0,1.0,103.5,103.5,0.0
PRV54690,0.0,0.0,0.0,0.0,0.0,0.0,840.0,366.0,224960.0,267.8095238095238,1760.0,2.0952380952380953,366,840.0,224960.0,1760.0,2.2950819672131146,614.6448087431694,267.8095238095238,0.0
PRV54691,7.0,7.0,84000.0,12000.0,6408.0,1068.0,60.0,59.0,14310.0,238.5,640.0,10.666666666666666,66,67.0,98310.0,7048.0,1.0151515151515151,1489.5454545454545,1467.313432835821,0.1044776119402985
PRV54692,48.0,38.0,371000.0,7729.166666666667,51264.0,1068.0,24.0,24.0,4880.0,203.33333333333334,0.0,0.0,62,72.0,375880.0,51264.0,1.1612903225806452,6062.580645161291,5220.555555555556,0.6666666666666666
PRV54693,2.0,2.0,15000.0,7500.0,2136.0,1068.0,50.0,49.0,24930.0,498.6,0.0,0.0,51,52.0,39930.0,2136.0,1.0196078431372548,782.9411764705883,767.8846153846154,0.038461538461538464
PRV54694,0.0,0.0,0.0,0.0,0.0,0.0,330.0,155.0,90760.0,275.030303030303,430.0,1.303030303030303,155,330.0,90760.0,430.0,2.129032258064516,585.5483870967741,275.030303030303,0.0
PRV54695,0.0,0.0,0.0,0.0,0.0,0.0,53.0,53.0,15750.0,297.1698113207547,260.0,4.90566037735849,53,53.0,15750.0,260.0,1.0,297.1698113207547,297.1698113207547,0.0
PRV54696,6.0,6.0,118000.0,19666.666666666668,6408.0,1068.0,65.0,58.0,21150.0,325.38461538461536,390.0,6.0,63,71.0,139150.0,6798.0,1.126984126984127,2208.7301587301586,1959.8591549295775,0.08450704225352113
PRV54697,1.0,1.0,10000.0,10000.0,1068.0,1068.0,7.0,7.0,880.0,125.71428571428571,0.0,0.0,8,8.0,10880.0,1068.0,1.0,1360.0,1360.0,0.125
PRV54699,0.0,0.0,0.0,0.0,0.0,0.0,4.0,4.0,360.0,90.0,100.0,25.0,4,4.0,360.0,100.0,1.0,90.0,90.0,0.0
PRV54701,0.0,0.0,0.0,0.0,0.0,0.0,6.0,5.0,1310.0,218.33333333333334,0.0,0.0,5,6.0,1310.0,0.0,1.2,262.0,218.33333333333334,0.0
PRV54703,0.0,0.0,0.0,0.0,0.0,0.0,11.0,11.0,660.0,60.0,0.0,0.0,11,11.0,660.0,0.0,1.0,60.0,60.0,0.0
PRV54704,0.0,0.0,0.0,0.0,0.0,0.0,161.0,115.0,44710.0,277.70186335403724,170.0,1.0559006211180124,115,161.0,44710.0,170.0,1.4,388.7826086956522,277.70186335403724,0.0
PRV54705,20.0,17.0,164000.0,8200.0,20292.0,1068.0,237.0,112.0,55740.0,235.18987341772151,380.0,1.6033755274261603,119,257.0,219740.0,20672.0,2.1596638655462184,1846.5546218487395,855.0194552529183,0.07782101167315175
PRV54707,0.0,0.0,0.0,0.0,0.0,0.0,9.0,8.0,1280.0,142.22222222222223,0.0,0.0,8,9.0,1280.0,0.0,1.125,160.0,142.22222222222223,0.0
PRV54708,0.0,0.0,0.0,0.0,0.0,0.0,8.0,8.0,2680.0,335.0,0.0,0.0,8,8.0,2680.0,0.0,1.0,335.0,335.0,0.0
PRV54710,0.0,0.0,0.0,0.0,0.0,0.0,2.0,2.0,860.0,430.0,0.0,0.0,2,2.0,860.0,0.0,1.0,430.0,430.0,0.0
PRV54711,0.0,0.0,0.0,0.0,0.0,0.0,2.0,2.0,40.0,20.0,0.0,0.0,2,2.0,40.0,0.0,1.0,20.0,20.0,0.0
PRV54712,0.0,0.0,0.0,0.0,0.0,0.0,14.0,13.0,7460.0,532.8571428571429,0.0,0.0,13,14.0,7460.0,0.0,1.0769230769230769,573.8461538461538,532.8571428571429,0.0
PRV54713,0.0,0.0,0.0,0.0,0.0,0.0,17.0,17.0,1770.0,104.11764705882354,200.0,11.764705882352942,17,17.0,1770.0,200.0,1.0,104.11764705882354,104.11764705882354,0.0
PRV54714,0.0,0.0,0.0,0.0,0.0,0.0,10.0,10.0,2480.0,248.0,0.0,0.0,10,10.0,2480.0,0.0,1.0,248.0,248.0,0.0
PRV54715,0.0,0.0,0.0,0.0,0.0,0.0,19.0,18.0,6890.0,362.63157894736844,100.0,5.2631578947368425,18,19.0,6890.0,100.0,1.0555555555555556,382.77777777777777,362.63157894736844,0.0
PRV54716,0.0,0.0,0.0,0.0,0.0,0.0,141.0,55.0,39240.0,278.29787234042556,680.0,4.822695035460993,55,141.0,39240.0,680.0,2.5636363636363635,713.4545454545455,278.29787234042556,0.0
PRV54717,0.0,0.0,0.0,0.0,0.0,0.0,3.0,3.0,2400.0,800.0,0.0,0.0,3,3.0,2400.0,0.0,1.0,800.0,800.0,0.0
PRV54718,29.0,24.0,302000.0,10413.793103448275,30972.0,1068.0,0.0,0.0,0.0,0.0,0.0,0.0,24,29.0,302000.0,30972.0,1.2083333333333333,12583.333333333334,10413.793103448275,1.0
PRV54720,9.0,9.0,127000.0,14111.111111111111,8544.0,1068.0,0.0,0.0,0.0,0.0,0.0,0.0,9,9.0,127000.0,8544.0,1.0,14111.111111111111,14111.111111111111,1.0
PRV54723,0.0,0.0,0.0,0.0,0.0,0.0,90.0,86.0,24350.0,270.55555555555554,170.0,1.8888888888888888,86,90.0,24350.0,170.0,1.0465116279069768,283.13953488372096,270.55555555555554,0.0
PRV54724,48.0,45.0,489000.0,10187.5,50196.0,1068.0,23.0,23.0,6650.0,289.1304347826087,70.0,3.0434782608695654,67,71.0,495650.0,50266.0,1.0597014925373134,7397.761194029851,6980.985915492958,0.676056338028169
PRV54725,0.0,0.0,0.0,0.0,0.0,0.0,116.0,112.0,34700.0,299.13793103448273,150.0,1.293103448275862,112,116.0,34700.0,150.0,1.0357142857142858,309.82142857142856,299.13793103448273,0.0
PRV54726,2.0,2.0,27000.0,13500.0,2136.0,1068.0,32.0,32.0,6290.0,196.5625,150.0,4.6875,34,34.0,33290.0,2286.0,1.0,979.1176470588235,979.1176470588235,0.058823529411764705
PRV54727,0.0,0.0,0.0,0.0,0.0,0.0,59.0,59.0,24270.0,411.35593220338984,370.0,6.271186440677966,59,59.0,24270.0,370.0,1.0,411.35593220338984,411.35593220338984,0.0
PRV54728,2.0,2.0,10000.0,5000.0,2136.0,1068.0,9.0,9.0,3690.0,410.0,0.0,0.0,11,11.0,13690.0,2136.0,1.0,1244.5454545454545,1244.5454545454545,0.18181818181818182
PRV54730,0.0,0.0,0.0,0.0,0.0,0.0,40.0,39.0,9450.0,236.25,0.0,0.0,39,40.0,9450.0,0.0,1.0256410256410255,242.30769230769232,236.25,0.0
PRV54734,0.0,0.0,0.0,0.0,0.0,0.0,138.0,127.0,42870.0,310.6521739130435,390.0,2.8260869565217392,127,138.0,42870.0,390.0,1.0866141732283465,337.5590551181102,310.6521739130435,0.0
PRV54735,5.0,5.0,39000.0,7800.0,5340.0,1068.0,33.0,33.0,20710.0,627.5757575757576,260.0,7.878787878787879,38,38.0,59710.0,5600.0,1.0,1571.3157894736842,1571.3157894736842,0.13157894736842105
PRV54737,13.0,13.0,161000.0,12384.615384615385,13884.0,1068.0,22.0,22.0,8510.0,386.8181818181818,0.0,0.0,35,35.0,169510.0,13884.0,1.0,4843.142857142857,4843.142857142857,0.37142857142857144
PRV54739,45.0,40.0,598000.0,13288.888888888889,44856.0,1068.0,141.0,140.0,34650.0,245.74468085106383,270.0,1.9148936170212767,180,186.0,632650.0,45126.0,1.0333333333333334,3514.722222222222,3401.3440860215055,0.24193548387096775
PRV54741,0.0,0.0,0.0,0.0,0.0,0.0,177.0,171.0,47650.0,269.2090395480226,960.0,5.423728813559322,171,177.0,47650.0,960.0,1.0350877192982457,278.65497076023394,269.2090395480226,0.0
PRV54742,231.0,198.0,2499900.0,10822.077922077922,241368.0,1068.0,1661.0,879.0,469630.0,282.739313666466,3690.0,2.22155328115593,989,1892.0,2969530.0,245058.0,1.9130434782608696,3002.5581395348836,1569.5190274841439,0.12209302325581395
PRV54743,7.0,7.0,69000.0,9857.142857142857,6408.0,1068.0,73.0,70.0,18470.0,253.013698630137,130.0,1.7808219178082192,77,80.0,87470.0,6538.0,1.0389610389610389,1135.974025974026,1093.375,0.0875
PRV54745,10.0,10.0,80000.0,8000.0,10680.0,1068.0,818.0,493.0,215740.0,263.7408312958435,2410.0,2.946210268948655,502,828.0,295740.0,13090.0,1.649402390438247,589.1235059760957,357.17391304347825,0.012077294685990338
PRV54747,0.0,0.0,0.0,0.0,0.0,0.0,21.0,20.0,5420.0,258.0952380952381,160.0,7.619047619047619,20,21.0,5420.0,160.0,1.05,271.0,258.0952380952381,0.0
PRV54748,0.0,0.0,0.0,0.0,0.0,0.0,85.0,83.0,32110.0,377.7647058823529,290.0,3.411764705882353,83,85.0,32110.0,290.0,1.0240963855421688,386.86746987951807,377.7647058823529,0.0
PRV54753,0.0,0.0,0.0,0.0,0.0,0.0,16.0,16.0,7780.0,486.25,0.0,0.0,16,16.0,7780.0,0.0,1.0,486.25,486.25,0.0
PRV54756,3.0,3.0,11000.0,3666.6666666666665,3204.0,1068.0,16.0,16.0,6390.0,399.375,50.0,3.125,19,19.0,17390.0,3254.0,1.0,915.2631578947369,915.2631578947369,0.15789473684210525
PRV54757,15.0,15.0,105000.0,7000.0,13884.0,1068.0,50.0,50.0,12290.0,245.8,20.0,0.4,65,65.0,117290.0,13904.0,1.0,1804.4615384615386,1804.4615384615386,0.23076923076923078
PRV54758,0.0,0.0,0.0,0.0,0.0,0.0,95.0,93.0,25690.0,270.42105263157896,420.0,4.421052631578948,93,95.0,25690.0,420.0,1.021505376344086,276.23655913978496,270.42105263157896,0.0
PRV54759,5.0,5.0,34000.0,6800.0,5340.0,1068.0,39.0,39.0,11140.0,285.64102564102564,40.0,1.0256410256410255,44,44.0,45140.0,5380.0,1.0,1025.909090909091,1025.909090909091,0.11363636363636363
PRV54760,24.0,22.0,194000.0,8083.333333333333,25632.0,1068.0,7.0,7.0,1090.0,155.71428571428572,0.0,0.0,29,31.0,195090.0,25632.0,1.0689655172413792,6727.241379310345,6293.225806451613,0.7741935483870968
PRV54761,0.0,0.0,0.0,0.0,0.0,0.0,822.0,483.0,216040.0,262.82238442822387,2290.0,2.7858880778588806,483,822.0,216040.0,2290.0,1.7018633540372672,447.28778467908904,262.82238442822387,0.0
PRV54763,0.0,0.0,0.0,0.0,0.0,0.0,34.0,33.0,11770.0,346.1764705882353,0.0,0.0,33,34.0,11770.0,0.0,1.0303030303030303,356.6666666666667,346.1764705882353,0.0
PRV54764,13.0,13.0,151000.0,11615.384615384615,13884.0,1068.0,38.0,35.0,11080.0,291.57894736842104,180.0,4.7368421052631575,48,51.0,162080.0,14064.0,1.0625,3376.6666666666665,3178.0392156862745,0.2549019607843137
PRV54765,196.0,162.0,1986000.0,10132.65306122449,205056.0,1068.0,43.0,41.0,14500.0,337.2093023255814,80.0,1.8604651162790697,201,239.0,2000500.0,205136.0,1.1890547263681592,9952.73631840796,8370.292887029289,0.8200836820083682
PRV54767,8.0,8.0,47000.0,5875.0,8544.0,1068.0,55.0,54.0,15080.0,274.1818181818182,80.0,1.4545454545454546,62,63.0,62080.0,8624.0,1.0161290322580645,1001.2903225806451,985.3968253968254,0.12698412698412698
PRV54768,7.0,7.0,72000.0,10285.714285714286,6408.0,1068.0,25.0,25.0,7420.0,296.8,70.0,2.8,31,32.0,79420.0,6478.0,1.032258064516129,2561.935483870968,2481.875,0.21875
PRV54771,12.0,12.0,151000.0,12583.333333333334,12816.0,1068.0,73.0,68.0,20560.0,281.64383561643837,90.0,1.2328767123287672,80,85.0,171560.0,12906.0,1.0625,2144.5,2018.3529411764705,0.1411764705882353
PRV54772,109.0,100.0,1119800.0,10273.394495412844,115344.0,1068.0,2006.0,1009.0,631520.0,314.81555333998006,5480.0,2.7318045862412763,1061,2115.0,1751320.0,120824.0,1.993402450518379,1650.631479736098,828.0472813238771,0.051536643026004726
PRV54773,10.0,10.0,156000.0,15600.0,9612.0,1068.0,24.0,24.0,4210.0,175.41666666666666,210.0,8.75,34,34.0,160210.0,9822.0,1.0,4712.058823529412,4712.058823529412,0.29411764705882354
PRV54774,5.0,5.0,60000.0,12000.0,5340.0,1068.0,483.0,260.0,143170.0,296.41821946169773,1310.0,2.712215320910973,264,488.0,203170.0,6650.0,1.8484848484848484,769.5833333333334,416.33196721311475,0.010245901639344262
PRV54776,5.0,5.0,30000.0,6000.0,5340.0,1068.0,32.0,32.0,7450.0,232.8125,0.0,0.0,37,37.0,37450.0,5340.0,1.0,1012.1621621621622,1012.1621621621622,0.13513513513513514
PRV54778,64.0,60.0,534000.0,8343.75,67284.0,1068.0,1608.0,827.0,464160.0,288.65671641791045,4950.0,3.078358208955224,857,1672.0,998160.0,72234.0,1.9509918319719954,1164.7141190198367,596.9856459330143,0.03827751196172249
PRV54779,9.0,9.0,111000.0,12333.333333333334,9612.0,1068.0,22.0,22.0,9680.0,440.0,0.0,0.0,31,31.0,120680.0,9612.0,1.0,3892.9032258064517,3892.9032258064517,0.2903225806451613
PRV54780,0.0,0.0,0.0,0.0,0.0,0.0,21.0,21.0,4950.0,235.71428571428572,50.0,2.380952380952381,21,21.0,4950.0,50.0,1.0,235.71428571428572,235.71428571428572,0.0
PRV54781,71.0,63.0,741000.0,10436.61971830986,74760.0,1068.0,134.0,127.0,35560.0,265.3731343283582,310.0,2.3134328358208953,189,205.0,776560.0,75070.0,1.0846560846560847,4108.783068783069,3788.0975609756097,0.3463414634146341
PRV54783,0.0,0.0,0.0,0.0,0.0,0.0,28.0,26.0,20530.0,733.2142857142857,180.0,6.428571428571429,26,28.0,20530.0,180.0,1.0769230769230769,789.6153846153846,733.2142857142857,0.0
PRV54784,0.0,0.0,0.0,0.0,0.0,0.0,9.0,9.0,1520.0,168.88888888888889,0.0,0.0,9,9.0,1520.0,0.0,1.0,168.88888888888889,168.88888888888889,0.0
PRV54785,2.0,2.0,24000.0,12000.0,2136.0,1068.0,6.0,6.0,2330.0,388.3333333333333,100.0,16.666666666666668,8,8.0,26330.0,2236.0,1.0,3291.25,3291.25,0.25
PRV54786,0.0,0.0,0.0,0.0,0.0,0.0,1316.0,697.0,415900.0,316.03343465045594,3400.0,2.5835866261398177,697,1316.0,415900.0,3400.0,1.8880918220946916,596.700143472023,316.03343465045594,0.0
PRV54787,24.0,23.0,282000.0,11750.0,24564.0,1068.0,53.0,53.0,15820.0,298.49056603773585,160.0,3.018867924528302,76,77.0,297820.0,24724.0,1.013157894736842,3918.684210526316,3867.7922077922076,0.3116883116883117
PRV54789,3.0,3.0,30000.0,10000.0,3204.0,1068.0,0.0,0.0,0.0,0.0,0.0,0.0,3,3.0,30000.0,3204.0,1.0,10000.0,10000.0,1.0
PRV54790,0.0,0.0,0.0,0.0,0.0,0.0,8.0,8.0,3560.0,445.0,0.0,0.0,8,8.0,3560.0,0.0,1.0,445.0,445.0,0.0
PRV54792,0.0,0.0,0.0,0.0,0.0,0.0,22.0,22.0,5390.0,245.0,60.0,2.727272727272727,22,22.0,5390.0,60.0,1.0,245.0,245.0,0.0
PRV54793,0.0,0.0,0.0,0.0,0.0,0.0,10.0,5.0,3820.0,382.0,0.0,0.0,5,10.0,3820.0,0.0,2.0,764.0,382.0,0.0
PRV54794,0.0,0.0,0.0,0.0,0.0,0.0,3.0,3.0,450.0,150.0,0.0,0.0,3,3.0,450.0,0.0,1.0,150.0,150.0,0.0
PRV54795,0.0,0.0,0.0,0.0,0.0,0.0,21.0,21.0,7510.0,357.6190476190476,60.0,2.857142857142857,21,21.0,7510.0,60.0,1.0,357.6190476190476,357.6190476190476,0.0
PRV54796,0.0,0.0,0.0,0.0,0.0,0.0,2.0,2.0,1700.0,850.0,0.0,0.0,2,2.0,1700.0,0.0,1.0,850.0,850.0,0.0
PRV54798,0.0,0.0,0.0,0.0,0.0,0.0,5.0,5.0,290.0,58.0,0.0,0.0,5,5.0,290.0,0.0,1.0,58.0,58.0,0.0
PRV54799,0.0,0.0,0.0,0.0,0.0,0.0,1.0,1.0,100.0,100.0,0.0,0.0,1,1.0,100.0,0.0,1.0,100.0,100.0,0.0
PRV54800,0.0,0.0,0.0,0.0,0.0,0.0,2.0,2.0,500.0,250.0,0.0,0.0,2,2.0,500.0,0.0,1.0,250.0,250.0,0.0
PRV54802,0.0,0.0,0.0,0.0,0.0,0.0,17.0,17.0,1770.0,104.11764705882354,0.0,0.0,17,17.0,1770.0,0.0,1.0,104.11764705882354,104.11764705882354,0.0
PRV54803,0.0,0.0,0.0,0.0,0.0,0.0,3.0,3.0,1880.0,626.6666666666666,0.0,0.0,3,3.0,1880.0,0.0,1.0,626.6666666666666,626.6666666666666,0.0
PRV54805,0.0,0.0,0.0,0.0,0.0,0.0,5.0,5.0,270.0,54.0,0.0,0.0,5,5.0,270.0,0.0,1.0,54.0,54.0,0.0
PRV54806,0.0,0.0,0.0,0.0,0.0,0.0,75.0,56.0,13300.0,177.33333333333334,510.0,6.8,56,75.0,13300.0,510.0,1.3392857142857142,237.5,177.33333333333334,0.0
PRV54808,0.0,0.0,0.0,0.0,0.0,0.0,32.0,32.0,15140.0,473.125,110.0,3.4375,32,32.0,15140.0,110.0,1.0,473.125,473.125,0.0
PRV54809,0.0,0.0,0.0,0.0,0.0,0.0,55.0,53.0,21170.0,384.90909090909093,160.0,2.909090909090909,53,55.0,21170.0,160.0,1.0377358490566038,399.4339622641509,384.90909090909093,0.0
PRV54810,0.0,0.0,0.0,0.0,0.0,0.0,7.0,7.0,3800.0,542.8571428571429,40.0,5.714285714285714,7,7.0,3800.0,40.0,1.0,542.8571428571429,542.8571428571429,0.0
PRV54812,12.0,12.0,156000.0,13000.0,12816.0,1068.0,0.0,0.0,0.0,0.0,0.0,0.0,12,12.0,156000.0,12816.0,1.0,13000.0,13000.0,1.0
PRV54813,0.0,0.0,0.0,0.0,0.0,0.0,1056.0,711.0,300030.0,284.1193181818182,3680.0,3.484848484848485,711,1056.0,300030.0,3680.0,1.4852320675105486,421.9831223628692,284.1193181818182,0.0
PRV54814,0.0,0.0,0.0,0.0,0.0,0.0,82.0,72.0,20790.0,253.53658536585365,210.0,2.5609756097560976,72,82.0,20790.0,210.0,1.1388888888888888,288.75,253.53658536585365,0.0
PRV54817,1.0,1.0,7000.0,7000.0,1068.0,1068.0,0.0,0.0,0.0,0.0,0.0,0.0,1,1.0,7000.0,1068.0,1.0,7000.0,7000.0,1.0
PRV54818,5.0,5.0,46000.0,9200.0,5340.0,1068.0,0.0,0.0,0.0,0.0,0.0,0.0,5,5.0,46000.0,5340.0,1.0,9200.0,9200.0,1.0
PRV54819,23.0,21.0,158000.0,6869.565217391304,22428.0,1068.0,2.0,2.0,110.0,55.0,0.0,0.0,23,25.0,158110.0,22428.0,1.0869565217391304,6874.347826086957,6324.4,0.92
PRV54820,1.0,1.0,12000.0,12000.0,1068.0,1068.0,0.0,0.0,0.0,0.0,0.0,0.0,1,1.0,12000.0,1068.0,1.0,12000.0,12000.0,1.0
PRV54821,7.0,7.0,39000.0,5571.428571428572,7476.0,1068.0,0.0,0.0,0.0,0.0,0.0,0.0,7,7.0,39000.0,7476.0,1.0,5571.428571428572,5571.428571428572,1.0
PRV54822,16.0,16.0,136000.0,8500.0,17088.0,1068.0,0.0,0.0,0.0,0.0,0.0,0.0,16,16.0,136000.0,17088.0,1.0,8500.0,8500.0,1.0
PRV54824,10.0,10.0,100000.0,10000.0,10680.0,1068.0,0.0,0.0,0.0,0.0,0.0,0.0,10,10.0,100000.0,10680.0,1.0,10000.0,10000.0,1.0
PRV54827,0.0,0.0,0.0,0.0,0.0,0.0,17.0,12.0,2570.0,151.1764705882353,0.0,0.0,12,17.0,2570.0,0.0,1.4166666666666667,214.16666666666666,151.1764705882353,0.0
PRV54828,3.0,3.0,88000.0,29333.333333333332,3204.0,1068.0,57.0,20.0,23610.0,414.2105263157895,180.0,3.1578947368421053,22,60.0,111610.0,3384.0,2.727272727272727,5073.181818181818,1860.1666666666667,0.05
PRV54829,0.0,0.0,0.0,0.0,0.0,0.0,75.0,55.0,21140.0,281.8666666666667,200.0,2.6666666666666665,55,75.0,21140.0,200.0,1.3636363636363635,384.3636363636364,281.8666666666667,0.0
PRV54830,1.0,1.0,13000.0,13000.0,1068.0,1068.0,10.0,10.0,810.0,81.0,0.0,0.0,11,11.0,13810.0,1068.0,1.0,1255.4545454545455,1255.4545454545455,0.09090909090909091
PRV54831,4.0,4.0,31000.0,7750.0,4272.0,1068.0,13.0,13.0,3040.0,233.84615384615384,0.0,0.0,17,17.0,34040.0,4272.0,1.0,2002.3529411764705,2002.3529411764705,0.23529411764705882
PRV54832,5.0,5.0,86000.0,17200.0,5340.0,1068.0,55.0,53.0,9240.0,168.0,110.0,2.0,58,60.0,95240.0,5450.0,1.0344827586206897,1642.0689655172414,1587.3333333333333,0.08333333333333333
PRV54833,0.0,0.0,0.0,0.0,0.0,0.0,88.0,48.0,19000.0,215.9090909090909,340.0,3.8636363636363638,48,88.0,19000.0,340.0,1.8333333333333333,395.8333333333333,215.9090909090909,0.0
PRV54834,6.0,6.0,57000.0,9500.0,6408.0,1068.0,10.0,10.0,2300.0,230.0,200.0,20.0,15,16.0,59300.0,6608.0,1.0666666666666667,3953.3333333333335,3706.25,0.375
PRV54836,0.0,0.0,0.0,0.0,0.0,0.0,8.0,8.0,3400.0,425.0,30.0,3.75,8,8.0,3400.0,30.0,1.0,425.0,425.0,0.0
PRV54837,0.0,0.0,0.0,0.0,0.0,0.0,1843.0,728.0,524060.0,284.35160065111234,5600.0,3.038524145415084,728,1843.0,524060.0,5600.0,2.5315934065934065,719.8626373626373,284.35160065111234,0.0
PRV54838,0.0,0.0,0.0,0.0,0.0,0.0,58.0,31.0,10800.0,186.20689655172413,170.0,2.9310344827586206,31,58.0,10800.0,170.0,1.8709677419354838,348.38709677419354,186.20689655172413,0.0
PRV54840,0.0,0.0,0.0,0.0,0.0,0.0,26.0,21.0,6520.0,250.76923076923077,0.0,0.0,21,26.0,6520.0,0.0,1.2380952380952381,310.4761904761905,250.76923076923077,0.0
PRV54841,3.0,2.0,50000.0,16666.666666666668,3204.0,1068.0,3.0,3.0,250.0,83.33333333333333,0.0,0.0,5,6.0,50250.0,3204.0,1.2,10050.0,8375.0,0.5
PRV54842,3.0,3.0,17000.0,5666.666666666667,3204.0,1068.0,127.0,56.0,45420.0,357.6377952755906,330.0,2.5984251968503935,59,130.0,62420.0,3534.0,2.2033898305084745,1057.9661016949153,480.15384615384613,0.023076923076923078
PRV54845,8.0,8.0,96000.0,12000.0,8544.0,1068.0,33.0,28.0,4280.0,129.6969696969697,340.0,10.303030303030303,36,41.0,100280.0,8884.0,1.1388888888888888,2785.5555555555557,2445.8536585365855,0.1951219512195122
PRV54846,9.0,8.0,112000.0,12444.444444444445,9612.0,1068.0,33.0,33.0,5930.0,179.6969696969697,60.0,1.8181818181818181,40,42.0,117930.0,9672.0,1.05,2948.25,2807.8571428571427,0.21428571428571427
PRV54847,10.0,9.0,65500.0,6550.0,10680.0,1068.0,286.0,131.0,62700.0,219.23076923076923,1280.0,4.475524475524476,135,296.0,128200.0,11960.0,2.1925925925925926,949.6296296296297,433.1081081081081,0.033783783783783786
PRV54848,24.0,22.0,239000.0,9958.333333333334,24564.0,1068.0,4.0,4.0,270.0,67.5,200.0,50.0,26,28.0,239270.0,24764.0,1.0769230769230769,9202.692307692309,8545.357142857143,0.8571428571428571
PRV54849,0.0,0.0,0.0,0.0,0.0,0.0,12.0,12.0,1590.0,132.5,0.0,0.0,12,12.0,1590.0,0.0,1.0,132.5,132.5,0.0
PRV54852,0.0,0.0,0.0,0.0,0.0,0.0,180.0,82.0,51420.0,285.6666666666667,450.0,2.5,82,180.0,51420.0,450.0,2.1951219512195124,627.0731707317074,285.6666666666667,0.0
PRV54854,0.0,0.0,0.0,0.0,0.0,0.0,131.0,55.0,39660.0,302.7480916030534,440.0,3.3587786259541983,55,131.0,39660.0,440.0,2.381818181818182,721.0909090909091,302.7480916030534,0.0
PRV54855,0.0,0.0,0.0,0.0,0.0,0.0,212.0,129.0,56930.0,268.5377358490566,490.0,2.311320754716981,129,212.0,56930.0,490.0,1.6434108527131783,441.3178294573643,268.5377358490566,0.0
PRV54856,0.0,0.0,0.0,0.0,0.0,0.0,1.0,1.0,40.0,40.0,0.0,0.0,1,1.0,40.0,0.0,1.0,40.0,40.0,0.0
PRV54859,0.0,0.0,0.0,0.0,0.0,0.0,25.0,6.0,12250.0,490.0,280.0,11.2,6,25.0,12250.0,280.0,4.166666666666667,2041.6666666666667,490.0,0.0
PRV54860,0.0,0.0,0.0,0.0,0.0,0.0,21.0,8.0,14080.0,670.4761904761905,280.0,13.333333333333334,8,21.0,14080.0,280.0,2.625,1760.0,670.4761904761905,0.0
PRV54861,0.0,0.0,0.0,0.0,0.0,0.0,43.0,32.0,6450.0,150.0,180.0,4.186046511627907,32,43.0,6450.0,180.0,1.34375,201.5625,150.0,0.0
PRV54862,0.0,0.0,0.0,0.0,0.0,0.0,7.0,1.0,3530.0,504.2857142857143,0.0,0.0,1,7.0,3530.0,0.0,7.0,3530.0,504.2857142857143,0.0
PRV54863,0.0,0.0,0.0,0.0,0.0,0.0,6.0,6.0,1140.0,190.0,0.0,0.0,6,6.0,1140.0,0.0,1.0,190.0,190.0,0.0
PRV54864,0.0,0.0,0.0,0.0,0.0,0.0,5.0,5.0,860.0,172.0,0.0,0.0,5,5.0,860.0,0.0,1.0,172.0,172.0,0.0
PRV54865,0.0,0.0,0.0,0.0,0.0,0.0,6.0,6.0,610.0,101.66666666666667,50.0,8.333333333333334,6,6.0,610.0,50.0,1.0,101.66666666666667,101.66666666666667,0.0
PRV54866,0.0,0.0,0.0,0.0,0.0,0.0,2.0,2.0,40.0,20.0,90.0,45.0,2,2.0,40.0,90.0,1.0,20.0,20.0,0.0
PRV54867,0.0,0.0,0.0,0.0,0.0,0.0,3.0,3.0,3550.0,1183.3333333333333,20.0,6.666666666666667,3,3.0,3550.0,20.0,1.0,1183.3333333333333,1183.3333333333333,0.0
PRV54868,0.0,0.0,0.0,0.0,0.0,0.0,105.0,91.0,25220.0,240.1904761904762,260.0,2.4761904761904763,91,105.0,25220.0,260.0,1.1538461538461537,277.14285714285717,240.1904761904762,0.0
PRV54869,0.0,0.0,0.0,0.0,0.0,0.0,8.0,8.0,950.0,118.75,0.0,0.0,8,8.0,950.0,0.0,1.0,118.75,118.75,0.0
PRV54870,0.0,0.0,0.0,0.0,0.0,0.0,8.0,8.0,1080.0,135.0,0.0,0.0,8,8.0,1080.0,0.0,1.0,135.0,135.0,0.0
PRV54871,0.0,0.0,0.0,0.0,0.0,0.0,10.0,8.0,3260.0,326.0,0.0,0.0,8,10.0,3260.0,0.0,1.25,407.5,326.0,0.0
PRV54873,0.0,0.0,0.0,0.0,0.0,0.0,8.0,8.0,420.0,52.5,0.0,0.0,8,8.0,420.0,0.0,1.0,52.5,52.5,0.0
PRV54875,20.0,19.0,172000.0,8600.0,20292.0,1068.0,0.0,0.0,0.0,0.0,0.0,0.0,19,20.0,172000.0,20292.0,1.0526315789473684,9052.631578947368,8600.0,1.0
PRV54876,3.0,3.0,58000.0,19333.333333333332,2136.0,1068.0,0.0,0.0,0.0,0.0,0.0,0.0,3,3.0,58000.0,2136.0,1.0,19333.333333333332,19333.333333333332,1.0
PRV54877,0.0,0.0,0.0,0.0,0.0,0.0,70.0,63.0,26290.0,375.57142857142856,180.0,2.5714285714285716,63,70.0,26290.0,180.0,1.1111111111111112,417.3015873015873,375.57142857142856,0.0
PRV54878,1.0,1.0,5000.0,5000.0,1068.0,1068.0,15.0,14.0,4240.0,282.6666666666667,90.0,6.0,15,16.0,9240.0,1158.0,1.0666666666666667,616.0,577.5,0.0625
PRV54879,60.0,49.0,590300.0,9838.333333333334,61944.0,1068.0,185.0,162.0,53420.0,288.7567567567568,420.0,2.27027027027027,197,245.0,643720.0,62364.0,1.2436548223350254,3267.6142131979695,2627.4285714285716,0.24489795918367346
PRV54881,33.0,33.0,290700.0,8809.09090909091,35244.0,1068.0,6.0,6.0,3810.0,635.0,0.0,0.0,39,39.0,294510.0,35244.0,1.0,7551.538461538462,7551.538461538462,0.8461538461538461
PRV54882,32.0,32.0,309000.0,9656.25,34176.0,1068.0,221.0,191.0,60680.0,274.57013574660635,770.0,3.484162895927602,220,253.0,369680.0,34946.0,1.15,1680.3636363636363,1461.1857707509882,0.12648221343873517
PRV54883,1.0,1.0,13000.0,13000.0,1068.0,1068.0,0.0,0.0,0.0,0.0,0.0,0.0,1,1.0,13000.0,1068.0,1.0,13000.0,13000.0,1.0
PRV54885,36.0,34.0,350000.0,9722.222222222223,38448.0,1068.0,280.0,257.0,61400.0,219.28571428571428,420.0,1.5,289,316.0,411400.0,38868.0,1.0934256055363323,1423.5294117647059,1301.8987341772151,0.11392405063291139
PRV54886,0.0,0.0,0.0,0.0,0.0,0.0,9.0,9.0,7940.0,882.2222222222222,0.0,0.0,9,9.0,7940.0,0.0,1.0,882.2222222222222,882.2222222222222,0.0
PRV54887,0.0,0.0,0.0,0.0,0.0,0.0,143.0,126.0,48780.0,341.1188811188811,430.0,3.006993006993007,126,143.0,48780.0,430.0,1.1349206349206349,387.14285714285717,341.1188811188811,0.0
PRV54888,0.0,0.0,0.0,0.0,0.0,0.0,413.0,324.0,120880.0,292.6876513317191,710.0,1.7191283292978208,324,413.0,120880.0,710.0,1.2746913580246915,373.08641975308643,292.6876513317191,0.0
PRV54889,7.0,7.0,88000.0,12571.42857142857,7476.0,1068.0,49.0,41.0,12580.0,256.734693877551,30.0,0.6122448979591837,48,56.0,100580.0,7506.0,1.1666666666666667,2095.4166666666665,1796.0714285714287,0.125
PRV54890,4.0,4.0,58000.0,14500.0,4272.0,1068.0,73.0,73.0,16320.0,223.56164383561645,400.0,5.47945205479452,77,77.0,74320.0,4672.0,1.0,965.1948051948052,965.1948051948052,0.05194805194805195
PRV54891,6.0,5.0,72000.0,12000.0,5340.0,1068.0,44.0,40.0,11380.0,258.6363636363636,120.0,2.727272727272727,44,50.0,83380.0,5460.0,1.1363636363636365,1895.0,1667.6,0.12
PRV54892,0.0,0.0,0.0,0.0,0.0,0.0,49.0,46.0,10670.0,217.75510204081633,0.0,0.0,46,49.0,10670.0,0.0,1.065217391304348,231.95652173913044,217.75510204081633,0.0
PRV54893,0.0,0.0,0.0,0.0,0.0,0.0,8.0,8.0,1830.0,228.75,0.0,0.0,8,8.0,1830.0,0.0,1.0,228.75,228.75,0.0
PRV54894,138.0,120.0,1731700.0,12548.550724637682,142044.0,1068.0,91.0,90.0,25360.0,278.68131868131866,100.0,1.098901098901099,209,229.0,1757060.0,142144.0,1.0956937799043063,8406.985645933015,7672.751091703057,0.6026200873362445
PRV54895,3.0,3.0,53000.0,17666.666666666668,3204.0,1068.0,3433.0,1466.0,1004610.0,292.63326536556946,11760.0,3.425575298572677,1469,3436.0,1057610.0,14964.0,2.339006126616746,719.9523485364193,307.80267753201394,0.0008731082654249127
PRV54896,56.0,55.0,591000.0,10553.57142857143,59808.0,1068.0,103.0,97.0,25860.0,251.06796116504853,690.0,6.699029126213592,152,159.0,616860.0,60498.0,1.0460526315789473,4058.2894736842104,3879.622641509434,0.3522012578616352
PRV54898,9.0,9.0,72000.0,8000.0,9612.0,1068.0,0.0,0.0,0.0,0.0,0.0,0.0,9,9.0,72000.0,9612.0,1.0,8000.0,8000.0,1.0
PRV54900,0.0,0.0,0.0,0.0,0.0,0.0,14.0,14.0,3490.0,249.28571428571428,100.0,7.142857142857143,14,14.0,3490.0,100.0,1.0,249.28571428571428,249.28571428571428,0.0
PRV54901,8.0,8.0,96000.0,12000.0,7476.0,1068.0,17.0,17.0,7960.0,468.2352941176471,100.0,5.882352941176471,25,25.0,103960.0,7576.0,1.0,4158.4,4158.4,0.32
PRV54902,1.0,1.0,5000.0,5000.0,1068.0,1068.0,15.0,14.0,4840.0,322.6666666666667,0.0,0.0,15,16.0,9840.0,1068.0,1.0666666666666667,656.0,615.0,0.0625
PRV54903,7.0,6.0,57000.0,8142.857142857143,7476.0,1068.0,0.0,0.0,0.0,0.0,0.0,0.0,6,7.0,57000.0,7476.0,1.1666666666666667,9500.0,8142.857142857143,1.0
PRV54904,0.0,0.0,0.0,0.0,0.0,0.0,19.0,19.0,7970.0,419.4736842105263,100.0,5.2631578947368425,19,19.0,7970.0,100.0,1.0,419.4736842105263,419.4736842105263,0.0
PRV54905,4.0,4.0,40000.0,10000.0,4272.0,1068.0,145.0,110.0,39620.0,273.2413793103448,380.0,2.6206896551724137,114,149.0,79620.0,4652.0,1.3070175438596492,698.421052631579,534.3624161073825,0.026845637583892617
PRV54906,8.0,8.0,120000.0,15000.0,8544.0,1068.0,14.0,14.0,7150.0,510.7142857142857,0.0,0.0,22,22.0,127150.0,8544.0,1.0,5779.545454545455,5779.545454545455,0.36363636363636365
PRV54907,0.0,0.0,0.0,0.0,0.0,0.0,170.0,120.0,59920.0,352.47058823529414,520.0,3.0588235294117645,120,170.0,59920.0,520.0,1.4166666666666667,499.3333333333333,352.47058823529414,0.0
PRV54908,0.0,0.0,0.0,0.0,0.0,0.0,115.0,109.0,34230.0,297.6521739130435,100.0,0.8695652173913043,109,115.0,34230.0,100.0,1.055045871559633,314.0366972477064,297.6521739130435,0.0
PRV54909,8.0,8.0,85000.0,10625.0,7476.0,1068.0,19.0,19.0,4860.0,255.78947368421052,0.0,0.0,27,27.0,89860.0,7476.0,1.0,3328.1481481481483,3328.1481481481483,0.2962962962962963
PRV54910,3.0,3.0,20000.0,6666.666666666667,3204.0,1068.0,212.0,149.0,60880.0,287.1698113207547,110.0,0.5188679245283019,152,215.0,80880.0,3314.0,1.4144736842105263,532.1052631578947,376.1860465116279,0.013953488372093023
PRV54911,0.0,0.0,0.0,0.0,0.0,0.0,85.0,82.0,25520.0,300.2352941176471,270.0,3.176470588235294,82,85.0,25520.0,270.0,1.0365853658536586,311.219512195122,300.2352941176471,0.0
PRV54914,14.0,12.0,109000.0,7785.714285714285,14952.0,1068.0,388.0,213.0,103930.0,267.86082474226805,1220.0,3.1443298969072164,220,402.0,212930.0,16172.0,1.8272727272727274,967.8636363636364,529.6766169154229,0.03482587064676617
PRV54916,16.0,16.0,165000.0,10312.5,17088.0,1068.0,91.0,83.0,18750.0,206.04395604395606,260.0,2.857142857142857,99,107.0,183750.0,17348.0,1.0808080808080809,1856.060606060606,1717.2897196261683,0.14953271028037382
PRV54917,15.0,15.0,109000.0,7266.666666666667,16020.0,1068.0,22.0,22.0,3450.0,156.8181818181818,10.0,0.45454545454545453,36,37.0,112450.0,16030.0,1.0277777777777777,3123.6111111111113,3039.189189189189,0.40540540540540543
PRV54918,71.0,61.0,833000.0,11732.394366197183,75828.0,1068.0,95.0,80.0,41860.0,440.63157894736844,240.0,2.526315789473684,139,166.0,874860.0,76068.0,1.1942446043165467,6293.956834532374,5270.240963855422,0.42771084337349397
PRV54919,4.0,4.0,28000.0,7000.0,4272.0,1068.0,174.0,152.0,38770.0,222.816091954023,130.0,0.7471264367816092,155,178.0,66770.0,4402.0,1.1483870967741936,430.7741935483871,375.1123595505618,0.02247191011235955
PRV54923,0.0,0.0,0.0,0.0,0.0,0.0,79.0,57.0,30400.0,384.8101265822785,20.0,0.25316455696202533,57,79.0,30400.0,20.0,1.3859649122807018,533.3333333333334,384.8101265822785,0.0
PRV54924,21.0,19.0,235000.0,11190.47619047619,22428.0,1068.0,152.0,130.0,44220.0,290.92105263157896,520.0,3.4210526315789473,144,173.0,279220.0,22948.0,1.2013888888888888,1939.0277777777778,1613.9884393063585,0.12138728323699421
PRV54925,39.0,33.0,456000.0,11692.307692307691,40584.0,1068.0,83.0,67.0,22870.0,275.5421686746988,150.0,1.8072289156626506,97,122.0,478870.0,40734.0,1.2577319587628866,4936.80412371134,3925.1639344262294,0.319672131147541
PRV54926,8.0,8.0,76000.0,9500.0,8544.0,1068.0,39.0,38.0,9620.0,246.66666666666666,70.0,1.794871794871795,45,47.0,85620.0,8614.0,1.0444444444444445,1902.6666666666667,1821.7021276595744,0.1702127659574468
PRV54927,0.0,0.0,0.0,0.0,0.0,0.0,102.0,94.0,22600.0,221.5686274509804,50.0,0.49019607843137253,94,102.0,22600.0,50.0,1.0851063829787233,240.4255319148936,221.5686274509804,0.0
PRV54929,15.0,15.0,192000.0,12800.0,16020.0,1068.0,11.0,11.0,5630.0,511.8181818181818,0.0,0.0,26,26.0,197630.0,16020.0,1.0,7601.153846153846,7601.153846153846,0.5769230769230769
PRV54930,5.0,5.0,26000.0,5200.0,5340.0,1068.0,206.0,181.0,67570.0,328.00970873786406,980.0,4.757281553398058,186,211.0,93570.0,6320.0,1.1344086021505377,503.06451612903226,443.45971563981044,0.023696682464454975
PRV54931,24.0,22.0,242000.0,10083.333333333334,25632.0,1068.0,28.0,28.0,6540.0,233.57142857142858,0.0,0.0,50,52.0,248540.0,25632.0,1.04,4970.8,4779.615384615385,0.46153846153846156
PRV54932,1.0,1.0,2000.0,2000.0,0.0,0.0,58.0,58.0,19160.0,330.3448275862069,170.0,2.9310344827586206,59,59.0,21160.0,170.0,1.0,358.64406779661016,358.64406779661016,0.01694915254237288
PRV54933,29.0,23.0,267000.0,9206.896551724138,28836.0,1068.0,35.0,32.0,6200.0,177.14285714285714,130.0,3.7142857142857144,53,64.0,273200.0,28966.0,1.2075471698113207,5154.7169811320755,4268.75,0.453125
PRV54934,18.0,15.0,170000.0,9444.444444444445,18156.0,1068.0,53.0,44.0,8930.0,168.49056603773585,150.0,2.830188679245283,57,71.0,178930.0,18306.0,1.2456140350877194,3139.122807017544,2520.1408450704225,0.2535211267605634
PRV54935,3.0,3.0,3000.0,1000.0,3204.0,1068.0,86.0,74.0,20250.0,235.46511627906978,320.0,3.7209302325581395,77,89.0,23250.0,3524.0,1.155844155844156,301.94805194805195,261.23595505617976,0.033707865168539325
PRV54936,131.0,120.0,1116400.0,8522.137404580153,130296.0,1068.0,90.0,90.0,23330.0,259.22222222222223,230.0,2.5555555555555554,209,221.0,1139730.0,130526.0,1.0574162679425838,5453.253588516746,5157.149321266968,0.5927601809954751
PRV54937,3.0,3.0,25000.0,8333.333333333334,3204.0,1068.0,33.0,33.0,11260.0,341.2121212121212,70.0,2.121212121212121,36,36.0,36260.0,3274.0,1.0,1007.2222222222222,1007.2222222222222,0.08333333333333333
PRV54938,0.0,0.0,0.0,0.0,0.0,0.0,86.0,86.0,25530.0,296.86046511627904,270.0,3.13953488372093,86,86.0,25530.0,270.0,1.0,296.86046511627904,296.86046511627904,0.0
PRV54939,0.0,0.0,0.0,0.0,0.0,0.0,1380.0,1163.0,407800.0,295.5072463768116,3520.0,2.550724637681159,1163,1380.0,407800.0,3520.0,1.1865864144454,350.64488392089424,295.5072463768116,0.0
PRV54941,0.0,0.0,0.0,0.0,0.0,0.0,18.0,18.0,4990.0,277.22222222222223,0.0,0.0,18,18.0,4990.0,0.0,1.0,277.22222222222223,277.22222222222223,0.0
PRV54942,20.0,18.0,338000.0,16900.0,20292.0,1068.0,110.0,102.0,27970.0,254.27272727272728,540.0,4.909090909090909,119,130.0,365970.0,20832.0,1.0924369747899159,3075.378151260504,2815.153846153846,0.15384615384615385
PRV54943,2.0,2.0,18000.0,9000.0,2136.0,1068.0,21.0,19.0,5450.0,259.5238095238095,0.0,0.0,21,23.0,23450.0,2136.0,1.0952380952380953,1116.6666666666667,1019.5652173913044,0.08695652173913043
PRV54944,0.0,0.0,0.0,0.0,0.0,0.0,120.0,115.0,38620.0,321.8333333333333,310.0,2.5833333333333335,115,120.0,38620.0,310.0,1.0434782608695652,335.82608695652175,321.8333333333333,0.0
PRV54945,0.0,0.0,0.0,0.0,0.0,0.0,37.0,36.0,5950.0,160.8108108108108,100.0,2.7027027027027026,36,37.0,5950.0,100.0,1.0277777777777777,165.27777777777777,160.8108108108108,0.0
PRV54946,0.0,0.0,0.0,0.0,0.0,0.0,91.0,91.0,33740.0,370.7692307692308,120.0,1.3186813186813187,91,91.0,33740.0,120.0,1.0,370.7692307692308,370.7692307692308,0.0
PRV54947,0.0,0.0,0.0,0.0,0.0,0.0,26.0,24.0,7630.0,293.46153846153845,50.0,1.9230769230769231,24,26.0,7630.0,50.0,1.0833333333333333,317.9166666666667,293.46153846153845,0.0
PRV54949,42.0,35.0,420000.0,10000.0,42720.0,1068.0,370.0,345.0,105140.0,284.1621621621622,1060.0,2.864864864864865,375,412.0,525140.0,43780.0,1.0986666666666667,1400.3733333333332,1274.611650485437,0.10194174757281553
PRV54950,5.0,5.0,71000.0,14200.0,5340.0,1068.0,13.0,13.0,4400.0,338.46153846153845,90.0,6.923076923076923,18,18.0,75400.0,5430.0,1.0,4188.888888888889,4188.888888888889,0.2777777777777778
PRV54952,12.0,12.0,142000.0,11833.333333333334,11748.0,1068.0,137.0,136.0,39650.0,289.4160583941606,310.0,2.2627737226277373,147,149.0,181650.0,12058.0,1.0136054421768708,1235.7142857142858,1219.1275167785234,0.08053691275167785
PRV54953,0.0,0.0,0.0,0.0,0.0,0.0,102.0,84.0,28200.0,276.47058823529414,240.0,2.3529411764705883,84,102.0,28200.0,240.0,1.2142857142857142,335.7142857142857,276.47058823529414,0.0
PRV54954,0.0,0.0,0.0,0.0,0.0,0.0,71.0,71.0,18080.0,254.64788732394365,80.0,1.1267605633802817,71,71.0,18080.0,80.0,1.0,254.64788732394365,254.64788732394365,0.0
PRV54955,205.0,191.0,2098000.0,10234.146341463415,209328.0,1068.0,109.0,109.0,36890.0,338.4403669724771,160.0,1.4678899082568808,300,314.0,2134890.0,209488.0,1.0466666666666666,7116.3,6799.012738853503,0.6528662420382165
PRV54959,7.0,6.0,57000.0,8142.857142857143,7476.0,1068.0,88.0,86.0,29510.0,335.34090909090907,220.0,2.5,92,95.0,86510.0,7696.0,1.0326086956521738,940.3260869565217,910.6315789473684,0.07368421052631578
PRV54960,0.0,0.0,0.0,0.0,0.0,0.0,193.0,187.0,51400.0,266.32124352331607,60.0,0.31088082901554404,187,193.0,51400.0,60.0,1.032085561497326,274.8663101604278,266.32124352331607,0.0
PRV54963,1.0,1.0,13000.0,13000.0,1068.0,1068.0,66.0,66.0,16770.0,254.0909090909091,100.0,1.5151515151515151,67,67.0,29770.0,1168.0,1.0,444.32835820895525,444.32835820895525,0.014925373134328358
PRV54965,9.0,9.0,120000.0,13333.333333333334,9612.0,1068.0,98.0,96.0,31480.0,321.2244897959184,200.0,2.0408163265306123,105,107.0,151480.0,9812.0,1.019047619047619,1442.6666666666667,1415.7009345794393,0.08411214953271028
PRV54966,0.0,0.0,0.0,0.0,0.0,0.0,1796.0,1289.0,502010.0,279.51559020044544,5980.0,3.329621380846325,1289,1796.0,502010.0,5980.0,1.3933281613653996,389.4569433669511,279.51559020044544,0.0
PRV54967,0.0,0.0,0.0,0.0,0.0,0.0,51.0,51.0,21920.0,429.80392156862746,90.0,1.7647058823529411,51,51.0,21920.0,90.0,1.0,429.80392156862746,429.80392156862746,0.0
PRV54968,10.0,8.0,112000.0,11200.0,10680.0,1068.0,39.0,34.0,15820.0,405.64102564102564,190.0,4.871794871794871,41,49.0,127820.0,10870.0,1.1951219512195121,3117.560975609756,2608.5714285714284,0.20408163265306123
PRV54970,6.0,6.0,34000.0,5666.666666666667,6408.0,1068.0,227.0,176.0,72170.0,317.9295154185022,880.0,3.8766519823788546,180,233.0,106170.0,7288.0,1.2944444444444445,589.8333333333334,455.6652360515021,0.02575107296137339
PRV54971,52.0,43.0,452000.0,8692.307692307691,53400.0,1068.0,377.0,169.0,89030.0,236.15384615384616,930.0,2.46684350132626,189,429.0,541030.0,54330.0,2.2698412698412698,2862.5925925925926,1261.1421911421912,0.12121212121212122
PRV54972,0.0,0.0,0.0,0.0,0.0,0.0,62.0,56.0,16950.0,273.38709677419354,180.0,2.903225806451613,56,62.0,16950.0,180.0,1.1071428571428572,302.67857142857144,273.38709677419354,0.0
PRV54973,9.0,9.0,43000.0,4777.777777777777,9612.0,1068.0,120.0,116.0,25880.0,215.66666666666666,260.0,2.1666666666666665,123,129.0,68880.0,9872.0,1.048780487804878,560.0,533.953488372093,0.06976744186046512
PRV54975,0.0,0.0,0.0,0.0,0.0,0.0,132.0,122.0,36460.0,276.2121212121212,240.0,1.8181818181818181,122,132.0,36460.0,240.0,1.0819672131147542,298.8524590163934,276.2121212121212,0.0
PRV54976,0.0,0.0,0.0,0.0,0.0,0.0,55.0,53.0,19940.0,362.54545454545456,180.0,3.272727272727273,53,55.0,19940.0,180.0,1.0377358490566038,376.22641509433964,362.54545454545456,0.0
PRV54977,5.0,5.0,78000.0,15600.0,5340.0,1068.0,48.0,36.0,11140.0,232.08333333333334,0.0,0.0,41,53.0,89140.0,5340.0,1.2926829268292683,2174.1463414634145,1681.8867924528302,0.09433962264150944
PRV54978,0.0,0.0,0.0,0.0,0.0,0.0,265.0,126.0,86760.0,327.39622641509436,500.0,1.8867924528301887,126,265.0,86760.0,500.0,2.1031746031746033,688.5714285714286,327.39622641509436,0.0
PRV54981,81.0,76.0,813000.0,10037.037037037036,84372.0,1068.0,14.0,14.0,3730.0,266.42857142857144,0.0,0.0,90,95.0,816730.0,84372.0,1.0555555555555556,9074.777777777777,8597.157894736842,0.8526315789473684
PRV54982,0.0,0.0,0.0,0.0,0.0,0.0,37.0,33.0,11860.0,320.5405405405405,60.0,1.6216216216216217,33,37.0,11860.0,60.0,1.121212121212121,359.3939393939394,320.5405405405405,0.0
PRV54983,0.0,0.0,0.0,0.0,0.0,0.0,126.0,116.0,42140.0,334.44444444444446,170.0,1.3492063492063493,116,126.0,42140.0,170.0,1.0862068965517242,363.2758620689655,334.44444444444446,0.0
PRV54985,0.0,0.0,0.0,0.0,0.0,0.0,223.0,203.0,63340.0,284.0358744394619,860.0,3.8565022421524664,203,223.0,63340.0,860.0,1.0985221674876848,312.0197044334975,284.0358744394619,0.0
PRV54986,153.0,148.0,1538300.0,10054.248366013071,156996.0,1068.0,465.0,403.0,155110.0,333.5698924731183,1540.0,3.3118279569892475,542,618.0,1693410.0,158536.0,1.1402214022140222,3124.372693726937,2740.145631067961,0.24757281553398058
PRV54988,0.0,0.0,0.0,0.0,0.0,0.0,41.0,41.0,14310.0,349.0243902439024,0.0,0.0,41,41.0,14310.0,0.0,1.0,349.0243902439024,349.0243902439024,0.0
PRV54990,4.0,4.0,43000.0,10750.0,4272.0,1068.0,16.0,16.0,3600.0,225.0,0.0,0.0,20,20.0,46600.0,4272.0,1.0,2330.0,2330.0,0.2
PRV54991,0.0,0.0,0.0,0.0,0.0,0.0,130.0,125.0,21180.0,162.92307692307693,660.0,5.076923076923077,125,130.0,21180.0,660.0,1.04,169.44,162.92307692307693,0.0
PRV54992,0.0,0.0,0.0,0.0,0.0,0.0,18.0,17.0,11710.0,650.5555555555555,0.0,0.0,17,18.0,11710.0,0.0,1.0588235294117647,688.8235294117648,650.5555555555555,0.0
PRV54993,8.0,8.0,173800.0,21725.0,8544.0,1068.0,45.0,40.0,12120.0,269.3333333333333,40.0,0.8888888888888888,48,53.0,185920.0,8584.0,1.1041666666666667,3873.3333333333335,3507.9245283018868,0.1509433962264151
PRV54995,0.0,0.0,0.0,0.0,0.0,0.0,16.0,16.0,6060.0,378.75,130.0,8.125,16,16.0,6060.0,130.0,1.0,378.75,378.75,0.0
PRV54997,5.0,5.0,32000.0,6400.0,5340.0,1068.0,29.0,20.0,7770.0,267.9310344827586,50.0,1.7241379310344827,22,34.0,39770.0,5390.0,1.5454545454545454,1807.7272727272727,1169.7058823529412,0.14705882352941177
PRV54998,59.0,51.0,530000.0,8983.050847457627,61944.0,1068.0,148.0,83.0,33540.0,226.6216216216216,440.0,2.972972972972973,130,207.0,563540.0,62384.0,1.5923076923076922,4334.923076923077,2722.415458937198,0.28502415458937197
PRV54999,3.0,3.0,40000.0,13333.333333333334,3204.0,1068.0,7.0,7.0,940.0,134.28571428571428,0.0,0.0,10,10.0,40940.0,3204.0,1.0,4094.0,4094.0,0.3
PRV55000,86.0,85.0,979300.0,11387.209302325582,89712.0,1068.0,678.0,626.0,186720.0,275.39823008849555,1750.0,2.5811209439528024,707,764.0,1166020.0,91462.0,1.0806223479490806,1649.2503536067893,1526.2041884816754,0.112565445026178
PRV55001,0.0,0.0,0.0,0.0,0.0,0.0,158.0,153.0,41400.0,262.0253164556962,370.0,2.3417721518987342,153,158.0,41400.0,370.0,1.0326797385620916,270.5882352941176,262.0253164556962,0.0
PRV55002,0.0,0.0,0.0,0.0,0.0,0.0,100.0,93.0,27060.0,270.6,440.0,4.4,93,100.0,27060.0,440.0,1.075268817204301,290.96774193548384,270.6,0.0
PRV55003,5.0,5.0,55800.0,11160.0,5340.0,1068.0,71.0,68.0,22050.0,310.5633802816901,10.0,0.14084507042253522,73,76.0,77850.0,5350.0,1.0410958904109588,1066.4383561643835,1024.342105263158,0.06578947368421052
PRV55004,3.0,3.0,38000.0,12666.666666666666,2136.0,1068.0,2396.0,989.0,665610.0,277.8005008347245,7340.0,3.0634390651085144,992,2399.0,703610.0,9476.0,2.4183467741935485,709.2842741935484,293.29303876615256,0.0012505210504376823
PRV55005,56.0,56.0,500000.0,8928.57142857143,58740.0,1068.0,74.0,72.0,16780.0,226.75675675675674,70.0,0.9459459459459459,128,130.0,516780.0,58810.0,1.015625,4037.34375,3975.230769230769,0.4307692307692308
PRV55006,3.0,3.0,19000.0,6333.333333333333,3204.0,1068.0,38.0,38.0,18250.0,480.2631578947368,140.0,3.6842105263157894,41,41.0,37250.0,3344.0,1.0,908.5365853658536,908.5365853658536,0.07317073170731707
PRV55007,0.0,0.0,0.0,0.0,0.0,0.0,14.0,13.0,3330.0,237.85714285714286,0.0,0.0,13,14.0,3330.0,0.0,1.0769230769230769,256.15384615384613,237.85714285714286,0.0
PRV55010,0.0,0.0,0.0,0.0,0.0,0.0,289.0,143.0,66400.0,229.75778546712803,590.0,2.041522491349481,143,289.0,66400.0,590.0,2.020979020979021,464.3356643356643,229.75778546712803,0.0
PRV55011,0.0,0.0,0.0,0.0,0.0,0.0,56.0,54.0,13750.0,245.53571428571428,250.0,4.464285714285714,54,56.0,13750.0,250.0,1.037037037037037,254.62962962962962,245.53571428571428,0.0
PRV55012,0.0,0.0,0.0,0.0,0.0,0.0,73.0,69.0,19800.0,271.2328767123288,330.0,4.52054794520548,69,73.0,19800.0,330.0,1.0579710144927537,286.95652173913044,271.2328767123288,0.0
PRV55013,0.0,0.0,0.0,0.0,0.0,0.0,83.0,78.0,17800.0,214.4578313253012,550.0,6.626506024096385,78,83.0,17800.0,550.0,1.064102564102564,228.2051282051282,214.4578313253012,0.0
PRV55016,0.0,0.0,0.0,0.0,0.0,0.0,146.0,86.0,38140.0,261.2328767123288,510.0,3.493150684931507,86,146.0,38140.0,510.0,1.697674418604651,443.48837209302326,261.2328767123288,0.0
PRV55018,63.0,60.0,612000.0,9714.285714285714,67284.0,1068.0,12.0,12.0,3940.0,328.3333333333333,0.0,0.0,72,75.0,615940.0,67284.0,1.0416666666666667,8554.722222222223,8212.533333333333,0.84
PRV55019,158.0,133.0,1828300.0,11571.518987341773,167676.0,1068.0,127.0,101.0,28720.0,226.14173228346456,150.0,1.1811023622047243,221,285.0,1857020.0,167826.0,1.2895927601809956,8402.805429864253,6515.859649122807,0.5543859649122806
PRV55022,76.0,67.0,705000.0,9276.315789473685,80100.0,1068.0,61.0,59.0,11850.0,194.2622950819672,240.0,3.9344262295081966,123,137.0,716850.0,80340.0,1.113821138211382,5828.048780487805,5232.481751824817,0.5547445255474452
PRV55023,34.0,29.0,408000.0,12000.0,34176.0,1068.0,30.0,28.0,12150.0,405.0,0.0,0.0,52,64.0,420150.0,34176.0,1.2307692307692308,8079.807692307692,6564.84375,0.53125
PRV55024,3.0,3.0,18000.0,6000.0,3204.0,1068.0,43.0,42.0,14980.0,348.3720930232558,170.0,3.953488372093023,45,46.0,32980.0,3374.0,1.0222222222222221,732.8888888888889,716.9565217391304,0.06521739130434782
PRV55026,0.0,0.0,0.0,0.0,0.0,0.0,272.0,239.0,76910.0,282.75735294117646,810.0,2.9779411764705883,239,272.0,76910.0,810.0,1.1380753138075315,321.7991631799163,282.75735294117646,0.0
PRV55027,13.0,13.0,152000.0,11692.307692307691,13884.0,1068.0,143.0,134.0,39990.0,279.65034965034965,450.0,3.1468531468531467,147,156.0,191990.0,14334.0,1.0612244897959184,1306.0544217687075,1230.7051282051282,0.08333333333333333
PRV55028,20.0,17.0,198800.0,9940.0,20292.0,1068.0,203.0,82.0,42990.0,211.77339901477833,490.0,2.413793103448276,87,223.0,241790.0,20782.0,2.5632183908045976,2779.1954022988507,1084.2600896860986,0.08968609865470852
PRV55029,14.0,14.0,135000.0,9642.857142857143,13884.0,1068.0,241.0,195.0,89000.0,369.29460580912865,390.0,1.6182572614107884,209,255.0,224000.0,14274.0,1.2200956937799043,1071.7703349282297,878.4313725490196,0.054901960784313725
PRV55030,73.0,56.0,725000.0,9931.506849315068,74760.0,1068.0,238.0,190.0,57900.0,243.27731092436974,600.0,2.5210084033613445,239,311.0,782900.0,75360.0,1.301255230125523,3275.7322175732215,2517.363344051447,0.2347266881028939
PRV55031,4.0,4.0,41000.0,10250.0,4272.0,1068.0,28.0,26.0,4300.0,153.57142857142858,0.0,0.0,30,32.0,45300.0,4272.0,1.0666666666666667,1510.0,1415.625,0.125
PRV55032,1.0,1.0,5000.0,5000.0,1068.0,1068.0,35.0,35.0,15340.0,438.2857142857143,670.0,19.142857142857142,36,36.0,20340.0,1738.0,1.0,565.0,565.0,0.027777777777777776
PRV55034,26.0,25.0,277400.0,10669.23076923077,24564.0,1068.0,586.0,452.0,158380.0,270.2730375426621,1650.0,2.8156996587030716,466,612.0,435780.0,26214.0,1.3133047210300428,935.1502145922747,712.0588235294117,0.042483660130718956
PRV55035,0.0,0.0,0.0,0.0,0.0,0.0,14.0,14.0,3860.0,275.7142857142857,0.0,0.0,14,14.0,3860.0,0.0,1.0,275.7142857142857,275.7142857142857,0.0
PRV55036,0.0,0.0,0.0,0.0,0.0,0.0,64.0,63.0,14760.0,230.625,360.0,5.625,63,64.0,14760.0,360.0,1.0158730158730158,234.28571428571428,230.625,0.0
PRV55037,11.0,11.0,116000.0,10545.454545454546,10680.0,1068.0,638.0,437.0,197660.0,309.8119122257053,2450.0,3.8401253918495297,448,649.0,313660.0,13130.0,1.4486607142857142,700.1339285714286,483.2973805855162,0.01694915254237288
PRV55038,0.0,0.0,0.0,0.0,0.0,0.0,15.0,15.0,4230.0,282.0,0.0,0.0,15,15.0,4230.0,0.0,1.0,282.0,282.0,0.0
PRV55039,31.0,30.0,257000.0,8290.322580645161,30972.0,1068.0,2027.0,638.0,559200.0,275.8756783423779,5140.0,2.5357671435619142,647,2058.0,816200.0,36112.0,3.1808346213292116,1261.514683153014,396.5986394557823,0.015063168124392614
PRV55040,0.0,0.0,0.0,0.0,0.0,0.0,6.0,6.0,6630.0,1105.0,0.0,0.0,6,6.0,6630.0,0.0,1.0,1105.0,1105.0,0.0
PRV55041,5.0,5.0,58000.0,11600.0,5340.0,1068.0,16.0,15.0,5880.0,367.5,0.0,0.0,20,21.0,63880.0,5340.0,1.05,3194.0,3041.904761904762,0.23809523809523808
PRV55042,8.0,7.0,84200.0,10525.0,8544.0,1068.0,116.0,104.0,42100.0,362.9310344827586,400.0,3.4482758620689653,110,124.0,126300.0,8944.0,1.1272727272727272,1148.1818181818182,1018.5483870967741,0.06451612903225806
PRV55043,0.0,0.0,0.0,0.0,0.0,0.0,119.0,114.0,35450.0,297.89915966386553,540.0,4.53781512605042,114,119.0,35450.0,540.0,1.043859649122807,310.96491228070175,297.89915966386553,0.0
PRV55044,0.0,0.0,0.0,0.0,0.0,0.0,9.0,9.0,1070.0,118.88888888888889,0.0,0.0,9,9.0,1070.0,0.0,1.0,118.88888888888889,118.88888888888889,0.0
PRV55045,0.0,0.0,0.0,0.0,0.0,0.0,66.0,65.0,27630.0,418.6363636363636,10.0,0.15151515151515152,65,66.0,27630.0,10.0,1.0153846153846153,425.0769230769231,418.6363636363636,0.0
PRV55048,82.0,76.0,865000.0,10548.780487804877,85440.0,1068.0,12.0,12.0,1240.0,103.33333333333333,0.0,0.0,88,94.0,866240.0,85440.0,1.0681818181818181,9843.636363636364,9215.31914893617,0.8723404255319149
PRV55049,75.0,70.0,686000.0,9146.666666666666,79032.0,1068.0,73.0,47.0,39150.0,536.3013698630137,0.0,0.0,117,148.0,725150.0,79032.0,1.264957264957265,6197.863247863248,4899.6621621621625,0.5067567567567568
PRV55050,0.0,0.0,0.0,0.0,0.0,0.0,183.0,137.0,49610.0,271.09289617486337,510.0,2.7868852459016393,137,183.0,49610.0,510.0,1.3357664233576643,362.11678832116786,271.09289617486337,0.0
PRV55051,7.0,7.0,60000.0,8571.42857142857,7476.0,1068.0,0.0,0.0,0.0,0.0,0.0,0.0,7,7.0,60000.0,7476.0,1.0,8571.42857142857,8571.42857142857,1.0
PRV55052,0.0,0.0,0.0,0.0,0.0,0.0,49.0,31.0,8480.0,173.0612244897959,0.0,0.0,31,49.0,8480.0,0.0,1.5806451612903225,273.5483870967742,173.0612244897959,0.0
PRV55053,0.0,0.0,0.0,0.0,0.0,0.0,54.0,29.0,13340.0,247.03703703703704,100.0,1.8518518518518519,29,54.0,13340.0,100.0,1.8620689655172413,460.0,247.03703703703704,0.0
PRV55054,0.0,0.0,0.0,0.0,0.0,0.0,69.0,59.0,12650.0,183.33333333333334,50.0,0.7246376811594203,59,69.0,12650.0,50.0,1.1694915254237288,214.40677966101694,183.33333333333334,0.0
PRV55056,0.0,0.0,0.0,0.0,0.0,0.0,100.0,91.0,40290.0,402.9,360.0,3.6,91,100.0,40290.0,360.0,1.098901098901099,442.74725274725273,402.9,0.0
PRV55057,0.0,0.0,0.0,0.0,0.0,0.0,347.0,146.0,94560.0,272.507204610951,1040.0,2.9971181556195967,146,347.0,94560.0,1040.0,2.3767123287671232,647.6712328767123,272.507204610951,0.0
PRV55058,0.0,0.0,0.0,0.0,0.0,0.0,227.0,164.0,63470.0,279.6035242290749,1200.0,5.286343612334802,164,227.0,63470.0,1200.0,1.3841463414634145,387.0121951219512,279.6035242290749,0.0
PRV55059,0.0,0.0,0.0,0.0,0.0,0.0,153.0,84.0,51910.0,339.281045751634,360.0,2.3529411764705883,84,153.0,51910.0,360.0,1.8214285714285714,617.9761904761905,339.281045751634,0.0
PRV55061,0.0,0.0,0.0,0.0,0.0,0.0,95.0,83.0,24290.0,255.68421052631578,70.0,0.7368421052631579,83,95.0,24290.0,70.0,1.144578313253012,292.65060240963857,255.68421052631578,0.0
PRV55062,0.0,0.0,0.0,0.0,0.0,0.0,29.0,28.0,7460.0,257.2413793103448,0.0,0.0,28,29.0,7460.0,0.0,1.0357142857142858,266.42857142857144,257.2413793103448,0.0
PRV55063,0.0,0.0,0.0,0.0,0.0,0.0,10.0,10.0,660.0,66.0,0.0,0.0,10,10.0,660.0,0.0,1.0,66.0,66.0,0.0
PRV55064,0.0,0.0,0.0,0.0,0.0,0.0,621.0,380.0,187750.0,302.33494363929145,1300.0,2.0933977455716586,380,621.0,187750.0,1300.0,1.6342105263157896,494.07894736842104,302.33494363929145,0.0
PRV55067,1.0,1.0,29000.0,29000.0,1068.0,1068.0,0.0,0.0,0.0,0.0,0.0,0.0,1,1.0,29000.0,1068.0,1.0,29000.0,29000.0,1.0
PRV55068,0.0,0.0,0.0,0.0,0.0,0.0,6.0,6.0,2620.0,436.6666666666667,0.0,0.0,6,6.0,2620.0,0.0,1.0,436.6666666666667,436.6666666666667,0.0
PRV55069,0.0,0.0,0.0,0.0,0.0,0.0,21.0,20.0,2050.0,97.61904761904762,100.0,4.761904761904762,20,21.0,2050.0,100.0,1.05,102.5,97.61904761904762,0.0
PRV55070,0.0,0.0,0.0,0.0,0.0,0.0,20.0,19.0,3220.0,161.0,0.0,0.0,19,20.0,3220.0,0.0,1.0526315789473684,169.47368421052633,161.0,0.0
PRV55071,0.0,0.0,0.0,0.0,0.0,0.0,70.0,58.0,25930.0,370.42857142857144,290.0,4.142857142857143,58,70.0,25930.0,290.0,1.206896551724138,447.0689655172414,370.42857142857144,0.0
PRV55072,0.0,0.0,0.0,0.0,0.0,0.0,48.0,41.0,9550.0,198.95833333333334,80.0,1.6666666666666667,41,48.0,9550.0,80.0,1.170731707317073,232.9268292682927,198.95833333333334,0.0
PRV55073,0.0,0.0,0.0,0.0,0.0,0.0,18.0,17.0,6570.0,365.0,90.0,5.0,17,18.0,6570.0,90.0,1.0588235294117647,386.47058823529414,365.0,0.0
PRV55074,0.0,0.0,0.0,0.0,0.0,0.0,1.0,1.0,10.0,10.0,0.0,0.0,1,1.0,10.0,0.0,1.0,10.0,10.0,0.0
PRV55076,0.0,0.0,0.0,0.0,0.0,0.0,5.0,5.0,770.0,154.0,0.0,0.0,5,5.0,770.0,0.0,1.0,154.0,154.0,0.0
PRV55077,0.0,0.0,0.0,0.0,0.0,0.0,8.0,7.0,390.0,48.75,0.0,0.0,7,8.0,390.0,0.0,1.1428571428571428,55.714285714285715,48.75,0.0
PRV55078,0.0,0.0,0.0,0.0,0.0,0.0,1.0,1.0,0.0,0.0,0.0,0.0,1,1.0,0.0,0.0,1.0,0.0,0.0,0.0
PRV55079,0.0,0.0,0.0,0.0,0.0,0.0,47.0,46.0,10940.0,232.7659574468085,100.0,2.127659574468085,46,47.0,10940.0,100.0,1.0217391304347827,237.82608695652175,232.7659574468085,0.0
PRV55080,0.0,0.0,0.0,0.0,0.0,0.0,8.0,8.0,4820.0,602.5,70.0,8.75,8,8.0,4820.0,70.0,1.0,602.5,602.5,0.0
PRV55081,0.0,0.0,0.0,0.0,0.0,0.0,30.0,28.0,6950.0,231.66666666666666,60.0,2.0,28,30.0,6950.0,60.0,1.0714285714285714,248.21428571428572,231.66666666666666,0.0
PRV55083,0.0,0.0,0.0,0.0,0.0,0.0,196.0,152.0,50470.0,257.5,890.0,4.540816326530612,152,196.0,50470.0,890.0,1.2894736842105263,332.0394736842105,257.5,0.0
PRV55085,0.0,0.0,0.0,0.0,0.0,0.0,24.0,22.0,9180.0,382.5,200.0,8.333333333333334,22,24.0,9180.0,200.0,1.0909090909090908,417.27272727272725,382.5,0.0
PRV55086,0.0,0.0,0.0,0.0,0.0,0.0,78.0,60.0,14690.0,188.33333333333334,300.0,3.8461538461538463,60,78.0,14690.0,300.0,1.3,244.83333333333334,188.33333333333334,0.0
PRV55087,0.0,0.0,0.0,0.0,0.0,0.0,201.0,154.0,43770.0,217.76119402985074,520.0,2.5870646766169156,154,201.0,43770.0,520.0,1.3051948051948052,284.2207792207792,217.76119402985074,0.0
PRV55088,0.0,0.0,0.0,0.0,0.0,0.0,31.0,31.0,15250.0,491.93548387096774,10.0,0.3225806451612903,31,31.0,15250.0,10.0,1.0,491.93548387096774,491.93548387096774,0.0
PRV55089,0.0,0.0,0.0,0.0,0.0,0.0,1.0,1.0,400.0,400.0,0.0,0.0,1,1.0,400.0,0.0,1.0,400.0,400.0,0.0
PRV55091,0.0,0.0,0.0,0.0,0.0,0.0,18.0,18.0,4750.0,263.8888888888889,50.0,2.7777777777777777,18,18.0,4750.0,50.0,1.0,263.8888888888889,263.8888888888889,0.0
PRV55092,0.0,0.0,0.0,0.0,0.0,0.0,8.0,8.0,660.0,82.5,140.0,17.5,8,8.0,660.0,140.0,1.0,82.5,82.5,0.0
PRV55093,0.0,0.0,0.0,0.0,0.0,0.0,19.0,18.0,3380.0,177.89473684210526,160.0,8.421052631578947,18,19.0,3380.0,160.0,1.0555555555555556,187.77777777777777,177.89473684210526,0.0
PRV55094,0.0,0.0,0.0,0.0,0.0,0.0,19.0,18.0,17100.0,900.0,0.0,0.0,18,19.0,17100.0,0.0,1.0555555555555556,950.0,900.0,0.0
PRV55095,0.0,0.0,0.0,0.0,0.0,0.0,20.0,20.0,7520.0,376.0,240.0,12.0,20,20.0,7520.0,240.0,1.0,376.0,376.0,0.0
PRV55096,0.0,0.0,0.0,0.0,0.0,0.0,27.0,26.0,5350.0,198.14814814814815,70.0,2.5925925925925926,26,27.0,5350.0,70.0,1.0384615384615385,205.76923076923077,198.14814814814815,0.0
PRV55097,0.0,0.0,0.0,0.0,0.0,0.0,4.0,4.0,720.0,180.0,0.0,0.0,4,4.0,720.0,0.0,1.0,180.0,180.0,0.0
PRV55098,0.0,0.0,0.0,0.0,0.0,0.0,27.0,17.0,6970.0,258.14814814814815,140.0,5.185185185185185,17,27.0,6970.0,140.0,1.588235294117647,410.0,258.14814814814815,0.0
PRV55099,0.0,0.0,0.0,0.0,0.0,0.0,97.0,54.0,24200.0,249.48453608247422,640.0,6.597938144329897,54,97.0,24200.0,640.0,1.7962962962962963,448.14814814814815,249.48453608247422,0.0
PRV55103,0.0,0.0,0.0,0.0,0.0,0.0,78.0,74.0,15100.0,193.5897435897436,190.0,2.4358974358974357,74,78.0,15100.0,190.0,1.054054054054054,204.05405405405406,193.5897435897436,0.0
PRV55104,0.0,0.0,0.0,0.0,0.0,0.0,52.0,46.0,14880.0,286.15384615384613,380.0,7.3076923076923075,46,52.0,14880.0,380.0,1.1304347826086956,323.4782608695652,286.15384615384613,0.0
PRV55106,0.0,0.0,0.0,0.0,0.0,0.0,5.0,5.0,3870.0,774.0,0.0,0.0,5,5.0,3870.0,0.0,1.0,774.0,774.0,0.0
PRV55108,0.0,0.0,0.0,0.0,0.0,0.0,223.0,152.0,63340.0,284.0358744394619,610.0,2.7354260089686098,152,223.0,63340.0,610.0,1.4671052631578947,416.7105263157895,284.0358744394619,0.0
PRV55110,0.0,0.0,0.0,0.0,0.0,0.0,40.0,23.0,9960.0,249.0,130.0,3.25,23,40.0,9960.0,130.0,1.7391304347826086,433.04347826086956,249.0,0.0
PRV55111,0.0,0.0,0.0,0.0,0.0,0.0,29.0,25.0,4070.0,140.3448275862069,140.0,4.827586206896552,25,29.0,4070.0,140.0,1.16,162.8,140.3448275862069,0.0
PRV55112,0.0,0.0,0.0,0.0,0.0,0.0,32.0,31.0,5750.0,179.6875,10.0,0.3125,31,32.0,5750.0,10.0,1.032258064516129,185.48387096774192,179.6875,0.0
PRV55114,0.0,0.0,0.0,0.0,0.0,0.0,13.0,13.0,4480.0,344.61538461538464,0.0,0.0,13,13.0,4480.0,0.0,1.0,344.61538461538464,344.61538461538464,0.0
PRV55116,0.0,0.0,0.0,0.0,0.0,0.0,284.0,143.0,81920.0,288.4507042253521,330.0,1.1619718309859155,143,284.0,81920.0,330.0,1.986013986013986,572.8671328671329,288.4507042253521,0.0
PRV55117,0.0,0.0,0.0,0.0,0.0,0.0,4.0,4.0,800.0,200.0,0.0,0.0,4,4.0,800.0,0.0,1.0,200.0,200.0,0.0
PRV55118,2.0,2.0,10000.0,5000.0,2136.0,1068.0,3.0,3.0,600.0,200.0,0.0,0.0,5,5.0,10600.0,2136.0,1.0,2120.0,2120.0,0.4
PRV55120,8.0,8.0,58000.0,7250.0,8544.0,1068.0,1.0,1.0,200.0,200.0,0.0,0.0,9,9.0,58200.0,8544.0,1.0,6466.666666666667,6466.666666666667,0.8888888888888888
PRV55121,20.0,20.0,173070.0,8653.5,21360.0,1068.0,0.0,0.0,0.0,0.0,0.0,0.0,20,20.0,173070.0,21360.0,1.0,8653.5,8653.5,1.0
PRV55122,1.0,1.0,5000.0,5000.0,1068.0,1068.0,0.0,0.0,0.0,0.0,0.0,0.0,1,1.0,5000.0,1068.0,1.0,5000.0,5000.0,1.0
PRV55123,0.0,0.0,0.0,0.0,0.0,0.0,2.0,2.0,90.0,45.0,0.0,0.0,2,2.0,90.0,0.0,1.0,45.0,45.0,0.0
PRV55124,9.0,8.0,152000.0,16888.88888888889,9612.0,1068.0,0.0,0.0,0.0,0.0,0.0,0.0,8,9.0,152000.0,9612.0,1.125,19000.0,16888.88888888889,1.0
PRV55126,2.0,2.0,13000.0,6500.0,2136.0,1068.0,0.0,0.0,0.0,0.0,0.0,0.0,2,2.0,13000.0,2136.0,1.0,6500.0,6500.0,1.0
PRV55128,8.0,8.0,111000.0,13875.0,8544.0,1068.0,0.0,0.0,0.0,0.0,0.0,0.0,8,8.0,111000.0,8544.0,1.0,13875.0,13875.0,1.0
PRV55129,1.0,1.0,10000.0,10000.0,1068.0,1068.0,2.0,2.0,600.0,300.0,0.0,0.0,3,3.0,10600.0,1068.0,1.0,3533.3333333333335,3533.3333333333335,0.3333333333333333
PRV55130,3.0,3.0,28000.0,9333.333333333334,3204.0,1068.0,0.0,0.0,0.0,0.0,0.0,0.0,3,3.0,28000.0,3204.0,1.0,9333.333333333334,9333.333333333334,1.0
PRV55131,2.0,2.0,47000.0,23500.0,2136.0,1068.0,0.0,0.0,0.0,0.0,0.0,0.0,2,2.0,47000.0,2136.0,1.0,23500.0,23500.0,1.0
PRV55132,10.0,10.0,108000.0,10800.0,9612.0,1068.0,0.0,0.0,0.0,0.0,0.0,0.0,10,10.0,108000.0,9612.0,1.0,10800.0,10800.0,1.0
PRV55133,2.0,2.0,50000.0,25000.0,2136.0,1068.0,0.0,0.0,0.0,0.0,0.0,0.0,2,2.0,50000.0,2136.0,1.0,25000.0,25000.0,1.0
PRV55134,1.0,1.0,11000.0,11000.0,1068.0,1068.0,0.0,0.0,0.0,0.0,0.0,0.0,1,1.0,11000.0,1068.0,1.0,11000.0,11000.0,1.0
PRV55135,3.0,3.0,25000.0,8333.333333333334,3204.0,1068.0,0.0,0.0,0.0,0.0,0.0,0.0,3,3.0,25000.0,3204.0,1.0,8333.333333333334,8333.333333333334,1.0
PRV55136,8.0,8.0,102000.0,12750.0,8544.0,1068.0,0.0,0.0,0.0,0.0,0.0,0.0,8,8.0,102000.0,8544.0,1.0,12750.0,12750.0,1.0
PRV55137,2.0,2.0,38000.0,19000.0,2136.0,1068.0,0.0,0.0,0.0,0.0,0.0,0.0,2,2.0,38000.0,2136.0,1.0,19000.0,19000.0,1.0
PRV55138,3.0,3.0,25000.0,8333.333333333334,3204.0,1068.0,0.0,0.0,0.0,0.0,0.0,0.0,3,3.0,25000.0,3204.0,1.0,8333.333333333334,8333.333333333334,1.0
PRV55140,9.0,9.0,85000.0,9444.444444444445,9612.0,1068.0,0.0,0.0,0.0,0.0,0.0,0.0,9,9.0,85000.0,9612.0,1.0,9444.444444444445,9444.444444444445,1.0
PRV55141,0.0,0.0,0.0,0.0,0.0,0.0,2.0,2.0,90.0,45.0,0.0,0.0,2,2.0,90.0,0.0,1.0,45.0,45.0,0.0
PRV55143,1.0,1.0,10000.0,10000.0,1068.0,1068.0,0.0,0.0,0.0,0.0,0.0,0.0,1,1.0,10000.0,1068.0,1.0,10000.0,10000.0,1.0
PRV55144,2.0,2.0,41000.0,20500.0,2136.0,1068.0,0.0,0.0,0.0,0.0,0.0,0.0,2,2.0,41000.0,2136.0,1.0,20500.0,20500.0,1.0
PRV55145,14.0,14.0,143000.0,10214.285714285714,14952.0,1068.0,0.0,0.0,0.0,0.0,0.0,0.0,14,14.0,143000.0,14952.0,1.0,10214.285714285714,10214.285714285714,1.0
PRV55146,1.0,1.0,6000.0,6000.0,1068.0,1068.0,0.0,0.0,0.0,0.0,0.0,0.0,1,1.0,6000.0,1068.0,1.0,6000.0,6000.0,1.0
PRV55147,6.0,6.0,112200.0,18700.0,5340.0,1068.0,0.0,0.0,0.0,0.0,0.0,0.0,6,6.0,112200.0,5340.0,1.0,18700.0,18700.0,1.0
PRV55148,1.0,1.0,7000.0,7000.0,1068.0,1068.0,0.0,0.0,0.0,0.0,0.0,0.0,1,1.0,7000.0,1068.0,1.0,7000.0,7000.0,1.0
PRV55149,16.0,16.0,145000.0,9062.5,17088.0,1068.0,0.0,0.0,0.0,0.0,0.0,0.0,16,16.0,145000.0,17088.0,1.0,9062.5,9062.5,1.0
PRV55150,4.0,4.0,19000.0,4750.0,4272.0,1068.0,2.0,2.0,100.0,50.0,0.0,0.0,6,6.0,19100.0,4272.0,1.0,3183.3333333333335,3183.3333333333335,0.6666666666666666
PRV55151,1.0,1.0,10000.0,10000.0,1068.0,1068.0,0.0,0.0,0.0,0.0,0.0,0.0,1,1.0,10000.0,1068.0,1.0,10000.0,10000.0,1.0
PRV55152,10.0,10.0,78300.0,7830.0,10680.0,1068.0,0.0,0.0,0.0,0.0,0.0,0.0,10,10.0,78300.0,10680.0,1.0,7830.0,7830.0,1.0
PRV55154,0.0,0.0,0.0,0.0,0.0,0.0,1.0,1.0,900.0,900.0,0.0,0.0,1,1.0,900.0,0.0,1.0,900.0,900.0,0.0
PRV55155,9.0,9.0,68000.0,7555.555555555556,9612.0,1068.0,0.0,0.0,0.0,0.0,0.0,0.0,9,9.0,68000.0,9612.0,1.0,7555.555555555556,7555.555555555556,1.0
PRV55156,1.0,1.0,6000.0,6000.0,1068.0,1068.0,0.0,0.0,0.0,0.0,0.0,0.0,1,1.0,6000.0,1068.0,1.0,6000.0,6000.0,1.0
PRV55157,3.0,3.0,16000.0,5333.333333333333,3204.0,1068.0,0.0,0.0,0.0,0.0,0.0,0.0,3,3.0,16000.0,3204.0,1.0,5333.333333333333,5333.333333333333,1.0
PRV55158,29.0,28.0,337000.0,11620.689655172413,29904.0,1068.0,669.0,509.0,171210.0,255.91928251121075,1050.0,1.5695067264573992,534,698.0,508210.0,30954.0,1.307116104868914,951.7041198501872,728.0945558739255,0.04154727793696275
PRV55160,10.0,10.0,120000.0,12000.0,9612.0,1068.0,0.0,0.0,0.0,0.0,0.0,0.0,10,10.0,120000.0,9612.0,1.0,12000.0,12000.0,1.0
PRV55161,2.0,2.0,28000.0,14000.0,2136.0,1068.0,0.0,0.0,0.0,0.0,0.0,0.0,2,2.0,28000.0,2136.0,1.0,14000.0,14000.0,1.0
PRV55163,1.0,1.0,13000.0,13000.0,1068.0,1068.0,586.0,365.0,155750.0,265.7849829351536,1660.0,2.832764505119454,365,587.0,168750.0,2728.0,1.6082191780821917,462.32876712328766,287.4787052810903,0.0017035775127768314
PRV55164,17.0,16.0,205000.0,12058.823529411764,18156.0,1068.0,137.0,98.0,34760.0,253.72262773722628,300.0,2.18978102189781,113,154.0,239760.0,18456.0,1.3628318584070795,2121.7699115044247,1556.8831168831168,0.11038961038961038
PRV55165,30.0,28.0,282000.0,9400.0,32040.0,1068.0,211.0,202.0,47870.0,226.87203791469193,690.0,3.2701421800947865,228,241.0,329870.0,32730.0,1.0570175438596492,1446.798245614035,1368.7551867219918,0.12448132780082988
PRV55166,0.0,0.0,0.0,0.0,0.0,0.0,72.0,70.0,19740.0,274.1666666666667,210.0,2.9166666666666665,70,72.0,19740.0,210.0,1.0285714285714285,282.0,274.1666666666667,0.0
PRV55167,0.0,0.0,0.0,0.0,0.0,0.0,94.0,80.0,33300.0,354.25531914893617,240.0,2.5531914893617023,80,94.0,33300.0,240.0,1.175,416.25,354.25531914893617,0.0
PRV55168,0.0,0.0,0.0,0.0,0.0,0.0,134.0,82.0,51960.0,387.76119402985074,290.0,2.1641791044776117,82,134.0,51960.0,290.0,1.6341463414634145,633.6585365853658,387.76119402985074,0.0
PRV55169,83.0,79.0,807800.0,9732.530120481928,87576.0,1068.0,638.0,514.0,203960.0,319.68652037617557,1460.0,2.2884012539184955,585,721.0,1011760.0,89036.0,1.2324786324786325,1729.5042735042734,1403.2732316227462,0.11511789181692095
PRV55171,41.0,34.0,365000.0,8902.439024390244,40584.0,1068.0,206.0,86.0,42360.0,205.63106796116506,800.0,3.883495145631068,110,247.0,407360.0,41384.0,2.2454545454545456,3703.2727272727275,1649.2307692307693,0.1659919028340081
PRV55172,55.0,48.0,611000.0,11109.09090909091,57672.0,1068.0,59.0,56.0,116600.0,1976.2711864406779,1006.0,17.050847457627118,98,114.0,727600.0,58678.0,1.163265306122449,7424.489795918367,6382.456140350877,0.4824561403508772
PRV55173,0.0,0.0,0.0,0.0,0.0,0.0,25.0,24.0,8350.0,334.0,70.0,2.8,24,25.0,8350.0,70.0,1.0416666666666667,347.9166666666667,334.0,0.0
PRV55175,23.0,22.0,191000.0,8304.347826086956,24564.0,1068.0,281.0,247.0,63600.0,226.33451957295372,880.0,3.131672597864769,267,304.0,254600.0,25444.0,1.1385767790262171,953.558052434457,837.5,0.0756578947368421
PRV55176,1.0,1.0,6000.0,6000.0,1068.0,1068.0,19.0,19.0,2650.0,139.47368421052633,40.0,2.1052631578947367,20,20.0,8650.0,1108.0,1.0,432.5,432.5,0.05
PRV55177,0.0,0.0,0.0,0.0,0.0,0.0,327.0,286.0,104420.0,319.3272171253823,940.0,2.874617737003058,286,327.0,104420.0,940.0,1.1433566433566433,365.1048951048951,319.3272171253823,0.0
PRV55178,2.0,2.0,10000.0,5000.0,2136.0,1068.0,29.0,27.0,8510.0,293.44827586206895,0.0,0.0,29,31.0,18510.0,2136.0,1.0689655172413792,638.2758620689655,597.0967741935484,0.06451612903225806
PRV55179,16.0,16.0,151000.0,9437.5,16020.0,1068.0,58.0,51.0,27930.0,481.55172413793105,260.0,4.482758620689655,66,74.0,178930.0,16280.0,1.121212121212121,2711.060606060606,2417.972972972973,0.21621621621621623
PRV55180,7.0,7.0,70000.0,10000.0,6408.0,1068.0,120.0,105.0,38440.0,320.3333333333333,530.0,4.416666666666667,112,127.0,108440.0,6938.0,1.1339285714285714,968.2142857142857,853.8582677165355,0.05511811023622047
PRV55181,35.0,29.0,334000.0,9542.857142857143,37380.0,1068.0,404.0,310.0,79360.0,196.43564356435644,1580.0,3.910891089108911,332,439.0,413360.0,38960.0,1.322289156626506,1245.0602409638554,941.5945330296128,0.07972665148063782
PRV55182,0.0,0.0,0.0,0.0,0.0,0.0,102.0,78.0,25940.0,254.31372549019608,0.0,0.0,78,102.0,25940.0,0.0,1.3076923076923077,332.56410256410254,254.31372549019608,0.0
PRV55183,21.0,18.0,239000.0,11380.952380952382,21360.0,1068.0,96.0,74.0,18750.0,195.3125,250.0,2.6041666666666665,90,117.0,257750.0,21610.0,1.3,2863.8888888888887,2202.991452991453,0.1794871794871795
PRV55184,1.0,1.0,0.0,0.0,1068.0,1068.0,55.0,44.0,15760.0,286.54545454545456,100.0,1.8181818181818181,45,56.0,15760.0,1168.0,1.2444444444444445,350.22222222222223,281.42857142857144,0.017857142857142856
PRV55185,5.0,5.0,46000.0,9200.0,5340.0,1068.0,201.0,68.0,66170.0,329.2039800995025,500.0,2.487562189054726,70,206.0,112170.0,5840.0,2.942857142857143,1602.4285714285713,544.5145631067961,0.024271844660194174
PRV55187,0.0,0.0,0.0,0.0,0.0,0.0,125.0,101.0,29270.0,234.16,680.0,5.44,101,125.0,29270.0,680.0,1.2376237623762376,289.8019801980198,234.16,0.0
PRV55188,4.0,3.0,35000.0,8750.0,4272.0,1068.0,203.0,112.0,38470.0,189.50738916256157,320.0,1.5763546798029557,112,207.0,73470.0,4592.0,1.8482142857142858,655.9821428571429,354.92753623188406,0.01932367149758454
PRV55189,36.0,35.0,316000.0,8777.777777777777,38448.0,1068.0,97.0,82.0,23940.0,246.8041237113402,230.0,2.3711340206185567,115,133.0,339940.0,38678.0,1.1565217391304348,2956.0,2555.93984962406,0.2706766917293233
PRV55191,0.0,0.0,0.0,0.0,0.0,0.0,90.0,87.0,17290.0,192.11111111111111,0.0,0.0,87,90.0,17290.0,0.0,1.0344827586206897,198.73563218390805,192.11111111111111,0.0
PRV55192,15.0,15.0,147100.0,9806.666666666666,16020.0,1068.0,238.0,220.0,71540.0,300.5882352941176,270.0,1.134453781512605,234,253.0,218640.0,16290.0,1.0811965811965811,934.3589743589744,864.1897233201581,0.05928853754940711
PRV55193,31.0,25.0,440000.0,14193.548387096775,33108.0,1068.0,13.0,13.0,4380.0,336.9230769230769,0.0,0.0,38,44.0,444380.0,33108.0,1.1578947368421053,11694.21052631579,10099.545454545454,0.7045454545454546
PRV55194,169.0,139.0,1614000.0,9550.295857988165,179424.0,1068.0,252.0,237.0,86900.0,344.8412698412698,790.0,3.134920634920635,368,421.0,1700900.0,180214.0,1.1440217391304348,4622.010869565217,4040.142517814727,0.4014251781472684
PRV55195,16.0,15.0,236000.0,14750.0,14952.0,1068.0,61.0,55.0,10730.0,175.9016393442623,100.0,1.639344262295082,69,77.0,246730.0,15052.0,1.1159420289855073,3575.7971014492755,3204.285714285714,0.2077922077922078
PRV55196,6.0,6.0,111000.0,18500.0,6408.0,1068.0,167.0,147.0,39790.0,238.26347305389223,340.0,2.035928143712575,153,173.0,150790.0,6748.0,1.130718954248366,985.5555555555555,871.6184971098265,0.03468208092485549
PRV55197,0.0,0.0,0.0,0.0,0.0,0.0,73.0,50.0,24210.0,331.64383561643837,220.0,3.0136986301369864,50,73.0,24210.0,220.0,1.46,484.2,331.64383561643837,0.0
PRV55198,2.0,2.0,8000.0,4000.0,2136.0,1068.0,66.0,58.0,14280.0,216.36363636363637,130.0,1.9696969696969697,60,68.0,22280.0,2266.0,1.1333333333333333,371.3333333333333,327.6470588235294,0.029411764705882353
PRV55200,0.0,0.0,0.0,0.0,0.0,0.0,69.0,55.0,20250.0,293.4782608695652,290.0,4.202898550724638,55,69.0,20250.0,290.0,1.2545454545454546,368.1818181818182,293.4782608695652,0.0
PRV55202,0.0,0.0,0.0,0.0,0.0,0.0,30.0,27.0,11980.0,399.3333333333333,60.0,2.0,27,30.0,11980.0,60.0,1.1111111111111112,443.7037037037037,399.3333333333333,0.0
PRV55203,5.0,5.0,44000.0,8800.0,5340.0,1068.0,20.0,20.0,2470.0,123.5,110.0,5.5,25,25.0,46470.0,5450.0,1.0,1858.8,1858.8,0.2
PRV55205,38.0,37.0,488000.0,12842.105263157895,37380.0,1068.0,222.0,205.0,150060.0,675.9459459459459,1696.0,7.63963963963964,240,260.0,638060.0,39076.0,1.0833333333333333,2658.5833333333335,2454.076923076923,0.14615384615384616
PRV55206,0.0,0.0,0.0,0.0,0.0,0.0,103.0,92.0,33090.0,321.2621359223301,210.0,2.0388349514563107,92,103.0,33090.0,210.0,1.1195652173913044,359.67391304347825,321.2621359223301,0.0
PRV55207,0.0,0.0,0.0,0.0,0.0,0.0,167.0,151.0,41510.0,248.562874251497,340.0,2.035928143712575,151,167.0,41510.0,340.0,1.1059602649006623,274.9006622516556,248.562874251497,0.0
PRV55208,7.0,7.0,68000.0,9714.285714285714,7476.0,1068.0,46.0,44.0,8300.0,180.43478260869566,0.0,0.0,50,53.0,76300.0,7476.0,1.06,1526.0,1439.622641509434,0.1320754716981132
PRV55209,275.0,243.0,2756100.0,10022.181818181818,289428.0,1068.0,487.0,434.0,158600.0,325.66735112936345,610.0,1.2525667351129364,659,762.0,2914700.0,290038.0,1.1562974203338392,4422.913505311078,3825.0656167979005,0.36089238845144356
PRV55210,0.0,0.0,0.0,0.0,0.0,0.0,174.0,68.0,50480.0,290.11494252873564,470.0,2.7011494252873565,68,174.0,50480.0,470.0,2.5588235294117645,742.3529411764706,290.11494252873564,0.0
PRV55211,0.0,0.0,0.0,0.0,0.0,0.0,32.0,32.0,7030.0,219.6875,80.0,2.5,32,32.0,7030.0,80.0,1.0,219.6875,219.6875,0.0
PRV55213,3.0,3.0,67000.0,22333.333333333332,3204.0,1068.0,78.0,65.0,13390.0,171.66666666666666,0.0,0.0,66,81.0,80390.0,3204.0,1.2272727272727273,1218.030303030303,992.4691358024692,0.037037037037037035
PRV55214,0.0,0.0,0.0,0.0,0.0,0.0,190.0,173.0,45880.0,241.47368421052633,450.0,2.3684210526315788,173,190.0,45880.0,450.0,1.0982658959537572,265.2023121387283,241.47368421052633,0.0
PRV55215,143.0,139.0,1357300.0,9491.608391608392,151656.0,1068.0,3250.0,2517.0,927260.0,285.3107692307692,7670.0,2.36,2638,3393.0,2284560.0,159326.0,1.2862016679302501,866.0197119029568,673.315649867374,0.0421455938697318
PRV55216,5.0,5.0,37000.0,7400.0,5340.0,1068.0,75.0,48.0,22370.0,298.26666666666665,530.0,7.066666666666666,52,80.0,59370.0,5870.0,1.5384615384615385,1141.7307692307693,742.125,0.0625
PRV55218,0.0,0.0,0.0,0.0,0.0,0.0,94.0,82.0,20910.0,222.4468085106383,360.0,3.8297872340425534,82,94.0,20910.0,360.0,1.146341463414634,255.0,222.4468085106383,0.0
PRV55219,0.0,0.0,0.0,0.0,0.0,0.0,89.0,85.0,17530.0,196.96629213483146,340.0,3.8202247191011236,85,89.0,17530.0,340.0,1.0470588235294118,206.23529411764707,196.96629213483146,0.0
PRV55220,0.0,0.0,0.0,0.0,0.0,0.0,102.0,89.0,23280.0,228.23529411764707,220.0,2.156862745098039,89,102.0,23280.0,220.0,1.146067415730337,261.5730337078652,228.23529411764707,0.0
PRV55224,0.0,0.0,0.0,0.0,0.0,0.0,23.0,23.0,5800.0,252.17391304347825,0.0,0.0,23,23.0,5800.0,0.0,1.0,252.17391304347825,252.17391304347825,0.0
PRV55225,9.0,9.0,179000.0,19888.88888888889,9612.0,1068.0,57.0,55.0,20390.0,357.719298245614,140.0,2.456140350877193,64,66.0,199390.0,9752.0,1.03125,3115.46875,3021.060606060606,0.13636363636363635
PRV55226,0.0,0.0,0.0,0.0,0.0,0.0,242.0,219.0,80690.0,333.4297520661157,460.0,1.9008264462809918,219,242.0,80690.0,460.0,1.1050228310502284,368.4474885844749,333.4297520661157,0.0
PRV55227,0.0,0.0,0.0,0.0,0.0,0.0,46.0,42.0,12100.0,263.04347826086956,0.0,0.0,42,46.0,12100.0,0.0,1.0952380952380953,288.0952380952381,263.04347826086956,0.0
PRV55229,16.0,16.0,171000.0,10687.5,16020.0,1068.0,227.0,202.0,86520.0,381.1453744493392,680.0,2.995594713656388,218,243.0,257520.0,16700.0,1.114678899082569,1181.2844036697247,1059.7530864197531,0.06584362139917696
PRV55230,225.0,197.0,2518350.0,11192.666666666666,230688.0,1068.0,340.0,325.0,94390.0,277.61764705882354,680.0,2.0,515,565.0,2612740.0,231368.0,1.0970873786407767,5073.281553398058,4624.3185840707965,0.39823008849557523
PRV55231,0.0,0.0,0.0,0.0,0.0,0.0,126.0,99.0,41470.0,329.12698412698415,130.0,1.0317460317460319,99,126.0,41470.0,130.0,1.2727272727272727,418.8888888888889,329.12698412698415,0.0
PRV55232,28.0,27.0,278090.0,9931.785714285714,29904.0,1068.0,79.0,68.0,32330.0,409.24050632911394,90.0,1.139240506329114,95,107.0,310420.0,29994.0,1.1263157894736842,3267.5789473684213,2901.121495327103,0.2616822429906542
PRV55233,1.0,1.0,4000.0,4000.0,1068.0,1068.0,186.0,99.0,50940.0,273.8709677419355,410.0,2.204301075268817,99,187.0,54940.0,1478.0,1.8888888888888888,554.9494949494949,293.7967914438503,0.0053475935828877
PRV55234,7.0,7.0,36800.0,5257.142857142857,7476.0,1068.0,177.0,165.0,57800.0,326.55367231638417,740.0,4.1807909604519775,172,184.0,94600.0,8216.0,1.069767441860465,550.0,514.1304347826087,0.03804347826086957
PRV55235,0.0,0.0,0.0,0.0,0.0,0.0,160.0,118.0,60920.0,380.75,600.0,3.75,118,160.0,60920.0,600.0,1.3559322033898304,516.271186440678,380.75,0.0
PRV55236,20.0,18.0,220000.0,11000.0,21360.0,1068.0,34.0,21.0,17260.0,507.6470588235294,100.0,2.9411764705882355,35,54.0,237260.0,21460.0,1.542857142857143,6778.857142857143,4393.7037037037035,0.37037037037037035
PRV55237,15.0,15.0,111000.0,7400.0,16020.0,1068.0,102.0,95.0,20700.0,202.94117647058823,200.0,1.9607843137254901,108,117.0,131700.0,16220.0,1.0833333333333333,1219.4444444444443,1125.6410256410256,0.1282051282051282
PRV55238,0.0,0.0,0.0,0.0,0.0,0.0,101.0,101.0,39250.0,388.61386138613864,480.0,4.752475247524752,101,101.0,39250.0,480.0,1.0,388.61386138613864,388.61386138613864,0.0
PRV55239,0.0,0.0,0.0,0.0,0.0,0.0,161.0,154.0,49540.0,307.70186335403724,690.0,4.285714285714286,154,161.0,49540.0,690.0,1.0454545454545454,321.68831168831167,307.70186335403724,0.0
PRV55240,11.0,11.0,76600.0,6963.636363636364,11748.0,1068.0,152.0,136.0,43240.0,284.4736842105263,470.0,3.0921052631578947,145,163.0,119840.0,12218.0,1.1241379310344828,826.4827586206897,735.2147239263803,0.06748466257668712
PRV55242,10.0,7.0,62000.0,6200.0,10680.0,1068.0,24.0,21.0,3630.0,151.25,20.0,0.8333333333333334,28,34.0,65630.0,10700.0,1.2142857142857142,2343.9285714285716,1930.2941176470588,0.29411764705882354
PRV55243,0.0,0.0,0.0,0.0,0.0,0.0,257.0,231.0,66230.0,257.70428015564204,560.0,2.178988326848249,231,257.0,66230.0,560.0,1.1125541125541125,286.7099567099567,257.70428015564204,0.0
PRV55244,0.0,0.0,0.0,0.0,0.0,0.0,25.0,25.0,7500.0,300.0,100.0,4.0,25,25.0,7500.0,100.0,1.0,300.0,300.0,0.0
PRV55246,0.0,0.0,0.0,0.0,0.0,0.0,227.0,213.0,57290.0,252.37885462555067,620.0,2.7312775330396475,213,227.0,57290.0,620.0,1.0657276995305165,268.96713615023475,252.37885462555067,0.0
PRV55247,3.0,3.0,19200.0,6400.0,3204.0,1068.0,352.0,173.0,108940.0,309.4886363636364,390.0,1.1079545454545454,175,355.0,128140.0,3594.0,2.0285714285714285,732.2285714285714,360.9577464788732,0.008450704225352112
PRV55248,0.0,0.0,0.0,0.0,0.0,0.0,133.0,103.0,46760.0,351.57894736842104,510.0,3.8345864661654137,103,133.0,46760.0,510.0,1.2912621359223302,453.9805825242718,351.57894736842104,0.0
PRV55250,23.0,19.0,262000.0,11391.304347826086,22428.0,1068.0,278.0,112.0,81940.0,294.7482014388489,340.0,1.223021582733813,116,301.0,343940.0,22768.0,2.5948275862068964,2965.0,1142.6578073089702,0.07641196013289037
PRV55252,0.0,0.0,0.0,0.0,0.0,0.0,45.0,39.0,14220.0,316.0,100.0,2.2222222222222223,39,45.0,14220.0,100.0,1.1538461538461537,364.61538461538464,316.0,0.0
PRV55254,0.0,0.0,0.0,0.0,0.0,0.0,15.0,14.0,4960.0,330.6666666666667,70.0,4.666666666666667,14,15.0,4960.0,70.0,1.0714285714285714,354.2857142857143,330.6666666666667,0.0
PRV55255,0.0,0.0,0.0,0.0,0.0,0.0,12.0,12.0,2590.0,215.83333333333334,100.0,8.333333333333334,12,12.0,2590.0,100.0,1.0,215.83333333333334,215.83333333333334,0.0
PRV55256,4.0,4.0,27000.0,6750.0,4272.0,1068.0,24.0,23.0,7150.0,297.9166666666667,70.0,2.9166666666666665,27,28.0,34150.0,4342.0,1.037037037037037,1264.8148148148148,1219.642857142857,0.14285714285714285
PRV55257,0.0,0.0,0.0,0.0,0.0,0.0,137.0,74.0,35840.0,261.6058394160584,210.0,1.532846715328467,74,137.0,35840.0,210.0,1.8513513513513513,484.3243243243243,261.6058394160584,0.0
PRV55258,1.0,1.0,12000.0,12000.0,0.0,0.0,41.0,35.0,13200.0,321.9512195121951,10.0,0.24390243902439024,36,42.0,25200.0,10.0,1.1666666666666667,700.0,600.0,0.023809523809523808
PRV55259,0.0,0.0,0.0,0.0,0.0,0.0,42.0,41.0,13890.0,330.7142857142857,50.0,1.1904761904761905,41,42.0,13890.0,50.0,1.024390243902439,338.780487804878,330.7142857142857,0.0
PRV55260,0.0,0.0,0.0,0.0,0.0,0.0,57.0,41.0,22310.0,391.4035087719298,70.0,1.2280701754385965,41,57.0,22310.0,70.0,1.3902439024390243,544.1463414634146,391.4035087719298,0.0
PRV55261,0.0,0.0,0.0,0.0,0.0,0.0,30.0,19.0,4780.0,159.33333333333334,100.0,3.3333333333333335,19,30.0,4780.0,100.0,1.5789473684210527,251.57894736842104,159.33333333333334,0.0
PRV55262,16.0,15.0,115000.0,7187.5,16020.0,1068.0,381.0,203.0,120860.0,317.2178477690289,1090.0,2.8608923884514437,210,397.0,235860.0,17110.0,1.8904761904761904,1123.142857142857,594.1057934508816,0.04030226700251889
PRV55263,0.0,0.0,0.0,0.0,0.0,0.0,319.0,247.0,103750.0,325.23510971786834,1110.0,3.479623824451411,247,319.0,103750.0,1110.0,1.291497975708502,420.0404858299595,325.23510971786834,0.0
PRV55264,0.0,0.0,0.0,0.0,0.0,0.0,528.0,305.0,147430.0,279.2234848484849,1320.0,2.5,305,528.0,147430.0,1320.0,1.7311475409836066,483.37704918032784,279.2234848484849,0.0
PRV55265,0.0,0.0,0.0,0.0,0.0,0.0,201.0,71.0,43280.0,215.3233830845771,410.0,2.0398009950248754,71,201.0,43280.0,410.0,2.8309859154929575,609.5774647887324,215.3233830845771,0.0
PRV55266,9.0,7.0,41000.0,4555.555555555556,9612.0,1068.0,16.0,15.0,4740.0,296.25,0.0,0.0,22,25.0,45740.0,9612.0,1.1363636363636365,2079.090909090909,1829.6,0.36
PRV55267,0.0,0.0,0.0,0.0,0.0,0.0,144.0,78.0,36020.0,250.13888888888889,410.0,2.8472222222222223,78,144.0,36020.0,410.0,1.8461538461538463,461.79487179487177,250.13888888888889,0.0
PRV55268,0.0,0.0,0.0,0.0,0.0,0.0,48.0,20.0,13310.0,277.2916666666667,0.0,0.0,20,48.0,13310.0,0.0,2.4,665.5,277.2916666666667,0.0
PRV55269,3.0,3.0,14000.0,4666.666666666667,3204.0,1068.0,169.0,124.0,39490.0,233.66863905325442,760.0,4.497041420118343,124,172.0,53490.0,3964.0,1.3870967741935485,431.3709677419355,310.98837209302326,0.01744186046511628
PRV55270,1.0,1.0,5000.0,5000.0,1068.0,1068.0,203.0,108.0,58190.0,286.6502463054187,670.0,3.3004926108374386,108,204.0,63190.0,1738.0,1.8888888888888888,585.0925925925926,309.7549019607843,0.004901960784313725
PRV55271,0.0,0.0,0.0,0.0,0.0,0.0,15.0,12.0,6020.0,401.3333333333333,100.0,6.666666666666667,12,15.0,6020.0,100.0,1.25,501.6666666666667,401.3333333333333,0.0
PRV55272,0.0,0.0,0.0,0.0,0.0,0.0,211.0,185.0,53340.0,252.7962085308057,530.0,2.5118483412322274,185,211.0,53340.0,530.0,1.1405405405405404,288.3243243243243,252.7962085308057,0.0
PRV55273,0.0,0.0,0.0,0.0,0.0,0.0,18.0,12.0,4240.0,235.55555555555554,180.0,10.0,12,18.0,4240.0,180.0,1.5,353.3333333333333,235.55555555555554,0.0
PRV55274,0.0,0.0,0.0,0.0,0.0,0.0,70.0,45.0,20800.0,297.14285714285717,100.0,1.4285714285714286,45,70.0,20800.0,100.0,1.5555555555555556,462.22222222222223,297.14285714285717,0.0
PRV55275,0.0,0.0,0.0,0.0,0.0,0.0,54.0,39.0,12370.0,229.07407407407408,190.0,3.5185185185185186,39,54.0,12370.0,190.0,1.3846153846153846,317.1794871794872,229.07407407407408,0.0
PRV55276,0.0,0.0,0.0,0.0,0.0,0.0,58.0,38.0,10830.0,186.72413793103448,120.0,2.0689655172413794,38,58.0,10830.0,120.0,1.5263157894736843,285.0,186.72413793103448,0.0
PRV55277,0.0,0.0,0.0,0.0,0.0,0.0,17.0,16.0,4200.0,247.05882352941177,0.0,0.0,16,17.0,4200.0,0.0,1.0625,262.5,247.05882352941177,0.0
PRV55278,0.0,0.0,0.0,0.0,0.0,0.0,45.0,33.0,7200.0,160.0,0.0,0.0,33,45.0,7200.0,0.0,1.3636363636363635,218.1818181818182,160.0,0.0
PRV55279,0.0,0.0,0.0,0.0,0.0,0.0,81.0,49.0,28610.0,353.2098765432099,30.0,0.37037037037037035,49,81.0,28610.0,30.0,1.653061224489796,583.8775510204082,353.2098765432099,0.0
PRV55281,0.0,0.0,0.0,0.0,0.0,0.0,190.0,95.0,54330.0,285.94736842105266,470.0,2.473684210526316,95,190.0,54330.0,470.0,2.0,571.8947368421053,285.94736842105266,0.0
PRV55283,0.0,0.0,0.0,0.0,0.0,0.0,36.0,31.0,12390.0,344.1666666666667,10.0,0.2777777777777778,31,36.0,12390.0,10.0,1.1612903225806452,399.6774193548387,344.1666666666667,0.0
PRV55285,0.0,0.0,0.0,0.0,0.0,0.0,7.0,7.0,530.0,75.71428571428571,0.0,0.0,7,7.0,530.0,0.0,1.0,75.71428571428571,75.71428571428571,0.0
PRV55286,0.0,0.0,0.0,0.0,0.0,0.0,4.0,3.0,570.0,142.5,0.0,0.0,3,4.0,570.0,0.0,1.3333333333333333,190.0,142.5,0.0
PRV55289,0.0,0.0,0.0,0.0,0.0,0.0,14.0,12.0,3710.0,265.0,0.0,0.0,12,14.0,3710.0,0.0,1.1666666666666667,309.1666666666667,265.0,0.0
PRV55291,0.0,0.0,0.0,0.0,0.0,0.0,6.0,4.0,2190.0,365.0,0.0,0.0,4,6.0,2190.0,0.0,1.5,547.5,365.0,0.0
PRV55292,0.0,0.0,0.0,0.0,0.0,0.0,6.0,6.0,610.0,101.66666666666667,0.0,0.0,6,6.0,610.0,0.0,1.0,101.66666666666667,101.66666666666667,0.0
PRV55293,0.0,0.0,0.0,0.0,0.0,0.0,33.0,25.0,5530.0,167.57575757575756,0.0,0.0,25,33.0,5530.0,0.0,1.32,221.2,167.57575757575756,0.0
PRV55295,0.0,0.0,0.0,0.0,0.0,0.0,88.0,71.0,20380.0,231.5909090909091,580.0,6.590909090909091,71,88.0,20380.0,580.0,1.2394366197183098,287.0422535211268,231.5909090909091,0.0
PRV55296,0.0,0.0,0.0,0.0,0.0,0.0,57.0,50.0,12750.0,223.68421052631578,0.0,0.0,50,57.0,12750.0,0.0,1.14,255.0,223.68421052631578,0.0
PRV55297,0.0,0.0,0.0,0.0,0.0,0.0,98.0,44.0,21280.0,217.14285714285714,540.0,5.510204081632653,44,98.0,21280.0,540.0,2.227272727272727,483.6363636363636,217.14285714285714,0.0
PRV55298,0.0,0.0,0.0,0.0,0.0,0.0,57.0,32.0,15740.0,276.140350877193,40.0,0.7017543859649122,32,57.0,15740.0,40.0,1.78125,491.875,276.140350877193,0.0
PRV55299,0.0,0.0,0.0,0.0,0.0,0.0,18.0,17.0,5930.0,329.44444444444446,0.0,0.0,17,18.0,5930.0,0.0,1.0588235294117647,348.8235294117647,329.44444444444446,0.0
PRV55300,0.0,0.0,0.0,0.0,0.0,0.0,32.0,23.0,8320.0,260.0,70.0,2.1875,23,32.0,8320.0,70.0,1.391304347826087,361.7391304347826,260.0,0.0
PRV55302,0.0,0.0,0.0,0.0,0.0,0.0,1.0,1.0,400.0,400.0,0.0,0.0,1,1.0,400.0,0.0,1.0,400.0,400.0,0.0
PRV55304,0.0,0.0,0.0,0.0,0.0,0.0,204.0,122.0,76330.0,374.1666666666667,350.0,1.7156862745098038,122,204.0,76330.0,350.0,1.6721311475409837,625.655737704918,374.1666666666667,0.0
PRV55305,0.0,0.0,0.0,0.0,0.0,0.0,3.0,3.0,4210.0,1403.3333333333333,10.0,3.3333333333333335,3,3.0,4210.0,10.0,1.0,1403.3333333333333,1403.3333333333333,0.0
PRV55306,0.0,0.0,0.0,0.0,0.0,0.0,59.0,34.0,16500.0,279.66101694915255,10.0,0.1694915254237288,34,59.0,16500.0,10.0,1.7352941176470589,485.29411764705884,279.66101694915255,0.0
PRV55307,0.0,0.0,0.0,0.0,0.0,0.0,110.0,84.0,24250.0,220.45454545454547,250.0,2.272727272727273,84,110.0,24250.0,250.0,1.3095238095238095,288.6904761904762,220.45454545454547,0.0
PRV55309,0.0,0.0,0.0,0.0,0.0,0.0,35.0,24.0,11800.0,337.14285714285717,60.0,1.7142857142857142,24,35.0,11800.0,60.0,1.4583333333333333,491.6666666666667,337.14285714285717,0.0
PRV55312,0.0,0.0,0.0,0.0,0.0,0.0,91.0,77.0,17280.0,189.8901098901099,210.0,2.3076923076923075,77,91.0,17280.0,210.0,1.1818181818181819,224.41558441558442,189.8901098901099,0.0
PRV55313,0.0,0.0,0.0,0.0,0.0,0.0,192.0,129.0,57410.0,299.0104166666667,100.0,0.5208333333333334,129,192.0,57410.0,100.0,1.4883720930232558,445.0387596899225,299.0104166666667,0.0
PRV55314,0.0,0.0,0.0,0.0,0.0,0.0,89.0,53.0,25040.0,281.34831460674155,190.0,2.134831460674157,53,89.0,25040.0,190.0,1.679245283018868,472.45283018867923,281.34831460674155,0.0
PRV55316,0.0,0.0,0.0,0.0,0.0,0.0,65.0,45.0,15490.0,238.30769230769232,190.0,2.923076923076923,45,65.0,15490.0,190.0,1.4444444444444444,344.22222222222223,238.30769230769232,0.0
PRV55318,0.0,0.0,0.0,0.0,0.0,0.0,63.0,45.0,26300.0,417.46031746031747,130.0,2.0634920634920637,45,63.0,26300.0,130.0,1.4,584.4444444444445,417.46031746031747,0.0
PRV55319,0.0,0.0,0.0,0.0,0.0,0.0,17.0,11.0,4570.0,268.8235294117647,0.0,0.0,11,17.0,4570.0,0.0,1.5454545454545454,415.45454545454544,268.8235294117647,0.0
PRV55320,0.0,0.0,0.0,0.0,0.0,0.0,34.0,27.0,6400.0,188.23529411764707,0.0,0.0,27,34.0,6400.0,0.0,1.2592592592592593,237.03703703703704,188.23529411764707,0.0
PRV55322,0.0,0.0,0.0,0.0,0.0,0.0,28.0,24.0,7270.0,259.64285714285717,130.0,4.642857142857143,24,28.0,7270.0,130.0,1.1666666666666667,302.9166666666667,259.64285714285717,0.0
PRV55323,0.0,0.0,0.0,0.0,0.0,0.0,144.0,108.0,36470.0,253.26388888888889,120.0,0.8333333333333334,108,144.0,36470.0,120.0,1.3333333333333333,337.68518518518516,253.26388888888889,0.0
PRV55324,0.0,0.0,0.0,0.0,0.0,0.0,25.0,24.0,7530.0,301.2,50.0,2.0,24,25.0,7530.0,50.0,1.0416666666666667,313.75,301.2,0.0
PRV55325,0.0,0.0,0.0,0.0,0.0,0.0,41.0,20.0,14980.0,365.3658536585366,400.0,9.75609756097561,20,41.0,14980.0,400.0,2.05,749.0,365.3658536585366,0.0
PRV55326,0.0,0.0,0.0,0.0,0.0,0.0,58.0,30.0,11700.0,201.72413793103448,390.0,6.724137931034483,30,58.0,11700.0,390.0,1.9333333333333333,390.0,201.72413793103448,0.0
PRV55329,0.0,0.0,0.0,0.0,0.0,0.0,2.0,2.0,360.0,180.0,0.0,0.0,2,2.0,360.0,0.0,1.0,180.0,180.0,0.0
PRV55330,0.0,0.0,0.0,0.0,0.0,0.0,4.0,4.0,1170.0,292.5,0.0,0.0,4,4.0,1170.0,0.0,1.0,292.5,292.5,0.0
PRV55331,0.0,0.0,0.0,0.0,0.0,0.0,23.0,19.0,4700.0,204.34782608695653,0.0,0.0,19,23.0,4700.0,0.0,1.2105263157894737,247.3684210526316,204.34782608695653,0.0
PRV55333,0.0,0.0,0.0,0.0,0.0,0.0,51.0,31.0,9500.0,186.27450980392157,200.0,3.9215686274509802,31,51.0,9500.0,200.0,1.6451612903225807,306.4516129032258,186.27450980392157,0.0
PRV55335,0.0,0.0,0.0,0.0,0.0,0.0,24.0,16.0,1760.0,73.33333333333333,160.0,6.666666666666667,16,24.0,1760.0,160.0,1.5,110.0,73.33333333333333,0.0
PRV55337,0.0,0.0,0.0,0.0,0.0,0.0,13.0,13.0,1890.0,145.3846153846154,0.0,0.0,13,13.0,1890.0,0.0,1.0,145.3846153846154,145.3846153846154,0.0
PRV55338,0.0,0.0,0.0,0.0,0.0,0.0,46.0,44.0,8790.0,191.08695652173913,0.0,0.0,44,46.0,8790.0,0.0,1.0454545454545454,199.77272727272728,191.08695652173913,0.0
PRV55339,0.0,0.0,0.0,0.0,0.0,0.0,30.0,28.0,7880.0,262.6666666666667,0.0,0.0,28,30.0,7880.0,0.0,1.0714285714285714,281.42857142857144,262.6666666666667,0.0
PRV55340,0.0,0.0,0.0,0.0,0.0,0.0,108.0,83.0,32730.0,303.05555555555554,240.0,2.2222222222222223,83,108.0,32730.0,240.0,1.3012048192771084,394.33734939759034,303.05555555555554,0.0
PRV55341,0.0,0.0,0.0,0.0,0.0,0.0,14.0,14.0,1240.0,88.57142857142857,0.0,0.0,14,14.0,1240.0,0.0,1.0,88.57142857142857,88.57142857142857,0.0
PRV55342,0.0,0.0,0.0,0.0,0.0,0.0,9.0,8.0,2440.0,271.1111111111111,0.0,0.0,8,9.0,2440.0,0.0,1.125,305.0,271.1111111111111,0.0
PRV55343,0.0,0.0,0.0,0.0,0.0,0.0,90.0,74.0,23940.0,266.0,300.0,3.3333333333333335,74,90.0,23940.0,300.0,1.2162162162162162,323.5135135135135,266.0,0.0
PRV55344,0.0,0.0,0.0,0.0,0.0,0.0,14.0,8.0,8320.0,594.2857142857143,0.0,0.0,8,14.0,8320.0,0.0,1.75,1040.0,594.2857142857143,0.0
PRV55345,0.0,0.0,0.0,0.0,0.0,0.0,15.0,14.0,7310.0,487.3333333333333,90.0,6.0,14,15.0,7310.0,90.0,1.0714285714285714,522.1428571428571,487.3333333333333,0.0
PRV55348,0.0,0.0,0.0,0.0,0.0,0.0,7.0,5.0,610.0,87.14285714285714,0.0,0.0,5,7.0,610.0,0.0,1.4,122.0,87.14285714285714,0.0
PRV55350,0.0,0.0,0.0,0.0,0.0,0.0,31.0,23.0,4210.0,135.80645161290323,0.0,0.0,23,31.0,4210.0,0.0,1.3478260869565217,183.04347826086956,135.80645161290323,0.0
PRV55351,0.0,0.0,0.0,0.0,0.0,0.0,10.0,8.0,1650.0,165.0,0.0,0.0,8,10.0,1650.0,0.0,1.25,206.25,165.0,0.0
PRV55352,0.0,0.0,0.0,0.0,0.0,0.0,39.0,27.0,12850.0,329.4871794871795,190.0,4.871794871794871,27,39.0,12850.0,190.0,1.4444444444444444,475.9259259259259,329.4871794871795,0.0
PRV55353,0.0,0.0,0.0,0.0,0.0,0.0,12.0,12.0,2970.0,247.5,40.0,3.3333333333333335,12,12.0,2970.0,40.0,1.0,247.5,247.5,0.0
PRV55354,0.0,0.0,0.0,0.0,0.0,0.0,178.0,105.0,43990.0,247.13483146067415,440.0,2.4719101123595504,105,178.0,43990.0,440.0,1.6952380952380952,418.95238095238096,247.13483146067415,0.0
PRV55355,0.0,0.0,0.0,0.0,0.0,0.0,1.0,1.0,90.0,90.0,0.0,0.0,1,1.0,90.0,0.0,1.0,90.0,90.0,0.0
PRV55356,0.0,0.0,0.0,0.0,0.0,0.0,27.0,27.0,5030.0,186.2962962962963,170.0,6.296296296296297,27,27.0,5030.0,170.0,1.0,186.2962962962963,186.2962962962963,0.0
PRV55357,0.0,0.0,0.0,0.0,0.0,0.0,161.0,106.0,37270.0,231.49068322981367,600.0,3.7267080745341614,106,161.0,37270.0,600.0,1.5188679245283019,351.60377358490564,231.49068322981367,0.0
PRV55358,0.0,0.0,0.0,0.0,0.0,0.0,37.0,34.0,14710.0,397.56756756756755,0.0,0.0,34,37.0,14710.0,0.0,1.088235294117647,432.6470588235294,397.56756756756755,0.0
PRV55359,0.0,0.0,0.0,0.0,0.0,0.0,113.0,52.0,47940.0,424.24778761061947,610.0,5.398230088495575,52,113.0,47940.0,610.0,2.173076923076923,921.9230769230769,424.24778761061947,0.0
PRV55360,0.0,0.0,0.0,0.0,0.0,0.0,17.0,17.0,4880.0,287.05882352941177,0.0,0.0,17,17.0,4880.0,0.0,1.0,287.05882352941177,287.05882352941177,0.0
PRV55361,0.0,0.0,0.0,0.0,0.0,0.0,85.0,59.0,23420.0,275.52941176470586,100.0,1.1764705882352942,59,85.0,23420.0,100.0,1.4406779661016949,396.9491525423729,275.52941176470586,0.0
PRV55362,0.0,0.0,0.0,0.0,0.0,0.0,148.0,101.0,36170.0,244.3918918918919,410.0,2.77027027027027,101,148.0,36170.0,410.0,1.4653465346534653,358.1188118811881,244.3918918918919,0.0
PRV55363,0.0,0.0,0.0,0.0,0.0,0.0,62.0,32.0,24070.0,388.2258064516129,190.0,3.064516129032258,32,62.0,24070.0,190.0,1.9375,752.1875,388.2258064516129,0.0
PRV55364,0.0,0.0,0.0,0.0,0.0,0.0,1.0,1.0,80.0,80.0,0.0,0.0,1,1.0,80.0,0.0,1.0,80.0,80.0,0.0
PRV55365,0.0,0.0,0.0,0.0,0.0,0.0,7.0,5.0,370.0,52.857142857142854,0.0,0.0,5,7.0,370.0,0.0,1.4,74.0,52.857142857142854,0.0
PRV55366,0.0,0.0,0.0,0.0,0.0,0.0,107.0,53.0,20310.0,189.81308411214954,530.0,4.953271028037383,53,107.0,20310.0,530.0,2.018867924528302,383.20754716981133,189.81308411214954,0.0
PRV55368,0.0,0.0,0.0,0.0,0.0,0.0,115.0,101.0,24770.0,215.3913043478261,310.0,2.6956521739130435,101,115.0,24770.0,310.0,1.1386138613861385,245.24752475247524,215.3913043478261,0.0
PRV55371,0.0,0.0,0.0,0.0,0.0,0.0,3.0,3.0,330.0,110.0,0.0,0.0,3,3.0,330.0,0.0,1.0,110.0,110.0,0.0
PRV55372,0.0,0.0,0.0,0.0,0.0,0.0,12.0,7.0,2620.0,218.33333333333334,70.0,5.833333333333333,7,12.0,2620.0,70.0,1.7142857142857142,374.2857142857143,218.33333333333334,0.0
PRV55374,33.0,31.0,335000.0,10151.515151515152,35244.0,1068.0,0.0,0.0,0.0,0.0,0.0,0.0,31,33.0,335000.0,35244.0,1.064516129032258,10806.451612903225,10151.515151515152,1.0
PRV55375,14.0,14.0,147900.0,10564.285714285714,13884.0,1068.0,0.0,0.0,0.0,0.0,0.0,0.0,14,14.0,147900.0,13884.0,1.0,10564.285714285714,10564.285714285714,1.0
PRV55376,0.0,0.0,0.0,0.0,0.0,0.0,88.0,79.0,21470.0,243.97727272727272,220.0,2.5,79,88.0,21470.0,220.0,1.1139240506329113,271.7721518987342,243.97727272727272,0.0
PRV55377,0.0,0.0,0.0,0.0,0.0,0.0,4.0,4.0,3410.0,852.5,0.0,0.0,4,4.0,3410.0,0.0,1.0,852.5,852.5,0.0
PRV55378,14.0,13.0,132000.0,9428.57142857143,14952.0,1068.0,0.0,0.0,0.0,0.0,0.0,0.0,13,14.0,132000.0,14952.0,1.0769230769230769,10153.846153846154,9428.57142857143,1.0
PRV55379,4.0,4.0,36000.0,9000.0,4272.0,1068.0,0.0,0.0,0.0,0.0,0.0,0.0,4,4.0,36000.0,4272.0,1.0,9000.0,9000.0,1.0
PRV55381,20.0,20.0,166000.0,8300.0,21360.0,1068.0,25.0,21.0,7700.0,308.0,100.0,4.0,40,45.0,173700.0,21460.0,1.125,4342.5,3860.0,0.4444444444444444
PRV55382,8.0,8.0,129000.0,16125.0,8544.0,1068.0,0.0,0.0,0.0,0.0,0.0,0.0,8,8.0,129000.0,8544.0,1.0,16125.0,16125.0,1.0
PRV55383,8.0,8.0,70000.0,8750.0,8544.0,1068.0,0.0,0.0,0.0,0.0,0.0,0.0,8,8.0,70000.0,8544.0,1.0,8750.0,8750.0,1.0
PRV55384,0.0,0.0,0.0,0.0,0.0,0.0,1.0,1.0,30.0,30.0,0.0,0.0,1,1.0,30.0,0.0,1.0,30.0,30.0,0.0
PRV55385,8.0,7.0,70000.0,8750.0,8544.0,1068.0,0.0,0.0,0.0,0.0,0.0,0.0,7,8.0,70000.0,8544.0,1.1428571428571428,10000.0,8750.0,1.0
PRV55386,0.0,0.0,0.0,0.0,0.0,0.0,82.0,62.0,21010.0,256.219512195122,130.0,1.5853658536585367,62,82.0,21010.0,130.0,1.3225806451612903,338.8709677419355,256.219512195122,0.0
PRV55387,6.0,6.0,90000.0,15000.0,5340.0,1068.0,0.0,0.0,0.0,0.0,0.0,0.0,6,6.0,90000.0,5340.0,1.0,15000.0,15000.0,1.0
PRV55388,0.0,0.0,0.0,0.0,0.0,0.0,515.0,307.0,134180.0,260.54368932038835,1420.0,2.7572815533980584,307,515.0,134180.0,1420.0,1.6775244299674268,437.0684039087948,260.54368932038835,0.0
PRV55390,0.0,0.0,0.0,0.0,0.0,0.0,26.0,16.0,23150.0,890.3846153846154,70.0,2.6923076923076925,16,26.0,23150.0,70.0,1.625,1446.875,890.3846153846154,0.0
PRV55392,23.0,20.0,252000.0,10956.521739130434,23496.0,1068.0,169.0,107.0,50110.0,296.50887573964496,310.0,1.834319526627219,115,192.0,302110.0,23806.0,1.6695652173913043,2627.0434782608695,1573.4895833333333,0.11979166666666667
PRV55395,0.0,0.0,0.0,0.0,0.0,0.0,12.0,10.0,2970.0,247.5,10.0,0.8333333333333334,10,12.0,2970.0,10.0,1.2,297.0,247.5,0.0
PRV55396,15.0,15.0,141000.0,9400.0,16020.0,1068.0,60.0,48.0,12830.0,213.83333333333334,110.0,1.8333333333333333,63,75.0,153830.0,16130.0,1.1904761904761905,2441.746031746032,2051.0666666666666,0.2
PRV55397,0.0,0.0,0.0,0.0,0.0,0.0,6.0,5.0,630.0,105.0,0.0,0.0,5,6.0,630.0,0.0,1.2,126.0,105.0,0.0
PRV55398,0.0,0.0,0.0,0.0,0.0,0.0,13.0,8.0,1430.0,110.0,0.0,0.0,8,13.0,1430.0,0.0,1.625,178.75,110.0,0.0
PRV55399,3.0,2.0,31000.0,10333.333333333334,3204.0,1068.0,24.0,12.0,4790.0,199.58333333333334,0.0,0.0,14,27.0,35790.0,3204.0,1.9285714285714286,2556.4285714285716,1325.5555555555557,0.1111111111111111
PRV55400,0.0,0.0,0.0,0.0,0.0,0.0,1.0,1.0,200.0,200.0,0.0,0.0,1,1.0,200.0,0.0,1.0,200.0,200.0,0.0
PRV55401,0.0,0.0,0.0,0.0,0.0,0.0,49.0,23.0,11560.0,235.91836734693877,100.0,2.0408163265306123,23,49.0,11560.0,100.0,2.130434782608696,502.60869565217394,235.91836734693877,0.0
PRV55402,0.0,0.0,0.0,0.0,0.0,0.0,44.0,21.0,17720.0,402.72727272727275,0.0,0.0,21,44.0,17720.0,0.0,2.0952380952380953,843.8095238095239,402.72727272727275,0.0
PRV55404,0.0,0.0,0.0,0.0,0.0,0.0,25.0,9.0,2420.0,96.8,0.0,0.0,9,25.0,2420.0,0.0,2.7777777777777777,268.8888888888889,96.8,0.0
PRV55405,0.0,0.0,0.0,0.0,0.0,0.0,10.0,1.0,2730.0,273.0,200.0,20.0,1,10.0,2730.0,200.0,10.0,2730.0,273.0,0.0
PRV55408,0.0,0.0,0.0,0.0,0.0,0.0,16.0,11.0,5160.0,322.5,100.0,6.25,11,16.0,5160.0,100.0,1.4545454545454546,469.09090909090907,322.5,0.0
PRV55409,0.0,0.0,0.0,0.0,0.0,0.0,5.0,4.0,280.0,56.0,10.0,2.0,4,5.0,280.0,10.0,1.25,70.0,56.0,0.0
PRV55410,0.0,0.0,0.0,0.0,0.0,0.0,56.0,33.0,15380.0,274.64285714285717,100.0,1.7857142857142858,33,56.0,15380.0,100.0,1.696969696969697,466.06060606060606,274.64285714285717,0.0
PRV55411,0.0,0.0,0.0,0.0,0.0,0.0,39.0,23.0,11990.0,307.43589743589746,110.0,2.8205128205128207,23,39.0,11990.0,110.0,1.6956521739130435,521.304347826087,307.43589743589746,0.0
PRV55412,0.0,0.0,0.0,0.0,0.0,0.0,11.0,4.0,1940.0,176.36363636363637,0.0,0.0,4,11.0,1940.0,0.0,2.75,485.0,176.36363636363637,0.0
PRV55413,0.0,0.0,0.0,0.0,0.0,0.0,4.0,4.0,2200.0,550.0,0.0,0.0,4,4.0,2200.0,0.0,1.0,550.0,550.0,0.0
PRV55414,2.0,2.0,10000.0,5000.0,2136.0,1068.0,10.0,10.0,3670.0,367.0,0.0,0.0,12,12.0,13670.0,2136.0,1.0,1139.1666666666667,1139.1666666666667,0.16666666666666666
PRV55416,2.0,2.0,7000.0,3500.0,2136.0,1068.0,71.0,38.0,13330.0,187.74647887323943,100.0,1.408450704225352,40,73.0,20330.0,2236.0,1.825,508.25,278.4931506849315,0.0273972602739726
PRV55417,0.0,0.0,0.0,0.0,0.0,0.0,30.0,12.0,3710.0,123.66666666666667,30.0,1.0,12,30.0,3710.0,30.0,2.5,309.1666666666667,123.66666666666667,0.0
PRV55418,3.0,3.0,18000.0,6000.0,3204.0,1068.0,6.0,3.0,2190.0,365.0,100.0,16.666666666666668,6,9.0,20190.0,3304.0,1.5,3365.0,2243.3333333333335,0.3333333333333333
PRV55419,0.0,0.0,0.0,0.0,0.0,0.0,8.0,6.0,4430.0,553.75,0.0,0.0,6,8.0,4430.0,0.0,1.3333333333333333,738.3333333333334,553.75,0.0
PRV55423,0.0,0.0,0.0,0.0,0.0,0.0,25.0,11.0,4710.0,188.4,0.0,0.0,11,25.0,4710.0,0.0,2.272727272727273,428.1818181818182,188.4,0.0
PRV55424,0.0,0.0,0.0,0.0,0.0,0.0,10.0,6.0,830.0,83.0,120.0,12.0,6,10.0,830.0,120.0,1.6666666666666667,138.33333333333334,83.0,0.0
PRV55425,0.0,0.0,0.0,0.0,0.0,0.0,26.0,6.0,3880.0,149.23076923076923,0.0,0.0,6,26.0,3880.0,0.0,4.333333333333333,646.6666666666666,149.23076923076923,0.0
PRV55426,0.0,0.0,0.0,0.0,0.0,0.0,77.0,38.0,22110.0,287.14285714285717,330.0,4.285714285714286,38,77.0,22110.0,330.0,2.026315789473684,581.8421052631579,287.14285714285717,0.0
PRV55427,0.0,0.0,0.0,0.0,0.0,0.0,1.0,1.0,50.0,50.0,0.0,0.0,1,1.0,50.0,0.0,1.0,50.0,50.0,0.0
PRV55428,1.0,1.0,7000.0,7000.0,1068.0,1068.0,0.0,0.0,0.0,0.0,0.0,0.0,1,1.0,7000.0,1068.0,1.0,7000.0,7000.0,1.0
PRV55430,7.0,6.0,79000.0,11285.714285714286,7476.0,1068.0,0.0,0.0,0.0,0.0,0.0,0.0,6,7.0,79000.0,7476.0,1.1666666666666667,13166.666666666666,11285.714285714286,1.0
PRV55431,2.0,2.0,58000.0,29000.0,2136.0,1068.0,0.0,0.0,0.0,0.0,0.0,0.0,2,2.0,58000.0,2136.0,1.0,29000.0,29000.0,1.0
PRV55432,0.0,0.0,0.0,0.0,0.0,0.0,29.0,22.0,7430.0,256.2068965517241,180.0,6.206896551724138,22,29.0,7430.0,180.0,1.3181818181818181,337.72727272727275,256.2068965517241,0.0
PRV55433,32.0,30.0,332600.0,10393.75,34176.0,1068.0,55.0,47.0,9420.0,171.27272727272728,50.0,0.9090909090909091,77,87.0,342020.0,34226.0,1.12987012987013,4441.818181818182,3931.264367816092,0.367816091954023
PRV55434,8.0,8.0,60000.0,7500.0,8544.0,1068.0,32.0,31.0,9800.0,306.25,120.0,3.75,39,40.0,69800.0,8664.0,1.0256410256410255,1789.7435897435898,1745.0,0.2
PRV55435,128.0,113.0,1246800.0,9740.625,129228.0,1068.0,23.0,23.0,3250.0,141.30434782608697,50.0,2.1739130434782608,133,151.0,1250050.0,129278.0,1.1353383458646618,9398.872180451128,8278.476821192053,0.847682119205298
PRV55436,0.0,0.0,0.0,0.0,0.0,0.0,11.0,11.0,2430.0,220.9090909090909,0.0,0.0,11,11.0,2430.0,0.0,1.0,220.9090909090909,220.9090909090909,0.0
PRV55437,28.0,27.0,385700.0,13775.0,29904.0,1068.0,78.0,75.0,14550.0,186.53846153846155,140.0,1.794871794871795,102,106.0,400250.0,30044.0,1.0392156862745099,3924.0196078431372,3775.943396226415,0.2641509433962264
PRV55438,0.0,0.0,0.0,0.0,0.0,0.0,219.0,73.0,70190.0,320.50228310502285,450.0,2.0547945205479454,73,219.0,70190.0,450.0,3.0,961.5068493150685,320.50228310502285,0.0
PRV55439,0.0,0.0,0.0,0.0,0.0,0.0,224.0,188.0,96290.0,429.86607142857144,480.0,2.142857142857143,188,224.0,96290.0,480.0,1.1914893617021276,512.1808510638298,429.86607142857144,0.0
PRV55441,7.0,6.0,59000.0,8428.57142857143,7476.0,1068.0,25.0,24.0,8910.0,356.4,0.0,0.0,30,32.0,67910.0,7476.0,1.0666666666666667,2263.6666666666665,2122.1875,0.21875
PRV55442,15.0,15.0,101000.0,6733.333333333333,16020.0,1068.0,46.0,40.0,18850.0,409.7826086956522,120.0,2.608695652173913,55,61.0,119850.0,16140.0,1.1090909090909091,2179.090909090909,1964.7540983606557,0.2459016393442623
PRV55443,30.0,27.0,336700.0,11223.333333333334,30972.0,1068.0,8.0,8.0,4690.0,586.25,0.0,0.0,34,38.0,341390.0,30972.0,1.1176470588235294,10040.882352941177,8983.947368421053,0.7894736842105263
PRV55444,114.0,95.0,1308800.0,11480.701754385966,117480.0,1068.0,14.0,14.0,4460.0,318.57142857142856,0.0,0.0,109,128.0,1313260.0,117480.0,1.1743119266055047,12048.256880733945,10259.84375,0.890625
PRV55445,0.0,0.0,0.0,0.0,0.0,0.0,133.0,39.0,56500.0,424.812030075188,340.0,2.556390977443609,39,133.0,56500.0,340.0,3.41025641025641,1448.7179487179487,424.812030075188,0.0
PRV55446,0.0,0.0,0.0,0.0,0.0,0.0,98.0,87.0,23140.0,236.12244897959184,30.0,0.30612244897959184,87,98.0,23140.0,30.0,1.1264367816091954,265.97701149425285,236.12244897959184,0.0
PRV55447,0.0,0.0,0.0,0.0,0.0,0.0,66.0,60.0,22990.0,348.3333333333333,370.0,5.606060606060606,60,66.0,22990.0,370.0,1.1,383.1666666666667,348.3333333333333,0.0
PRV55448,0.0,0.0,0.0,0.0,0.0,0.0,40.0,39.0,9000.0,225.0,160.0,4.0,39,40.0,9000.0,160.0,1.0256410256410255,230.76923076923077,225.0,0.0
PRV55449,0.0,0.0,0.0,0.0,0.0,0.0,21.0,20.0,6480.0,308.57142857142856,110.0,5.238095238095238,20,21.0,6480.0,110.0,1.05,324.0,308.57142857142856,0.0
PRV55450,1.0,1.0,5000.0,5000.0,1068.0,1068.0,200.0,123.0,52610.0,263.05,810.0,4.05,123,201.0,57610.0,1878.0,1.6341463414634145,468.3739837398374,286.6169154228856,0.004975124378109453
PRV55451,0.0,0.0,0.0,0.0,0.0,0.0,11.0,11.0,860.0,78.18181818181819,0.0,0.0,11,11.0,860.0,0.0,1.0,78.18181818181819,78.18181818181819,0.0
PRV55452,31.0,27.0,362700.0,11700.0,33108.0,1068.0,29.0,27.0,9730.0,335.51724137931035,260.0,8.96551724137931,49,60.0,372430.0,33368.0,1.2244897959183674,7600.6122448979595,6207.166666666667,0.5166666666666667
PRV55453,13.0,12.0,102000.0,7846.153846153846,12816.0,1068.0,782.0,326.0,192610.0,246.30434782608697,2510.0,3.209718670076726,333,795.0,294610.0,15326.0,2.3873873873873874,884.7147147147147,370.57861635220127,0.016352201257861635
PRV55454,5.0,4.0,33000.0,6600.0,5340.0,1068.0,363.0,156.0,101960.0,280.8815426997245,1890.0,5.206611570247934,156,368.0,134960.0,7230.0,2.358974358974359,865.1282051282051,366.7391304347826,0.01358695652173913
PRV55455,0.0,0.0,0.0,0.0,0.0,0.0,373.0,145.0,95350.0,255.63002680965147,890.0,2.386058981233244,145,373.0,95350.0,890.0,2.5724137931034483,657.5862068965517,255.63002680965147,0.0
PRV55456,5.0,5.0,68000.0,13600.0,5340.0,1068.0,1.0,1.0,3300.0,3300.0,0.0,0.0,6,6.0,71300.0,5340.0,1.0,11883.333333333334,11883.333333333334,0.8333333333333334
PRV55458,0.0,0.0,0.0,0.0,0.0,0.0,35.0,34.0,11830.0,338.0,300.0,8.571428571428571,34,35.0,11830.0,300.0,1.0294117647058822,347.94117647058823,338.0,0.0
PRV55459,0.0,0.0,0.0,0.0,0.0,0.0,344.0,270.0,114890.0,333.9825581395349,930.0,2.703488372093023,270,344.0,114890.0,930.0,1.2740740740740741,425.51851851851853,333.9825581395349,0.0
PRV55460,0.0,0.0,0.0,0.0,0.0,0.0,18.0,16.0,3430.0,190.55555555555554,0.0,0.0,16,18.0,3430.0,0.0,1.125,214.375,190.55555555555554,0.0
PRV55462,386.0,308.0,4260100.0,11036.528497409327,405840.0,1068.0,1521.0,823.0,453730.0,298.310322156476,4450.0,2.925706771860618,969,1907.0,4713830.0,410290.0,1.9680082559339525,4864.633642930857,2471.85631882538,0.20241216570529627
PRV55463,0.0,0.0,0.0,0.0,0.0,0.0,257.0,220.0,73500.0,285.9922178988327,770.0,2.9961089494163424,220,257.0,73500.0,770.0,1.1681818181818182,334.09090909090907,285.9922178988327,0.0
PRV55464,0.0,0.0,0.0,0.0,0.0,0.0,29.0,28.0,6540.0,225.51724137931035,20.0,0.6896551724137931,28,29.0,6540.0,20.0,1.0357142857142858,233.57142857142858,225.51724137931035,0.0
PRV55465,9.0,8.0,94000.0,10444.444444444445,9612.0,1068.0,330.0,116.0,111830.0,338.8787878787879,930.0,2.8181818181818183,121,339.0,205830.0,10542.0,2.8016528925619837,1701.0743801652893,607.1681415929204,0.02654867256637168
PRV55467,6.0,6.0,55000.0,9166.666666666666,5340.0,1068.0,1890.0,702.0,514280.0,272.1058201058201,5890.0,3.1164021164021163,703,1896.0,569280.0,11230.0,2.6970128022759603,809.7866287339972,300.253164556962,0.0031645569620253164
PRV55468,0.0,0.0,0.0,0.0,0.0,0.0,27.0,25.0,10030.0,371.48148148148147,50.0,1.8518518518518519,25,27.0,10030.0,50.0,1.08,401.2,371.48148148148147,0.0
PRV55469,0.0,0.0,0.0,0.0,0.0,0.0,10.0,10.0,2110.0,211.0,0.0,0.0,10,10.0,2110.0,0.0,1.0,211.0,211.0,0.0
PRV55470,0.0,0.0,0.0,0.0,0.0,0.0,470.0,204.0,135060.0,287.36170212765956,870.0,1.851063829787234,204,470.0,135060.0,870.0,2.303921568627451,662.0588235294117,287.36170212765956,0.0
PRV55471,0.0,0.0,0.0,0.0,0.0,0.0,13.0,13.0,1670.0,128.46153846153845,0.0,0.0,13,13.0,1670.0,0.0,1.0,128.46153846153845,128.46153846153845,0.0
PRV55472,21.0,17.0,255000.0,12142.857142857143,21360.0,1068.0,2.0,2.0,90.0,45.0,0.0,0.0,19,23.0,255090.0,21360.0,1.2105263157894737,13425.78947368421,11090.869565217392,0.9130434782608695
PRV55473,0.0,0.0,0.0,0.0,0.0,0.0,6.0,5.0,1350.0,225.0,0.0,0.0,5,6.0,1350.0,0.0,1.2,270.0,225.0,0.0
PRV55474,0.0,0.0,0.0,0.0,0.0,0.0,80.0,74.0,17430.0,217.875,290.0,3.625,74,80.0,17430.0,290.0,1.0810810810810811,235.54054054054055,217.875,0.0
PRV55475,0.0,0.0,0.0,0.0,0.0,0.0,17.0,17.0,3700.0,217.64705882352942,70.0,4.117647058823529,17,17.0,3700.0,70.0,1.0,217.64705882352942,217.64705882352942,0.0
PRV55477,0.0,0.0,0.0,0.0,0.0,0.0,46.0,43.0,17290.0,375.8695652173913,280.0,6.086956521739131,43,46.0,17290.0,280.0,1.069767441860465,402.09302325581393,375.8695652173913,0.0
PRV55479,0.0,0.0,0.0,0.0,0.0,0.0,672.0,317.0,162410.0,241.68154761904762,2220.0,3.3035714285714284,317,672.0,162410.0,2220.0,2.1198738170347005,512.3343848580441,241.68154761904762,0.0
PRV55480,0.0,0.0,0.0,0.0,0.0,0.0,42.0,42.0,14640.0,348.57142857142856,140.0,3.3333333333333335,42,42.0,14640.0,140.0,1.0,348.57142857142856,348.57142857142856,0.0
PRV55481,1.0,1.0,5000.0,5000.0,1068.0,1068.0,51.0,26.0,15310.0,300.19607843137254,320.0,6.2745098039215685,27,52.0,20310.0,1388.0,1.9259259259259258,752.2222222222222,390.5769230769231,0.019230769230769232
PRV55482,41.0,38.0,500000.0,12195.121951219513,41652.0,1068.0,42.0,36.0,9250.0,220.23809523809524,120.0,2.857142857142857,72,83.0,509250.0,41772.0,1.1527777777777777,7072.916666666667,6135.542168674699,0.4939759036144578
PRV55483,65.0,50.0,773400.0,11898.461538461539,66216.0,1068.0,11.0,11.0,4640.0,421.8181818181818,130.0,11.818181818181818,60,76.0,778040.0,66346.0,1.2666666666666666,12967.333333333334,10237.368421052632,0.8552631578947368
PRV55486,0.0,0.0,0.0,0.0,0.0,0.0,15.0,15.0,5170.0,344.6666666666667,0.0,0.0,15,15.0,5170.0,0.0,1.0,344.6666666666667,344.6666666666667,0.0
PRV55487,0.0,0.0,0.0,0.0,0.0,0.0,78.0,42.0,27000.0,346.15384615384613,450.0,5.769230769230769,42,78.0,27000.0,450.0,1.8571428571428572,642.8571428571429,346.15384615384613,0.0
PRV55489,0.0,0.0,0.0,0.0,0.0,0.0,361.0,217.0,111740.0,309.52908587257616,1090.0,3.0193905817174516,217,361.0,111740.0,1090.0,1.663594470046083,514.9308755760369,309.52908587257616,0.0
PRV55490,19.0,17.0,152000.0,8000.0,19224.0,1068.0,31.0,29.0,8900.0,287.0967741935484,80.0,2.5806451612903225,46,50.0,160900.0,19304.0,1.0869565217391304,3497.8260869565215,3218.0,0.38
PRV55491,0.0,0.0,0.0,0.0,0.0,0.0,355.0,180.0,115770.0,326.11267605633805,1050.0,2.9577464788732395,180,355.0,115770.0,1050.0,1.9722222222222223,643.1666666666666,326.11267605633805,0.0
PRV55492,25.0,23.0,276000.0,11040.0,26700.0,1068.0,17.0,17.0,5980.0,351.7647058823529,0.0,0.0,40,42.0,281980.0,26700.0,1.05,7049.5,6713.809523809524,0.5952380952380952
PRV55493,0.0,0.0,0.0,0.0,0.0,0.0,39.0,39.0,6270.0,160.76923076923077,200.0,5.128205128205129,39,39.0,6270.0,200.0,1.0,160.76923076923077,160.76923076923077,0.0
PRV55494,1.0,1.0,4000.0,4000.0,1068.0,1068.0,5.0,5.0,470.0,94.0,0.0,0.0,6,6.0,4470.0,1068.0,1.0,745.0,745.0,0.16666666666666666
PRV55495,24.0,24.0,279000.0,11625.0,25632.0,1068.0,27.0,27.0,3660.0,135.55555555555554,0.0,0.0,51,51.0,282660.0,25632.0,1.0,5542.35294117647,5542.35294117647,0.47058823529411764
PRV55496,41.0,35.0,269000.0,6560.975609756098,41652.0,1068.0,45.0,45.0,8440.0,187.55555555555554,150.0,3.3333333333333335,78,86.0,277440.0,41802.0,1.1025641025641026,3556.923076923077,3226.046511627907,0.47674418604651164
PRV55497,0.0,0.0,0.0,0.0,0.0,0.0,7.0,7.0,980.0,140.0,0.0,0.0,7,7.0,980.0,0.0,1.0,140.0,140.0,0.0
PRV55498,0.0,0.0,0.0,0.0,0.0,0.0,27.0,26.0,2830.0,104.81481481481481,150.0,5.555555555555555,26,27.0,2830.0,150.0,1.0384615384615385,108.84615384615384,104.81481481481481,0.0
PRV55499,0.0,0.0,0.0,0.0,0.0,0.0,33.0,29.0,7900.0,239.3939393939394,0.0,0.0,29,33.0,7900.0,0.0,1.1379310344827587,272.41379310344826,239.3939393939394,0.0
PRV55500,0.0,0.0,0.0,0.0,0.0,0.0,38.0,37.0,15060.0,396.3157894736842,30.0,0.7894736842105263,37,38.0,15060.0,30.0,1.027027027027027,407.02702702702703,396.3157894736842,0.0
PRV55501,1.0,1.0,10000.0,10000.0,1068.0,1068.0,12.0,12.0,2940.0,245.0,80.0,6.666666666666667,13,13.0,12940.0,1148.0,1.0,995.3846153846154,995.3846153846154,0.07692307692307693
PRV55503,1.0,1.0,9000.0,9000.0,1068.0,1068.0,603.0,298.0,179780.0,298.1426202321725,1270.0,2.1061359867330016,299,604.0,188780.0,2338.0,2.020066889632107,631.371237458194,312.5496688741722,0.0016556291390728477
PRV55505,0.0,0.0,0.0,0.0,0.0,0.0,480.0,276.0,128250.0,267.1875,1230.0,2.5625,276,480.0,128250.0,1230.0,1.7391304347826086,464.67391304347825,267.1875,0.0
PRV55506,12.0,9.0,124800.0,10400.0,12816.0,1068.0,2.0,2.0,140.0,70.0,0.0,0.0,11,14.0,124940.0,12816.0,1.2727272727272727,11358.181818181818,8924.285714285714,0.8571428571428571
PRV55507,3.0,3.0,27000.0,9000.0,3204.0,1068.0,84.0,31.0,17350.0,206.54761904761904,210.0,2.5,32,87.0,44350.0,3414.0,2.71875,1385.9375,509.7701149425287,0.034482758620689655
PRV55508,0.0,0.0,0.0,0.0,0.0,0.0,16.0,14.0,9310.0,581.875,0.0,0.0,14,16.0,9310.0,0.0,1.1428571428571428,665.0,581.875,0.0
PRV55509,28.0,27.0,359000.0,12821.42857142857,29904.0,1068.0,11.0,11.0,3510.0,319.09090909090907,0.0,0.0,38,39.0,362510.0,29904.0,1.0263157894736843,9539.736842105263,9295.128205128205,0.717948717948718
PRV55510,0.0,0.0,0.0,0.0,0.0,0.0,861.0,791.0,255210.0,296.411149825784,2490.0,2.8919860627177703,791,861.0,255210.0,2490.0,1.0884955752212389,322.64222503160556,296.411149825784,0.0
PRV55511,0.0,0.0,0.0,0.0,0.0,0.0,5.0,5.0,3520.0,704.0,0.0,0.0,5,5.0,3520.0,0.0,1.0,704.0,704.0,0.0
PRV55512,0.0,0.0,0.0,0.0,0.0,0.0,128.0,55.0,32330.0,252.578125,180.0,1.40625,55,128.0,32330.0,180.0,2.327272727272727,587.8181818181819,252.578125,0.0
PRV55513,0.0,0.0,0.0,0.0,0.0,0.0,38.0,36.0,12550.0,330.2631578947368,290.0,7.631578947368421,36,38.0,12550.0,290.0,1.0555555555555556,348.6111111111111,330.2631578947368,0.0
PRV55514,7.0,7.0,53000.0,7571.428571428572,7476.0,1068.0,288.0,148.0,105330.0,365.7291666666667,640.0,2.2222222222222223,153,295.0,158330.0,8116.0,1.9281045751633987,1034.8366013071895,536.7118644067797,0.023728813559322035
PRV55515,0.0,0.0,0.0,0.0,0.0,0.0,459.0,181.0,130860.0,285.0980392156863,1680.0,3.6601307189542482,181,459.0,130860.0,1680.0,2.5359116022099446,722.9834254143647,285.0980392156863,0.0
PRV55516,22.0,22.0,203000.0,9227.272727272728,23496.0,1068.0,136.0,87.0,51930.0,381.8382352941176,510.0,3.75,108,158.0,254930.0,24006.0,1.462962962962963,2360.462962962963,1613.4810126582279,0.13924050632911392
PRV55518,11.0,11.0,124700.0,11336.363636363636,11748.0,1068.0,224.0,190.0,81070.0,361.91964285714283,690.0,3.080357142857143,199,235.0,205770.0,12438.0,1.1809045226130652,1034.0201005025126,875.6170212765958,0.04680851063829787
PRV55519,7.0,6.0,91000.0,13000.0,7476.0,1068.0,16.0,15.0,3710.0,231.875,110.0,6.875,20,23.0,94710.0,7586.0,1.15,4735.5,4117.826086956522,0.30434782608695654
PRV55520,0.0,0.0,0.0,0.0,0.0,0.0,287.0,118.0,95890.0,334.11149825783974,860.0,2.9965156794425085,118,287.0,95890.0,860.0,2.4322033898305087,812.6271186440678,334.11149825783974,0.0
PRV55521,0.0,0.0,0.0,0.0,0.0,0.0,615.0,258.0,157650.0,256.3414634146341,1870.0,3.040650406504065,258,615.0,157650.0,1870.0,2.383720930232558,611.046511627907,256.3414634146341,0.0
PRV55522,0.0,0.0,0.0,0.0,0.0,0.0,248.0,192.0,69570.0,280.5241935483871,740.0,2.9838709677419355,192,248.0,69570.0,740.0,1.2916666666666667,362.34375,280.5241935483871,0.0
PRV55523,0.0,0.0,0.0,0.0,0.0,0.0,303.0,158.0,83320.0,274.983498349835,910.0,3.0033003300330035,158,303.0,83320.0,910.0,1.9177215189873418,527.3417721518987,274.983498349835,0.0
PRV55525,0.0,0.0,0.0,0.0,0.0,0.0,933.0,280.0,294250.0,315.3804930332262,2920.0,3.129689174705252,280,933.0,294250.0,2920.0,3.3321428571428573,1050.892857142857,315.3804930332262,0.0
PRV55527,0.0,0.0,0.0,0.0,0.0,0.0,2.0,2.0,170.0,85.0,0.0,0.0,2,2.0,170.0,0.0,1.0,85.0,85.0,0.0
PRV55528,0.0,0.0,0.0,0.0,0.0,0.0,4.0,4.0,880.0,220.0,0.0,0.0,4,4.0,880.0,0.0,1.0,220.0,220.0,0.0
PRV55530,0.0,0.0,0.0,0.0,0.0,0.0,71.0,67.0,17730.0,249.71830985915494,110.0,1.5492957746478873,67,71.0,17730.0,110.0,1.0597014925373134,264.6268656716418,249.71830985915494,0.0
PRV55531,108.0,97.0,884000.0,8185.185185185185,112140.0,1068.0,14.0,14.0,2130.0,152.14285714285714,100.0,7.142857142857143,111,122.0,886130.0,112240.0,1.0990990990990992,7983.153153153153,7263.360655737705,0.8852459016393442
PRV55534,0.0,0.0,0.0,0.0,0.0,0.0,146.0,72.0,35080.0,240.27397260273972,430.0,2.9452054794520546,72,146.0,35080.0,430.0,2.0277777777777777,487.22222222222223,240.27397260273972,0.0
PRV55535,0.0,0.0,0.0,0.0,0.0,0.0,42.0,35.0,9690.0,230.71428571428572,70.0,1.6666666666666667,35,42.0,9690.0,70.0,1.2,276.85714285714283,230.71428571428572,0.0
PRV55536,11.0,7.0,97900.0,8900.0,11748.0,1068.0,211.0,105.0,50450.0,239.0995260663507,680.0,3.2227488151658767,106,222.0,148350.0,12428.0,2.0943396226415096,1399.5283018867924,668.2432432432432,0.04954954954954955
PRV55537,0.0,0.0,0.0,0.0,0.0,0.0,15.0,13.0,4810.0,320.6666666666667,90.0,6.0,13,15.0,4810.0,90.0,1.1538461538461537,370.0,320.6666666666667,0.0
PRV55538,0.0,0.0,0.0,0.0,0.0,0.0,2.0,2.0,80.0,40.0,0.0,0.0,2,2.0,80.0,0.0,1.0,40.0,40.0,0.0
PRV55539,0.0,0.0,0.0,0.0,0.0,0.0,3.0,3.0,2620.0,873.3333333333334,0.0,0.0,3,3.0,2620.0,0.0,1.0,873.3333333333334,873.3333333333334,0.0
PRV55540,23.0,20.0,216000.0,9391.304347826086,23496.0,1068.0,8.0,8.0,5040.0,630.0,0.0,0.0,27,31.0,221040.0,23496.0,1.1481481481481481,8186.666666666667,7130.322580645161,0.7419354838709677
PRV55541,0.0,0.0,0.0,0.0,0.0,0.0,134.0,65.0,30380.0,226.71641791044777,110.0,0.8208955223880597,65,134.0,30380.0,110.0,2.0615384615384613,467.38461538461536,226.71641791044777,0.0
PRV55543,4.0,4.0,55000.0,13750.0,4272.0,1068.0,137.0,92.0,37600.0,274.45255474452557,60.0,0.43795620437956206,95,141.0,92600.0,4332.0,1.4842105263157894,974.7368421052631,656.7375886524823,0.028368794326241134
PRV55547,9.0,8.0,135000.0,15000.0,9612.0,1068.0,18.0,18.0,4420.0,245.55555555555554,200.0,11.11111111111111,26,27.0,139420.0,9812.0,1.0384615384615385,5362.307692307692,5163.7037037037035,0.3333333333333333
PRV55548,0.0,0.0,0.0,0.0,0.0,0.0,562.0,289.0,159660.0,284.0925266903915,1550.0,2.7580071174377223,289,562.0,159660.0,1550.0,1.944636678200692,552.4567474048442,284.0925266903915,0.0
PRV55549,0.0,0.0,0.0,0.0,0.0,0.0,28.0,11.0,7300.0,260.7142857142857,60.0,2.142857142857143,11,28.0,7300.0,60.0,2.5454545454545454,663.6363636363636,260.7142857142857,0.0
PRV55550,37.0,35.0,451000.0,12189.18918918919,39516.0,1068.0,21.0,20.0,2200.0,104.76190476190476,0.0,0.0,54,58.0,453200.0,39516.0,1.0740740740740742,8392.592592592593,7813.793103448276,0.6379310344827587
PRV55551,0.0,0.0,0.0,0.0,0.0,0.0,91.0,74.0,29760.0,327.032967032967,290.0,3.1868131868131866,74,91.0,29760.0,290.0,1.2297297297297298,402.1621621621622,327.032967032967,0.0
PRV55552,4.0,4.0,106000.0,26500.0,4272.0,1068.0,1202.0,545.0,330740.0,275.15806988352745,3510.0,2.9201331114808653,547,1206.0,436740.0,7782.0,2.2047531992687386,798.4277879341864,362.1393034825871,0.003316749585406302
PRV55554,0.0,0.0,0.0,0.0,0.0,0.0,78.0,66.0,16180.0,207.43589743589743,0.0,0.0,66,78.0,16180.0,0.0,1.1818181818181819,245.15151515151516,207.43589743589743,0.0
PRV55555,7.0,7.0,37000.0,5285.714285714285,7476.0,1068.0,43.0,38.0,18450.0,429.06976744186045,0.0,0.0,45,50.0,55450.0,7476.0,1.1111111111111112,1232.2222222222222,1109.0,0.14
PRV55556,0.0,0.0,0.0,0.0,0.0,0.0,206.0,181.0,54080.0,262.5242718446602,800.0,3.883495145631068,181,206.0,54080.0,800.0,1.138121546961326,298.78453038674036,262.5242718446602,0.0
PRV55557,4.0,4.0,41000.0,10250.0,4272.0,1068.0,64.0,60.0,19450.0,303.90625,150.0,2.34375,63,68.0,60450.0,4422.0,1.0793650793650793,959.5238095238095,888.9705882352941,0.058823529411764705
PRV55558,0.0,0.0,0.0,0.0,0.0,0.0,36.0,33.0,11330.0,314.72222222222223,0.0,0.0,33,36.0,11330.0,0.0,1.0909090909090908,343.3333333333333,314.72222222222223,0.0
PRV55560,0.0,0.0,0.0,0.0,0.0,0.0,21.0,19.0,5170.0,246.1904761904762,0.0,0.0,19,21.0,5170.0,0.0,1.105263157894737,272.10526315789474,246.1904761904762,0.0
PRV55561,0.0,0.0,0.0,0.0,0.0,0.0,24.0,23.0,8360.0,348.3333333333333,60.0,2.5,23,24.0,8360.0,60.0,1.0434782608695652,363.4782608695652,348.3333333333333,0.0
PRV55562,0.0,0.0,0.0,0.0,0.0,0.0,17.0,14.0,2950.0,173.52941176470588,0.0,0.0,14,17.0,2950.0,0.0,1.2142857142857142,210.71428571428572,173.52941176470588,0.0
PRV55563,0.0,0.0,0.0,0.0,0.0,0.0,18.0,17.0,4690.0,260.55555555555554,50.0,2.7777777777777777,17,18.0,4690.0,50.0,1.0588235294117647,275.88235294117646,260.55555555555554,0.0
PRV55564,0.0,0.0,0.0,0.0,0.0,0.0,3.0,3.0,150.0,50.0,0.0,0.0,3,3.0,150.0,0.0,1.0,50.0,50.0,0.0
PRV55565,0.0,0.0,0.0,0.0,0.0,0.0,23.0,22.0,6440.0,280.0,0.0,0.0,22,23.0,6440.0,0.0,1.0454545454545454,292.72727272727275,280.0,0.0
PRV55566,0.0,0.0,0.0,0.0,0.0,0.0,53.0,47.0,17310.0,326.60377358490564,150.0,2.830188679245283,47,53.0,17310.0,150.0,1.127659574468085,368.29787234042556,326.60377358490564,0.0
PRV55567,21.0,21.0,205300.0,9776.190476190477,22428.0,1068.0,49.0,45.0,8570.0,174.89795918367346,210.0,4.285714285714286,66,70.0,213870.0,22638.0,1.0606060606060606,3240.4545454545455,3055.285714285714,0.3
PRV55569,0.0,0.0,0.0,0.0,0.0,0.0,9.0,7.0,1480.0,164.44444444444446,40.0,4.444444444444445,7,9.0,1480.0,40.0,1.2857142857142858,211.42857142857142,164.44444444444446,0.0
PRV55570,0.0,0.0,0.0,0.0,0.0,0.0,10.0,9.0,4900.0,490.0,0.0,0.0,9,10.0,4900.0,0.0,1.1111111111111112,544.4444444444445,490.0,0.0
PRV55571,0.0,0.0,0.0,0.0,0.0,0.0,61.0,51.0,13560.0,222.29508196721312,0.0,0.0,51,61.0,13560.0,0.0,1.196078431372549,265.88235294117646,222.29508196721312,0.0
PRV55572,0.0,0.0,0.0,0.0,0.0,0.0,1.0,1.0,10.0,10.0,0.0,0.0,1,1.0,10.0,0.0,1.0,10.0,10.0,0.0
PRV55573,4.0,4.0,29000.0,7250.0,4272.0,1068.0,7.0,7.0,630.0,90.0,50.0,7.142857142857143,11,11.0,29630.0,4322.0,1.0,2693.6363636363635,2693.6363636363635,0.36363636363636365
PRV55574,0.0,0.0,0.0,0.0,0.0,0.0,15.0,12.0,2340.0,156.0,70.0,4.666666666666667,12,15.0,2340.0,70.0,1.25,195.0,156.0,0.0
PRV55575,0.0,0.0,0.0,0.0,0.0,0.0,6.0,4.0,470.0,78.33333333333333,0.0,0.0,4,6.0,470.0,0.0,1.5,117.5,78.33333333333333,0.0
PRV55576,3.0,3.0,11000.0,3666.6666666666665,3204.0,1068.0,57.0,47.0,15830.0,277.719298245614,60.0,1.0526315789473684,49,60.0,26830.0,3264.0,1.2244897959183674,547.5510204081633,447.1666666666667,0.05
PRV55577,0.0,0.0,0.0,0.0,0.0,0.0,2.0,2.0,20.0,10.0,0.0,0.0,2,2.0,20.0,0.0,1.0,10.0,10.0,0.0
PRV55578,0.0,0.0,0.0,0.0,0.0,0.0,1.0,1.0,200.0,200.0,0.0,0.0,1,1.0,200.0,0.0,1.0,200.0,200.0,0.0
PRV55579,0.0,0.0,0.0,0.0,0.0,0.0,174.0,82.0,37570.0,215.91954022988506,360.0,2.0689655172413794,82,174.0,37570.0,360.0,2.1219512195121952,458.1707317073171,215.91954022988506,0.0
PRV55580,0.0,0.0,0.0,0.0,0.0,0.0,66.0,26.0,19380.0,293.6363636363636,310.0,4.696969696969697,26,66.0,19380.0,310.0,2.5384615384615383,745.3846153846154,293.6363636363636,0.0
PRV55581,0.0,0.0,0.0,0.0,0.0,0.0,2.0,2.0,70.0,35.0,0.0,0.0,2,2.0,70.0,0.0,1.0,35.0,35.0,0.0
PRV55582,0.0,0.0,0.0,0.0,0.0,0.0,24.0,22.0,7870.0,327.9166666666667,40.0,1.6666666666666667,22,24.0,7870.0,40.0,1.0909090909090908,357.72727272727275,327.9166666666667,0.0
PRV55583,3.0,3.0,18000.0,6000.0,3204.0,1068.0,9.0,8.0,820.0,91.11111111111111,40.0,4.444444444444445,11,12.0,18820.0,3244.0,1.0909090909090908,1710.909090909091,1568.3333333333333,0.25
PRV55584,0.0,0.0,0.0,0.0,0.0,0.0,2.0,2.0,600.0,300.0,100.0,50.0,2,2.0,600.0,100.0,1.0,300.0,300.0,0.0
PRV55585,0.0,0.0,0.0,0.0,0.0,0.0,114.0,85.0,32500.0,285.0877192982456,520.0,4.56140350877193,85,114.0,32500.0,520.0,1.3411764705882352,382.3529411764706,285.0877192982456,0.0
PRV55586,2.0,2.0,42000.0,21000.0,2136.0,1068.0,0.0,0.0,0.0,0.0,0.0,0.0,2,2.0,42000.0,2136.0,1.0,21000.0,21000.0,1.0
PRV55587,0.0,0.0,0.0,0.0,0.0,0.0,7.0,7.0,1730.0,247.14285714285714,0.0,0.0,7,7.0,1730.0,0.0,1.0,247.14285714285714,247.14285714285714,0.0
PRV55588,0.0,0.0,0.0,0.0,0.0,0.0,3.0,3.0,3800.0,1266.6666666666667,0.0,0.0,3,3.0,3800.0,0.0,1.0,1266.6666666666667,1266.6666666666667,0.0
PRV55589,0.0,0.0,0.0,0.0,0.0,0.0,20.0,18.0,2240.0,112.0,40.0,2.0,18,20.0,2240.0,40.0,1.1111111111111112,124.44444444444444,112.0,0.0
PRV55590,0.0,0.0,0.0,0.0,0.0,0.0,5.0,5.0,2500.0,500.0,0.0,0.0,5,5.0,2500.0,0.0,1.0,500.0,500.0,0.0
PRV55591,0.0,0.0,0.0,0.0,0.0,0.0,1.0,1.0,0.0,0.0,0.0,0.0,1,1.0,0.0,0.0,1.0,0.0,0.0,0.0
PRV55592,0.0,0.0,0.0,0.0,0.0,0.0,117.0,52.0,22140.0,189.23076923076923,290.0,2.4786324786324787,52,117.0,22140.0,290.0,2.25,425.7692307692308,189.23076923076923,0.0
PRV55593,0.0,0.0,0.0,0.0,0.0,0.0,147.0,53.0,39820.0,270.8843537414966,350.0,2.380952380952381,53,147.0,39820.0,350.0,2.7735849056603774,751.3207547169811,270.8843537414966,0.0
PRV55595,0.0,0.0,0.0,0.0,0.0,0.0,17.0,16.0,2610.0,153.52941176470588,0.0,0.0,16,17.0,2610.0,0.0,1.0625,163.125,153.52941176470588,0.0
PRV55596,0.0,0.0,0.0,0.0,0.0,0.0,32.0,24.0,12720.0,397.5,50.0,1.5625,24,32.0,12720.0,50.0,1.3333333333333333,530.0,397.5,0.0
PRV55598,0.0,0.0,0.0,0.0,0.0,0.0,167.0,84.0,46190.0,276.58682634730536,560.0,3.3532934131736525,84,167.0,46190.0,560.0,1.9880952380952381,549.8809523809524,276.58682634730536,0.0
PRV55599,0.0,0.0,0.0,0.0,0.0,0.0,1.0,1.0,100.0,100.0,0.0,0.0,1,1.0,100.0,0.0,1.0,100.0,100.0,0.0
PRV55600,4.0,4.0,25000.0,6250.0,4272.0,1068.0,0.0,0.0,0.0,0.0,0.0,0.0,4,4.0,25000.0,4272.0,1.0,6250.0,6250.0,1.0
PRV55601,0.0,0.0,0.0,0.0,0.0,0.0,8.0,8.0,1540.0,192.5,50.0,6.25,8,8.0,1540.0,50.0,1.0,192.5,192.5,0.0
PRV55602,0.0,0.0,0.0,0.0,0.0,0.0,5.0,4.0,780.0,156.0,0.0,0.0,4,5.0,780.0,0.0,1.25,195.0,156.0,0.0
PRV55603,2.0,2.0,15000.0,7500.0,2136.0,1068.0,0.0,0.0,0.0,0.0,0.0,0.0,2,2.0,15000.0,2136.0,1.0,7500.0,7500.0,1.0
PRV55604,17.0,17.0,130000.0,7647.058823529412,18156.0,1068.0,0.0,0.0,0.0,0.0,0.0,0.0,17,17.0,130000.0,18156.0,1.0,7647.058823529412,7647.058823529412,1.0
PRV55606,4.0,3.0,40000.0,10000.0,4272.0,1068.0,0.0,0.0,0.0,0.0,0.0,0.0,3,4.0,40000.0,4272.0,1.3333333333333333,13333.333333333334,10000.0,1.0
PRV55607,0.0,0.0,0.0,0.0,0.0,0.0,1.0,1.0,40.0,40.0,0.0,0.0,1,1.0,40.0,0.0,1.0,40.0,40.0,0.0
PRV55608,0.0,0.0,0.0,0.0,0.0,0.0,18.0,18.0,7400.0,411.1111111111111,0.0,0.0,18,18.0,7400.0,0.0,1.0,411.1111111111111,411.1111111111111,0.0
PRV55609,0.0,0.0,0.0,0.0,0.0,0.0,10.0,10.0,6850.0,685.0,100.0,10.0,10,10.0,6850.0,100.0,1.0,685.0,685.0,0.0
PRV55610,0.0,0.0,0.0,0.0,0.0,0.0,1.0,1.0,1700.0,1700.0,0.0,0.0,1,1.0,1700.0,0.0,1.0,1700.0,1700.0,0.0
PRV55612,0.0,0.0,0.0,0.0,0.0,0.0,1.0,1.0,800.0,800.0,0.0,0.0,1,1.0,800.0,0.0,1.0,800.0,800.0,0.0
PRV55613,0.0,0.0,0.0,0.0,0.0,0.0,7.0,7.0,740.0,105.71428571428571,0.0,0.0,7,7.0,740.0,0.0,1.0,105.71428571428571,105.71428571428571,0.0
PRV55614,0.0,0.0,0.0,0.0,0.0,0.0,73.0,68.0,29530.0,404.52054794520546,550.0,7.534246575342466,68,73.0,29530.0,550.0,1.0735294117647058,434.2647058823529,404.52054794520546,0.0
PRV55615,0.0,0.0,0.0,0.0,0.0,0.0,1.0,1.0,50.0,50.0,0.0,0.0,1,1.0,50.0,0.0,1.0,50.0,50.0,0.0
PRV55617,0.0,0.0,0.0,0.0,0.0,0.0,2.0,2.0,260.0,130.0,0.0,0.0,2,2.0,260.0,0.0,1.0,130.0,130.0,0.0
PRV55618,0.0,0.0,0.0,0.0,0.0,0.0,13.0,11.0,1410.0,108.46153846153847,0.0,0.0,11,13.0,1410.0,0.0,1.1818181818181819,128.1818181818182,108.46153846153847,0.0
PRV55619,0.0,0.0,0.0,0.0,0.0,0.0,2.0,2.0,60.0,30.0,0.0,0.0,2,2.0,60.0,0.0,1.0,30.0,30.0,0.0
PRV55620,0.0,0.0,0.0,0.0,0.0,0.0,15.0,14.0,1840.0,122.66666666666667,200.0,13.333333333333334,14,15.0,1840.0,200.0,1.0714285714285714,131.42857142857142,122.66666666666667,0.0
PRV55621,0.0,0.0,0.0,0.0,0.0,0.0,62.0,59.0,13030.0,210.16129032258064,360.0,5.806451612903226,59,62.0,13030.0,360.0,1.0508474576271187,220.84745762711864,210.16129032258064,0.0
PRV55622,0.0,0.0,0.0,0.0,0.0,0.0,1.0,1.0,1500.0,1500.0,0.0,0.0,1,1.0,1500.0,0.0,1.0,1500.0,1500.0,0.0
PRV55623,0.0,0.0,0.0,0.0,0.0,0.0,9.0,8.0,2950.0,327.77777777777777,0.0,0.0,8,9.0,2950.0,0.0,1.125,368.75,327.77777777777777,0.0
PRV55624,0.0,0.0,0.0,0.0,0.0,0.0,2.0,2.0,100.0,50.0,0.0,0.0,2,2.0,100.0,0.0,1.0,50.0,50.0,0.0
PRV55625,0.0,0.0,0.0,0.0,0.0,0.0,21.0,16.0,5910.0,281.42857142857144,0.0,0.0,16,21.0,5910.0,0.0,1.3125,369.375,281.42857142857144,0.0
PRV55626,0.0,0.0,0.0,0.0,0.0,0.0,9.0,9.0,810.0,90.0,0.0,0.0,9,9.0,810.0,0.0,1.0,90.0,90.0,0.0
PRV55627,0.0,0.0,0.0,0.0,0.0,0.0,38.0,32.0,5980.0,157.3684210526316,70.0,1.8421052631578947,32,38.0,5980.0,70.0,1.1875,186.875,157.3684210526316,0.0
PRV55631,0.0,0.0,0.0,0.0,0.0,0.0,2.0,2.0,400.0,200.0,0.0,0.0,2,2.0,400.0,0.0,1.0,200.0,200.0,0.0
PRV55632,0.0,0.0,0.0,0.0,0.0,0.0,1.0,1.0,60.0,60.0,100.0,100.0,1,1.0,60.0,100.0,1.0,60.0,60.0,0.0
PRV55633,0.0,0.0,0.0,0.0,0.0,0.0,358.0,209.0,91690.0,256.1173184357542,1150.0,3.212290502793296,209,358.0,91690.0,1150.0,1.7129186602870814,438.7081339712919,256.1173184357542,0.0
PRV55634,0.0,0.0,0.0,0.0,0.0,0.0,2.0,2.0,3500.0,1750.0,0.0,0.0,2,2.0,3500.0,0.0,1.0,1750.0,1750.0,0.0
PRV55635,0.0,0.0,0.0,0.0,0.0,0.0,59.0,58.0,13490.0,228.64406779661016,100.0,1.694915254237288,58,59.0,13490.0,100.0,1.0172413793103448,232.58620689655172,228.64406779661016,0.0
PRV55637,0.0,0.0,0.0,0.0,0.0,0.0,1.0,1.0,300.0,300.0,0.0,0.0,1,1.0,300.0,0.0,1.0,300.0,300.0,0.0
PRV55638,0.0,0.0,0.0,0.0,0.0,0.0,5.0,4.0,360.0,72.0,0.0,0.0,4,5.0,360.0,0.0,1.25,90.0,72.0,0.0
PRV55639,0.0,0.0,0.0,0.0,0.0,0.0,4.0,4.0,440.0,110.0,0.0,0.0,4,4.0,440.0,0.0,1.0,110.0,110.0,0.0
PRV55640,0.0,0.0,0.0,0.0,0.0,0.0,64.0,49.0,11900.0,185.9375,380.0,5.9375,49,64.0,11900.0,380.0,1.3061224489795917,242.85714285714286,185.9375,0.0
PRV55641,0.0,0.0,0.0,0.0,0.0,0.0,2.0,2.0,840.0,420.0,0.0,0.0,2,2.0,840.0,0.0,1.0,420.0,420.0,0.0
PRV55642,0.0,0.0,0.0,0.0,0.0,0.0,2.0,2.0,2900.0,1450.0,0.0,0.0,2,2.0,2900.0,0.0,1.0,1450.0,1450.0,0.0
PRV55644,0.0,0.0,0.0,0.0,0.0,0.0,29.0,26.0,5060.0,174.48275862068965,50.0,1.7241379310344827,26,29.0,5060.0,50.0,1.1153846153846154,194.6153846153846,174.48275862068965,0.0
PRV55646,0.0,0.0,0.0,0.0,0.0,0.0,2.0,2.0,300.0,150.0,0.0,0.0,2,2.0,300.0,0.0,1.0,150.0,150.0,0.0
PRV55648,0.0,0.0,0.0,0.0,0.0,0.0,2.0,2.0,80.0,40.0,100.0,50.0,2,2.0,80.0,100.0,1.0,40.0,40.0,0.0
PRV55649,0.0,0.0,0.0,0.0,0.0,0.0,2.0,1.0,100.0,50.0,0.0,0.0,1,2.0,100.0,0.0,2.0,100.0,50.0,0.0
PRV55650,0.0,0.0,0.0,0.0,0.0,0.0,4.0,4.0,220.0,55.0,0.0,0.0,4,4.0,220.0,0.0,1.0,55.0,55.0,0.0
PRV55652,0.0,0.0,0.0,0.0,0.0,0.0,28.0,27.0,6140.0,219.28571428571428,50.0,1.7857142857142858,27,28.0,6140.0,50.0,1.037037037037037,227.40740740740742,219.28571428571428,0.0
PRV55653,0.0,0.0,0.0,0.0,0.0,0.0,25.0,25.0,6400.0,256.0,0.0,0.0,25,25.0,6400.0,0.0,1.0,256.0,256.0,0.0
PRV55654,0.0,0.0,0.0,0.0,0.0,0.0,578.0,374.0,195200.0,337.71626297577853,2290.0,3.961937716262976,374,578.0,195200.0,2290.0,1.5454545454545454,521.9251336898395,337.71626297577853,0.0
PRV55655,0.0,0.0,0.0,0.0,0.0,0.0,3.0,3.0,230.0,76.66666666666667,0.0,0.0,3,3.0,230.0,0.0,1.0,76.66666666666667,76.66666666666667,0.0
PRV55656,0.0,0.0,0.0,0.0,0.0,0.0,30.0,26.0,10170.0,339.0,0.0,0.0,26,30.0,10170.0,0.0,1.1538461538461537,391.15384615384613,339.0,0.0
PRV55657,0.0,0.0,0.0,0.0,0.0,0.0,1.0,1.0,1700.0,1700.0,0.0,0.0,1,1.0,1700.0,0.0,1.0,1700.0,1700.0,0.0
PRV55658,15.0,14.0,196400.0,13093.333333333334,16020.0,1068.0,0.0,0.0,0.0,0.0,0.0,0.0,14,15.0,196400.0,16020.0,1.0714285714285714,14028.57142857143,13093.333333333334,1.0
PRV55659,20.0,18.0,227000.0,11350.0,21360.0,1068.0,0.0,0.0,0.0,0.0,0.0,0.0,18,20.0,227000.0,21360.0,1.1111111111111112,12611.111111111111,11350.0,1.0
PRV55660,4.0,4.0,33000.0,8250.0,4272.0,1068.0,0.0,0.0,0.0,0.0,0.0,0.0,4,4.0,33000.0,4272.0,1.0,8250.0,8250.0,1.0
PRV55661,14.0,11.0,202000.0,14428.57142857143,14952.0,1068.0,0.0,0.0,0.0,0.0,0.0,0.0,11,14.0,202000.0,14952.0,1.2727272727272727,18363.636363636364,14428.57142857143,1.0
PRV55662,28.0,27.0,233000.0,8321.42857142857,29904.0,1068.0,0.0,0.0,0.0,0.0,0.0,0.0,27,28.0,233000.0,29904.0,1.037037037037037,8629.62962962963,8321.42857142857,1.0
PRV55663,7.0,7.0,36000.0,5142.857142857143,7476.0,1068.0,0.0,0.0,0.0,0.0,0.0,0.0,7,7.0,36000.0,7476.0,1.0,5142.857142857143,5142.857142857143,1.0
PRV55664,20.0,17.0,205000.0,10250.0,20292.0,1068.0,0.0,0.0,0.0,0.0,0.0,0.0,17,20.0,205000.0,20292.0,1.1764705882352942,12058.823529411764,10250.0,1.0
PRV55665,1.0,1.0,9000.0,9000.0,1068.0,1068.0,0.0,0.0,0.0,0.0,0.0,0.0,1,1.0,9000.0,1068.0,1.0,9000.0,9000.0,1.0
PRV55666,19.0,19.0,125000.0,6578.9473684210525,20292.0,1068.0,0.0,0.0,0.0,0.0,0.0,0.0,19,19.0,125000.0,20292.0,1.0,6578.9473684210525,6578.9473684210525,1.0
PRV55667,38.0,33.0,382180.0,10057.368421052632,38448.0,1068.0,0.0,0.0,0.0,0.0,0.0,0.0,33,38.0,382180.0,38448.0,1.1515151515151516,11581.212121212122,10057.368421052632,1.0
PRV55668,4.0,4.0,47000.0,11750.0,4272.0,1068.0,0.0,0.0,0.0,0.0,0.0,0.0,4,4.0,47000.0,4272.0,1.0,11750.0,11750.0,1.0
PRV55670,9.0,8.0,98000.0,10888.888888888889,9612.0,1068.0,0.0,0.0,0.0,0.0,0.0,0.0,8,9.0,98000.0,9612.0,1.125,12250.0,10888.888888888889,1.0
PRV55671,2.0,2.0,16000.0,8000.0,1068.0,1068.0,0.0,0.0,0.0,0.0,0.0,0.0,2,2.0,16000.0,1068.0,1.0,8000.0,8000.0,1.0
PRV55673,9.0,9.0,92000.0,10222.222222222223,8544.0,1068.0,51.0,48.0,18000.0,352.94117647058823,50.0,0.9803921568627451,56,60.0,110000.0,8594.0,1.0714285714285714,1964.2857142857142,1833.3333333333333,0.15
PRV55674,0.0,0.0,0.0,0.0,0.0,0.0,9.0,8.0,4990.0,554.4444444444445,0.0,0.0,8,9.0,4990.0,0.0,1.125,623.75,554.4444444444445,0.0
PRV55675,2.0,2.0,81000.0,40500.0,2136.0,1068.0,81.0,52.0,17840.0,220.2469135802469,270.0,3.3333333333333335,53,83.0,98840.0,2406.0,1.5660377358490567,1864.9056603773586,1190.8433734939758,0.024096385542168676
PRV55676,115.0,103.0,1029600.0,8953.04347826087,120684.0,1068.0,52.0,48.0,10700.0,205.76923076923077,230.0,4.423076923076923,150,167.0,1040300.0,120914.0,1.1133333333333333,6935.333333333333,6229.34131736527,0.688622754491018
PRV55677,0.0,0.0,0.0,0.0,0.0,0.0,84.0,79.0,17200.0,204.76190476190476,450.0,5.357142857142857,79,84.0,17200.0,450.0,1.0632911392405062,217.72151898734177,204.76190476190476,0.0
PRV55678,9.0,9.0,128700.0,14300.0,9612.0,1068.0,7.0,7.0,590.0,84.28571428571429,0.0,0.0,16,16.0,129290.0,9612.0,1.0,8080.625,8080.625,0.5625
PRV55679,9.0,9.0,92000.0,10222.222222222223,9612.0,1068.0,220.0,86.0,55280.0,251.27272727272728,410.0,1.8636363636363635,89,229.0,147280.0,10022.0,2.5730337078651684,1654.8314606741574,643.1441048034934,0.039301310043668124
PRV55680,5.0,5.0,25000.0,5000.0,5340.0,1068.0,201.0,69.0,43060.0,214.22885572139305,330.0,1.6417910447761195,72,206.0,68060.0,5670.0,2.861111111111111,945.2777777777778,330.3883495145631,0.024271844660194174
PRV55682,6.0,5.0,57000.0,9500.0,6408.0,1068.0,17.0,15.0,5740.0,337.6470588235294,90.0,5.294117647058823,19,23.0,62740.0,6498.0,1.2105263157894737,3302.1052631578946,2727.8260869565215,0.2608695652173913
PRV55683,0.0,0.0,0.0,0.0,0.0,0.0,28.0,10.0,4100.0,146.42857142857142,200.0,7.142857142857143,10,28.0,4100.0,200.0,2.8,410.0,146.42857142857142,0.0
PRV55684,0.0,0.0,0.0,0.0,0.0,0.0,3.0,3.0,410.0,136.66666666666666,0.0,0.0,3,3.0,410.0,0.0,1.0,136.66666666666666,136.66666666666666,0.0
PRV55687,5.0,4.0,31000.0,6200.0,5340.0,1068.0,76.0,46.0,30240.0,397.89473684210526,150.0,1.9736842105263157,48,81.0,61240.0,5490.0,1.6875,1275.8333333333333,756.0493827160494,0.06172839506172839
PRV55688,1.0,1.0,14000.0,14000.0,1068.0,1068.0,46.0,28.0,9600.0,208.69565217391303,140.0,3.0434782608695654,29,47.0,23600.0,1208.0,1.6206896551724137,813.7931034482758,502.1276595744681,0.02127659574468085
PRV55689,104.0,89.0,1083800.0,10421.153846153846,107868.0,1068.0,473.0,320.0,142970.0,302.262156448203,2000.0,4.2283298097251585,361,577.0,1226770.0,109868.0,1.5983379501385042,3398.2548476454294,2126.117850953206,0.18024263431542462
PRV55690,15.0,13.0,154000.0,10266.666666666666,14952.0,1068.0,76.0,63.0,14510.0,190.92105263157896,160.0,2.1052631578947367,75,91.0,168510.0,15112.0,1.2133333333333334,2246.8,1851.7582417582419,0.16483516483516483
PRV55691,3.0,3.0,17000.0,5666.666666666667,3204.0,1068.0,37.0,14.0,5060.0,136.75675675675674,0.0,0.0,15,40.0,22060.0,3204.0,2.6666666666666665,1470.6666666666667,551.5,0.075
PRV55692,3.0,3.0,22000.0,7333.333333333333,3204.0,1068.0,149.0,76.0,26480.0,177.71812080536913,460.0,3.087248322147651,79,152.0,48480.0,3664.0,1.9240506329113924,613.6708860759494,318.94736842105266,0.019736842105263157
PRV55695,0.0,0.0,0.0,0.0,0.0,0.0,73.0,51.0,15150.0,207.53424657534248,420.0,5.7534246575342465,51,73.0,15150.0,420.0,1.4313725490196079,297.05882352941177,207.53424657534248,0.0
PRV55697,0.0,0.0,0.0,0.0,0.0,0.0,26.0,24.0,7430.0,285.7692307692308,100.0,3.8461538461538463,24,26.0,7430.0,100.0,1.0833333333333333,309.5833333333333,285.7692307692308,0.0
PRV55699,1.0,1.0,11000.0,11000.0,1068.0,1068.0,29.0,7.0,11960.0,412.41379310344826,140.0,4.827586206896552,7,30.0,22960.0,1208.0,4.285714285714286,3280.0,765.3333333333334,0.03333333333333333
PRV55700,3.0,3.0,70000.0,23333.333333333332,3204.0,1068.0,27.0,23.0,13030.0,482.5925925925926,70.0,2.5925925925925926,26,30.0,83030.0,3274.0,1.1538461538461537,3193.4615384615386,2767.6666666666665,0.1
PRV55701,0.0,0.0,0.0,0.0,0.0,0.0,186.0,70.0,50800.0,273.1182795698925,780.0,4.193548387096774,70,186.0,50800.0,780.0,2.657142857142857,725.7142857142857,273.1182795698925,0.0
PRV55702,0.0,0.0,0.0,0.0,0.0,0.0,14.0,14.0,3640.0,260.0,50.0,3.5714285714285716,14,14.0,3640.0,50.0,1.0,260.0,260.0,0.0
PRV55703,3.0,3.0,21000.0,7000.0,3204.0,1068.0,55.0,42.0,13700.0,249.0909090909091,110.0,2.0,45,58.0,34700.0,3314.0,1.288888888888889,771.1111111111111,598.2758620689655,0.05172413793103448
PRV55704,4.0,4.0,22000.0,5500.0,3204.0,1068.0,34.0,29.0,6110.0,179.7058823529412,0.0,0.0,32,38.0,28110.0,3204.0,1.1875,878.4375,739.7368421052631,0.10526315789473684
PRV55705,0.0,0.0,0.0,0.0,0.0,0.0,253.0,115.0,63920.0,252.64822134387353,690.0,2.727272727272727,115,253.0,63920.0,690.0,2.2,555.8260869565217,252.64822134387353,0.0
PRV55706,1.0,1.0,12000.0,12000.0,1068.0,1068.0,0.0,0.0,0.0,0.0,0.0,0.0,1,1.0,12000.0,1068.0,1.0,12000.0,12000.0,1.0
PRV55707,7.0,7.0,51000.0,7285.714285714285,6408.0,1068.0,26.0,17.0,4020.0,154.6153846153846,0.0,0.0,24,33.0,55020.0,6408.0,1.375,2292.5,1667.2727272727273,0.21212121212121213
PRV55709,16.0,15.0,153300.0,9581.25,17088.0,1068.0,27.0,27.0,7290.0,270.0,100.0,3.7037037037037037,42,43.0,160590.0,17188.0,1.0238095238095237,3823.5714285714284,3734.6511627906975,0.37209302325581395
PRV55710,6.0,6.0,36000.0,6000.0,6408.0,1068.0,34.0,32.0,12680.0,372.94117647058823,240.0,7.0588235294117645,37,40.0,48680.0,6648.0,1.0810810810810811,1315.6756756756756,1217.0,0.15
PRV55711,0.0,0.0,0.0,0.0,0.0,0.0,5.0,5.0,660.0,132.0,0.0,0.0,5,5.0,660.0,0.0,1.0,132.0,132.0,0.0
PRV55712,0.0,0.0,0.0,0.0,0.0,0.0,26.0,25.0,9880.0,380.0,80.0,3.076923076923077,25,26.0,9880.0,80.0,1.04,395.2,380.0,0.0
PRV55714,3.0,3.0,22000.0,7333.333333333333,3204.0,1068.0,19.0,15.0,7640.0,402.10526315789474,60.0,3.1578947368421053,17,22.0,29640.0,3264.0,1.2941176470588236,1743.5294117647059,1347.2727272727273,0.13636363636363635
PRV55715,57.0,51.0,487000.0,8543.859649122807,59808.0,1068.0,807.0,400.0,243210.0,301.37546468401484,2230.0,2.7633209417596034,421,864.0,730210.0,62038.0,2.0522565320665085,1734.4655581947743,845.1504629629629,0.06597222222222222
PRV55716,0.0,0.0,0.0,0.0,0.0,0.0,25.0,23.0,6620.0,264.8,0.0,0.0,23,25.0,6620.0,0.0,1.0869565217391304,287.82608695652175,264.8,0.0
PRV55717,0.0,0.0,0.0,0.0,0.0,0.0,73.0,27.0,25360.0,347.3972602739726,180.0,2.4657534246575343,27,73.0,25360.0,180.0,2.7037037037037037,939.2592592592592,347.3972602739726,0.0
PRV55719,0.0,0.0,0.0,0.0,0.0,0.0,23.0,11.0,6600.0,286.95652173913044,80.0,3.4782608695652173,11,23.0,6600.0,80.0,2.090909090909091,600.0,286.95652173913044,0.0
PRV55720,4.0,4.0,25050.0,6262.5,4272.0,1068.0,7.0,7.0,2280.0,325.7142857142857,0.0,0.0,10,11.0,27330.0,4272.0,1.1,2733.0,2484.5454545454545,0.36363636363636365
PRV55721,0.0,0.0,0.0,0.0,0.0,0.0,5.0,5.0,410.0,82.0,70.0,14.0,5,5.0,410.0,70.0,1.0,82.0,82.0,0.0
PRV55723,0.0,0.0,0.0,0.0,0.0,0.0,47.0,25.0,14500.0,308.51063829787233,0.0,0.0,25,47.0,14500.0,0.0,1.88,580.0,308.51063829787233,0.0
PRV55724,0.0,0.0,0.0,0.0,0.0,0.0,31.0,31.0,12550.0,404.83870967741933,510.0,16.451612903225808,31,31.0,12550.0,510.0,1.0,404.83870967741933,404.83870967741933,0.0
PRV55726,0.0,0.0,0.0,0.0,0.0,0.0,36.0,16.0,9690.0,269.1666666666667,280.0,7.777777777777778,16,36.0,9690.0,280.0,2.25,605.625,269.1666666666667,0.0
PRV55727,0.0,0.0,0.0,0.0,0.0,0.0,68.0,35.0,16630.0,244.55882352941177,210.0,3.088235294117647,35,68.0,16630.0,210.0,1.9428571428571428,475.14285714285717,244.55882352941177,0.0
PRV55728,0.0,0.0,0.0,0.0,0.0,0.0,7.0,5.0,3620.0,517.1428571428571,0.0,0.0,5,7.0,3620.0,0.0,1.4,724.0,517.1428571428571,0.0
PRV55729,0.0,0.0,0.0,0.0,0.0,0.0,114.0,39.0,20910.0,183.42105263157896,410.0,3.5964912280701755,39,114.0,20910.0,410.0,2.923076923076923,536.1538461538462,183.42105263157896,0.0
PRV55731,0.0,0.0,0.0,0.0,0.0,0.0,135.0,52.0,32410.0,240.07407407407408,220.0,1.6296296296296295,52,135.0,32410.0,220.0,2.5961538461538463,623.2692307692307,240.07407407407408,0.0
PRV55732,12.0,12.0,154000.0,12833.333333333334,12816.0,1068.0,99.0,54.0,24660.0,249.0909090909091,150.0,1.5151515151515151,65,111.0,178660.0,12966.0,1.7076923076923076,2748.6153846153848,1609.5495495495495,0.10810810810810811
PRV55733,0.0,0.0,0.0,0.0,0.0,0.0,46.0,43.0,14670.0,318.9130434782609,230.0,5.0,43,46.0,14670.0,230.0,1.069767441860465,341.16279069767444,318.9130434782609,0.0
PRV55734,0.0,0.0,0.0,0.0,0.0,0.0,310.0,132.0,71190.0,229.6451612903226,870.0,2.806451612903226,132,310.0,71190.0,870.0,2.3484848484848486,539.3181818181819,229.6451612903226,0.0
PRV55735,0.0,0.0,0.0,0.0,0.0,0.0,93.0,83.0,32230.0,346.55913978494624,410.0,4.408602150537634,83,93.0,32230.0,410.0,1.1204819277108433,388.31325301204816,346.55913978494624,0.0
PRV55736,4.0,4.0,30000.0,7500.0,4272.0,1068.0,226.0,111.0,77940.0,344.86725663716817,830.0,3.672566371681416,114,230.0,107940.0,5102.0,2.017543859649123,946.8421052631579,469.30434782608694,0.017391304347826087
PRV55737,19.0,19.0,177000.0,9315.78947368421,20292.0,1068.0,238.0,160.0,84570.0,355.33613445378154,290.0,1.218487394957983,175,257.0,261570.0,20582.0,1.4685714285714286,1494.6857142857143,1017.7821011673152,0.07392996108949416
PRV55739,19.0,19.0,211000.0,11105.263157894737,19224.0,1068.0,67.0,58.0,23640.0,352.8358208955224,330.0,4.925373134328358,75,86.0,234640.0,19554.0,1.1466666666666667,3128.5333333333333,2728.3720930232557,0.22093023255813954
PRV55740,0.0,0.0,0.0,0.0,0.0,0.0,21.0,18.0,4510.0,214.76190476190476,0.0,0.0,18,21.0,4510.0,0.0,1.1666666666666667,250.55555555555554,214.76190476190476,0.0
PRV55741,0.0,0.0,0.0,0.0,0.0,0.0,6.0,6.0,1220.0,203.33333333333334,120.0,20.0,6,6.0,1220.0,120.0,1.0,203.33333333333334,203.33333333333334,0.0
PRV55742,6.0,6.0,55000.0,9166.666666666666,6408.0,1068.0,69.0,34.0,15050.0,218.1159420289855,180.0,2.608695652173913,36,75.0,70050.0,6588.0,2.0833333333333335,1945.8333333333333,934.0,0.08
PRV55743,5.0,5.0,46000.0,9200.0,5340.0,1068.0,64.0,56.0,18530.0,289.53125,40.0,0.625,61,69.0,64530.0,5380.0,1.1311475409836065,1057.8688524590164,935.2173913043479,0.07246376811594203
PRV55744,0.0,0.0,0.0,0.0,0.0,0.0,2.0,2.0,80.0,40.0,0.0,0.0,2,2.0,80.0,0.0,1.0,40.0,40.0,0.0
PRV55745,0.0,0.0,0.0,0.0,0.0,0.0,81.0,74.0,14410.0,177.90123456790124,280.0,3.45679012345679,74,81.0,14410.0,280.0,1.0945945945945945,194.72972972972974,177.90123456790124,0.0
PRV55748,0.0,0.0,0.0,0.0,0.0,0.0,10.0,10.0,3470.0,347.0,0.0,0.0,10,10.0,3470.0,0.0,1.0,347.0,347.0,0.0
PRV55749,0.0,0.0,0.0,0.0,0.0,0.0,4.0,4.0,410.0,102.5,0.0,0.0,4,4.0,410.0,0.0,1.0,102.5,102.5,0.0
PRV55750,0.0,0.0,0.0,0.0,0.0,0.0,5.0,5.0,660.0,132.0,0.0,0.0,5,5.0,660.0,0.0,1.0,132.0,132.0,0.0
PRV55751,0.0,0.0,0.0,0.0,0.0,0.0,2.0,2.0,1280.0,640.0,0.0,0.0,2,2.0,1280.0,0.0,1.0,640.0,640.0,0.0
PRV55752,0.0,0.0,0.0,0.0,0.0,0.0,563.0,347.0,156720.0,278.3658969804618,1230.0,2.1847246891651864,347,563.0,156720.0,1230.0,1.622478386167147,451.64265129682997,278.3658969804618,0.0
PRV55753,8.0,8.0,86000.0,10750.0,8544.0,1068.0,32.0,28.0,7000.0,218.75,100.0,3.125,36,40.0,93000.0,8644.0,1.1111111111111112,2583.3333333333335,2325.0,0.2
PRV55754,0.0,0.0,0.0,0.0,0.0,0.0,22.0,21.0,5210.0,236.8181818181818,60.0,2.727272727272727,21,22.0,5210.0,60.0,1.0476190476190477,248.0952380952381,236.8181818181818,0.0
PRV55755,11.0,10.0,130000.0,11818.181818181818,11748.0,1068.0,75.0,64.0,25920.0,345.6,70.0,0.9333333333333333,74,86.0,155920.0,11818.0,1.162162162162162,2107.027027027027,1813.0232558139535,0.12790697674418605
PRV55759,0.0,0.0,0.0,0.0,0.0,0.0,3.0,3.0,240.0,80.0,80.0,26.666666666666668,3,3.0,240.0,80.0,1.0,80.0,80.0,0.0
PRV55760,0.0,0.0,0.0,0.0,0.0,0.0,3.0,3.0,210.0,70.0,70.0,23.333333333333332,3,3.0,210.0,70.0,1.0,70.0,70.0,0.0
PRV55761,0.0,0.0,0.0,0.0,0.0,0.0,4.0,1.0,210.0,52.5,0.0,0.0,1,4.0,210.0,0.0,4.0,210.0,52.5,0.0
PRV55762,0.0,0.0,0.0,0.0,0.0,0.0,9.0,9.0,1140.0,126.66666666666667,0.0,0.0,9,9.0,1140.0,0.0,1.0,126.66666666666667,126.66666666666667,0.0
PRV55763,0.0,0.0,0.0,0.0,0.0,0.0,10.0,8.0,1480.0,148.0,0.0,0.0,8,10.0,1480.0,0.0,1.25,185.0,148.0,0.0
PRV55764,1.0,1.0,4000.0,4000.0,0.0,0.0,28.0,27.0,5830.0,208.21428571428572,10.0,0.35714285714285715,28,29.0,9830.0,10.0,1.0357142857142858,351.07142857142856,338.9655172413793,0.034482758620689655
PRV55765,2.0,2.0,15000.0,7500.0,2136.0,1068.0,18.0,7.0,5790.0,321.6666666666667,80.0,4.444444444444445,8,20.0,20790.0,2216.0,2.5,2598.75,1039.5,0.1
PRV55766,0.0,0.0,0.0,0.0,0.0,0.0,6.0,3.0,300.0,50.0,0.0,0.0,3,6.0,300.0,0.0,2.0,100.0,50.0,0.0
PRV55767,0.0,0.0,0.0,0.0,0.0,0.0,2.0,2.0,80.0,40.0,0.0,0.0,2,2.0,80.0,0.0,1.0,40.0,40.0,0.0
PRV55768,0.0,0.0,0.0,0.0,0.0,0.0,64.0,34.0,24570.0,383.90625,260.0,4.0625,34,64.0,24570.0,260.0,1.8823529411764706,722.6470588235294,383.90625,0.0
PRV55769,2.0,1.0,11000.0,5500.0,2136.0,1068.0,13.0,8.0,7000.0,538.4615384615385,40.0,3.076923076923077,8,15.0,18000.0,2176.0,1.875,2250.0,1200.0,0.13333333333333333
PRV55770,0.0,0.0,0.0,0.0,0.0,0.0,19.0,14.0,1870.0,98.42105263157895,90.0,4.7368421052631575,14,19.0,1870.0,90.0,1.3571428571428572,133.57142857142858,98.42105263157895,0.0
PRV55771,0.0,0.0,0.0,0.0,0.0,0.0,73.0,29.0,18120.0,248.21917808219177,160.0,2.191780821917808,29,73.0,18120.0,160.0,2.5172413793103448,624.8275862068965,248.21917808219177,0.0
PRV55772,0.0,0.0,0.0,0.0,0.0,0.0,4.0,4.0,490.0,122.5,0.0,0.0,4,4.0,490.0,0.0,1.0,122.5,122.5,0.0
PRV55774,4.0,3.0,48000.0,12000.0,4272.0,1068.0,10.0,9.0,1930.0,193.0,0.0,0.0,12,14.0,49930.0,4272.0,1.1666666666666667,4160.833333333333,3566.4285714285716,0.2857142857142857
PRV55775,1.0,1.0,10000.0,10000.0,1068.0,1068.0,13.0,13.0,1610.0,123.84615384615384,0.0,0.0,14,14.0,11610.0,1068.0,1.0,829.2857142857143,829.2857142857143,0.07142857142857142
PRV55776,0.0,0.0,0.0,0.0,0.0,0.0,4.0,4.0,90.0,22.5,0.0,0.0,4,4.0,90.0,0.0,1.0,22.5,22.5,0.0
PRV55777,0.0,0.0,0.0,0.0,0.0,0.0,17.0,11.0,4620.0,271.7647058823529,150.0,8.823529411764707,11,17.0,4620.0,150.0,1.5454545454545454,420.0,271.7647058823529,0.0
PRV55778,0.0,0.0,0.0,0.0,0.0,0.0,1.0,1.0,40.0,40.0,0.0,0.0,1,1.0,40.0,0.0,1.0,40.0,40.0,0.0
PRV55779,0.0,0.0,0.0,0.0,0.0,0.0,7.0,6.0,2530.0,361.42857142857144,40.0,5.714285714285714,6,7.0,2530.0,40.0,1.1666666666666667,421.6666666666667,361.42857142857144,0.0
PRV55780,6.0,5.0,95000.0,15833.333333333334,5340.0,1068.0,46.0,30.0,14220.0,309.1304347826087,260.0,5.6521739130434785,34,52.0,109220.0,5600.0,1.5294117647058822,3212.3529411764707,2100.3846153846152,0.11538461538461539
PRV55782,0.0,0.0,0.0,0.0,0.0,0.0,6.0,5.0,1930.0,321.6666666666667,0.0,0.0,5,6.0,1930.0,0.0,1.2,386.0,321.6666666666667,0.0
PRV55783,4.0,4.0,41000.0,10250.0,4272.0,1068.0,3.0,3.0,2040.0,680.0,0.0,0.0,7,7.0,43040.0,4272.0,1.0,6148.571428571428,6148.571428571428,0.5714285714285714
PRV55785,0.0,0.0,0.0,0.0,0.0,0.0,9.0,8.0,4570.0,507.77777777777777,0.0,0.0,8,9.0,4570.0,0.0,1.125,571.25,507.77777777777777,0.0
PRV55786,0.0,0.0,0.0,0.0,0.0,0.0,11.0,10.0,2120.0,192.72727272727272,30.0,2.727272727272727,10,11.0,2120.0,30.0,1.1,212.0,192.72727272727272,0.0
PRV55787,0.0,0.0,0.0,0.0,0.0,0.0,1.0,1.0,200.0,200.0,0.0,0.0,1,1.0,200.0,0.0,1.0,200.0,200.0,0.0
PRV55788,0.0,0.0,0.0,0.0,0.0,0.0,19.0,16.0,2770.0,145.78947368421052,0.0,0.0,16,19.0,2770.0,0.0,1.1875,173.125,145.78947368421052,0.0
PRV55789,0.0,0.0,0.0,0.0,0.0,0.0,23.0,17.0,6860.0,298.2608695652174,40.0,1.7391304347826086,17,23.0,6860.0,40.0,1.3529411764705883,403.52941176470586,298.2608695652174,0.0
PRV55790,5.0,5.0,48000.0,9600.0,5340.0,1068.0,0.0,0.0,0.0,0.0,0.0,0.0,5,5.0,48000.0,5340.0,1.0,9600.0,9600.0,1.0
PRV55791,10.0,10.0,129000.0,12900.0,10680.0,1068.0,0.0,0.0,0.0,0.0,0.0,0.0,10,10.0,129000.0,10680.0,1.0,12900.0,12900.0,1.0
PRV55792,1.0,1.0,7000.0,7000.0,1068.0,1068.0,0.0,0.0,0.0,0.0,0.0,0.0,1,1.0,7000.0,1068.0,1.0,7000.0,7000.0,1.0
PRV55793,6.0,6.0,72000.0,12000.0,6408.0,1068.0,0.0,0.0,0.0,0.0,0.0,0.0,6,6.0,72000.0,6408.0,1.0,12000.0,12000.0,1.0
PRV55794,0.0,0.0,0.0,0.0,0.0,0.0,11.0,11.0,2560.0,232.72727272727272,0.0,0.0,11,11.0,2560.0,0.0,1.0,232.72727272727272,232.72727272727272,0.0
PRV55795,0.0,0.0,0.0,0.0,0.0,0.0,10.0,9.0,4050.0,405.0,0.0,0.0,9,10.0,4050.0,0.0,1.1111111111111112,450.0,405.0,0.0
PRV55796,0.0,0.0,0.0,0.0,0.0,0.0,7.0,7.0,870.0,124.28571428571429,0.0,0.0,7,7.0,870.0,0.0,1.0,124.28571428571429,124.28571428571429,0.0
PRV55797,0.0,0.0,0.0,0.0,0.0,0.0,3.0,3.0,1060.0,353.3333333333333,0.0,0.0,3,3.0,1060.0,0.0,1.0,353.3333333333333,353.3333333333333,0.0
PRV55798,0.0,0.0,0.0,0.0,0.0,0.0,6.0,6.0,3060.0,510.0,0.0,0.0,6,6.0,3060.0,0.0,1.0,510.0,510.0,0.0
PRV55800,0.0,0.0,0.0,0.0,0.0,0.0,1.0,1.0,50.0,50.0,0.0,0.0,1,1.0,50.0,0.0,1.0,50.0,50.0,0.0
PRV55801,0.0,0.0,0.0,0.0,0.0,0.0,2.0,2.0,70.0,35.0,0.0,0.0,2,2.0,70.0,0.0,1.0,35.0,35.0,0.0
PRV55802,0.0,0.0,0.0,0.0,0.0,0.0,1.0,1.0,10.0,10.0,0.0,0.0,1,1.0,10.0,0.0,1.0,10.0,10.0,0.0
PRV55803,0.0,0.0,0.0,0.0,0.0,0.0,2.0,2.0,140.0,70.0,0.0,0.0,2,2.0,140.0,0.0,1.0,70.0,70.0,0.0
PRV55804,0.0,0.0,0.0,0.0,0.0,0.0,9.0,9.0,2570.0,285.55555555555554,80.0,8.88888888888889,9,9.0,2570.0,80.0,1.0,285.55555555555554,285.55555555555554,0.0
PRV55805,0.0,0.0,0.0,0.0,0.0,0.0,8.0,7.0,3850.0,481.25,0.0,0.0,7,8.0,3850.0,0.0,1.1428571428571428,550.0,481.25,0.0
PRV55806,0.0,0.0,0.0,0.0,0.0,0.0,16.0,16.0,5090.0,318.125,80.0,5.0,16,16.0,5090.0,80.0,1.0,318.125,318.125,0.0
PRV55807,0.0,0.0,0.0,0.0,0.0,0.0,17.0,16.0,6080.0,357.6470588235294,110.0,6.470588235294118,16,17.0,6080.0,110.0,1.0625,380.0,357.6470588235294,0.0
PRV55808,0.0,0.0,0.0,0.0,0.0,0.0,22.0,10.0,4690.0,213.1818181818182,80.0,3.6363636363636362,10,22.0,4690.0,80.0,2.2,469.0,213.1818181818182,0.0
PRV55809,10.0,9.0,62000.0,6200.0,9612.0,1068.0,0.0,0.0,0.0,0.0,0.0,0.0,9,10.0,62000.0,9612.0,1.1111111111111112,6888.888888888889,6200.0,1.0
PRV55810,1.0,1.0,12000.0,12000.0,1068.0,1068.0,0.0,0.0,0.0,0.0,0.0,0.0,1,1.0,12000.0,1068.0,1.0,12000.0,12000.0,1.0
PRV55811,2.0,2.0,41000.0,20500.0,2136.0,1068.0,0.0,0.0,0.0,0.0,0.0,0.0,2,2.0,41000.0,2136.0,1.0,20500.0,20500.0,1.0
PRV55812,17.0,16.0,161000.0,9470.588235294117,17088.0,1068.0,0.0,0.0,0.0,0.0,0.0,0.0,16,17.0,161000.0,17088.0,1.0625,10062.5,9470.588235294117,1.0
PRV55813,7.0,7.0,38000.0,5428.571428571428,7476.0,1068.0,0.0,0.0,0.0,0.0,0.0,0.0,7,7.0,38000.0,7476.0,1.0,5428.571428571428,5428.571428571428,1.0
PRV55814,0.0,0.0,0.0,0.0,0.0,0.0,4.0,4.0,110.0,27.5,80.0,20.0,4,4.0,110.0,80.0,1.0,27.5,27.5,0.0
PRV55815,4.0,4.0,12000.0,3000.0,4272.0,1068.0,0.0,0.0,0.0,0.0,0.0,0.0,4,4.0,12000.0,4272.0,1.0,3000.0,3000.0,1.0
PRV55816,1.0,1.0,6000.0,6000.0,1068.0,1068.0,0.0,0.0,0.0,0.0,0.0,0.0,1,1.0,6000.0,1068.0,1.0,6000.0,6000.0,1.0
PRV55817,25.0,23.0,222000.0,8880.0,26700.0,1068.0,0.0,0.0,0.0,0.0,0.0,0.0,23,25.0,222000.0,26700.0,1.0869565217391304,9652.173913043478,8880.0,1.0
PRV55818,2.0,2.0,5000.0,2500.0,2136.0,1068.0,8.0,8.0,620.0,77.5,0.0,0.0,10,10.0,5620.0,2136.0,1.0,562.0,562.0,0.2
PRV55819,0.0,0.0,0.0,0.0,0.0,0.0,198.0,89.0,48390.0,244.3939393939394,720.0,3.6363636363636362,89,198.0,48390.0,720.0,2.2247191011235956,543.7078651685393,244.3939393939394,0.0
PRV55820,0.0,0.0,0.0,0.0,0.0,0.0,477.0,332.0,120350.0,252.30607966457023,1270.0,2.6624737945492662,332,477.0,120350.0,1270.0,1.4367469879518073,362.5,252.30607966457023,0.0
PRV55821,13.0,13.0,164000.0,12615.384615384615,13884.0,1068.0,182.0,127.0,43970.0,241.5934065934066,320.0,1.7582417582417582,135,195.0,207970.0,14204.0,1.4444444444444444,1540.5185185185185,1066.5128205128206,0.06666666666666667
PRV55822,0.0,0.0,0.0,0.0,0.0,0.0,384.0,196.0,112770.0,293.671875,940.0,2.4479166666666665,196,384.0,112770.0,940.0,1.9591836734693877,575.3571428571429,293.671875,0.0
PRV55826,4.0,4.0,96000.0,24000.0,4272.0,1068.0,22.0,21.0,10390.0,472.27272727272725,100.0,4.545454545454546,25,26.0,106390.0,4372.0,1.04,4255.6,4091.923076923077,0.15384615384615385
PRV55828,7.0,7.0,23000.0,3285.714285714286,7476.0,1068.0,17.0,17.0,3970.0,233.52941176470588,110.0,6.470588235294118,24,24.0,26970.0,7586.0,1.0,1123.75,1123.75,0.2916666666666667
PRV55830,8.0,6.0,103000.0,12875.0,8544.0,1068.0,2.0,2.0,120.0,60.0,0.0,0.0,8,10.0,103120.0,8544.0,1.25,12890.0,10312.0,0.8
PRV55831,0.0,0.0,0.0,0.0,0.0,0.0,810.0,471.0,235090.0,290.2345679012346,2200.0,2.7160493827160495,471,810.0,235090.0,2200.0,1.7197452229299364,499.1295116772824,290.2345679012346,0.0
PRV55832,45.0,41.0,419000.0,9311.111111111111,48060.0,1068.0,239.0,219.0,62100.0,259.8326359832636,750.0,3.1380753138075312,259,284.0,481100.0,48810.0,1.0965250965250966,1857.5289575289576,1694.0140845070423,0.15845070422535212
PRV55833,4.0,4.0,48000.0,12000.0,4272.0,1068.0,140.0,82.0,46850.0,334.64285714285717,270.0,1.9285714285714286,84,144.0,94850.0,4542.0,1.7142857142857142,1129.1666666666667,658.6805555555555,0.027777777777777776
PRV55834,9.0,9.0,61000.0,6777.777777777777,9612.0,1068.0,444.0,200.0,136250.0,306.8693693693694,1010.0,2.274774774774775,207,453.0,197250.0,10622.0,2.1884057971014492,952.8985507246376,435.43046357615896,0.019867549668874173
PRV55835,7.0,7.0,67000.0,9571.42857142857,7476.0,1068.0,262.0,134.0,72590.0,277.0610687022901,800.0,3.053435114503817,139,269.0,139590.0,8276.0,1.935251798561151,1004.2446043165468,518.9219330855019,0.026022304832713755
PRV55836,15.0,15.0,109000.0,7266.666666666667,16020.0,1068.0,67.0,58.0,13790.0,205.82089552238807,200.0,2.985074626865672,72,82.0,122790.0,16220.0,1.1388888888888888,1705.4166666666667,1497.439024390244,0.18292682926829268
PRV55837,8.0,8.0,144000.0,18000.0,8544.0,1068.0,37.0,36.0,11370.0,307.2972972972973,30.0,0.8108108108108109,44,45.0,155370.0,8574.0,1.0227272727272727,3531.1363636363635,3452.6666666666665,0.17777777777777778
PRV55839,3.0,3.0,28000.0,9333.333333333334,3204.0,1068.0,183.0,114.0,48630.0,265.73770491803276,260.0,1.4207650273224044,115,186.0,76630.0,3464.0,1.617391304347826,666.3478260869565,411.98924731182797,0.016129032258064516
PRV55842,0.0,0.0,0.0,0.0,0.0,0.0,122.0,43.0,49540.0,406.0655737704918,610.0,5.0,43,122.0,49540.0,610.0,2.8372093023255816,1152.093023255814,406.0655737704918,0.0
PRV55843,0.0,0.0,0.0,0.0,0.0,0.0,213.0,106.0,46740.0,219.43661971830986,500.0,2.347417840375587,106,213.0,46740.0,500.0,2.009433962264151,440.9433962264151,219.43661971830986,0.0
PRV55846,46.0,45.0,488100.0,10610.869565217392,49128.0,1068.0,81.0,81.0,23570.0,290.98765432098764,90.0,1.1111111111111112,125,127.0,511670.0,49218.0,1.016,4093.36,4028.8976377952754,0.36220472440944884
PRV55847,0.0,0.0,0.0,0.0,0.0,0.0,185.0,105.0,40460.0,218.7027027027027,550.0,2.972972972972973,105,185.0,40460.0,550.0,1.7619047619047619,385.3333333333333,218.7027027027027,0.0
PRV55848,3.0,3.0,29000.0,9666.666666666666,3204.0,1068.0,36.0,29.0,5010.0,139.16666666666666,20.0,0.5555555555555556,32,39.0,34010.0,3224.0,1.21875,1062.8125,872.0512820512821,0.07692307692307693
PRV55849,128.0,119.0,1276000.0,9968.75,132432.0,1068.0,48.0,48.0,7730.0,161.04166666666666,250.0,5.208333333333333,167,176.0,1283730.0,132682.0,1.0538922155688624,7687.005988023952,7293.920454545455,0.7272727272727273
PRV55850,18.0,18.0,348000.0,19333.333333333332,18156.0,1068.0,218.0,136.0,68040.0,312.11009174311926,400.0,1.834862385321101,153,236.0,416040.0,18556.0,1.542483660130719,2719.2156862745096,1762.8813559322034,0.07627118644067797
PRV55851,6.0,3.0,32000.0,5333.333333333333,6408.0,1068.0,39.0,34.0,11640.0,298.46153846153845,160.0,4.102564102564102,35,45.0,43640.0,6568.0,1.2857142857142858,1246.857142857143,969.7777777777778,0.13333333333333333
PRV55852,3.0,2.0,22000.0,7333.333333333333,3204.0,1068.0,57.0,31.0,9730.0,170.7017543859649,100.0,1.7543859649122806,32,60.0,31730.0,3304.0,1.875,991.5625,528.8333333333334,0.05
PRV55854,0.0,0.0,0.0,0.0,0.0,0.0,2.0,2.0,2460.0,1230.0,70.0,35.0,2,2.0,2460.0,70.0,1.0,1230.0,1230.0,0.0
PRV55855,0.0,0.0,0.0,0.0,0.0,0.0,114.0,77.0,23150.0,203.0701754385965,240.0,2.1052631578947367,77,114.0,23150.0,240.0,1.4805194805194806,300.64935064935065,203.0701754385965,0.0
PRV55856,0.0,0.0,0.0,0.0,0.0,0.0,54.0,40.0,12120.0,224.44444444444446,460.0,8.518518518518519,40,54.0,12120.0,460.0,1.35,303.0,224.44444444444446,0.0
PRV55858,0.0,0.0,0.0,0.0,0.0,0.0,8.0,5.0,710.0,88.75,100.0,12.5,5,8.0,710.0,100.0,1.6,142.0,88.75,0.0
PRV55859,0.0,0.0,0.0,0.0,0.0,0.0,15.0,6.0,4880.0,325.3333333333333,50.0,3.3333333333333335,6,15.0,4880.0,50.0,2.5,813.3333333333334,325.3333333333333,0.0
PRV55862,0.0,0.0,0.0,0.0,0.0,0.0,8.0,8.0,3230.0,403.75,0.0,0.0,8,8.0,3230.0,0.0,1.0,403.75,403.75,0.0
PRV55863,0.0,0.0,0.0,0.0,0.0,0.0,5.0,5.0,650.0,130.0,0.0,0.0,5,5.0,650.0,0.0,1.0,130.0,130.0,0.0
PRV55864,4.0,4.0,65000.0,16250.0,4272.0,1068.0,85.0,41.0,20400.0,240.0,50.0,0.5882352941176471,42,89.0,85400.0,4322.0,2.119047619047619,2033.3333333333333,959.5505617977528,0.0449438202247191
PRV55865,0.0,0.0,0.0,0.0,0.0,0.0,325.0,163.0,91750.0,282.3076923076923,890.0,2.7384615384615385,163,325.0,91750.0,890.0,1.9938650306748467,562.8834355828221,282.3076923076923,0.0
PRV55866,0.0,0.0,0.0,0.0,0.0,0.0,115.0,75.0,31370.0,272.7826086956522,250.0,2.1739130434782608,75,115.0,31370.0,250.0,1.5333333333333334,418.26666666666665,272.7826086956522,0.0
PRV55867,0.0,0.0,0.0,0.0,0.0,0.0,88.0,43.0,39460.0,448.40909090909093,70.0,0.7954545454545454,43,88.0,39460.0,70.0,2.046511627906977,917.6744186046511,448.40909090909093,0.0
PRV55868,0.0,0.0,0.0,0.0,0.0,0.0,85.0,39.0,16470.0,193.76470588235293,380.0,4.470588235294118,39,85.0,16470.0,380.0,2.1794871794871793,422.3076923076923,193.76470588235293,0.0
PRV55869,8.0,8.0,42000.0,5250.0,8544.0,1068.0,338.0,170.0,110590.0,327.18934911242604,650.0,1.9230769230769231,175,346.0,152590.0,9194.0,1.977142857142857,871.9428571428572,441.0115606936416,0.023121387283236993
PRV55870,0.0,0.0,0.0,0.0,0.0,0.0,56.0,38.0,22030.0,393.39285714285717,100.0,1.7857142857142858,38,56.0,22030.0,100.0,1.4736842105263157,579.7368421052631,393.39285714285717,0.0
PRV55871,0.0,0.0,0.0,0.0,0.0,0.0,12.0,5.0,4480.0,373.3333333333333,40.0,3.3333333333333335,5,12.0,4480.0,40.0,2.4,896.0,373.3333333333333,0.0
PRV55872,0.0,0.0,0.0,0.0,0.0,0.0,139.0,42.0,34120.0,245.46762589928056,880.0,6.330935251798561,42,139.0,34120.0,880.0,3.3095238095238093,812.3809523809524,245.46762589928056,0.0
PRV55873,6.0,4.0,43000.0,7166.666666666667,6408.0,1068.0,51.0,34.0,8670.0,170.0,80.0,1.5686274509803921,37,57.0,51670.0,6488.0,1.5405405405405406,1396.4864864864865,906.4912280701755,0.10526315789473684
PRV55874,0.0,0.0,0.0,0.0,0.0,0.0,10.0,10.0,1380.0,138.0,0.0,0.0,10,10.0,1380.0,0.0,1.0,138.0,138.0,0.0
PRV55875,0.0,0.0,0.0,0.0,0.0,0.0,26.0,25.0,4450.0,171.15384615384616,0.0,0.0,25,26.0,4450.0,0.0,1.04,178.0,171.15384615384616,0.0
PRV55876,0.0,0.0,0.0,0.0,0.0,0.0,19.0,18.0,4380.0,230.52631578947367,100.0,5.2631578947368425,18,19.0,4380.0,100.0,1.0555555555555556,243.33333333333334,230.52631578947367,0.0
PRV55877,0.0,0.0,0.0,0.0,0.0,0.0,4.0,4.0,1100.0,275.0,0.0,0.0,4,4.0,1100.0,0.0,1.0,275.0,275.0,0.0
PRV55879,0.0,0.0,0.0,0.0,0.0,0.0,2.0,2.0,90.0,45.0,0.0,0.0,2,2.0,90.0,0.0,1.0,45.0,45.0,0.0
PRV55880,0.0,0.0,0.0,0.0,0.0,0.0,15.0,13.0,7180.0,478.6666666666667,40.0,2.6666666666666665,13,15.0,7180.0,40.0,1.1538461538461537,552.3076923076923,478.6666666666667,0.0
PRV55881,0.0,0.0,0.0,0.0,0.0,0.0,1.0,1.0,30.0,30.0,70.0,70.0,1,1.0,30.0,70.0,1.0,30.0,30.0,0.0
PRV55882,0.0,0.0,0.0,0.0,0.0,0.0,23.0,22.0,6440.0,280.0,0.0,0.0,22,23.0,6440.0,0.0,1.0454545454545454,292.72727272727275,280.0,0.0
PRV55883,0.0,0.0,0.0,0.0,0.0,0.0,8.0,8.0,5480.0,685.0,0.0,0.0,8,8.0,5480.0,0.0,1.0,685.0,685.0,0.0
PRV55884,0.0,0.0,0.0,0.0,0.0,0.0,27.0,16.0,2880.0,106.66666666666667,90.0,3.3333333333333335,16,27.0,2880.0,90.0,1.6875,180.0,106.66666666666667,0.0
PRV55885,0.0,0.0,0.0,0.0,0.0,0.0,8.0,8.0,1610.0,201.25,100.0,12.5,8,8.0,1610.0,100.0,1.0,201.25,201.25,0.0
PRV55886,0.0,0.0,0.0,0.0,0.0,0.0,4.0,4.0,340.0,85.0,0.0,0.0,4,4.0,340.0,0.0,1.0,85.0,85.0,0.0
PRV55887,6.0,6.0,66000.0,11000.0,5340.0,1068.0,0.0,0.0,0.0,0.0,0.0,0.0,6,6.0,66000.0,5340.0,1.0,11000.0,11000.0,1.0
PRV55891,26.0,23.0,305000.0,11730.76923076923,27768.0,1068.0,25.0,22.0,7730.0,309.2,70.0,2.8,45,51.0,312730.0,27838.0,1.1333333333333333,6949.555555555556,6131.9607843137255,0.5098039215686274
PRV55892,0.0,0.0,0.0,0.0,0.0,0.0,449.0,235.0,118910.0,264.8329621380846,1150.0,2.5612472160356345,235,449.0,118910.0,1150.0,1.9106382978723404,506.0,264.8329621380846,0.0
PRV55893,26.0,26.0,214000.0,8230.76923076923,27768.0,1068.0,589.0,276.0,159630.0,271.018675721562,1280.0,2.173174872665535,297,615.0,373630.0,29048.0,2.0707070707070705,1258.013468013468,607.5284552845528,0.04227642276422764
PRV55895,0.0,0.0,0.0,0.0,0.0,0.0,1.0,1.0,200.0,200.0,0.0,0.0,1,1.0,200.0,0.0,1.0,200.0,200.0,0.0
PRV55896,21.0,18.0,182000.0,8666.666666666666,21360.0,1068.0,84.0,79.0,22310.0,265.5952380952381,140.0,1.6666666666666667,97,105.0,204310.0,21500.0,1.0824742268041236,2106.2886597938145,1945.8095238095239,0.2
PRV55897,9.0,8.0,143000.0,15888.888888888889,9612.0,1068.0,473.0,174.0,106890.0,225.9830866807611,980.0,2.0718816067653276,180,482.0,249890.0,10592.0,2.6777777777777776,1388.2777777777778,518.4439834024896,0.01867219917012448
PRV55898,0.0,0.0,0.0,0.0,0.0,0.0,27.0,26.0,6220.0,230.37037037037038,120.0,4.444444444444445,26,27.0,6220.0,120.0,1.0384615384615385,239.23076923076923,230.37037037037038,0.0
PRV55900,8.0,8.0,113000.0,14125.0,8544.0,1068.0,11.0,11.0,810.0,73.63636363636364,0.0,0.0,19,19.0,113810.0,8544.0,1.0,5990.0,5990.0,0.42105263157894735
PRV55901,0.0,0.0,0.0,0.0,0.0,0.0,101.0,50.0,25300.0,250.4950495049505,310.0,3.0693069306930694,50,101.0,25300.0,310.0,2.02,506.0,250.4950495049505,0.0
PRV55902,0.0,0.0,0.0,0.0,0.0,0.0,69.0,57.0,13230.0,191.7391304347826,160.0,2.318840579710145,57,69.0,13230.0,160.0,1.2105263157894737,232.10526315789474,191.7391304347826,0.0
PRV55903,23.0,20.0,187000.0,8130.434782608696,22428.0,1068.0,27.0,25.0,10820.0,400.74074074074076,0.0,0.0,44,50.0,197820.0,22428.0,1.1363636363636365,4495.909090909091,3956.4,0.46
PRV55904,0.0,0.0,0.0,0.0,0.0,0.0,28.0,27.0,6190.0,221.07142857142858,0.0,0.0,27,28.0,6190.0,0.0,1.037037037037037,229.25925925925927,221.07142857142858,0.0
PRV55905,82.0,72.0,783500.0,9554.878048780487,84372.0,1068.0,13.0,12.0,6260.0,481.53846153846155,0.0,0.0,84,95.0,789760.0,84372.0,1.130952380952381,9401.904761904761,8313.263157894737,0.8631578947368421
PRV55906,0.0,0.0,0.0,0.0,0.0,0.0,21.0,20.0,4130.0,196.66666666666666,60.0,2.857142857142857,20,21.0,4130.0,60.0,1.05,206.5,196.66666666666666,0.0
PRV55907,60.0,60.0,547500.0,9125.0,64080.0,1068.0,183.0,148.0,50680.0,276.9398907103825,410.0,2.240437158469945,204,243.0,598180.0,64490.0,1.1911764705882353,2932.2549019607845,2461.6460905349795,0.24691358024691357
PRV55908,22.0,20.0,289000.0,13136.363636363636,23496.0,1068.0,33.0,31.0,5790.0,175.45454545454547,90.0,2.727272727272727,48,55.0,294790.0,23586.0,1.1458333333333333,6141.458333333333,5359.818181818182,0.4
PRV55909,0.0,0.0,0.0,0.0,0.0,0.0,107.0,91.0,23750.0,221.9626168224299,440.0,4.11214953271028,91,107.0,23750.0,440.0,1.1758241758241759,260.989010989011,221.9626168224299,0.0
PRV55910,0.0,0.0,0.0,0.0,0.0,0.0,372.0,149.0,98770.0,265.51075268817203,890.0,2.39247311827957,149,372.0,98770.0,890.0,2.4966442953020134,662.8859060402684,265.51075268817203,0.0
PRV55911,46.0,37.0,402000.0,8739.130434782608,48060.0,1068.0,193.0,120.0,63440.0,328.7046632124352,780.0,4.041450777202073,136,239.0,465440.0,48840.0,1.7573529411764706,3422.3529411764707,1947.44769874477,0.19246861924686193
PRV55912,60.0,53.0,735000.0,12250.0,64080.0,1068.0,47.0,47.0,15080.0,320.8510638297872,30.0,0.6382978723404256,100,107.0,750080.0,64110.0,1.07,7500.8,7010.093457943925,0.5607476635514018
PRV55913,0.0,0.0,0.0,0.0,0.0,0.0,1267.0,587.0,373270.0,294.6093133385951,3540.0,2.794001578531965,587,1267.0,373270.0,3540.0,2.1584327086882453,635.8943781942079,294.6093133385951,0.0
PRV55914,21.0,21.0,158000.0,7523.809523809524,22428.0,1068.0,42.0,41.0,12660.0,301.42857142857144,90.0,2.142857142857143,62,63.0,170660.0,22518.0,1.0161290322580645,2752.5806451612902,2708.8888888888887,0.3333333333333333
PRV55915,0.0,0.0,0.0,0.0,0.0,0.0,32.0,27.0,8870.0,277.1875,0.0,0.0,27,32.0,8870.0,0.0,1.1851851851851851,328.51851851851853,277.1875,0.0
PRV55916,115.0,95.0,1308500.0,11378.260869565218,121752.0,1068.0,12.0,12.0,2540.0,211.66666666666666,90.0,7.5,106,127.0,1311040.0,121842.0,1.1981132075471699,12368.301886792453,10323.149606299212,0.905511811023622
PRV55917,0.0,0.0,0.0,0.0,0.0,0.0,50.0,50.0,14150.0,283.0,20.0,0.4,50,50.0,14150.0,20.0,1.0,283.0,283.0,0.0
PRV55918,2.0,2.0,17000.0,8500.0,2136.0,1068.0,8.0,8.0,760.0,95.0,0.0,0.0,10,10.0,17760.0,2136.0,1.0,1776.0,1776.0,0.2
PRV55919,0.0,0.0,0.0,0.0,0.0,0.0,21.0,19.0,6050.0,288.0952380952381,0.0,0.0,19,21.0,6050.0,0.0,1.105263157894737,318.42105263157896,288.0952380952381,0.0
PRV55920,0.0,0.0,0.0,0.0,0.0,0.0,110.0,102.0,25550.0,232.27272727272728,260.0,2.3636363636363638,102,110.0,25550.0,260.0,1.0784313725490196,250.49019607843138,232.27272727272728,0.0
PRV55921,0.0,0.0,0.0,0.0,0.0,0.0,59.0,56.0,21140.0,358.3050847457627,90.0,1.5254237288135593,56,59.0,21140.0,90.0,1.0535714285714286,377.5,358.3050847457627,0.0
PRV55925,4.0,4.0,44000.0,11000.0,4272.0,1068.0,17.0,16.0,6810.0,400.5882352941176,40.0,2.3529411764705883,20,21.0,50810.0,4312.0,1.05,2540.5,2419.5238095238096,0.19047619047619047
PRV55926,0.0,0.0,0.0,0.0,0.0,0.0,26.0,26.0,6930.0,266.53846153846155,30.0,1.1538461538461537,26,26.0,6930.0,30.0,1.0,266.53846153846155,266.53846153846155,0.0
PRV55927,0.0,0.0,0.0,0.0,0.0,0.0,212.0,167.0,72180.0,340.47169811320754,650.0,3.0660377358490565,167,212.0,72180.0,650.0,1.2694610778443114,432.21556886227546,340.47169811320754,0.0
PRV55928,0.0,0.0,0.0,0.0,0.0,0.0,12.0,11.0,6410.0,534.1666666666666,0.0,0.0,11,12.0,6410.0,0.0,1.0909090909090908,582.7272727272727,534.1666666666666,0.0
PRV55929,0.0,0.0,0.0,0.0,0.0,0.0,287.0,215.0,68790.0,239.68641114982577,800.0,2.7874564459930316,215,287.0,68790.0,800.0,1.3348837209302327,319.95348837209303,239.68641114982577,0.0
PRV55930,7.0,7.0,74000.0,10571.42857142857,7476.0,1068.0,38.0,27.0,10580.0,278.42105263157896,340.0,8.947368421052632,34,45.0,84580.0,7816.0,1.3235294117647058,2487.6470588235293,1879.5555555555557,0.15555555555555556
PRV55931,0.0,0.0,0.0,0.0,0.0,0.0,295.0,108.0,85700.0,290.50847457627117,810.0,2.7457627118644066,108,295.0,85700.0,810.0,2.7314814814814814,793.5185185185185,290.50847457627117,0.0
PRV55933,45.0,39.0,365600.0,8124.444444444444,46992.0,1068.0,453.0,327.0,130830.0,288.8079470198675,2030.0,4.481236203090508,356,498.0,496430.0,49022.0,1.398876404494382,1394.4662921348315,996.847389558233,0.09036144578313253
PRV55934,6.0,6.0,38000.0,6333.333333333333,6408.0,1068.0,647.0,212.0,216220.0,334.1885625965997,1900.0,2.936630602782071,218,653.0,254220.0,8308.0,2.9954128440366974,1166.1467889908256,389.31087289433384,0.009188361408882083
PRV55935,0.0,0.0,0.0,0.0,0.0,0.0,550.0,393.0,125030.0,227.3272727272727,1310.0,2.381818181818182,393,550.0,125030.0,1310.0,1.3994910941475827,318.14249363867685,227.3272727272727,0.0
PRV55936,0.0,0.0,0.0,0.0,0.0,0.0,24.0,24.0,5750.0,239.58333333333334,90.0,3.75,24,24.0,5750.0,90.0,1.0,239.58333333333334,239.58333333333334,0.0
PRV55937,7.0,6.0,43000.0,6142.857142857143,7476.0,1068.0,375.0,196.0,122910.0,327.76,890.0,2.3733333333333335,201,382.0,165910.0,8366.0,1.900497512437811,825.4228855721393,434.3193717277487,0.01832460732984293
PRV55938,0.0,0.0,0.0,0.0,0.0,0.0,9.0,9.0,1400.0,155.55555555555554,0.0,0.0,9,9.0,1400.0,0.0,1.0,155.55555555555554,155.55555555555554,0.0
PRV55939,28.0,27.0,293900.0,10496.42857142857,29904.0,1068.0,23.0,14.0,7860.0,341.7391304347826,230.0,10.0,40,51.0,301760.0,30134.0,1.275,7544.0,5916.862745098039,0.5490196078431373
PRV55940,0.0,0.0,0.0,0.0,0.0,0.0,32.0,29.0,7690.0,240.3125,80.0,2.5,29,32.0,7690.0,80.0,1.103448275862069,265.17241379310343,240.3125,0.0
PRV55941,0.0,0.0,0.0,0.0,0.0,0.0,57.0,56.0,14730.0,258.42105263157896,190.0,3.3333333333333335,56,57.0,14730.0,190.0,1.0178571428571428,263.0357142857143,258.42105263157896,0.0
PRV55942,2.0,2.0,12000.0,6000.0,2136.0,1068.0,80.0,76.0,11270.0,140.875,430.0,5.375,78,82.0,23270.0,2566.0,1.0512820512820513,298.3333333333333,283.780487804878,0.024390243902439025
PRV55943,34.0,33.0,284800.0,8376.470588235294,36312.0,1068.0,687.0,491.0,199270.0,290.05822416302766,1600.0,2.328966521106259,519,721.0,484070.0,37912.0,1.3892100192678227,932.6974951830443,671.3869625520111,0.047156726768377254
PRV55944,11.0,11.0,96000.0,8727.272727272728,11748.0,1068.0,15.0,14.0,1870.0,124.66666666666667,20.0,1.3333333333333333,25,26.0,97870.0,11768.0,1.04,3914.8,3764.230769230769,0.4230769230769231
PRV55945,0.0,0.0,0.0,0.0,0.0,0.0,20.0,19.0,5050.0,252.5,0.0,0.0,19,20.0,5050.0,0.0,1.0526315789473684,265.7894736842105,252.5,0.0
PRV55946,0.0,0.0,0.0,0.0,0.0,0.0,50.0,50.0,22600.0,452.0,60.0,1.2,50,50.0,22600.0,60.0,1.0,452.0,452.0,0.0
PRV55948,4.0,4.0,73000.0,18250.0,4272.0,1068.0,24.0,24.0,2960.0,123.33333333333333,130.0,5.416666666666667,28,28.0,75960.0,4402.0,1.0,2712.8571428571427,2712.8571428571427,0.14285714285714285
PRV55950,0.0,0.0,0.0,0.0,0.0,0.0,11.0,11.0,7470.0,679.0909090909091,0.0,0.0,11,11.0,7470.0,0.0,1.0,679.0909090909091,679.0909090909091,0.0
PRV55951,38.0,37.0,329000.0,8657.894736842105,39516.0,1068.0,410.0,320.0,92000.0,224.390243902439,1050.0,2.5609756097560976,355,448.0,421000.0,40566.0,1.2619718309859156,1185.9154929577464,939.7321428571429,0.08482142857142858
PRV55953,0.0,0.0,0.0,0.0,0.0,0.0,13.0,13.0,5630.0,433.0769230769231,0.0,0.0,13,13.0,5630.0,0.0,1.0,433.0769230769231,433.0769230769231,0.0
PRV55955,0.0,0.0,0.0,0.0,0.0,0.0,246.0,235.0,63250.0,257.1138211382114,610.0,2.4796747967479673,235,246.0,63250.0,610.0,1.0468085106382978,269.1489361702128,257.1138211382114,0.0
PRV55956,8.0,7.0,63000.0,7875.0,7476.0,1068.0,14.0,12.0,1190.0,85.0,0.0,0.0,18,22.0,64190.0,7476.0,1.2222222222222223,3566.1111111111113,2917.7272727272725,0.36363636363636365
PRV55957,22.0,22.0,214900.0,9768.181818181818,22428.0,1068.0,85.0,78.0,28540.0,335.7647058823529,240.0,2.823529411764706,100,107.0,243440.0,22668.0,1.07,2434.4,2275.1401869158876,0.205607476635514
PRV55958,0.0,0.0,0.0,0.0,0.0,0.0,30.0,28.0,8020.0,267.3333333333333,0.0,0.0,28,30.0,8020.0,0.0,1.0714285714285714,286.42857142857144,267.3333333333333,0.0
PRV55959,0.0,0.0,0.0,0.0,0.0,0.0,324.0,160.0,74710.0,230.58641975308643,810.0,2.5,160,324.0,74710.0,810.0,2.025,466.9375,230.58641975308643,0.0
PRV55963,0.0,0.0,0.0,0.0,0.0,0.0,47.0,43.0,8530.0,181.48936170212767,100.0,2.127659574468085,43,47.0,8530.0,100.0,1.0930232558139534,198.37209302325581,181.48936170212767,0.0
PRV55964,0.0,0.0,0.0,0.0,0.0,0.0,37.0,33.0,8180.0,221.0810810810811,130.0,3.5135135135135136,33,37.0,8180.0,130.0,1.121212121212121,247.87878787878788,221.0810810810811,0.0
PRV55965,0.0,0.0,0.0,0.0,0.0,0.0,33.0,30.0,9180.0,278.1818181818182,70.0,2.121212121212121,30,33.0,9180.0,70.0,1.1,306.0,278.1818181818182,0.0
PRV55966,0.0,0.0,0.0,0.0,0.0,0.0,21.0,21.0,7620.0,362.85714285714283,0.0,0.0,21,21.0,7620.0,0.0,1.0,362.85714285714283,362.85714285714283,0.0
PRV55968,0.0,0.0,0.0,0.0,0.0,0.0,148.0,75.0,53460.0,361.2162162162162,570.0,3.8513513513513513,75,148.0,53460.0,570.0,1.9733333333333334,712.8,361.2162162162162,0.0
PRV55969,0.0,0.0,0.0,0.0,0.0,0.0,688.0,527.0,204140.0,296.7151162790698,2200.0,3.197674418604651,527,688.0,204140.0,2200.0,1.3055028462998102,387.36242884250476,296.7151162790698,0.0
PRV55970,16.0,16.0,213000.0,13312.5,17088.0,1068.0,24.0,22.0,8400.0,350.0,100.0,4.166666666666667,38,40.0,221400.0,17188.0,1.0526315789473684,5826.315789473684,5535.0,0.4
PRV55971,101.0,88.0,1061600.0,10510.89108910891,105732.0,1068.0,519.0,258.0,150400.0,289.78805394990366,2120.0,4.0847784200385355,317,620.0,1212000.0,107852.0,1.9558359621451105,3823.3438485804418,1954.8387096774193,0.1629032258064516
PRV55972,19.0,19.0,127400.0,6705.263157894737,19224.0,1068.0,91.0,88.0,25120.0,276.04395604395603,240.0,2.6373626373626373,107,110.0,152520.0,19464.0,1.02803738317757,1425.4205607476636,1386.5454545454545,0.17272727272727273
PRV55974,0.0,0.0,0.0,0.0,0.0,0.0,175.0,51.0,69110.0,394.9142857142857,310.0,1.7714285714285714,51,175.0,69110.0,310.0,3.4313725490196076,1355.0980392156862,394.9142857142857,0.0
PRV55977,0.0,0.0,0.0,0.0,0.0,0.0,1302.0,762.0,371100.0,285.0230414746544,3110.0,2.38863287250384,762,1302.0,371100.0,3110.0,1.7086614173228347,487.00787401574803,285.0230414746544,0.0
PRV55978,92.0,87.0,890900.0,9683.695652173914,93984.0,1068.0,309.0,257.0,66590.0,215.50161812297733,1090.0,3.527508090614887,342,401.0,957490.0,95074.0,1.172514619883041,2799.6783625730995,2387.755610972569,0.22942643391521197
PRV55980,0.0,0.0,0.0,0.0,0.0,0.0,17.0,17.0,8700.0,511.7647058823529,0.0,0.0,17,17.0,8700.0,0.0,1.0,511.7647058823529,511.7647058823529,0.0
PRV55981,15.0,15.0,102000.0,6800.0,16020.0,1068.0,39.0,39.0,8140.0,208.71794871794873,130.0,3.3333333333333335,54,54.0,110140.0,16150.0,1.0,2039.6296296296296,2039.6296296296296,0.2777777777777778
PRV55982,0.0,0.0,0.0,0.0,0.0,0.0,4.0,4.0,750.0,187.5,0.0,0.0,4,4.0,750.0,0.0,1.0,187.5,187.5,0.0
PRV55983,8.0,8.0,114000.0,14250.0,8544.0,1068.0,14.0,14.0,5670.0,405.0,70.0,5.0,21,22.0,119670.0,8614.0,1.0476190476190477,5698.571428571428,5439.545454545455,0.36363636363636365
PRV55984,0.0,0.0,0.0,0.0,0.0,0.0,392.0,282.0,126120.0,321.734693877551,830.0,2.11734693877551,282,392.0,126120.0,830.0,1.3900709219858156,447.2340425531915,321.734693877551,0.0
PRV55985,0.0,0.0,0.0,0.0,0.0,0.0,58.0,52.0,19270.0,332.2413793103448,50.0,0.8620689655172413,52,58.0,19270.0,50.0,1.1153846153846154,370.5769230769231,332.2413793103448,0.0
PRV55986,0.0,0.0,0.0,0.0,0.0,0.0,232.0,212.0,65390.0,281.8534482758621,660.0,2.8448275862068964,212,232.0,65390.0,660.0,1.0943396226415094,308.4433962264151,281.8534482758621,0.0
PRV55989,0.0,0.0,0.0,0.0,0.0,0.0,2.0,2.0,150.0,75.0,0.0,0.0,2,2.0,150.0,0.0,1.0,75.0,75.0,0.0
PRV55990,22.0,21.0,189900.0,8631.818181818182,23496.0,1068.0,209.0,121.0,61200.0,292.82296650717706,440.0,2.1052631578947367,131,231.0,251100.0,23936.0,1.7633587786259541,1916.793893129771,1087.012987012987,0.09523809523809523
PRV55991,0.0,0.0,0.0,0.0,0.0,0.0,32.0,31.0,6570.0,205.3125,150.0,4.6875,31,32.0,6570.0,150.0,1.032258064516129,211.93548387096774,205.3125,0.0
PRV55993,0.0,0.0,0.0,0.0,0.0,0.0,32.0,28.0,5360.0,167.5,0.0,0.0,28,32.0,5360.0,0.0,1.1428571428571428,191.42857142857142,167.5,0.0
PRV55995,0.0,0.0,0.0,0.0,0.0,0.0,46.0,42.0,19840.0,431.30434782608694,0.0,0.0,42,46.0,19840.0,0.0,1.0952380952380953,472.3809523809524,431.30434782608694,0.0
PRV55996,29.0,25.0,236500.0,8155.172413793103,30972.0,1068.0,69.0,66.0,27630.0,400.4347826086956,0.0,0.0,90,98.0,264130.0,30972.0,1.0888888888888888,2934.777777777778,2695.204081632653,0.29591836734693877
PRV55997,0.0,0.0,0.0,0.0,0.0,0.0,326.0,243.0,79640.0,244.29447852760737,1140.0,3.496932515337423,243,326.0,79640.0,1140.0,1.3415637860082306,327.7366255144033,244.29447852760737,0.0
PRV55999,0.0,0.0,0.0,0.0,0.0,0.0,306.0,120.0,74190.0,242.45098039215685,480.0,1.5686274509803921,120,306.0,74190.0,480.0,2.55,618.25,242.45098039215685,0.0
PRV56001,57.0,54.0,525000.0,9210.526315789473,59808.0,1068.0,13.0,13.0,3570.0,274.61538461538464,0.0,0.0,67,70.0,528570.0,59808.0,1.044776119402985,7889.104477611941,7551.0,0.8142857142857143
PRV56002,11.0,11.0,173000.0,15727.272727272728,11748.0,1068.0,21.0,20.0,4810.0,229.04761904761904,0.0,0.0,31,32.0,177810.0,11748.0,1.032258064516129,5735.806451612903,5556.5625,0.34375
PRV56003,8.0,8.0,77000.0,9625.0,8544.0,1068.0,4.0,4.0,180.0,45.0,0.0,0.0,12,12.0,77180.0,8544.0,1.0,6431.666666666667,6431.666666666667,0.6666666666666666
PRV56004,0.0,0.0,0.0,0.0,0.0,0.0,5.0,5.0,3470.0,694.0,50.0,10.0,5,5.0,3470.0,50.0,1.0,694.0,694.0,0.0
PRV56005,2.0,2.0,12000.0,6000.0,2136.0,1068.0,72.0,54.0,19660.0,273.05555555555554,30.0,0.4166666666666667,55,74.0,31660.0,2166.0,1.3454545454545455,575.6363636363636,427.8378378378378,0.02702702702702703
PRV56006,0.0,0.0,0.0,0.0,0.0,0.0,1090.0,531.0,289380.0,265.48623853211006,3170.0,2.908256880733945,531,1090.0,289380.0,3170.0,2.0527306967984935,544.9717514124294,265.48623853211006,0.0
PRV56007,69.0,55.0,833800.0,12084.057971014492,72624.0,1068.0,12.0,12.0,3130.0,260.8333333333333,0.0,0.0,67,81.0,836930.0,72624.0,1.208955223880597,12491.492537313432,10332.469135802468,0.8518518518518519
PRV56008,0.0,0.0,0.0,0.0,0.0,0.0,1370.0,686.0,476600.0,347.88321167883214,4080.0,2.978102189781022,686,1370.0,476600.0,4080.0,1.9970845481049562,694.7521865889213,347.88321167883214,0.0
PRV56010,0.0,0.0,0.0,0.0,0.0,0.0,83.0,82.0,21600.0,260.2409638554217,250.0,3.0120481927710845,82,83.0,21600.0,250.0,1.0121951219512195,263.4146341463415,260.2409638554217,0.0
PRV56011,0.0,0.0,0.0,0.0,0.0,0.0,2833.0,1164.0,741640.0,261.7860924814684,8100.0,2.8591599011648428,1164,2833.0,741640.0,8100.0,2.433848797250859,637.147766323024,261.7860924814684,0.0
PRV56012,29.0,26.0,321000.0,11068.965517241379,29904.0,1068.0,15.0,15.0,4870.0,324.6666666666667,120.0,8.0,41,44.0,325870.0,30024.0,1.0731707317073171,7948.048780487805,7406.136363636364,0.6590909090909091
PRV56013,0.0,0.0,0.0,0.0,0.0,0.0,90.0,86.0,27360.0,304.0,320.0,3.5555555555555554,86,90.0,27360.0,320.0,1.0465116279069768,318.13953488372096,304.0,0.0
PRV56014,19.0,19.0,142000.0,7473.684210526316,20292.0,1068.0,15.0,15.0,3050.0,203.33333333333334,0.0,0.0,34,34.0,145050.0,20292.0,1.0,4266.176470588235,4266.176470588235,0.5588235294117647
PRV56015,6.0,6.0,52000.0,8666.666666666666,6408.0,1068.0,143.0,109.0,40600.0,283.9160839160839,150.0,1.048951048951049,115,149.0,92600.0,6558.0,1.2956521739130435,805.2173913043479,621.4765100671141,0.040268456375838924
PRV56016,0.0,0.0,0.0,0.0,0.0,0.0,12.0,12.0,6350.0,529.1666666666666,0.0,0.0,12,12.0,6350.0,0.0,1.0,529.1666666666666,529.1666666666666,0.0
PRV56017,11.0,10.0,210000.0,19090.909090909092,9612.0,1068.0,2.0,2.0,60.0,30.0,0.0,0.0,12,13.0,210060.0,9612.0,1.0833333333333333,17505.0,16158.461538461539,0.8461538461538461
PRV56018,25.0,24.0,221000.0,8840.0,26700.0,1068.0,47.0,47.0,19840.0,422.1276595744681,240.0,5.1063829787234045,71,72.0,240840.0,26940.0,1.0140845070422535,3392.112676056338,3345.0,0.3472222222222222
PRV56019,0.0,0.0,0.0,0.0,0.0,0.0,659.0,268.0,186820.0,283.49013657056145,2450.0,3.7177541729893777,268,659.0,186820.0,2450.0,2.458955223880597,697.0895522388059,283.49013657056145,0.0
PRV56020,15.0,15.0,136000.0,9066.666666666666,16020.0,1068.0,140.0,133.0,59770.0,426.92857142857144,360.0,2.5714285714285716,148,155.0,195770.0,16380.0,1.0472972972972974,1322.7702702702702,1263.032258064516,0.0967741935483871
PRV56021,0.0,0.0,0.0,0.0,0.0,0.0,128.0,124.0,39920.0,311.875,150.0,1.171875,124,128.0,39920.0,150.0,1.032258064516129,321.93548387096774,311.875,0.0
PRV56023,7.0,7.0,75000.0,10714.285714285714,6408.0,1068.0,35.0,33.0,13070.0,373.42857142857144,130.0,3.7142857142857144,40,42.0,88070.0,6538.0,1.05,2201.75,2096.904761904762,0.16666666666666666
PRV56025,0.0,0.0,0.0,0.0,0.0,0.0,153.0,148.0,44660.0,291.8954248366013,0.0,0.0,148,153.0,44660.0,0.0,1.0337837837837838,301.7567567567568,291.8954248366013,0.0
PRV56026,0.0,0.0,0.0,0.0,0.0,0.0,44.0,43.0,29650.0,673.8636363636364,190.0,4.318181818181818,43,44.0,29650.0,190.0,1.0232558139534884,689.5348837209302,673.8636363636364,0.0
PRV56027,0.0,0.0,0.0,0.0,0.0,0.0,25.0,24.0,8840.0,353.6,190.0,7.6,24,25.0,8840.0,190.0,1.0416666666666667,368.3333333333333,353.6,0.0
PRV56028,4.0,4.0,12000.0,3000.0,4272.0,1068.0,197.0,176.0,54770.0,278.02030456852793,550.0,2.7918781725888326,180,201.0,66770.0,4822.0,1.1166666666666667,370.94444444444446,332.18905472636817,0.01990049751243781
PRV56029,0.0,0.0,0.0,0.0,0.0,0.0,1.0,1.0,100.0,100.0,0.0,0.0,1,1.0,100.0,0.0,1.0,100.0,100.0,0.0
PRV56030,0.0,0.0,0.0,0.0,0.0,0.0,204.0,102.0,60370.0,295.9313725490196,220.0,1.0784313725490196,102,204.0,60370.0,220.0,2.0,591.8627450980392,295.9313725490196,0.0
PRV56031,9.0,9.0,59400.0,6600.0,9612.0,1068.0,10.0,10.0,2170.0,217.0,0.0,0.0,19,19.0,61570.0,9612.0,1.0,3240.5263157894738,3240.5263157894738,0.47368421052631576
PRV56032,0.0,0.0,0.0,0.0,0.0,0.0,9.0,9.0,3000.0,333.3333333333333,70.0,7.777777777777778,9,9.0,3000.0,70.0,1.0,333.3333333333333,333.3333333333333,0.0
PRV56033,4.0,4.0,50000.0,12500.0,3204.0,1068.0,4.0,4.0,160.0,40.0,0.0,0.0,8,8.0,50160.0,3204.0,1.0,6270.0,6270.0,0.5
PRV56034,0.0,0.0,0.0,0.0,0.0,0.0,13.0,13.0,1530.0,117.6923076923077,20.0,1.5384615384615385,13,13.0,1530.0,20.0,1.0,117.6923076923077,117.6923076923077,0.0
PRV56036,0.0,0.0,0.0,0.0,0.0,0.0,49.0,48.0,13140.0,268.16326530612247,90.0,1.836734693877551,48,49.0,13140.0,90.0,1.0208333333333333,273.75,268.16326530612247,0.0
PRV56037,0.0,0.0,0.0,0.0,0.0,0.0,5.0,5.0,1840.0,368.0,0.0,0.0,5,5.0,1840.0,0.0,1.0,368.0,368.0,0.0
PRV56038,1.0,1.0,1000.0,1000.0,1068.0,1068.0,6.0,6.0,450.0,75.0,0.0,0.0,7,7.0,1450.0,1068.0,1.0,207.14285714285714,207.14285714285714,0.14285714285714285
PRV56039,0.0,0.0,0.0,0.0,0.0,0.0,97.0,34.0,26020.0,268.2474226804124,390.0,4.020618556701031,34,97.0,26020.0,390.0,2.8529411764705883,765.2941176470588,268.2474226804124,0.0
PRV56040,0.0,0.0,0.0,0.0,0.0,0.0,13.0,11.0,22850.0,1757.6923076923076,0.0,0.0,11,13.0,22850.0,0.0,1.1818181818181819,2077.2727272727275,1757.6923076923076,0.0
PRV56041,0.0,0.0,0.0,0.0,0.0,0.0,55.0,19.0,32040.0,582.5454545454545,30.0,0.5454545454545454,19,55.0,32040.0,30.0,2.8947368421052633,1686.3157894736842,582.5454545454545,0.0
PRV56044,16.0,12.0,284000.0,17750.0,17088.0,1068.0,244.0,70.0,66770.0,273.6475409836066,590.0,2.418032786885246,76,260.0,350770.0,17678.0,3.4210526315789473,4615.394736842105,1349.1153846153845,0.06153846153846154
PRV56045,0.0,0.0,0.0,0.0,0.0,0.0,120.0,49.0,27980.0,233.16666666666666,450.0,3.75,49,120.0,27980.0,450.0,2.4489795918367347,571.0204081632653,233.16666666666666,0.0
PRV56046,14.0,13.0,121000.0,8642.857142857143,14952.0,1068.0,6.0,6.0,680.0,113.33333333333333,0.0,0.0,17,20.0,121680.0,14952.0,1.1764705882352942,7157.64705882353,6084.0,0.7
PRV56047,0.0,0.0,0.0,0.0,0.0,0.0,3.0,3.0,60.0,20.0,0.0,0.0,3,3.0,60.0,0.0,1.0,20.0,20.0,0.0
PRV56048,0.0,0.0,0.0,0.0,0.0,0.0,16.0,16.0,7380.0,461.25,0.0,0.0,16,16.0,7380.0,0.0,1.0,461.25,461.25,0.0
PRV56049,0.0,0.0,0.0,0.0,0.0,0.0,149.0,101.0,32580.0,218.65771812080536,110.0,0.738255033557047,101,149.0,32580.0,110.0,1.4752475247524752,322.5742574257426,218.65771812080536,0.0
PRV56050,0.0,0.0,0.0,0.0,0.0,0.0,1.0,1.0,40.0,40.0,0.0,0.0,1,1.0,40.0,0.0,1.0,40.0,40.0,0.0
PRV56051,0.0,0.0,0.0,0.0,0.0,0.0,4.0,4.0,1280.0,320.0,0.0,0.0,4,4.0,1280.0,0.0,1.0,320.0,320.0,0.0
PRV56052,0.0,0.0,0.0,0.0,0.0,0.0,12.0,10.0,2950.0,245.83333333333334,0.0,0.0,10,12.0,2950.0,0.0,1.2,295.0,245.83333333333334,0.0
PRV56054,0.0,0.0,0.0,0.0,0.0,0.0,45.0,26.0,18830.0,418.44444444444446,300.0,6.666666666666667,26,45.0,18830.0,300.0,1.7307692307692308,724.2307692307693,418.44444444444446,0.0
PRV56055,0.0,0.0,0.0,0.0,0.0,0.0,9.0,8.0,4470.0,496.6666666666667,0.0,0.0,8,9.0,4470.0,0.0,1.125,558.75,496.6666666666667,0.0
PRV56056,0.0,0.0,0.0,0.0,0.0,0.0,1.0,1.0,40.0,40.0,0.0,0.0,1,1.0,40.0,0.0,1.0,40.0,40.0,0.0
PRV56057,9.0,9.0,97000.0,10777.777777777777,9612.0,1068.0,0.0,0.0,0.0,0.0,0.0,0.0,9,9.0,97000.0,9612.0,1.0,10777.777777777777,10777.777777777777,1.0
PRV56058,11.0,11.0,90000.0,8181.818181818182,10680.0,1068.0,0.0,0.0,0.0,0.0,0.0,0.0,11,11.0,90000.0,10680.0,1.0,8181.818181818182,8181.818181818182,1.0
PRV56060,0.0,0.0,0.0,0.0,0.0,0.0,1.0,1.0,50.0,50.0,0.0,0.0,1,1.0,50.0,0.0,1.0,50.0,50.0,0.0
PRV56062,0.0,0.0,0.0,0.0,0.0,0.0,25.0,24.0,6290.0,251.6,60.0,2.4,24,25.0,6290.0,60.0,1.0416666666666667,262.0833333333333,251.6,0.0
PRV56063,0.0,0.0,0.0,0.0,0.0,0.0,11.0,11.0,1670.0,151.8181818181818,0.0,0.0,11,11.0,1670.0,0.0,1.0,151.8181818181818,151.8181818181818,0.0
PRV56065,0.0,0.0,0.0,0.0,0.0,0.0,1.0,1.0,70.0,70.0,0.0,0.0,1,1.0,70.0,0.0,1.0,70.0,70.0,0.0
PRV56066,0.0,0.0,0.0,0.0,0.0,0.0,8.0,8.0,4010.0,501.25,0.0,0.0,8,8.0,4010.0,0.0,1.0,501.25,501.25,0.0
PRV56067,0.0,0.0,0.0,0.0,0.0,0.0,3.0,3.0,1310.0,436.6666666666667,0.0,0.0,3,3.0,1310.0,0.0,1.0,436.6666666666667,436.6666666666667,0.0
PRV56068,0.0,0.0,0.0,0.0,0.0,0.0,41.0,38.0,15780.0,384.8780487804878,70.0,1.7073170731707317,38,41.0,15780.0,70.0,1.0789473684210527,415.2631578947368,384.8780487804878,0.0
PRV56071,0.0,0.0,0.0,0.0,0.0,0.0,3.0,3.0,270.0,90.0,0.0,0.0,3,3.0,270.0,0.0,1.0,90.0,90.0,0.0
PRV56072,0.0,0.0,0.0,0.0,0.0,0.0,1.0,1.0,80.0,80.0,0.0,0.0,1,1.0,80.0,0.0,1.0,80.0,80.0,0.0
PRV56073,0.0,0.0,0.0,0.0,0.0,0.0,12.0,12.0,2440.0,203.33333333333334,0.0,0.0,12,12.0,2440.0,0.0,1.0,203.33333333333334,203.33333333333334,0.0
PRV56075,0.0,0.0,0.0,0.0,0.0,0.0,12.0,12.0,3020.0,251.66666666666666,0.0,0.0,12,12.0,3020.0,0.0,1.0,251.66666666666666,251.66666666666666,0.0
PRV56076,0.0,0.0,0.0,0.0,0.0,0.0,3.0,3.0,520.0,173.33333333333334,0.0,0.0,3,3.0,520.0,0.0,1.0,173.33333333333334,173.33333333333334,0.0
PRV56077,0.0,0.0,0.0,0.0,0.0,0.0,7.0,7.0,2450.0,350.0,0.0,0.0,7,7.0,2450.0,0.0,1.0,350.0,350.0,0.0
PRV56078,0.0,0.0,0.0,0.0,0.0,0.0,4.0,4.0,510.0,127.5,0.0,0.0,4,4.0,510.0,0.0,1.0,127.5,127.5,0.0
PRV56080,0.0,0.0,0.0,0.0,0.0,0.0,5.0,5.0,250.0,50.0,0.0,0.0,5,5.0,250.0,0.0,1.0,50.0,50.0,0.0
PRV56083,0.0,0.0,0.0,0.0,0.0,0.0,3.0,3.0,3570.0,1190.0,0.0,0.0,3,3.0,3570.0,0.0,1.0,1190.0,1190.0,0.0
PRV56084,0.0,0.0,0.0,0.0,0.0,0.0,1.0,1.0,50.0,50.0,0.0,0.0,1,1.0,50.0,0.0,1.0,50.0,50.0,0.0
PRV56086,0.0,0.0,0.0,0.0,0.0,0.0,16.0,14.0,4280.0,267.5,90.0,5.625,14,16.0,4280.0,90.0,1.1428571428571428,305.7142857142857,267.5,0.0
PRV56087,0.0,0.0,0.0,0.0,0.0,0.0,1.0,1.0,300.0,300.0,0.0,0.0,1,1.0,300.0,0.0,1.0,300.0,300.0,0.0
PRV56088,0.0,0.0,0.0,0.0,0.0,0.0,85.0,74.0,25150.0,295.88235294117646,310.0,3.6470588235294117,74,85.0,25150.0,310.0,1.1486486486486487,339.86486486486484,295.88235294117646,0.0
PRV56089,0.0,0.0,0.0,0.0,0.0,0.0,1.0,1.0,10.0,10.0,0.0,0.0,1,1.0,10.0,0.0,1.0,10.0,10.0,0.0
PRV56090,0.0,0.0,0.0,0.0,0.0,0.0,12.0,11.0,1580.0,131.66666666666666,0.0,0.0,11,12.0,1580.0,0.0,1.0909090909090908,143.63636363636363,131.66666666666666,0.0
PRV56091,0.0,0.0,0.0,0.0,0.0,0.0,1.0,1.0,200.0,200.0,0.0,0.0,1,1.0,200.0,0.0,1.0,200.0,200.0,0.0
PRV56092,0.0,0.0,0.0,0.0,0.0,0.0,5.0,4.0,4330.0,866.0,0.0,0.0,4,5.0,4330.0,0.0,1.25,1082.5,866.0,0.0
PRV56093,0.0,0.0,0.0,0.0,0.0,0.0,7.0,7.0,2070.0,295.7142857142857,0.0,0.0,7,7.0,2070.0,0.0,1.0,295.7142857142857,295.7142857142857,0.0
PRV56094,0.0,0.0,0.0,0.0,0.0,0.0,25.0,24.0,7510.0,300.4,140.0,5.6,24,25.0,7510.0,140.0,1.0416666666666667,312.9166666666667,300.4,0.0
PRV56095,0.0,0.0,0.0,0.0,0.0,0.0,11.0,10.0,4910.0,446.3636363636364,0.0,0.0,10,11.0,4910.0,0.0,1.1,491.0,446.3636363636364,0.0
PRV56098,0.0,0.0,0.0,0.0,0.0,0.0,21.0,18.0,2840.0,135.23809523809524,90.0,4.285714285714286,18,21.0,2840.0,90.0,1.1666666666666667,157.77777777777777,135.23809523809524,0.0
PRV56099,0.0,0.0,0.0,0.0,0.0,0.0,3.0,3.0,630.0,210.0,0.0,0.0,3,3.0,630.0,0.0,1.0,210.0,210.0,0.0
PRV56101,0.0,0.0,0.0,0.0,0.0,0.0,5.0,5.0,5620.0,1124.0,60.0,12.0,5,5.0,5620.0,60.0,1.0,1124.0,1124.0,0.0
PRV56102,8.0,8.0,79000.0,9875.0,8544.0,1068.0,28.0,27.0,7790.0,278.2142857142857,0.0,0.0,35,36.0,86790.0,8544.0,1.0285714285714285,2479.714285714286,2410.8333333333335,0.2222222222222222
PRV56103,68.0,55.0,677000.0,9955.882352941177,69420.0,1068.0,48.0,43.0,14860.0,309.5833333333333,0.0,0.0,89,116.0,691860.0,69420.0,1.303370786516854,7773.70786516854,5964.310344827586,0.5862068965517241
PRV56104,0.0,0.0,0.0,0.0,0.0,0.0,483.0,232.0,116260.0,240.703933747412,1190.0,2.463768115942029,232,483.0,116260.0,1190.0,2.081896551724138,501.12068965517244,240.703933747412,0.0
PRV56105,29.0,26.0,264500.0,9120.689655172413,28836.0,1068.0,3.0,3.0,70.0,23.333333333333332,0.0,0.0,29,32.0,264570.0,28836.0,1.103448275862069,9123.103448275862,8267.8125,0.90625
PRV56106,2.0,2.0,10000.0,5000.0,1068.0,1068.0,0.0,0.0,0.0,0.0,0.0,0.0,2,2.0,10000.0,1068.0,1.0,5000.0,5000.0,1.0
PRV56108,0.0,0.0,0.0,0.0,0.0,0.0,15.0,11.0,7360.0,490.6666666666667,0.0,0.0,11,15.0,7360.0,0.0,1.3636363636363635,669.0909090909091,490.6666666666667,0.0
PRV56109,0.0,0.0,0.0,0.0,0.0,0.0,12.0,11.0,2320.0,193.33333333333334,0.0,0.0,11,12.0,2320.0,0.0,1.0909090909090908,210.9090909090909,193.33333333333334,0.0
PRV56111,0.0,0.0,0.0,0.0,0.0,0.0,93.0,50.0,20060.0,215.69892473118279,220.0,2.3655913978494625,50,93.0,20060.0,220.0,1.86,401.2,215.69892473118279,0.0
PRV56113,0.0,0.0,0.0,0.0,0.0,0.0,45.0,30.0,16260.0,361.3333333333333,0.0,0.0,30,45.0,16260.0,0.0,1.5,542.0,361.3333333333333,0.0
PRV56114,0.0,0.0,0.0,0.0,0.0,0.0,41.0,26.0,13180.0,321.4634146341463,50.0,1.2195121951219512,26,41.0,13180.0,50.0,1.5769230769230769,506.9230769230769,321.4634146341463,0.0
PRV56115,0.0,0.0,0.0,0.0,0.0,0.0,2.0,2.0,290.0,145.0,0.0,0.0,2,2.0,290.0,0.0,1.0,145.0,145.0,0.0
PRV56116,0.0,0.0,0.0,0.0,0.0,0.0,35.0,34.0,9790.0,279.7142857142857,70.0,2.0,34,35.0,9790.0,70.0,1.0294117647058822,287.94117647058823,279.7142857142857,0.0
PRV56117,0.0,0.0,0.0,0.0,0.0,0.0,14.0,12.0,1420.0,101.42857142857143,0.0,0.0,12,14.0,1420.0,0.0,1.1666666666666667,118.33333333333333,101.42857142857143,0.0
PRV56118,14.0,14.0,116000.0,8285.714285714286,13884.0,1068.0,0.0,0.0,0.0,0.0,0.0,0.0,14,14.0,116000.0,13884.0,1.0,8285.714285714286,8285.714285714286,1.0
PRV56119,11.0,11.0,120000.0,10909.09090909091,11748.0,1068.0,0.0,0.0,0.0,0.0,0.0,0.0,11,11.0,120000.0,11748.0,1.0,10909.09090909091,10909.09090909091,1.0
PRV56120,4.0,4.0,36000.0,9000.0,4272.0,1068.0,0.0,0.0,0.0,0.0,0.0,0.0,4,4.0,36000.0,4272.0,1.0,9000.0,9000.0,1.0
PRV56121,16.0,16.0,229000.0,14312.5,17088.0,1068.0,0.0,0.0,0.0,0.0,0.0,0.0,16,16.0,229000.0,17088.0,1.0,14312.5,14312.5,1.0
PRV56122,3.0,3.0,20000.0,6666.666666666667,2136.0,1068.0,0.0,0.0,0.0,0.0,0.0,0.0,3,3.0,20000.0,2136.0,1.0,6666.666666666667,6666.666666666667,1.0
PRV56123,40.0,38.0,498000.0,12450.0,41652.0,1068.0,0.0,0.0,0.0,0.0,0.0,0.0,38,40.0,498000.0,41652.0,1.0526315789473684,13105.263157894737,12450.0,1.0
PRV56124,6.0,6.0,84000.0,14000.0,6408.0,1068.0,0.0,0.0,0.0,0.0,0.0,0.0,6,6.0,84000.0,6408.0,1.0,14000.0,14000.0,1.0
PRV56125,7.0,7.0,45000.0,6428.571428571428,7476.0,1068.0,0.0,0.0,0.0,0.0,0.0,0.0,7,7.0,45000.0,7476.0,1.0,6428.571428571428,6428.571428571428,1.0
PRV56126,6.0,6.0,31000.0,5166.666666666667,6408.0,1068.0,0.0,0.0,0.0,0.0,0.0,0.0,6,6.0,31000.0,6408.0,1.0,5166.666666666667,5166.666666666667,1.0
PRV56129,23.0,21.0,256000.0,11130.434782608696,24564.0,1068.0,0.0,0.0,0.0,0.0,0.0,0.0,21,23.0,256000.0,24564.0,1.0952380952380953,12190.47619047619,11130.434782608696,1.0
PRV56130,17.0,16.0,120000.0,7058.823529411765,18156.0,1068.0,0.0,0.0,0.0,0.0,0.0,0.0,16,17.0,120000.0,18156.0,1.0625,7500.0,7058.823529411765,1.0
PRV56131,15.0,13.0,141000.0,9400.0,16020.0,1068.0,0.0,0.0,0.0,0.0,0.0,0.0,13,15.0,141000.0,16020.0,1.1538461538461537,10846.153846153846,9400.0,1.0
PRV56133,15.0,14.0,144000.0,9600.0,16020.0,1068.0,0.0,0.0,0.0,0.0,0.0,0.0,14,15.0,144000.0,16020.0,1.0714285714285714,10285.714285714286,9600.0,1.0
PRV56134,62.0,58.0,768000.0,12387.09677419355,66216.0,1068.0,0.0,0.0,0.0,0.0,0.0,0.0,58,62.0,768000.0,66216.0,1.0689655172413792,13241.379310344828,12387.09677419355,1.0
PRV56135,3.0,3.0,47000.0,15666.666666666666,2136.0,1068.0,19.0,14.0,10230.0,538.421052631579,0.0,0.0,16,22.0,57230.0,2136.0,1.375,3576.875,2601.3636363636365,0.13636363636363635
PRV56136,1.0,1.0,6000.0,6000.0,1068.0,1068.0,7.0,7.0,1120.0,160.0,0.0,0.0,8,8.0,7120.0,1068.0,1.0,890.0,890.0,0.125
PRV56137,0.0,0.0,0.0,0.0,0.0,0.0,48.0,30.0,16150.0,336.4583333333333,120.0,2.5,30,48.0,16150.0,120.0,1.6,538.3333333333334,336.4583333333333,0.0
PRV56138,0.0,0.0,0.0,0.0,0.0,0.0,36.0,22.0,13160.0,365.55555555555554,460.0,12.777777777777779,22,36.0,13160.0,460.0,1.6363636363636365,598.1818181818181,365.55555555555554,0.0
PRV56139,3.0,3.0,37000.0,12333.333333333334,3204.0,1068.0,18.0,13.0,8010.0,445.0,0.0,0.0,14,21.0,45010.0,3204.0,1.5,3215.0,2143.3333333333335,0.14285714285714285
PRV56140,16.0,16.0,128000.0,8000.0,17088.0,1068.0,15.0,14.0,2600.0,173.33333333333334,0.0,0.0,30,31.0,130600.0,17088.0,1.0333333333333334,4353.333333333333,4212.903225806452,0.5161290322580645
PRV56141,0.0,0.0,0.0,0.0,0.0,0.0,39.0,28.0,14540.0,372.8205128205128,40.0,1.0256410256410255,28,39.0,14540.0,40.0,1.3928571428571428,519.2857142857143,372.8205128205128,0.0
PRV56142,5.0,5.0,114000.0,22800.0,5340.0,1068.0,48.0,46.0,17590.0,366.4583333333333,110.0,2.2916666666666665,51,53.0,131590.0,5450.0,1.0392156862745099,2580.1960784313724,2482.830188679245,0.09433962264150944
PRV56143,0.0,0.0,0.0,0.0,0.0,0.0,29.0,24.0,5220.0,180.0,50.0,1.7241379310344827,24,29.0,5220.0,50.0,1.2083333333333333,217.5,180.0,0.0
PRV56145,0.0,0.0,0.0,0.0,0.0,0.0,52.0,40.0,22650.0,435.5769230769231,210.0,4.038461538461538,40,52.0,22650.0,210.0,1.3,566.25,435.5769230769231,0.0
PRV56146,0.0,0.0,0.0,0.0,0.0,0.0,21.0,14.0,11600.0,552.3809523809524,0.0,0.0,14,21.0,11600.0,0.0,1.5,828.5714285714286,552.3809523809524,0.0
PRV56147,2.0,2.0,18000.0,9000.0,2136.0,1068.0,6.0,6.0,470.0,78.33333333333333,0.0,0.0,8,8.0,18470.0,2136.0,1.0,2308.75,2308.75,0.25
PRV56148,0.0,0.0,0.0,0.0,0.0,0.0,143.0,70.0,23950.0,167.4825174825175,210.0,1.4685314685314685,70,143.0,23950.0,210.0,2.0428571428571427,342.14285714285717,167.4825174825175,0.0
PRV56149,0.0,0.0,0.0,0.0,0.0,0.0,27.0,16.0,6130.0,227.03703703703704,120.0,4.444444444444445,16,27.0,6130.0,120.0,1.6875,383.125,227.03703703703704,0.0
PRV56151,0.0,0.0,0.0,0.0,0.0,0.0,87.0,42.0,17780.0,204.367816091954,110.0,1.264367816091954,42,87.0,17780.0,110.0,2.0714285714285716,423.3333333333333,204.367816091954,0.0
PRV56152,0.0,0.0,0.0,0.0,0.0,0.0,18.0,15.0,6620.0,367.77777777777777,20.0,1.1111111111111112,15,18.0,6620.0,20.0,1.2,441.3333333333333,367.77777777777777,0.0
PRV56153,0.0,0.0,0.0,0.0,0.0,0.0,9.0,9.0,1410.0,156.66666666666666,0.0,0.0,9,9.0,1410.0,0.0,1.0,156.66666666666666,156.66666666666666,0.0
PRV56154,0.0,0.0,0.0,0.0,0.0,0.0,19.0,19.0,4350.0,228.94736842105263,0.0,0.0,19,19.0,4350.0,0.0,1.0,228.94736842105263,228.94736842105263,0.0
PRV56156,5.0,5.0,32000.0,6400.0,5340.0,1068.0,64.0,42.0,14620.0,228.4375,150.0,2.34375,46,69.0,46620.0,5490.0,1.5,1013.4782608695652,675.6521739130435,0.07246376811594203
PRV56157,0.0,0.0,0.0,0.0,0.0,0.0,38.0,32.0,13840.0,364.2105263157895,0.0,0.0,32,38.0,13840.0,0.0,1.1875,432.5,364.2105263157895,0.0
PRV56158,0.0,0.0,0.0,0.0,0.0,0.0,38.0,24.0,5930.0,156.05263157894737,40.0,1.0526315789473684,24,38.0,5930.0,40.0,1.5833333333333333,247.08333333333334,156.05263157894737,0.0
PRV56159,0.0,0.0,0.0,0.0,0.0,0.0,30.0,29.0,7160.0,238.66666666666666,350.0,11.666666666666666,29,30.0,7160.0,350.0,1.0344827586206897,246.89655172413794,238.66666666666666,0.0
PRV56161,13.0,12.0,101000.0,7769.2307692307695,12816.0,1068.0,34.0,28.0,4640.0,136.47058823529412,370.0,10.882352941176471,37,47.0,105640.0,13186.0,1.2702702702702702,2855.135135135135,2247.659574468085,0.2765957446808511
PRV56163,0.0,0.0,0.0,0.0,0.0,0.0,7.0,6.0,3180.0,454.2857142857143,80.0,11.428571428571429,6,7.0,3180.0,80.0,1.1666666666666667,530.0,454.2857142857143,0.0
PRV56164,0.0,0.0,0.0,0.0,0.0,0.0,27.0,27.0,5570.0,206.2962962962963,0.0,0.0,27,27.0,5570.0,0.0,1.0,206.2962962962963,206.2962962962963,0.0
PRV56165,0.0,0.0,0.0,0.0,0.0,0.0,19.0,13.0,12810.0,674.2105263157895,50.0,2.6315789473684212,13,19.0,12810.0,50.0,1.4615384615384615,985.3846153846154,674.2105263157895,0.0
PRV56166,2.0,2.0,8000.0,4000.0,2136.0,1068.0,6.0,6.0,720.0,120.0,0.0,0.0,8,8.0,8720.0,2136.0,1.0,1090.0,1090.0,0.25
PRV56168,0.0,0.0,0.0,0.0,0.0,0.0,1.0,1.0,20.0,20.0,0.0,0.0,1,1.0,20.0,0.0,1.0,20.0,20.0,0.0
PRV56169,0.0,0.0,0.0,0.0,0.0,0.0,22.0,17.0,7350.0,334.09090909090907,0.0,0.0,17,22.0,7350.0,0.0,1.2941176470588236,432.3529411764706,334.09090909090907,0.0
PRV56170,8.0,8.0,72000.0,9000.0,8544.0,1068.0,10.0,8.0,1370.0,137.0,0.0,0.0,16,18.0,73370.0,8544.0,1.125,4585.625,4076.1111111111113,0.4444444444444444
PRV56171,0.0,0.0,0.0,0.0,0.0,0.0,15.0,12.0,1140.0,76.0,10.0,0.6666666666666666,12,15.0,1140.0,10.0,1.25,95.0,76.0,0.0
PRV56172,3.0,3.0,23000.0,7666.666666666667,3204.0,1068.0,8.0,8.0,8140.0,1017.5,0.0,0.0,11,11.0,31140.0,3204.0,1.0,2830.909090909091,2830.909090909091,0.2727272727272727
PRV56173,6.0,5.0,101000.0,16833.333333333332,6408.0,1068.0,38.0,32.0,5720.0,150.52631578947367,160.0,4.2105263157894735,37,44.0,106720.0,6568.0,1.1891891891891893,2884.324324324324,2425.4545454545455,0.13636363636363635
PRV56174,1.0,1.0,3000.0,3000.0,1068.0,1068.0,9.0,9.0,550.0,61.111111111111114,0.0,0.0,10,10.0,3550.0,1068.0,1.0,355.0,355.0,0.1
PRV56176,0.0,0.0,0.0,0.0,0.0,0.0,21.0,15.0,7960.0,379.04761904761904,250.0,11.904761904761905,15,21.0,7960.0,250.0,1.4,530.6666666666666,379.04761904761904,0.0
PRV56177,0.0,0.0,0.0,0.0,0.0,0.0,18.0,10.0,2600.0,144.44444444444446,80.0,4.444444444444445,10,18.0,2600.0,80.0,1.8,260.0,144.44444444444446,0.0
PRV56179,1.0,1.0,8000.0,8000.0,1068.0,1068.0,7.0,7.0,1950.0,278.57142857142856,0.0,0.0,8,8.0,9950.0,1068.0,1.0,1243.75,1243.75,0.125
PRV56181,0.0,0.0,0.0,0.0,0.0,0.0,12.0,9.0,4550.0,379.1666666666667,0.0,0.0,9,12.0,4550.0,0.0,1.3333333333333333,505.55555555555554,379.1666666666667,0.0
PRV56182,0.0,0.0,0.0,0.0,0.0,0.0,51.0,44.0,13590.0,266.47058823529414,170.0,3.3333333333333335,44,51.0,13590.0,170.0,1.1590909090909092,308.8636363636364,266.47058823529414,0.0
PRV56183,0.0,0.0,0.0,0.0,0.0,0.0,23.0,19.0,4240.0,184.34782608695653,0.0,0.0,19,23.0,4240.0,0.0,1.2105263157894737,223.1578947368421,184.34782608695653,0.0
PRV56184,0.0,0.0,0.0,0.0,0.0,0.0,18.0,9.0,2730.0,151.66666666666666,130.0,7.222222222222222,9,18.0,2730.0,130.0,2.0,303.3333333333333,151.66666666666666,0.0
PRV56185,0.0,0.0,0.0,0.0,0.0,0.0,7.0,7.0,530.0,75.71428571428571,100.0,14.285714285714286,7,7.0,530.0,100.0,1.0,75.71428571428571,75.71428571428571,0.0
PRV56186,0.0,0.0,0.0,0.0,0.0,0.0,12.0,10.0,2660.0,221.66666666666666,0.0,0.0,10,12.0,2660.0,0.0,1.2,266.0,221.66666666666666,0.0
PRV56187,0.0,0.0,0.0,0.0,0.0,0.0,18.0,14.0,4970.0,276.1111111111111,110.0,6.111111111111111,14,18.0,4970.0,110.0,1.2857142857142858,355.0,276.1111111111111,0.0
PRV56189,0.0,0.0,0.0,0.0,0.0,0.0,6.0,5.0,960.0,160.0,0.0,0.0,5,6.0,960.0,0.0,1.2,192.0,160.0,0.0
PRV56190,0.0,0.0,0.0,0.0,0.0,0.0,6.0,4.0,790.0,131.66666666666666,60.0,10.0,4,6.0,790.0,60.0,1.5,197.5,131.66666666666666,0.0
PRV56191,0.0,0.0,0.0,0.0,0.0,0.0,62.0,37.0,20710.0,334.03225806451616,400.0,6.451612903225806,37,62.0,20710.0,400.0,1.6756756756756757,559.7297297297297,334.03225806451616,0.0
PRV56193,0.0,0.0,0.0,0.0,0.0,0.0,14.0,12.0,4880.0,348.57142857142856,100.0,7.142857142857143,12,14.0,4880.0,100.0,1.1666666666666667,406.6666666666667,348.57142857142856,0.0
PRV56194,0.0,0.0,0.0,0.0,0.0,0.0,8.0,5.0,2170.0,271.25,0.0,0.0,5,8.0,2170.0,0.0,1.6,434.0,271.25,0.0
PRV56196,0.0,0.0,0.0,0.0,0.0,0.0,6.0,6.0,740.0,123.33333333333333,0.0,0.0,6,6.0,740.0,0.0,1.0,123.33333333333333,123.33333333333333,0.0
PRV56198,0.0,0.0,0.0,0.0,0.0,0.0,21.0,12.0,6500.0,309.5238095238095,0.0,0.0,12,21.0,6500.0,0.0,1.75,541.6666666666666,309.5238095238095,0.0
PRV56199,0.0,0.0,0.0,0.0,0.0,0.0,16.0,13.0,2600.0,162.5,0.0,0.0,13,16.0,2600.0,0.0,1.2307692307692308,200.0,162.5,0.0
PRV56200,0.0,0.0,0.0,0.0,0.0,0.0,58.0,41.0,12600.0,217.24137931034483,0.0,0.0,41,58.0,12600.0,0.0,1.4146341463414633,307.3170731707317,217.24137931034483,0.0
PRV56201,0.0,0.0,0.0,0.0,0.0,0.0,3.0,2.0,120.0,40.0,0.0,0.0,2,3.0,120.0,0.0,1.5,60.0,40.0,0.0
PRV56202,1.0,1.0,10000.0,10000.0,1068.0,1068.0,0.0,0.0,0.0,0.0,0.0,0.0,1,1.0,10000.0,1068.0,1.0,10000.0,10000.0,1.0
PRV56206,0.0,0.0,0.0,0.0,0.0,0.0,31.0,30.0,6240.0,201.29032258064515,80.0,2.5806451612903225,30,31.0,6240.0,80.0,1.0333333333333334,208.0,201.29032258064515,0.0
PRV56207,3.0,3.0,69000.0,23000.0,3204.0,1068.0,92.0,89.0,20520.0,223.04347826086956,380.0,4.130434782608695,92,95.0,89520.0,3584.0,1.0326086956521738,973.0434782608696,942.3157894736842,0.031578947368421054
PRV56208,0.0,0.0,0.0,0.0,0.0,0.0,67.0,66.0,25610.0,382.23880597014926,0.0,0.0,66,67.0,25610.0,0.0,1.0151515151515151,388.030303030303,382.23880597014926,0.0
PRV56209,0.0,0.0,0.0,0.0,0.0,0.0,189.0,186.0,57370.0,303.5449735449736,330.0,1.746031746031746,186,189.0,57370.0,330.0,1.0161290322580645,308.44086021505376,303.5449735449736,0.0
PRV56210,31.0,27.0,227000.0,7322.580645161291,33108.0,1068.0,119.0,117.0,27720.0,232.94117647058823,270.0,2.26890756302521,144,150.0,254720.0,33378.0,1.0416666666666667,1768.888888888889,1698.1333333333334,0.20666666666666667
PRV56211,0.0,0.0,0.0,0.0,0.0,0.0,83.0,83.0,23700.0,285.5421686746988,410.0,4.9397590361445785,83,83.0,23700.0,410.0,1.0,285.5421686746988,285.5421686746988,0.0
PRV56212,0.0,0.0,0.0,0.0,0.0,0.0,17.0,17.0,5360.0,315.29411764705884,0.0,0.0,17,17.0,5360.0,0.0,1.0,315.29411764705884,315.29411764705884,0.0
PRV56213,0.0,0.0,0.0,0.0,0.0,0.0,643.0,355.0,161060.0,250.48211508553655,1830.0,2.8460342146189737,355,643.0,161060.0,1830.0,1.8112676056338028,453.6901408450704,250.48211508553655,0.0
PRV56214,0.0,0.0,0.0,0.0,0.0,0.0,3.0,3.0,710.0,236.66666666666666,0.0,0.0,3,3.0,710.0,0.0,1.0,236.66666666666666,236.66666666666666,0.0
PRV56216,0.0,0.0,0.0,0.0,0.0,0.0,481.0,352.0,157910.0,328.2952182952183,1570.0,3.264033264033264,352,481.0,157910.0,1570.0,1.3664772727272727,448.60795454545456,328.2952182952183,0.0
PRV56217,0.0,0.0,0.0,0.0,0.0,0.0,45.0,37.0,9920.0,220.44444444444446,0.0,0.0,37,45.0,9920.0,0.0,1.2162162162162162,268.1081081081081,220.44444444444446,0.0
PRV56218,6.0,6.0,35000.0,5833.333333333333,6408.0,1068.0,112.0,97.0,24160.0,215.71428571428572,210.0,1.875,103,118.0,59160.0,6618.0,1.145631067961165,574.3689320388349,501.35593220338984,0.05084745762711865
PRV56219,4.0,4.0,46000.0,11500.0,3204.0,1068.0,273.0,97.0,70970.0,259.96336996337,540.0,1.978021978021978,98,277.0,116970.0,3744.0,2.826530612244898,1193.5714285714287,422.27436823104694,0.01444043321299639
PRV56220,3.0,3.0,17000.0,5666.666666666667,3204.0,1068.0,12.0,11.0,1610.0,134.16666666666666,0.0,0.0,14,15.0,18610.0,3204.0,1.0714285714285714,1329.2857142857142,1240.6666666666667,0.2
PRV56221,18.0,17.0,140000.0,7777.777777777777,19224.0,1068.0,287.0,198.0,88340.0,307.8048780487805,460.0,1.602787456445993,213,305.0,228340.0,19684.0,1.431924882629108,1072.018779342723,748.655737704918,0.05901639344262295
PRV56222,0.0,0.0,0.0,0.0,0.0,0.0,101.0,72.0,24770.0,245.24752475247524,370.0,3.6633663366336635,72,101.0,24770.0,370.0,1.4027777777777777,344.02777777777777,245.24752475247524,0.0
PRV56224,4.0,4.0,31000.0,7750.0,4272.0,1068.0,107.0,97.0,37950.0,354.67289719626166,280.0,2.616822429906542,101,111.0,68950.0,4552.0,1.099009900990099,682.6732673267327,621.1711711711712,0.036036036036036036
PRV56225,50.0,48.0,610000.0,12200.0,52332.0,1068.0,538.0,287.0,151100.0,280.8550185873606,1190.0,2.2118959107806693,312,588.0,761100.0,53522.0,1.8846153846153846,2439.423076923077,1294.3877551020407,0.08503401360544217
PRV56227,1.0,1.0,4000.0,4000.0,1068.0,1068.0,25.0,23.0,4820.0,192.8,20.0,0.8,24,26.0,8820.0,1088.0,1.0833333333333333,367.5,339.2307692307692,0.038461538461538464
PRV56228,0.0,0.0,0.0,0.0,0.0,0.0,262.0,149.0,65670.0,250.64885496183206,710.0,2.7099236641221376,149,262.0,65670.0,710.0,1.7583892617449663,440.73825503355704,250.64885496183206,0.0
PRV56229,0.0,0.0,0.0,0.0,0.0,0.0,13.0,12.0,4440.0,341.53846153846155,0.0,0.0,12,13.0,4440.0,0.0,1.0833333333333333,370.0,341.53846153846155,0.0
PRV56231,32.0,29.0,350200.0,10943.75,34176.0,1068.0,238.0,180.0,58520.0,245.88235294117646,600.0,2.5210084033613445,198,270.0,408720.0,34776.0,1.3636363636363635,2064.242424242424,1513.7777777777778,0.11851851851851852
PRV56232,0.0,0.0,0.0,0.0,0.0,0.0,35.0,34.0,9780.0,279.42857142857144,0.0,0.0,34,35.0,9780.0,0.0,1.0294117647058822,287.6470588235294,279.42857142857144,0.0
PRV56233,0.0,0.0,0.0,0.0,0.0,0.0,98.0,42.0,32890.0,335.61224489795916,110.0,1.1224489795918366,42,98.0,32890.0,110.0,2.3333333333333335,783.0952380952381,335.61224489795916,0.0
PRV56234,0.0,0.0,0.0,0.0,0.0,0.0,70.0,56.0,21720.0,310.2857142857143,80.0,1.1428571428571428,56,70.0,21720.0,80.0,1.25,387.85714285714283,310.2857142857143,0.0
PRV56235,14.0,14.0,136000.0,9714.285714285714,14952.0,1068.0,157.0,144.0,42900.0,273.2484076433121,870.0,5.54140127388535,153,171.0,178900.0,15822.0,1.1176470588235294,1169.2810457516339,1046.1988304093568,0.08187134502923976
PRV56236,7.0,6.0,45000.0,6428.571428571428,7476.0,1068.0,29.0,29.0,11080.0,382.0689655172414,10.0,0.3448275862068966,35,36.0,56080.0,7486.0,1.0285714285714285,1602.2857142857142,1557.7777777777778,0.19444444444444445
PRV56237,0.0,0.0,0.0,0.0,0.0,0.0,198.0,131.0,35030.0,176.91919191919192,600.0,3.0303030303030303,131,198.0,35030.0,600.0,1.5114503816793894,267.40458015267177,176.91919191919192,0.0
PRV56238,4.0,3.0,67000.0,16750.0,4272.0,1068.0,27.0,27.0,6690.0,247.77777777777777,90.0,3.3333333333333335,30,31.0,73690.0,4362.0,1.0333333333333334,2456.3333333333335,2377.0967741935483,0.12903225806451613
PRV56239,0.0,0.0,0.0,0.0,0.0,0.0,125.0,55.0,54830.0,438.64,340.0,2.72,55,125.0,54830.0,340.0,2.272727272727273,996.9090909090909,438.64,0.0
PRV56241,0.0,0.0,0.0,0.0,0.0,0.0,140.0,98.0,31640.0,226.0,130.0,0.9285714285714286,98,140.0,31640.0,130.0,1.4285714285714286,322.85714285714283,226.0,0.0
PRV56242,1.0,1.0,7000.0,7000.0,1068.0,1068.0,135.0,74.0,43420.0,321.6296296296296,160.0,1.1851851851851851,75,136.0,50420.0,1228.0,1.8133333333333332,672.2666666666667,370.7352941176471,0.007352941176470588
PRV56243,78.0,68.0,696100.0,8924.358974358975,77964.0,1068.0,831.0,567.0,226680.0,272.7797833935018,3310.0,3.983152827918171,604,909.0,922780.0,81274.0,1.5049668874172186,1527.7814569536424,1015.1595159515952,0.0858085808580858
PRV56245,0.0,0.0,0.0,0.0,0.0,0.0,76.0,44.0,13720.0,180.52631578947367,130.0,1.7105263157894737,44,76.0,13720.0,130.0,1.7272727272727273,311.8181818181818,180.52631578947367,0.0
PRV56247,2.0,2.0,12000.0,6000.0,2136.0,1068.0,24.0,19.0,8410.0,350.4166666666667,120.0,5.0,21,26.0,20410.0,2256.0,1.2380952380952381,971.9047619047619,785.0,0.07692307692307693
PRV56248,0.0,0.0,0.0,0.0,0.0,0.0,934.0,477.0,283190.0,303.2012847965739,2290.0,2.4518201284796572,477,934.0,283190.0,2290.0,1.9580712788259957,593.6897274633124,303.2012847965739,0.0
PRV56249,56.0,54.0,577000.0,10303.57142857143,58740.0,1068.0,1054.0,630.0,298110.0,282.8368121442125,3000.0,2.846299810246679,666,1110.0,875110.0,61740.0,1.6666666666666667,1313.978978978979,788.3873873873874,0.05045045045045045
PRV56251,0.0,0.0,0.0,0.0,0.0,0.0,30.0,16.0,8950.0,298.3333333333333,0.0,0.0,16,30.0,8950.0,0.0,1.875,559.375,298.3333333333333,0.0
PRV56252,0.0,0.0,0.0,0.0,0.0,0.0,18.0,18.0,5210.0,289.44444444444446,0.0,0.0,18,18.0,5210.0,0.0,1.0,289.44444444444446,289.44444444444446,0.0
PRV56253,63.0,54.0,574500.0,9119.047619047618,67284.0,1068.0,248.0,183.0,62180.0,250.7258064516129,780.0,3.1451612903225805,228,311.0,636680.0,68064.0,1.3640350877192982,2792.4561403508774,2047.2025723472668,0.20257234726688103
PRV56255,0.0,0.0,0.0,0.0,0.0,0.0,102.0,68.0,38510.0,377.54901960784315,360.0,3.5294117647058822,68,102.0,38510.0,360.0,1.5,566.3235294117648,377.54901960784315,0.0
PRV56256,11.0,11.0,84000.0,7636.363636363636,11748.0,1068.0,44.0,42.0,6650.0,151.13636363636363,10.0,0.22727272727272727,53,55.0,90650.0,11758.0,1.0377358490566038,1710.377358490566,1648.1818181818182,0.2
PRV56257,17.0,14.0,148000.0,8705.882352941177,18156.0,1068.0,35.0,34.0,9440.0,269.7142857142857,100.0,2.857142857142857,48,52.0,157440.0,18256.0,1.0833333333333333,3280.0,3027.6923076923076,0.3269230769230769
PRV56258,0.0,0.0,0.0,0.0,0.0,0.0,70.0,70.0,26130.0,373.2857142857143,170.0,2.4285714285714284,70,70.0,26130.0,170.0,1.0,373.2857142857143,373.2857142857143,0.0
PRV56259,16.0,15.0,108000.0,6750.0,17088.0,1068.0,180.0,173.0,52020.0,289.0,420.0,2.3333333333333335,188,196.0,160020.0,17508.0,1.0425531914893618,851.1702127659574,816.4285714285714,0.08163265306122448
PRV56260,55.0,49.0,550000.0,10000.0,57672.0,1068.0,4.0,4.0,510.0,127.5,0.0,0.0,53,59.0,550510.0,57672.0,1.1132075471698113,10386.981132075472,9330.677966101695,0.9322033898305084
PRV56261,0.0,0.0,0.0,0.0,0.0,0.0,69.0,47.0,24690.0,357.82608695652175,500.0,7.246376811594203,47,69.0,24690.0,500.0,1.4680851063829787,525.3191489361702,357.82608695652175,0.0
PRV56262,0.0,0.0,0.0,0.0,0.0,0.0,15.0,15.0,3480.0,232.0,40.0,2.6666666666666665,15,15.0,3480.0,40.0,1.0,232.0,232.0,0.0
PRV56263,2.0,2.0,20000.0,10000.0,2136.0,1068.0,16.0,15.0,2940.0,183.75,200.0,12.5,17,18.0,22940.0,2336.0,1.0588235294117647,1349.4117647058824,1274.4444444444443,0.1111111111111111
PRV56264,19.0,15.0,165000.0,8684.21052631579,19224.0,1068.0,32.0,30.0,7050.0,220.3125,70.0,2.1875,45,51.0,172050.0,19294.0,1.1333333333333333,3823.3333333333335,3373.529411764706,0.37254901960784315
PRV56265,20.0,19.0,179000.0,8950.0,21360.0,1068.0,106.0,43.0,32760.0,309.0566037735849,570.0,5.377358490566038,54,126.0,211760.0,21930.0,2.3333333333333335,3921.4814814814813,1680.6349206349207,0.15873015873015872
PRV56266,0.0,0.0,0.0,0.0,0.0,0.0,30.0,26.0,9640.0,321.3333333333333,40.0,1.3333333333333333,26,30.0,9640.0,40.0,1.1538461538461537,370.7692307692308,321.3333333333333,0.0
PRV56267,0.0,0.0,0.0,0.0,0.0,0.0,4.0,4.0,350.0,87.5,60.0,15.0,4,4.0,350.0,60.0,1.0,87.5,87.5,0.0
PRV56268,61.0,57.0,657100.0,10772.131147540984,63012.0,1068.0,1052.0,824.0,283570.0,269.5532319391635,4470.0,4.249049429657795,873,1113.0,940670.0,67482.0,1.274914089347079,1077.5143184421536,845.1662174303684,0.05480682839173405
PRV56269,8.0,8.0,81000.0,10125.0,8544.0,1068.0,9.0,8.0,2230.0,247.77777777777777,100.0,11.11111111111111,16,17.0,83230.0,8644.0,1.0625,5201.875,4895.882352941177,0.47058823529411764
PRV56270,0.0,0.0,0.0,0.0,0.0,0.0,1043.0,485.0,289970.0,278.01534036433367,2610.0,2.5023969319271333,485,1043.0,289970.0,2610.0,2.1505154639175257,597.8762886597938,278.01534036433367,0.0
PRV56271,1.0,1.0,6000.0,6000.0,1068.0,1068.0,92.0,64.0,30760.0,334.3478260869565,460.0,5.0,65,93.0,36760.0,1528.0,1.4307692307692308,565.5384615384615,395.26881720430106,0.010752688172043012
PRV56272,0.0,0.0,0.0,0.0,0.0,0.0,22.0,14.0,5450.0,247.72727272727272,190.0,8.636363636363637,14,22.0,5450.0,190.0,1.5714285714285714,389.2857142857143,247.72727272727272,0.0
PRV56274,4.0,4.0,22000.0,5500.0,4272.0,1068.0,4.0,4.0,1980.0,495.0,0.0,0.0,8,8.0,23980.0,4272.0,1.0,2997.5,2997.5,0.5
PRV56275,0.0,0.0,0.0,0.0,0.0,0.0,80.0,34.0,24690.0,308.625,250.0,3.125,34,80.0,24690.0,250.0,2.3529411764705883,726.1764705882352,308.625,0.0
PRV56276,1.0,1.0,13000.0,13000.0,0.0,0.0,6.0,6.0,390.0,65.0,0.0,0.0,7,7.0,13390.0,0.0,1.0,1912.857142857143,1912.857142857143,0.14285714285714285
PRV56277,0.0,0.0,0.0,0.0,0.0,0.0,19.0,17.0,5470.0,287.89473684210526,0.0,0.0,17,19.0,5470.0,0.0,1.1176470588235294,321.7647058823529,287.89473684210526,0.0
PRV56278,0.0,0.0,0.0,0.0,0.0,0.0,27.0,18.0,20910.0,774.4444444444445,0.0,0.0,18,27.0,20910.0,0.0,1.5,1161.6666666666667,774.4444444444445,0.0
PRV56279,0.0,0.0,0.0,0.0,0.0,0.0,53.0,29.0,17770.0,335.2830188679245,100.0,1.8867924528301887,29,53.0,17770.0,100.0,1.8275862068965518,612.7586206896551,335.2830188679245,0.0
PRV56280,0.0,0.0,0.0,0.0,0.0,0.0,39.0,32.0,8450.0,216.66666666666666,90.0,2.3076923076923075,32,39.0,8450.0,90.0,1.21875,264.0625,216.66666666666666,0.0
PRV56281,0.0,0.0,0.0,0.0,0.0,0.0,54.0,24.0,24130.0,446.85185185185185,210.0,3.888888888888889,24,54.0,24130.0,210.0,2.25,1005.4166666666666,446.85185185185185,0.0
PRV56282,0.0,0.0,0.0,0.0,0.0,0.0,4.0,4.0,500.0,125.0,0.0,0.0,4,4.0,500.0,0.0,1.0,125.0,125.0,0.0
PRV56283,0.0,0.0,0.0,0.0,0.0,0.0,3.0,3.0,2320.0,773.3333333333334,0.0,0.0,3,3.0,2320.0,0.0,1.0,773.3333333333334,773.3333333333334,0.0
PRV56284,0.0,0.0,0.0,0.0,0.0,0.0,67.0,37.0,23090.0,344.6268656716418,110.0,1.6417910447761195,37,67.0,23090.0,110.0,1.8108108108108107,624.0540540540541,344.6268656716418,0.0
PRV56285,13.0,12.0,140000.0,10769.23076923077,13884.0,1068.0,0.0,0.0,0.0,0.0,0.0,0.0,12,13.0,140000.0,13884.0,1.0833333333333333,11666.666666666666,10769.23076923077,1.0
PRV56286,1.0,1.0,23000.0,23000.0,1068.0,1068.0,0.0,0.0,0.0,0.0,0.0,0.0,1,1.0,23000.0,1068.0,1.0,23000.0,23000.0,1.0
PRV56287,0.0,0.0,0.0,0.0,0.0,0.0,107.0,83.0,28680.0,268.0373831775701,310.0,2.897196261682243,83,107.0,28680.0,310.0,1.2891566265060241,345.5421686746988,268.0373831775701,0.0
PRV56288,2.0,2.0,24000.0,12000.0,2136.0,1068.0,0.0,0.0,0.0,0.0,0.0,0.0,2,2.0,24000.0,2136.0,1.0,12000.0,12000.0,1.0
PRV56289,5.0,5.0,28000.0,5600.0,5340.0,1068.0,0.0,0.0,0.0,0.0,0.0,0.0,5,5.0,28000.0,5340.0,1.0,5600.0,5600.0,1.0
PRV56290,0.0,0.0,0.0,0.0,0.0,0.0,23.0,16.0,11560.0,502.60869565217394,10.0,0.43478260869565216,16,23.0,11560.0,10.0,1.4375,722.5,502.60869565217394,0.0
PRV56291,0.0,0.0,0.0,0.0,0.0,0.0,36.0,26.0,13150.0,365.27777777777777,0.0,0.0,26,36.0,13150.0,0.0,1.3846153846153846,505.7692307692308,365.27777777777777,0.0
PRV56293,0.0,0.0,0.0,0.0,0.0,0.0,3.0,3.0,430.0,143.33333333333334,0.0,0.0,3,3.0,430.0,0.0,1.0,143.33333333333334,143.33333333333334,0.0
PRV56295,0.0,0.0,0.0,0.0,0.0,0.0,4.0,4.0,1200.0,300.0,0.0,0.0,4,4.0,1200.0,0.0,1.0,300.0,300.0,0.0
PRV56297,0.0,0.0,0.0,0.0,0.0,0.0,28.0,23.0,7140.0,255.0,0.0,0.0,23,28.0,7140.0,0.0,1.2173913043478262,310.4347826086956,255.0,0.0
PRV56299,0.0,0.0,0.0,0.0,0.0,0.0,5.0,5.0,320.0,64.0,0.0,0.0,5,5.0,320.0,0.0,1.0,64.0,64.0,0.0
PRV56300,0.0,0.0,0.0,0.0,0.0,0.0,8.0,5.0,990.0,123.75,100.0,12.5,5,8.0,990.0,100.0,1.6,198.0,123.75,0.0
PRV56301,0.0,0.0,0.0,0.0,0.0,0.0,3.0,3.0,1030.0,343.3333333333333,0.0,0.0,3,3.0,1030.0,0.0,1.0,343.3333333333333,343.3333333333333,0.0
PRV56302,0.0,0.0,0.0,0.0,0.0,0.0,4.0,4.0,1500.0,375.0,20.0,5.0,4,4.0,1500.0,20.0,1.0,375.0,375.0,0.0
PRV56303,0.0,0.0,0.0,0.0,0.0,0.0,2.0,2.0,70.0,35.0,0.0,0.0,2,2.0,70.0,0.0,1.0,35.0,35.0,0.0
PRV56304,0.0,0.0,0.0,0.0,0.0,0.0,15.0,13.0,12660.0,844.0,100.0,6.666666666666667,13,15.0,12660.0,100.0,1.1538461538461537,973.8461538461538,844.0,0.0
PRV56305,0.0,0.0,0.0,0.0,0.0,0.0,29.0,12.0,4200.0,144.82758620689654,0.0,0.0,12,29.0,4200.0,0.0,2.4166666666666665,350.0,144.82758620689654,0.0
PRV56306,0.0,0.0,0.0,0.0,0.0,0.0,7.0,5.0,1400.0,200.0,80.0,11.428571428571429,5,7.0,1400.0,80.0,1.4,280.0,200.0,0.0
PRV56307,0.0,0.0,0.0,0.0,0.0,0.0,12.0,12.0,1330.0,110.83333333333333,0.0,0.0,12,12.0,1330.0,0.0,1.0,110.83333333333333,110.83333333333333,0.0
PRV56308,0.0,0.0,0.0,0.0,0.0,0.0,15.0,9.0,5030.0,335.3333333333333,0.0,0.0,9,15.0,5030.0,0.0,1.6666666666666667,558.8888888888889,335.3333333333333,0.0
PRV56309,0.0,0.0,0.0,0.0,0.0,0.0,3.0,3.0,1320.0,440.0,0.0,0.0,3,3.0,1320.0,0.0,1.0,440.0,440.0,0.0
PRV56310,0.0,0.0,0.0,0.0,0.0,0.0,1.0,1.0,80.0,80.0,0.0,0.0,1,1.0,80.0,0.0,1.0,80.0,80.0,0.0
PRV56311,0.0,0.0,0.0,0.0,0.0,0.0,19.0,10.0,7670.0,403.6842105263158,100.0,5.2631578947368425,10,19.0,7670.0,100.0,1.9,767.0,403.6842105263158,0.0
PRV56313,0.0,0.0,0.0,0.0,0.0,0.0,3.0,3.0,100.0,33.333333333333336,0.0,0.0,3,3.0,100.0,0.0,1.0,33.333333333333336,33.333333333333336,0.0
PRV56314,0.0,0.0,0.0,0.0,0.0,0.0,8.0,8.0,3740.0,467.5,0.0,0.0,8,8.0,3740.0,0.0,1.0,467.5,467.5,0.0
PRV56316,0.0,0.0,0.0,0.0,0.0,0.0,6.0,5.0,4450.0,741.6666666666666,0.0,0.0,5,6.0,4450.0,0.0,1.2,890.0,741.6666666666666,0.0
PRV56317,0.0,0.0,0.0,0.0,0.0,0.0,2.0,2.0,10.0,5.0,0.0,0.0,2,2.0,10.0,0.0,1.0,5.0,5.0,0.0
PRV56318,0.0,0.0,0.0,0.0,0.0,0.0,1.0,1.0,200.0,200.0,0.0,0.0,1,1.0,200.0,0.0,1.0,200.0,200.0,0.0
PRV56319,0.0,0.0,0.0,0.0,0.0,0.0,13.0,12.0,6480.0,498.46153846153845,0.0,0.0,12,13.0,6480.0,0.0,1.0833333333333333,540.0,498.46153846153845,0.0
PRV56321,0.0,0.0,0.0,0.0,0.0,0.0,7.0,6.0,3910.0,558.5714285714286,20.0,2.857142857142857,6,7.0,3910.0,20.0,1.1666666666666667,651.6666666666666,558.5714285714286,0.0
PRV56322,0.0,0.0,0.0,0.0,0.0,0.0,37.0,27.0,6800.0,183.78378378378378,220.0,5.945945945945946,27,37.0,6800.0,220.0,1.3703703703703705,251.85185185185185,183.78378378378378,0.0
PRV56324,0.0,0.0,0.0,0.0,0.0,0.0,1.0,1.0,100.0,100.0,0.0,0.0,1,1.0,100.0,0.0,1.0,100.0,100.0,0.0
PRV56328,0.0,0.0,0.0,0.0,0.0,0.0,15.0,13.0,2100.0,140.0,0.0,0.0,13,15.0,2100.0,0.0,1.1538461538461537,161.53846153846155,140.0,0.0
PRV56329,14.0,13.0,177000.0,12642.857142857143,14952.0,1068.0,0.0,0.0,0.0,0.0,0.0,0.0,13,14.0,177000.0,14952.0,1.0769230769230769,13615.384615384615,12642.857142857143,1.0
PRV56330,0.0,0.0,0.0,0.0,0.0,0.0,16.0,15.0,3130.0,195.625,0.0,0.0,15,16.0,3130.0,0.0,1.0666666666666667,208.66666666666666,195.625,0.0
PRV56331,0.0,0.0,0.0,0.0,0.0,0.0,1.0,1.0,10.0,10.0,0.0,0.0,1,1.0,10.0,0.0,1.0,10.0,10.0,0.0
PRV56333,0.0,0.0,0.0,0.0,0.0,0.0,42.0,33.0,11600.0,276.1904761904762,0.0,0.0,33,42.0,11600.0,0.0,1.2727272727272727,351.5151515151515,276.1904761904762,0.0
PRV56334,0.0,0.0,0.0,0.0,0.0,0.0,8.0,8.0,670.0,83.75,0.0,0.0,8,8.0,670.0,0.0,1.0,83.75,83.75,0.0
PRV56335,18.0,18.0,156000.0,8666.666666666666,19224.0,1068.0,0.0,0.0,0.0,0.0,0.0,0.0,18,18.0,156000.0,19224.0,1.0,8666.666666666666,8666.666666666666,1.0
PRV56336,21.0,21.0,237000.0,11285.714285714286,22428.0,1068.0,0.0,0.0,0.0,0.0,0.0,0.0,21,21.0,237000.0,22428.0,1.0,11285.714285714286,11285.714285714286,1.0
PRV56337,0.0,0.0,0.0,0.0,0.0,0.0,2.0,2.0,180.0,90.0,30.0,15.0,2,2.0,180.0,30.0,1.0,90.0,90.0,0.0
PRV56338,10.0,10.0,97400.0,9740.0,10680.0,1068.0,0.0,0.0,0.0,0.0,0.0,0.0,10,10.0,97400.0,10680.0,1.0,9740.0,9740.0,1.0
PRV56339,1.0,1.0,9000.0,9000.0,1068.0,1068.0,0.0,0.0,0.0,0.0,0.0,0.0,1,1.0,9000.0,1068.0,1.0,9000.0,9000.0,1.0
PRV56340,3.0,3.0,57000.0,19000.0,3204.0,1068.0,0.0,0.0,0.0,0.0,0.0,0.0,3,3.0,57000.0,3204.0,1.0,19000.0,19000.0,1.0
PRV56341,1.0,1.0,18000.0,18000.0,1068.0,1068.0,0.0,0.0,0.0,0.0,0.0,0.0,1,1.0,18000.0,1068.0,1.0,18000.0,18000.0,1.0
PRV56342,5.0,5.0,52000.0,10400.0,5340.0,1068.0,0.0,0.0,0.0,0.0,0.0,0.0,5,5.0,52000.0,5340.0,1.0,10400.0,10400.0,1.0
PRV56344,0.0,0.0,0.0,0.0,0.0,0.0,11.0,10.0,3520.0,320.0,0.0,0.0,10,11.0,3520.0,0.0,1.1,352.0,320.0,0.0
PRV56345,0.0,0.0,0.0,0.0,0.0,0.0,572.0,243.0,134510.0,235.15734265734267,2140.0,3.7412587412587412,243,572.0,134510.0,2140.0,2.353909465020576,553.5390946502058,235.15734265734267,0.0
PRV56346,0.0,0.0,0.0,0.0,0.0,0.0,42.0,25.0,16050.0,382.14285714285717,140.0,3.3333333333333335,25,42.0,16050.0,140.0,1.68,642.0,382.14285714285717,0.0
PRV56347,9.0,8.0,95000.0,10555.555555555555,9612.0,1068.0,42.0,36.0,11110.0,264.5238095238095,230.0,5.476190476190476,43,51.0,106110.0,9842.0,1.186046511627907,2467.6744186046512,2080.5882352941176,0.17647058823529413
PRV56348,0.0,0.0,0.0,0.0,0.0,0.0,58.0,36.0,11200.0,193.10344827586206,220.0,3.793103448275862,36,58.0,11200.0,220.0,1.6111111111111112,311.1111111111111,193.10344827586206,0.0
PRV56349,31.0,23.0,277000.0,8935.483870967742,30972.0,1068.0,30.0,28.0,11280.0,376.0,90.0,3.0,51,61.0,288280.0,31062.0,1.196078431372549,5652.549019607844,4725.901639344263,0.5081967213114754
PRV56350,66.0,57.0,780000.0,11818.181818181818,69420.0,1068.0,92.0,69.0,32530.0,353.5869565217391,110.0,1.1956521739130435,119,158.0,812530.0,69530.0,1.3277310924369747,6827.983193277311,5142.594936708861,0.4177215189873418
PRV56351,0.0,0.0,0.0,0.0,0.0,0.0,29.0,17.0,10920.0,376.55172413793105,90.0,3.103448275862069,17,29.0,10920.0,90.0,1.7058823529411764,642.3529411764706,376.55172413793105,0.0
PRV56352,4.0,4.0,35000.0,8750.0,4272.0,1068.0,20.0,18.0,2730.0,136.5,40.0,2.0,22,24.0,37730.0,4312.0,1.0909090909090908,1715.0,1572.0833333333333,0.16666666666666666
PRV56353,0.0,0.0,0.0,0.0,0.0,0.0,96.0,46.0,29340.0,305.625,320.0,3.3333333333333335,46,96.0,29340.0,320.0,2.0869565217391304,637.8260869565217,305.625,0.0
PRV56354,3.0,3.0,67000.0,22333.333333333332,3204.0,1068.0,8.0,6.0,3470.0,433.75,0.0,0.0,9,11.0,70470.0,3204.0,1.2222222222222223,7830.0,6406.363636363636,0.2727272727272727
PRV56355,4.0,4.0,43000.0,10750.0,4272.0,1068.0,111.0,34.0,33130.0,298.4684684684685,320.0,2.8828828828828827,35,115.0,76130.0,4592.0,3.2857142857142856,2175.1428571428573,662.0,0.034782608695652174
PRV56357,0.0,0.0,0.0,0.0,0.0,0.0,16.0,13.0,1690.0,105.625,0.0,0.0,13,16.0,1690.0,0.0,1.2307692307692308,130.0,105.625,0.0
PRV56358,0.0,0.0,0.0,0.0,0.0,0.0,4.0,4.0,240.0,60.0,0.0,0.0,4,4.0,240.0,0.0,1.0,60.0,60.0,0.0
PRV56360,0.0,0.0,0.0,0.0,0.0,0.0,78.0,34.0,25060.0,321.28205128205127,50.0,0.6410256410256411,34,78.0,25060.0,50.0,2.2941176470588234,737.0588235294117,321.28205128205127,0.0
PRV56361,7.0,6.0,53000.0,7571.428571428572,7476.0,1068.0,107.0,49.0,52550.0,491.1214953271028,210.0,1.9626168224299065,51,114.0,105550.0,7686.0,2.235294117647059,2069.607843137255,925.8771929824561,0.06140350877192982
PRV56362,0.0,0.0,0.0,0.0,0.0,0.0,60.0,51.0,13210.0,220.16666666666666,290.0,4.833333333333333,51,60.0,13210.0,290.0,1.1764705882352942,259.01960784313724,220.16666666666666,0.0
PRV56363,0.0,0.0,0.0,0.0,0.0,0.0,19.0,8.0,10420.0,548.421052631579,280.0,14.736842105263158,8,19.0,10420.0,280.0,2.375,1302.5,548.421052631579,0.0
PRV56364,0.0,0.0,0.0,0.0,0.0,0.0,79.0,28.0,31280.0,395.9493670886076,320.0,4.050632911392405,28,79.0,31280.0,320.0,2.8214285714285716,1117.142857142857,395.9493670886076,0.0
PRV56366,0.0,0.0,0.0,0.0,0.0,0.0,9.0,8.0,1880.0,208.88888888888889,0.0,0.0,8,9.0,1880.0,0.0,1.125,235.0,208.88888888888889,0.0
PRV56367,0.0,0.0,0.0,0.0,0.0,0.0,45.0,14.0,10550.0,234.44444444444446,0.0,0.0,14,45.0,10550.0,0.0,3.2142857142857144,753.5714285714286,234.44444444444446,0.0
PRV56368,1.0,1.0,4000.0,4000.0,1068.0,1068.0,33.0,12.0,5050.0,153.03030303030303,40.0,1.2121212121212122,12,34.0,9050.0,1108.0,2.8333333333333335,754.1666666666666,266.1764705882353,0.029411764705882353
PRV56369,0.0,0.0,0.0,0.0,0.0,0.0,1.0,1.0,80.0,80.0,0.0,0.0,1,1.0,80.0,0.0,1.0,80.0,80.0,0.0
PRV56370,0.0,0.0,0.0,0.0,0.0,0.0,9.0,3.0,1620.0,180.0,0.0,0.0,3,9.0,1620.0,0.0,3.0,540.0,180.0,0.0
PRV56373,0.0,0.0,0.0,0.0,0.0,0.0,1.0,1.0,10.0,10.0,0.0,0.0,1,1.0,10.0,0.0,1.0,10.0,10.0,0.0
PRV56374,0.0,0.0,0.0,0.0,0.0,0.0,25.0,11.0,7570.0,302.8,390.0,15.6,11,25.0,7570.0,390.0,2.272727272727273,688.1818181818181,302.8,0.0
PRV56375,0.0,0.0,0.0,0.0,0.0,0.0,54.0,29.0,15220.0,281.85185185185185,390.0,7.222222222222222,29,54.0,15220.0,390.0,1.8620689655172413,524.8275862068965,281.85185185185185,0.0
PRV56376,0.0,0.0,0.0,0.0,0.0,0.0,20.0,10.0,10780.0,539.0,70.0,3.5,10,20.0,10780.0,70.0,2.0,1078.0,539.0,0.0
PRV56377,0.0,0.0,0.0,0.0,0.0,0.0,1.0,1.0,60.0,60.0,0.0,0.0,1,1.0,60.0,0.0,1.0,60.0,60.0,0.0
PRV56378,0.0,0.0,0.0,0.0,0.0,0.0,31.0,19.0,4480.0,144.51612903225808,0.0,0.0,19,31.0,4480.0,0.0,1.631578947368421,235.78947368421052,144.51612903225808,0.0
PRV56379,0.0,0.0,0.0,0.0,0.0,0.0,53.0,26.0,16520.0,311.6981132075472,60.0,1.1320754716981132,26,53.0,16520.0,60.0,2.0384615384615383,635.3846153846154,311.6981132075472,0.0
PRV56380,0.0,0.0,0.0,0.0,0.0,0.0,21.0,10.0,6040.0,287.6190476190476,0.0,0.0,10,21.0,6040.0,0.0,2.1,604.0,287.6190476190476,0.0
PRV56381,0.0,0.0,0.0,0.0,0.0,0.0,8.0,1.0,4720.0,590.0,0.0,0.0,1,8.0,4720.0,0.0,8.0,4720.0,590.0,0.0
PRV56384,2.0,2.0,18000.0,9000.0,2136.0,1068.0,47.0,23.0,11790.0,250.85106382978722,10.0,0.2127659574468085,23,49.0,29790.0,2146.0,2.130434782608696,1295.2173913043478,607.9591836734694,0.04081632653061224
PRV56385,0.0,0.0,0.0,0.0,0.0,0.0,22.0,11.0,2770.0,125.9090909090909,100.0,4.545454545454546,11,22.0,2770.0,100.0,2.0,251.8181818181818,125.9090909090909,0.0
PRV56387,0.0,0.0,0.0,0.0,0.0,0.0,1.0,1.0,90.0,90.0,0.0,0.0,1,1.0,90.0,0.0,1.0,90.0,90.0,0.0
PRV56388,0.0,0.0,0.0,0.0,0.0,0.0,7.0,6.0,5300.0,757.1428571428571,0.0,0.0,6,7.0,5300.0,0.0,1.1666666666666667,883.3333333333334,757.1428571428571,0.0
PRV56389,0.0,0.0,0.0,0.0,0.0,0.0,15.0,13.0,6520.0,434.6666666666667,200.0,13.333333333333334,13,15.0,6520.0,200.0,1.1538461538461537,501.53846153846155,434.6666666666667,0.0
PRV56390,2.0,2.0,40000.0,20000.0,2136.0,1068.0,3.0,3.0,220.0,73.33333333333333,80.0,26.666666666666668,5,5.0,40220.0,2216.0,1.0,8044.0,8044.0,0.4
PRV56391,0.0,0.0,0.0,0.0,0.0,0.0,2.0,2.0,150.0,75.0,0.0,0.0,2,2.0,150.0,0.0,1.0,75.0,75.0,0.0
PRV56392,6.0,2.0,38000.0,6333.333333333333,6408.0,1068.0,14.0,9.0,3860.0,275.7142857142857,50.0,3.5714285714285716,10,20.0,41860.0,6458.0,2.0,4186.0,2093.0,0.3
PRV56393,0.0,0.0,0.0,0.0,0.0,0.0,10.0,8.0,2580.0,258.0,0.0,0.0,8,10.0,2580.0,0.0,1.25,322.5,258.0,0.0
PRV56394,0.0,0.0,0.0,0.0,0.0,0.0,32.0,14.0,15920.0,497.5,0.0,0.0,14,32.0,15920.0,0.0,2.2857142857142856,1137.142857142857,497.5,0.0
PRV56395,7.0,7.0,107000.0,15285.714285714286,7476.0,1068.0,0.0,0.0,0.0,0.0,0.0,0.0,7,7.0,107000.0,7476.0,1.0,15285.714285714286,15285.714285714286,1.0
PRV56396,32.0,24.0,269000.0,8406.25,32040.0,1068.0,51.0,48.0,20380.0,399.6078431372549,230.0,4.509803921568627,71,83.0,289380.0,32270.0,1.1690140845070423,4075.774647887324,3486.5060240963853,0.3855421686746988
PRV56397,0.0,0.0,0.0,0.0,0.0,0.0,47.0,43.0,9600.0,204.25531914893617,80.0,1.702127659574468,43,47.0,9600.0,80.0,1.0930232558139534,223.25581395348837,204.25531914893617,0.0
PRV56398,1.0,1.0,4000.0,4000.0,1068.0,1068.0,18.0,18.0,2030.0,112.77777777777777,0.0,0.0,19,19.0,6030.0,1068.0,1.0,317.36842105263156,317.36842105263156,0.05263157894736842
PRV56400,3.0,3.0,49000.0,16333.333333333334,3204.0,1068.0,6.0,6.0,800.0,133.33333333333334,0.0,0.0,9,9.0,49800.0,3204.0,1.0,5533.333333333333,5533.333333333333,0.3333333333333333
PRV56401,0.0,0.0,0.0,0.0,0.0,0.0,143.0,39.0,27390.0,191.53846153846155,430.0,3.006993006993007,39,143.0,27390.0,430.0,3.6666666666666665,702.3076923076923,191.53846153846155,0.0
PRV56403,10.0,8.0,67000.0,6700.0,9612.0,1068.0,24.0,23.0,11660.0,485.8333333333333,280.0,11.666666666666666,31,34.0,78660.0,9892.0,1.096774193548387,2537.4193548387098,2313.529411764706,0.29411764705882354
PRV56404,0.0,0.0,0.0,0.0,0.0,0.0,363.0,143.0,131660.0,362.69972451790636,1180.0,3.2506887052341598,143,363.0,131660.0,1180.0,2.5384615384615383,920.6993006993007,362.69972451790636,0.0
PRV56405,0.0,0.0,0.0,0.0,0.0,0.0,60.0,53.0,24090.0,401.5,260.0,4.333333333333333,53,60.0,24090.0,260.0,1.1320754716981132,454.52830188679246,401.5,0.0
PRV56406,0.0,0.0,0.0,0.0,0.0,0.0,201.0,72.0,44770.0,222.7363184079602,870.0,4.3283582089552235,72,201.0,44770.0,870.0,2.7916666666666665,621.8055555555555,222.7363184079602,0.0
PRV56407,5.0,5.0,33000.0,6600.0,5340.0,1068.0,35.0,35.0,6500.0,185.71428571428572,100.0,2.857142857142857,39,40.0,39500.0,5440.0,1.0256410256410255,1012.8205128205128,987.5,0.125
PRV56408,3.0,3.0,63000.0,21000.0,3204.0,1068.0,65.0,23.0,16570.0,254.92307692307693,350.0,5.384615384615385,25,68.0,79570.0,3554.0,2.72,3182.8,1170.1470588235295,0.04411764705882353
PRV56410,0.0,0.0,0.0,0.0,0.0,0.0,350.0,172.0,92530.0,264.37142857142857,1030.0,2.942857142857143,172,350.0,92530.0,1030.0,2.0348837209302326,537.9651162790698,264.37142857142857,0.0
PRV56411,4.0,4.0,98000.0,24500.0,4272.0,1068.0,71.0,34.0,12650.0,178.16901408450704,300.0,4.225352112676056,35,75.0,110650.0,4572.0,2.142857142857143,3161.4285714285716,1475.3333333333333,0.05333333333333334
PRV56412,9.0,8.0,87000.0,9666.666666666666,9612.0,1068.0,103.0,72.0,24360.0,236.50485436893203,250.0,2.4271844660194173,77,112.0,111360.0,9862.0,1.4545454545454546,1446.2337662337663,994.2857142857143,0.08035714285714286
PRV56413,0.0,0.0,0.0,0.0,0.0,0.0,12.0,12.0,8650.0,720.8333333333334,30.0,2.5,12,12.0,8650.0,30.0,1.0,720.8333333333334,720.8333333333334,0.0
PRV56414,0.0,0.0,0.0,0.0,0.0,0.0,27.0,26.0,5900.0,218.5185185185185,200.0,7.407407407407407,26,27.0,5900.0,200.0,1.0384615384615385,226.92307692307693,218.5185185185185,0.0
PRV56415,0.0,0.0,0.0,0.0,0.0,0.0,41.0,41.0,15990.0,390.0,210.0,5.121951219512195,41,41.0,15990.0,210.0,1.0,390.0,390.0,0.0
PRV56416,214.0,189.0,2337050.0,10920.794392523365,223212.0,1068.0,1378.0,613.0,407820.0,295.95065312046444,3750.0,2.72133526850508,695,1592.0,2744870.0,226962.0,2.2906474820143883,3949.453237410072,1724.1645728643216,0.13442211055276382
PRV56417,0.0,0.0,0.0,0.0,0.0,0.0,119.0,44.0,20230.0,170.0,210.0,1.7647058823529411,44,119.0,20230.0,210.0,2.7045454545454546,459.77272727272725,170.0,0.0
PRV56418,0.0,0.0,0.0,0.0,0.0,0.0,29.0,27.0,9790.0,337.58620689655174,0.0,0.0,27,29.0,9790.0,0.0,1.0740740740740742,362.5925925925926,337.58620689655174,0.0
PRV56421,46.0,39.0,487000.0,10586.95652173913,45924.0,1068.0,87.0,65.0,23750.0,272.98850574712645,130.0,1.4942528735632183,100,133.0,510750.0,46054.0,1.33,5107.5,3840.2255639097743,0.3458646616541353
PRV56423,2.0,2.0,14000.0,7000.0,2136.0,1068.0,10.0,8.0,1490.0,149.0,0.0,0.0,10,12.0,15490.0,2136.0,1.2,1549.0,1290.8333333333333,0.16666666666666666
PRV56425,8.0,8.0,44000.0,5500.0,8544.0,1068.0,373.0,135.0,91450.0,245.17426273458446,1170.0,3.136729222520107,138,381.0,135450.0,9714.0,2.760869565217391,981.5217391304348,355.51181102362204,0.02099737532808399
PRV56426,0.0,0.0,0.0,0.0,0.0,0.0,436.0,262.0,127230.0,291.8119266055046,1240.0,2.8440366972477062,262,436.0,127230.0,1240.0,1.6641221374045803,485.6106870229008,291.8119266055046,0.0
PRV56427,0.0,0.0,0.0,0.0,0.0,0.0,23.0,20.0,10460.0,454.7826086956522,20.0,0.8695652173913043,20,23.0,10460.0,20.0,1.15,523.0,454.7826086956522,0.0
PRV56428,8.0,8.0,99000.0,12375.0,8544.0,1068.0,303.0,149.0,73930.0,243.993399339934,650.0,2.145214521452145,151,311.0,172930.0,9194.0,2.0596026490066226,1145.23178807947,556.0450160771704,0.02572347266881029
PRV56430,0.0,0.0,0.0,0.0,0.0,0.0,38.0,36.0,11130.0,292.89473684210526,90.0,2.3684210526315788,36,38.0,11130.0,90.0,1.0555555555555556,309.1666666666667,292.89473684210526,0.0
PRV56432,6.0,5.0,48000.0,8000.0,5340.0,1068.0,19.0,15.0,6080.0,320.0,0.0,0.0,18,25.0,54080.0,5340.0,1.3888888888888888,3004.4444444444443,2163.2,0.24
PRV56433,0.0,0.0,0.0,0.0,0.0,0.0,121.0,114.0,39510.0,326.5289256198347,460.0,3.8016528925619837,114,121.0,39510.0,460.0,1.0614035087719298,346.57894736842104,326.5289256198347,0.0
PRV56435,4.0,4.0,30000.0,7500.0,4272.0,1068.0,256.0,112.0,70030.0,273.5546875,620.0,2.421875,115,260.0,100030.0,4892.0,2.260869565217391,869.8260869565217,384.7307692307692,0.015384615384615385
PRV56437,39.0,32.0,286200.0,7338.461538461538,40584.0,1068.0,680.0,317.0,183100.0,269.2647058823529,1710.0,2.514705882352941,329,719.0,469300.0,42294.0,2.185410334346505,1426.4437689969604,652.712100139082,0.054242002781641166
PRV56438,64.0,60.0,799000.0,12484.375,66216.0,1068.0,69.0,67.0,28300.0,410.1449275362319,60.0,0.8695652173913043,126,133.0,827300.0,66276.0,1.0555555555555556,6565.873015873016,6220.300751879699,0.48120300751879697
PRV56439,0.0,0.0,0.0,0.0,0.0,0.0,443.0,237.0,134960.0,304.65011286681715,1570.0,3.544018058690745,237,443.0,134960.0,1570.0,1.869198312236287,569.451476793249,304.65011286681715,0.0
PRV56440,0.0,0.0,0.0,0.0,0.0,0.0,89.0,72.0,29150.0,327.5280898876405,110.0,1.2359550561797752,72,89.0,29150.0,110.0,1.2361111111111112,404.8611111111111,327.5280898876405,0.0
PRV56441,0.0,0.0,0.0,0.0,0.0,0.0,35.0,34.0,3980.0,113.71428571428571,140.0,4.0,34,35.0,3980.0,140.0,1.0294117647058822,117.05882352941177,113.71428571428571,0.0
PRV56442,81.0,74.0,886000.0,10938.271604938273,83304.0,1068.0,1249.0,558.0,348150.0,278.7429943955164,3850.0,3.0824659727782224,611,1330.0,1234150.0,87154.0,2.176759410801964,2019.8854337152209,927.9323308270676,0.06090225563909774
PRV56444,0.0,0.0,0.0,0.0,0.0,0.0,1317.0,790.0,383140.0,290.91875474563403,4690.0,3.5611237661351556,790,1317.0,383140.0,4690.0,1.6670886075949367,484.9873417721519,290.91875474563403,0.0
PRV56445,32.0,30.0,210000.0,6562.5,34176.0,1068.0,23.0,21.0,5750.0,250.0,90.0,3.9130434782608696,50,55.0,215750.0,34266.0,1.1,4315.0,3922.7272727272725,0.5818181818181818
PRV56447,0.0,0.0,0.0,0.0,0.0,0.0,170.0,101.0,50870.0,299.2352941176471,380.0,2.235294117647059,101,170.0,50870.0,380.0,1.683168316831683,503.66336633663366,299.2352941176471,0.0
PRV56448,0.0,0.0,0.0,0.0,0.0,0.0,584.0,315.0,198950.0,340.6678082191781,2260.0,3.8698630136986303,315,584.0,198950.0,2260.0,1.853968253968254,631.5873015873016,340.6678082191781,0.0
PRV56449,13.0,13.0,173000.0,13307.692307692309,13884.0,1068.0,122.0,96.0,38880.0,318.6885245901639,560.0,4.590163934426229,109,135.0,211880.0,14444.0,1.238532110091743,1943.8532110091744,1569.4814814814815,0.0962962962962963
PRV56451,0.0,0.0,0.0,0.0,0.0,0.0,259.0,86.0,72950.0,281.66023166023166,530.0,2.0463320463320462,86,259.0,72950.0,530.0,3.011627906976744,848.2558139534884,281.66023166023166,0.0
PRV56452,4.0,4.0,27000.0,6750.0,4272.0,1068.0,106.0,78.0,36150.0,341.0377358490566,160.0,1.509433962264151,82,110.0,63150.0,4432.0,1.3414634146341464,770.1219512195122,574.0909090909091,0.03636363636363636
PRV56453,0.0,0.0,0.0,0.0,0.0,0.0,115.0,57.0,43550.0,378.69565217391306,210.0,1.826086956521739,57,115.0,43550.0,210.0,2.017543859649123,764.0350877192982,378.69565217391306,0.0
PRV56454,0.0,0.0,0.0,0.0,0.0,0.0,159.0,86.0,43910.0,276.1635220125786,530.0,3.3333333333333335,86,159.0,43910.0,530.0,1.8488372093023255,510.5813953488372,276.1635220125786,0.0
PRV56455,0.0,0.0,0.0,0.0,0.0,0.0,13.0,12.0,4860.0,373.84615384615387,30.0,2.3076923076923075,12,13.0,4860.0,30.0,1.0833333333333333,405.0,373.84615384615387,0.0
PRV56456,14.0,10.0,99000.0,7071.428571428572,14952.0,1068.0,32.0,28.0,15710.0,490.9375,110.0,3.4375,37,46.0,114710.0,15062.0,1.2432432432432432,3100.2702702702704,2493.695652173913,0.30434782608695654
PRV56458,7.0,6.0,40000.0,5714.285714285715,6408.0,1068.0,47.0,42.0,13410.0,285.3191489361702,210.0,4.468085106382978,48,54.0,53410.0,6618.0,1.125,1112.7083333333333,989.074074074074,0.12962962962962962
PRV56461,10.0,10.0,100000.0,10000.0,10680.0,1068.0,105.0,94.0,35180.0,335.04761904761904,190.0,1.8095238095238095,103,115.0,135180.0,10870.0,1.116504854368932,1312.4271844660195,1175.4782608695652,0.08695652173913043
PRV56463,0.0,0.0,0.0,0.0,0.0,0.0,18.0,17.0,1660.0,92.22222222222223,110.0,6.111111111111111,17,18.0,1660.0,110.0,1.0588235294117647,97.6470588235294,92.22222222222223,0.0
PRV56464,0.0,0.0,0.0,0.0,0.0,0.0,84.0,78.0,14920.0,177.61904761904762,270.0,3.2142857142857144,78,84.0,14920.0,270.0,1.0769230769230769,191.28205128205127,177.61904761904762,0.0
PRV56466,0.0,0.0,0.0,0.0,0.0,0.0,56.0,45.0,8190.0,146.25,180.0,3.2142857142857144,45,56.0,8190.0,180.0,1.2444444444444445,182.0,146.25,0.0
PRV56467,0.0,0.0,0.0,0.0,0.0,0.0,349.0,188.0,95720.0,274.269340974212,920.0,2.6361031518624642,188,349.0,95720.0,920.0,1.8563829787234043,509.1489361702128,274.269340974212,0.0
PRV56468,5.0,4.0,40000.0,8000.0,5340.0,1068.0,29.0,28.0,7270.0,250.68965517241378,0.0,0.0,32,34.0,47270.0,5340.0,1.0625,1477.1875,1390.2941176470588,0.14705882352941177
PRV56469,36.0,31.0,401000.0,11138.888888888889,37380.0,1068.0,95.0,91.0,29560.0,311.1578947368421,120.0,1.263157894736842,121,131.0,430560.0,37500.0,1.0826446280991735,3558.3471074380163,3286.7175572519086,0.2748091603053435
PRV56470,5.0,4.0,28000.0,5600.0,5340.0,1068.0,32.0,23.0,7610.0,237.8125,130.0,4.0625,26,37.0,35610.0,5470.0,1.4230769230769231,1369.6153846153845,962.4324324324324,0.13513513513513514
PRV56471,0.0,0.0,0.0,0.0,0.0,0.0,43.0,21.0,10490.0,243.95348837209303,190.0,4.4186046511627906,21,43.0,10490.0,190.0,2.0476190476190474,499.5238095238095,243.95348837209303,0.0
PRV56473,7.0,7.0,63000.0,9000.0,7476.0,1068.0,48.0,44.0,8310.0,173.125,170.0,3.5416666666666665,50,55.0,71310.0,7646.0,1.1,1426.2,1296.5454545454545,0.12727272727272726
PRV56474,1.0,1.0,7000.0,7000.0,1068.0,1068.0,30.0,26.0,6970.0,232.33333333333334,140.0,4.666666666666667,27,31.0,13970.0,1208.0,1.1481481481481481,517.4074074074074,450.64516129032256,0.03225806451612903
PRV56475,0.0,0.0,0.0,0.0,0.0,0.0,34.0,18.0,11180.0,328.8235294117647,0.0,0.0,18,34.0,11180.0,0.0,1.8888888888888888,621.1111111111111,328.8235294117647,0.0
PRV56476,1.0,1.0,6000.0,6000.0,1068.0,1068.0,3.0,3.0,700.0,233.33333333333334,0.0,0.0,4,4.0,6700.0,1068.0,1.0,1675.0,1675.0,0.25
PRV56477,0.0,0.0,0.0,0.0,0.0,0.0,9.0,8.0,4460.0,495.55555555555554,70.0,7.777777777777778,8,9.0,4460.0,70.0,1.125,557.5,495.55555555555554,0.0
PRV56478,67.0,54.0,613500.0,9156.716417910447,70488.0,1068.0,85.0,78.0,25350.0,298.2352941176471,210.0,2.4705882352941178,127,152.0,638850.0,70698.0,1.1968503937007875,5030.314960629921,4202.960526315789,0.4407894736842105
PRV56479,0.0,0.0,0.0,0.0,0.0,0.0,140.0,118.0,38990.0,278.5,700.0,5.0,118,140.0,38990.0,700.0,1.1864406779661016,330.4237288135593,278.5,0.0
PRV56480,0.0,0.0,0.0,0.0,0.0,0.0,21.0,19.0,3120.0,148.57142857142858,70.0,3.3333333333333335,19,21.0,3120.0,70.0,1.105263157894737,164.21052631578948,148.57142857142858,0.0
PRV56481,78.0,48.0,659000.0,8448.71794871795,79032.0,1068.0,50.0,44.0,9910.0,198.2,150.0,3.0,85,128.0,668910.0,79182.0,1.5058823529411764,7869.529411764706,5225.859375,0.609375
PRV56482,0.0,0.0,0.0,0.0,0.0,0.0,28.0,21.0,14780.0,527.8571428571429,0.0,0.0,21,28.0,14780.0,0.0,1.3333333333333333,703.8095238095239,527.8571428571429,0.0
PRV56483,2.0,2.0,12000.0,6000.0,2136.0,1068.0,30.0,27.0,13850.0,461.6666666666667,90.0,3.0,29,32.0,25850.0,2226.0,1.103448275862069,891.3793103448276,807.8125,0.0625
PRV56484,0.0,0.0,0.0,0.0,0.0,0.0,9.0,9.0,6980.0,775.5555555555555,0.0,0.0,9,9.0,6980.0,0.0,1.0,775.5555555555555,775.5555555555555,0.0
PRV56485,1.0,1.0,10000.0,10000.0,1068.0,1068.0,47.0,22.0,16790.0,357.2340425531915,140.0,2.978723404255319,22,48.0,26790.0,1208.0,2.1818181818181817,1217.7272727272727,558.125,0.020833333333333332
PRV56486,0.0,0.0,0.0,0.0,0.0,0.0,77.0,37.0,26220.0,340.5194805194805,270.0,3.5064935064935066,37,77.0,26220.0,270.0,2.081081081081081,708.6486486486486,340.5194805194805,0.0
PRV56487,1.0,1.0,9000.0,9000.0,1068.0,1068.0,26.0,26.0,3230.0,124.23076923076923,290.0,11.153846153846153,27,27.0,12230.0,1358.0,1.0,452.962962962963,452.962962962963,0.037037037037037035
PRV56489,0.0,0.0,0.0,0.0,0.0,0.0,21.0,20.0,9350.0,445.23809523809524,100.0,4.761904761904762,20,21.0,9350.0,100.0,1.05,467.5,445.23809523809524,0.0
PRV56490,11.0,11.0,78000.0,7090.909090909091,10680.0,1068.0,3.0,3.0,170.0,56.666666666666664,0.0,0.0,14,14.0,78170.0,10680.0,1.0,5583.571428571428,5583.571428571428,0.7857142857142857
PRV56494,0.0,0.0,0.0,0.0,0.0,0.0,560.0,257.0,185430.0,331.125,1450.0,2.5892857142857144,257,560.0,185430.0,1450.0,2.178988326848249,721.5175097276265,331.125,0.0
PRV56495,0.0,0.0,0.0,0.0,0.0,0.0,36.0,23.0,11750.0,326.3888888888889,220.0,6.111111111111111,23,36.0,11750.0,220.0,1.565217391304348,510.8695652173913,326.3888888888889,0.0
PRV56496,0.0,0.0,0.0,0.0,0.0,0.0,41.0,28.0,13620.0,332.1951219512195,130.0,3.1707317073170733,28,41.0,13620.0,130.0,1.4642857142857142,486.42857142857144,332.1951219512195,0.0
PRV56497,0.0,0.0,0.0,0.0,0.0,0.0,30.0,23.0,12540.0,418.0,70.0,2.3333333333333335,23,30.0,12540.0,70.0,1.3043478260869565,545.2173913043479,418.0,0.0
PRV56498,0.0,0.0,0.0,0.0,0.0,0.0,7.0,6.0,2510.0,358.57142857142856,0.0,0.0,6,7.0,2510.0,0.0,1.1666666666666667,418.3333333333333,358.57142857142856,0.0
PRV56500,3.0,3.0,19000.0,6333.333333333333,3204.0,1068.0,148.0,71.0,46010.0,310.8783783783784,870.0,5.878378378378378,74,151.0,65010.0,4074.0,2.0405405405405403,878.5135135135135,430.5298013245033,0.019867549668874173
PRV56501,6.0,4.0,94000.0,15666.666666666666,5340.0,1068.0,226.0,126.0,81190.0,359.24778761061947,470.0,2.079646017699115,126,232.0,175190.0,5810.0,1.8412698412698412,1390.3968253968253,755.1293103448276,0.02586206896551724
PRV56502,0.0,0.0,0.0,0.0,0.0,0.0,7.0,6.0,1410.0,201.42857142857142,0.0,0.0,6,7.0,1410.0,0.0,1.1666666666666667,235.0,201.42857142857142,0.0
PRV56504,0.0,0.0,0.0,0.0,0.0,0.0,66.0,38.0,17090.0,258.93939393939394,200.0,3.0303030303030303,38,66.0,17090.0,200.0,1.736842105263158,449.7368421052632,258.93939393939394,0.0
PRV56507,7.0,6.0,163000.0,23285.714285714286,7476.0,1068.0,35.0,23.0,97300.0,2780.0,1197.0,34.2,26,42.0,260300.0,8673.0,1.6153846153846154,10011.538461538461,6197.619047619048,0.16666666666666666
PRV56508,0.0,0.0,0.0,0.0,0.0,0.0,177.0,84.0,48580.0,274.4632768361582,360.0,2.0338983050847457,84,177.0,48580.0,360.0,2.107142857142857,578.3333333333334,274.4632768361582,0.0
PRV56509,0.0,0.0,0.0,0.0,0.0,0.0,117.0,55.0,42370.0,362.13675213675214,190.0,1.623931623931624,55,117.0,42370.0,190.0,2.1272727272727274,770.3636363636364,362.13675213675214,0.0
PRV56510,0.0,0.0,0.0,0.0,0.0,0.0,9.0,7.0,800.0,88.88888888888889,20.0,2.2222222222222223,7,9.0,800.0,20.0,1.2857142857142858,114.28571428571429,88.88888888888889,0.0
PRV56511,0.0,0.0,0.0,0.0,0.0,0.0,23.0,19.0,6060.0,263.4782608695652,100.0,4.3478260869565215,19,23.0,6060.0,100.0,1.2105263157894737,318.94736842105266,263.4782608695652,0.0
PRV56512,0.0,0.0,0.0,0.0,0.0,0.0,27.0,17.0,10050.0,372.22222222222223,60.0,2.2222222222222223,17,27.0,10050.0,60.0,1.588235294117647,591.1764705882352,372.22222222222223,0.0
PRV56514,0.0,0.0,0.0,0.0,0.0,0.0,6.0,6.0,1230.0,205.0,100.0,16.666666666666668,6,6.0,1230.0,100.0,1.0,205.0,205.0,0.0
PRV56515,0.0,0.0,0.0,0.0,0.0,0.0,7.0,6.0,2640.0,377.14285714285717,0.0,0.0,6,7.0,2640.0,0.0,1.1666666666666667,440.0,377.14285714285717,0.0
PRV56517,0.0,0.0,0.0,0.0,0.0,0.0,123.0,96.0,38170.0,310.3252032520325,370.0,3.008130081300813,96,123.0,38170.0,370.0,1.28125,397.6041666666667,310.3252032520325,0.0
PRV56518,0.0,0.0,0.0,0.0,0.0,0.0,2.0,2.0,900.0,450.0,0.0,0.0,2,2.0,900.0,0.0,1.0,450.0,450.0,0.0
PRV56519,7.0,7.0,69000.0,9857.142857142857,7476.0,1068.0,0.0,0.0,0.0,0.0,0.0,0.0,7,7.0,69000.0,7476.0,1.0,9857.142857142857,9857.142857142857,1.0
PRV56521,0.0,0.0,0.0,0.0,0.0,0.0,32.0,22.0,11840.0,370.0,0.0,0.0,22,32.0,11840.0,0.0,1.4545454545454546,538.1818181818181,370.0,0.0
PRV56522,0.0,0.0,0.0,0.0,0.0,0.0,3.0,3.0,1700.0,566.6666666666666,0.0,0.0,3,3.0,1700.0,0.0,1.0,566.6666666666666,566.6666666666666,0.0
PRV56523,0.0,0.0,0.0,0.0,0.0,0.0,21.0,20.0,6670.0,317.6190476190476,0.0,0.0,20,21.0,6670.0,0.0,1.05,333.5,317.6190476190476,0.0
PRV56524,0.0,0.0,0.0,0.0,0.0,0.0,3.0,3.0,120.0,40.0,0.0,0.0,3,3.0,120.0,0.0,1.0,40.0,40.0,0.0
PRV56525,0.0,0.0,0.0,0.0,0.0,0.0,66.0,45.0,18830.0,285.3030303030303,140.0,2.121212121212121,45,66.0,18830.0,140.0,1.4666666666666666,418.44444444444446,285.3030303030303,0.0
PRV56526,0.0,0.0,0.0,0.0,0.0,0.0,32.0,26.0,9020.0,281.875,180.0,5.625,26,32.0,9020.0,180.0,1.2307692307692308,346.9230769230769,281.875,0.0
PRV56527,0.0,0.0,0.0,0.0,0.0,0.0,57.0,30.0,19990.0,350.70175438596493,90.0,1.5789473684210527,30,57.0,19990.0,90.0,1.9,666.3333333333334,350.70175438596493,0.0
PRV56528,0.0,0.0,0.0,0.0,0.0,0.0,21.0,13.0,2400.0,114.28571428571429,220.0,10.476190476190476,13,21.0,2400.0,220.0,1.6153846153846154,184.6153846153846,114.28571428571429,0.0
PRV56529,0.0,0.0,0.0,0.0,0.0,0.0,34.0,30.0,4970.0,146.1764705882353,110.0,3.235294117647059,30,34.0,4970.0,110.0,1.1333333333333333,165.66666666666666,146.1764705882353,0.0
PRV56530,0.0,0.0,0.0,0.0,0.0,0.0,3.0,3.0,380.0,126.66666666666667,0.0,0.0,3,3.0,380.0,0.0,1.0,126.66666666666667,126.66666666666667,0.0
PRV56531,0.0,0.0,0.0,0.0,0.0,0.0,5.0,5.0,300.0,60.0,0.0,0.0,5,5.0,300.0,0.0,1.0,60.0,60.0,0.0
PRV56533,15.0,15.0,93000.0,6200.0,14952.0,1068.0,0.0,0.0,0.0,0.0,0.0,0.0,15,15.0,93000.0,14952.0,1.0,6200.0,6200.0,1.0
PRV56535,0.0,0.0,0.0,0.0,0.0,0.0,67.0,50.0,17920.0,267.46268656716416,320.0,4.776119402985074,50,67.0,17920.0,320.0,1.34,358.4,267.46268656716416,0.0
PRV56536,0.0,0.0,0.0,0.0,0.0,0.0,65.0,34.0,17500.0,269.2307692307692,90.0,1.3846153846153846,34,65.0,17500.0,90.0,1.911764705882353,514.7058823529412,269.2307692307692,0.0
PRV56537,0.0,0.0,0.0,0.0,0.0,0.0,104.0,74.0,22710.0,218.3653846153846,220.0,2.1153846153846154,74,104.0,22710.0,220.0,1.4054054054054055,306.8918918918919,218.3653846153846,0.0
PRV56538,0.0,0.0,0.0,0.0,0.0,0.0,23.0,11.0,4480.0,194.7826086956522,30.0,1.3043478260869565,11,23.0,4480.0,30.0,2.090909090909091,407.27272727272725,194.7826086956522,0.0
PRV56539,0.0,0.0,0.0,0.0,0.0,0.0,1.0,1.0,900.0,900.0,0.0,0.0,1,1.0,900.0,0.0,1.0,900.0,900.0,0.0
PRV56540,1.0,1.0,0.0,0.0,1068.0,1068.0,0.0,0.0,0.0,0.0,0.0,0.0,1,1.0,0.0,1068.0,1.0,0.0,0.0,1.0
PRV56541,54.0,53.0,584000.0,10814.814814814816,56604.0,1068.0,0.0,0.0,0.0,0.0,0.0,0.0,53,54.0,584000.0,56604.0,1.0188679245283019,11018.867924528302,10814.814814814816,1.0
PRV56543,4.0,4.0,22000.0,5500.0,4272.0,1068.0,0.0,0.0,0.0,0.0,0.0,0.0,4,4.0,22000.0,4272.0,1.0,5500.0,5500.0,1.0
PRV56544,18.0,18.0,99000.0,5500.0,17088.0,1068.0,2.0,2.0,630.0,315.0,0.0,0.0,20,20.0,99630.0,17088.0,1.0,4981.5,4981.5,0.9
PRV56545,1.0,1.0,7000.0,7000.0,1068.0,1068.0,0.0,0.0,0.0,0.0,0.0,0.0,1,1.0,7000.0,1068.0,1.0,7000.0,7000.0,1.0
PRV56546,9.0,9.0,80000.0,8888.888888888889,8544.0,1068.0,0.0,0.0,0.0,0.0,0.0,0.0,9,9.0,80000.0,8544.0,1.0,8888.888888888889,8888.888888888889,1.0
PRV56547,7.0,7.0,60000.0,8571.42857142857,7476.0,1068.0,0.0,0.0,0.0,0.0,0.0,0.0,7,7.0,60000.0,7476.0,1.0,8571.42857142857,8571.42857142857,1.0
PRV56548,8.0,7.0,124000.0,15500.0,8544.0,1068.0,0.0,0.0,0.0,0.0,0.0,0.0,7,8.0,124000.0,8544.0,1.1428571428571428,17714.285714285714,15500.0,1.0
PRV56549,2.0,2.0,14000.0,7000.0,2136.0,1068.0,0.0,0.0,0.0,0.0,0.0,0.0,2,2.0,14000.0,2136.0,1.0,7000.0,7000.0,1.0
PRV56550,55.0,43.0,540000.0,9818.181818181818,58740.0,1068.0,25.0,23.0,14890.0,595.6,0.0,0.0,65,80.0,554890.0,58740.0,1.2307692307692308,8536.76923076923,6936.125,0.6875
PRV56551,0.0,0.0,0.0,0.0,0.0,0.0,36.0,30.0,14070.0,390.8333333333333,100.0,2.7777777777777777,30,36.0,14070.0,100.0,1.2,469.0,390.8333333333333,0.0
PRV56552,0.0,0.0,0.0,0.0,0.0,0.0,24.0,16.0,7390.0,307.9166666666667,0.0,0.0,16,24.0,7390.0,0.0,1.5,461.875,307.9166666666667,0.0
PRV56553,0.0,0.0,0.0,0.0,0.0,0.0,65.0,38.0,14620.0,224.92307692307693,140.0,2.1538461538461537,38,65.0,14620.0,140.0,1.7105263157894737,384.7368421052632,224.92307692307693,0.0
PRV56554,0.0,0.0,0.0,0.0,0.0,0.0,48.0,46.0,13810.0,287.7083333333333,190.0,3.9583333333333335,46,48.0,13810.0,190.0,1.0434782608695652,300.2173913043478,287.7083333333333,0.0
PRV56555,59.0,57.0,491000.0,8322.033898305084,61944.0,1068.0,10.0,10.0,3800.0,380.0,0.0,0.0,67,69.0,494800.0,61944.0,1.0298507462686568,7385.074626865671,7171.014492753623,0.855072463768116
PRV56556,74.0,65.0,619000.0,8364.864864864865,79032.0,1068.0,806.0,352.0,233530.0,289.7394540942928,2870.0,3.5607940446650126,384,880.0,852530.0,81902.0,2.2916666666666665,2220.1302083333335,968.7840909090909,0.08409090909090909
PRV56557,0.0,0.0,0.0,0.0,0.0,0.0,65.0,57.0,22690.0,349.0769230769231,90.0,1.3846153846153846,57,65.0,22690.0,90.0,1.1403508771929824,398.0701754385965,349.0769230769231,0.0
PRV56559,0.0,0.0,0.0,0.0,0.0,0.0,1113.0,807.0,345330.0,310.26954177897574,3470.0,3.1176999101527403,807,1113.0,345330.0,3470.0,1.379182156133829,427.9182156133829,310.26954177897574,0.0
PRV56560,248.0,214.0,2605900.0,10507.661290322581,261660.0,1068.0,2065.0,831.0,606100.0,293.51089588377727,5020.0,2.430992736077482,919,2313.0,3212000.0,266680.0,2.516866158868335,3495.1033732317737,1388.672719412019,0.10722006052745352
PRV56562,2.0,2.0,38000.0,19000.0,2136.0,1068.0,35.0,21.0,10650.0,304.2857142857143,70.0,2.0,23,37.0,48650.0,2206.0,1.608695652173913,2115.217391304348,1314.8648648648648,0.05405405405405406
PRV56563,8.0,7.0,91000.0,11375.0,8544.0,1068.0,22.0,21.0,5890.0,267.72727272727275,0.0,0.0,27,30.0,96890.0,8544.0,1.1111111111111112,3588.5185185185187,3229.6666666666665,0.26666666666666666
PRV56566,1.0,1.0,12000.0,12000.0,1068.0,1068.0,175.0,62.0,56110.0,320.62857142857143,580.0,3.3142857142857145,63,176.0,68110.0,1648.0,2.7936507936507935,1081.111111111111,386.9886363636364,0.005681818181818182
PRV56568,0.0,0.0,0.0,0.0,0.0,0.0,131.0,55.0,62180.0,474.6564885496183,840.0,6.412213740458015,55,131.0,62180.0,840.0,2.381818181818182,1130.5454545454545,474.6564885496183,0.0
PRV56570,13.0,12.0,148000.0,11384.615384615385,13884.0,1068.0,17.0,15.0,2940.0,172.94117647058823,0.0,0.0,27,30.0,150940.0,13884.0,1.1111111111111112,5590.37037037037,5031.333333333333,0.43333333333333335
PRV56571,3.0,3.0,27000.0,9000.0,3204.0,1068.0,8.0,6.0,4520.0,565.0,100.0,12.5,8,11.0,31520.0,3304.0,1.375,3940.0,2865.4545454545455,0.2727272727272727
PRV56572,0.0,0.0,0.0,0.0,0.0,0.0,20.0,19.0,3890.0,194.5,0.0,0.0,19,20.0,3890.0,0.0,1.0526315789473684,204.73684210526315,194.5,0.0
PRV56574,12.0,10.0,104000.0,8666.666666666666,11748.0,1068.0,50.0,41.0,17180.0,343.6,80.0,1.6,50,62.0,121180.0,11828.0,1.24,2423.6,1954.516129032258,0.1935483870967742
PRV56575,113.0,102.0,958000.0,8477.87610619469,118548.0,1068.0,717.0,459.0,196530.0,274.10041841004187,2460.0,3.430962343096234,510,830.0,1154530.0,121008.0,1.6274509803921569,2263.7843137254904,1391.0,0.13614457831325302
PRV56576,1.0,1.0,4000.0,4000.0,1068.0,1068.0,233.0,106.0,63150.0,271.0300429184549,430.0,1.8454935622317596,107,234.0,67150.0,1498.0,2.1869158878504673,627.5700934579439,286.96581196581195,0.004273504273504274
PRV56577,8.0,8.0,51000.0,6375.0,7476.0,1068.0,285.0,240.0,61430.0,215.5438596491228,570.0,2.0,247,293.0,112430.0,8046.0,1.1862348178137652,455.18218623481783,383.7201365187713,0.027303754266211604
PRV56578,7.0,7.0,115000.0,16428.571428571428,7476.0,1068.0,74.0,66.0,23730.0,320.6756756756757,170.0,2.2972972972972974,73,81.0,138730.0,7646.0,1.1095890410958904,1900.4109589041095,1712.716049382716,0.08641975308641975
PRV56579,0.0,0.0,0.0,0.0,0.0,0.0,39.0,17.0,6850.0,175.64102564102564,70.0,1.794871794871795,17,39.0,6850.0,70.0,2.2941176470588234,402.94117647058823,175.64102564102564,0.0
PRV56580,0.0,0.0,0.0,0.0,0.0,0.0,185.0,163.0,62890.0,339.94594594594594,590.0,3.189189189189189,163,185.0,62890.0,590.0,1.1349693251533743,385.8282208588957,339.94594594594594,0.0
PRV56581,0.0,0.0,0.0,0.0,0.0,0.0,7.0,7.0,2110.0,301.42857142857144,0.0,0.0,7,7.0,2110.0,0.0,1.0,301.42857142857144,301.42857142857144,0.0
PRV56582,0.0,0.0,0.0,0.0,0.0,0.0,1.0,1.0,30.0,30.0,0.0,0.0,1,1.0,30.0,0.0,1.0,30.0,30.0,0.0
PRV56583,13.0,13.0,105000.0,8076.923076923077,13884.0,1068.0,11.0,11.0,4070.0,370.0,0.0,0.0,24,24.0,109070.0,13884.0,1.0,4544.583333333333,4544.583333333333,0.5416666666666666
PRV56584,4.0,4.0,21000.0,5250.0,4272.0,1068.0,51.0,34.0,15660.0,307.05882352941177,80.0,1.5686274509803921,37,55.0,36660.0,4352.0,1.4864864864864864,990.8108108108108,666.5454545454545,0.07272727272727272
PRV56585,4.0,4.0,25000.0,6250.0,4272.0,1068.0,3.0,3.0,90.0,30.0,0.0,0.0,7,7.0,25090.0,4272.0,1.0,3584.285714285714,3584.285714285714,0.5714285714285714
PRV56586,0.0,0.0,0.0,0.0,0.0,0.0,4.0,4.0,370.0,92.5,200.0,50.0,4,4.0,370.0,200.0,1.0,92.5,92.5,0.0
PRV56587,18.0,18.0,241000.0,13388.888888888889,18156.0,1068.0,455.0,325.0,136970.0,301.032967032967,1000.0,2.197802197802198,338,473.0,377970.0,19156.0,1.3994082840236686,1118.2544378698226,799.0909090909091,0.03805496828752643
PRV56588,100.0,96.0,962000.0,9620.0,105732.0,1068.0,169.0,155.0,68600.0,405.91715976331363,360.0,2.1301775147928996,251,269.0,1030600.0,106092.0,1.0717131474103585,4105.97609561753,3831.2267657992566,0.37174721189591076
PRV56589,4.0,4.0,31000.0,7750.0,4272.0,1068.0,20.0,20.0,11650.0,582.5,120.0,6.0,24,24.0,42650.0,4392.0,1.0,1777.0833333333333,1777.0833333333333,0.16666666666666666
PRV56590,0.0,0.0,0.0,0.0,0.0,0.0,33.0,31.0,10410.0,315.45454545454544,0.0,0.0,31,33.0,10410.0,0.0,1.064516129032258,335.80645161290323,315.45454545454544,0.0
PRV56591,16.0,13.0,98000.0,6125.0,17088.0,1068.0,127.0,74.0,37460.0,294.96062992125985,300.0,2.3622047244094486,87,143.0,135460.0,17388.0,1.6436781609195403,1557.0114942528735,947.2727272727273,0.11188811188811189
PRV56592,63.0,51.0,726400.0,11530.15873015873,63012.0,1068.0,55.0,49.0,5840.0,106.18181818181819,110.0,2.0,99,118.0,732240.0,63122.0,1.1919191919191918,7396.363636363636,6205.423728813559,0.5338983050847458
PRV56593,0.0,0.0,0.0,0.0,0.0,0.0,46.0,46.0,13490.0,293.2608695652174,60.0,1.3043478260869565,46,46.0,13490.0,60.0,1.0,293.2608695652174,293.2608695652174,0.0
PRV56594,0.0,0.0,0.0,0.0,0.0,0.0,70.0,64.0,29730.0,424.7142857142857,280.0,4.0,64,70.0,29730.0,280.0,1.09375,464.53125,424.7142857142857,0.0
PRV56595,0.0,0.0,0.0,0.0,0.0,0.0,56.0,46.0,15760.0,281.42857142857144,80.0,1.4285714285714286,46,56.0,15760.0,80.0,1.2173913043478262,342.60869565217394,281.42857142857144,0.0
PRV56596,0.0,0.0,0.0,0.0,0.0,0.0,18.0,18.0,4140.0,230.0,50.0,2.7777777777777777,18,18.0,4140.0,50.0,1.0,230.0,230.0,0.0
PRV56597,0.0,0.0,0.0,0.0,0.0,0.0,191.0,110.0,52120.0,272.87958115183244,540.0,2.8272251308900525,110,191.0,52120.0,540.0,1.7363636363636363,473.8181818181818,272.87958115183244,0.0
PRV56598,0.0,0.0,0.0,0.0,0.0,0.0,280.0,194.0,87080.0,311.0,770.0,2.75,194,280.0,87080.0,770.0,1.443298969072165,448.8659793814433,311.0,0.0
PRV56601,1.0,1.0,3000.0,3000.0,1068.0,1068.0,32.0,30.0,8510.0,265.9375,100.0,3.125,31,33.0,11510.0,1168.0,1.064516129032258,371.2903225806452,348.7878787878788,0.030303030303030304
PRV56602,0.0,0.0,0.0,0.0,0.0,0.0,145.0,49.0,55810.0,384.8965517241379,440.0,3.0344827586206895,49,145.0,55810.0,440.0,2.9591836734693877,1138.9795918367347,384.8965517241379,0.0
PRV56603,1.0,1.0,6000.0,6000.0,1068.0,1068.0,3.0,3.0,120.0,40.0,0.0,0.0,4,4.0,6120.0,1068.0,1.0,1530.0,1530.0,0.25
PRV56604,0.0,0.0,0.0,0.0,0.0,0.0,29.0,27.0,9780.0,337.2413793103448,0.0,0.0,27,29.0,9780.0,0.0,1.0740740740740742,362.22222222222223,337.2413793103448,0.0
PRV56605,4.0,3.0,26000.0,6500.0,4272.0,1068.0,104.0,32.0,25240.0,242.69230769230768,180.0,1.7307692307692308,33,108.0,51240.0,4452.0,3.272727272727273,1552.7272727272727,474.44444444444446,0.037037037037037035
PRV56606,9.0,9.0,81000.0,9000.0,9612.0,1068.0,55.0,18.0,13550.0,246.36363636363637,100.0,1.8181818181818181,26,64.0,94550.0,9712.0,2.4615384615384617,3636.5384615384614,1477.34375,0.140625
PRV56607,4.0,4.0,26000.0,6500.0,4272.0,1068.0,68.0,43.0,22820.0,335.5882352941176,350.0,5.147058823529412,46,72.0,48820.0,4622.0,1.565217391304348,1061.304347826087,678.0555555555555,0.05555555555555555
PRV56608,0.0,0.0,0.0,0.0,0.0,0.0,856.0,421.0,235250.0,274.8247663551402,1770.0,2.067757009345794,421,856.0,235250.0,1770.0,2.0332541567695963,558.7885985748219,274.8247663551402,0.0
PRV56610,12.0,11.0,74000.0,6166.666666666667,12816.0,1068.0,18.0,17.0,2590.0,143.88888888888889,0.0,0.0,28,30.0,76590.0,12816.0,1.0714285714285714,2735.3571428571427,2553.0,0.4
PRV56611,0.0,0.0,0.0,0.0,0.0,0.0,123.0,59.0,26970.0,219.26829268292684,780.0,6.341463414634147,59,123.0,26970.0,780.0,2.0847457627118646,457.1186440677966,219.26829268292684,0.0
PRV56613,0.0,0.0,0.0,0.0,0.0,0.0,304.0,128.0,81390.0,267.73026315789474,620.0,2.039473684210526,128,304.0,81390.0,620.0,2.375,635.859375,267.73026315789474,0.0
PRV56614,15.0,14.0,125000.0,8333.333333333334,13884.0,1068.0,11.0,11.0,1100.0,100.0,0.0,0.0,25,26.0,126100.0,13884.0,1.04,5044.0,4850.0,0.5769230769230769
PRV56615,3.0,2.0,36000.0,12000.0,3204.0,1068.0,126.0,97.0,28650.0,227.38095238095238,370.0,2.9365079365079363,98,129.0,64650.0,3574.0,1.316326530612245,659.6938775510204,501.16279069767444,0.023255813953488372
PRV56616,0.0,0.0,0.0,0.0,0.0,0.0,176.0,138.0,38150.0,216.76136363636363,300.0,1.7045454545454546,138,176.0,38150.0,300.0,1.2753623188405796,276.4492753623188,216.76136363636363,0.0
PRV56618,0.0,0.0,0.0,0.0,0.0,0.0,135.0,98.0,32210.0,238.59259259259258,640.0,4.7407407407407405,98,135.0,32210.0,640.0,1.3775510204081634,328.6734693877551,238.59259259259258,0.0
PRV56621,0.0,0.0,0.0,0.0,0.0,0.0,91.0,81.0,31940.0,350.989010989011,410.0,4.5054945054945055,81,91.0,31940.0,410.0,1.123456790123457,394.320987654321,350.989010989011,0.0
PRV56622,0.0,0.0,0.0,0.0,0.0,0.0,26.0,21.0,8930.0,343.46153846153845,0.0,0.0,21,26.0,8930.0,0.0,1.2380952380952381,425.23809523809524,343.46153846153845,0.0
PRV56624,7.0,7.0,183000.0,26142.85714285714,7476.0,1068.0,15.0,14.0,4460.0,297.3333333333333,90.0,6.0,21,22.0,187460.0,7566.0,1.0476190476190477,8926.666666666666,8520.90909090909,0.3181818181818182
PRV56625,0.0,0.0,0.0,0.0,0.0,0.0,36.0,32.0,10020.0,278.3333333333333,0.0,0.0,32,36.0,10020.0,0.0,1.125,313.125,278.3333333333333,0.0
PRV56626,4.0,4.0,44200.0,11050.0,4272.0,1068.0,90.0,63.0,21470.0,238.55555555555554,190.0,2.111111111111111,67,94.0,65670.0,4462.0,1.4029850746268657,980.1492537313433,698.6170212765958,0.0425531914893617
PRV56628,9.0,9.0,83800.0,9311.111111111111,9612.0,1068.0,92.0,76.0,26620.0,289.3478260869565,140.0,1.5217391304347827,85,101.0,110420.0,9752.0,1.188235294117647,1299.0588235294117,1093.2673267326732,0.0891089108910891
PRV56630,63.0,51.0,567000.0,9000.0,67284.0,1068.0,96.0,74.0,30230.0,314.8958333333333,210.0,2.1875,116,159.0,597230.0,67494.0,1.3706896551724137,5148.5344827586205,3756.1635220125786,0.39622641509433965
PRV56632,7.0,4.0,39000.0,5571.428571428572,7476.0,1068.0,66.0,22.0,25920.0,392.72727272727275,0.0,0.0,22,73.0,64920.0,7476.0,3.3181818181818183,2950.909090909091,889.3150684931506,0.0958904109589041
PRV56633,0.0,0.0,0.0,0.0,0.0,0.0,5.0,3.0,600.0,120.0,0.0,0.0,3,5.0,600.0,0.0,1.6666666666666667,200.0,120.0,0.0
PRV56634,0.0,0.0,0.0,0.0,0.0,0.0,206.0,123.0,55830.0,271.0194174757282,400.0,1.941747572815534,123,206.0,55830.0,400.0,1.6747967479674797,453.9024390243902,271.0194174757282,0.0
PRV56635,0.0,0.0,0.0,0.0,0.0,0.0,10.0,10.0,2270.0,227.0,0.0,0.0,10,10.0,2270.0,0.0,1.0,227.0,227.0,0.0
PRV56637,0.0,0.0,0.0,0.0,0.0,0.0,161.0,137.0,40250.0,250.0,430.0,2.670807453416149,137,161.0,40250.0,430.0,1.1751824817518248,293.7956204379562,250.0,0.0
PRV56638,0.0,0.0,0.0,0.0,0.0,0.0,26.0,24.0,7230.0,278.0769230769231,80.0,3.076923076923077,24,26.0,7230.0,80.0,1.0833333333333333,301.25,278.0769230769231,0.0
PRV56639,0.0,0.0,0.0,0.0,0.0,0.0,96.0,39.0,46400.0,483.3333333333333,130.0,1.3541666666666667,39,96.0,46400.0,130.0,2.4615384615384617,1189.7435897435898,483.3333333333333,0.0
PRV56640,0.0,0.0,0.0,0.0,0.0,0.0,23.0,23.0,7320.0,318.2608695652174,100.0,4.3478260869565215,23,23.0,7320.0,100.0,1.0,318.2608695652174,318.2608695652174,0.0
PRV56641,0.0,0.0,0.0,0.0,0.0,0.0,1.0,1.0,100.0,100.0,0.0,0.0,1,1.0,100.0,0.0,1.0,100.0,100.0,0.0
PRV56642,0.0,0.0,0.0,0.0,0.0,0.0,141.0,103.0,45430.0,322.1985815602837,590.0,4.184397163120567,103,141.0,45430.0,590.0,1.3689320388349515,441.06796116504853,322.1985815602837,0.0
PRV56643,8.0,7.0,67000.0,8375.0,8544.0,1068.0,16.0,16.0,5690.0,355.625,0.0,0.0,22,24.0,72690.0,8544.0,1.0909090909090908,3304.090909090909,3028.75,0.3333333333333333
PRV56645,0.0,0.0,0.0,0.0,0.0,0.0,64.0,52.0,22720.0,355.0,160.0,2.5,52,64.0,22720.0,160.0,1.2307692307692308,436.9230769230769,355.0,0.0
PRV56647,121.0,102.0,1274600.0,10533.88429752066,126024.0,1068.0,62.0,58.0,14310.0,230.80645161290323,60.0,0.967741935483871,157,183.0,1288910.0,126084.0,1.1656050955414012,8209.617834394905,7043.224043715847,0.6612021857923497
PRV56648,0.0,0.0,0.0,0.0,0.0,0.0,49.0,48.0,14940.0,304.8979591836735,140.0,2.857142857142857,48,49.0,14940.0,140.0,1.0208333333333333,311.25,304.8979591836735,0.0
PRV56649,7.0,7.0,120000.0,17142.85714285714,6408.0,1068.0,259.0,120.0,72350.0,279.34362934362935,970.0,3.7451737451737452,123,266.0,192350.0,7378.0,2.16260162601626,1563.821138211382,723.1203007518797,0.02631578947368421
PRV56651,0.0,0.0,0.0,0.0,0.0,0.0,71.0,38.0,18630.0,262.3943661971831,40.0,0.5633802816901409,38,71.0,18630.0,40.0,1.868421052631579,490.2631578947368,262.3943661971831,0.0
PRV56653,0.0,0.0,0.0,0.0,0.0,0.0,72.0,39.0,21060.0,292.5,100.0,1.3888888888888888,39,72.0,21060.0,100.0,1.8461538461538463,540.0,292.5,0.0
PRV56654,0.0,0.0,0.0,0.0,0.0,0.0,49.0,34.0,17620.0,359.59183673469386,140.0,2.857142857142857,34,49.0,17620.0,140.0,1.4411764705882353,518.2352941176471,359.59183673469386,0.0
PRV56655,0.0,0.0,0.0,0.0,0.0,0.0,251.0,104.0,69380.0,276.41434262948206,1010.0,4.0239043824701195,104,251.0,69380.0,1010.0,2.4134615384615383,667.1153846153846,276.41434262948206,0.0
PRV56656,0.0,0.0,0.0,0.0,0.0,0.0,42.0,29.0,14060.0,334.76190476190476,260.0,6.190476190476191,29,42.0,14060.0,260.0,1.4482758620689655,484.82758620689657,334.76190476190476,0.0
PRV56657,0.0,0.0,0.0,0.0,0.0,0.0,20.0,18.0,5200.0,260.0,0.0,0.0,18,20.0,5200.0,0.0,1.1111111111111112,288.8888888888889,260.0,0.0
PRV56658,1.0,1.0,20000.0,20000.0,1068.0,1068.0,69.0,68.0,15160.0,219.71014492753622,360.0,5.217391304347826,69,70.0,35160.0,1428.0,1.0144927536231885,509.5652173913044,502.2857142857143,0.014285714285714285
PRV56659,2.0,2.0,9000.0,4500.0,2136.0,1068.0,139.0,65.0,25550.0,183.81294964028777,210.0,1.5107913669064748,66,141.0,34550.0,2346.0,2.1363636363636362,523.4848484848485,245.03546099290782,0.014184397163120567
PRV56660,0.0,0.0,0.0,0.0,0.0,0.0,4.0,4.0,180.0,45.0,0.0,0.0,4,4.0,180.0,0.0,1.0,45.0,45.0,0.0
PRV56662,3.0,2.0,14000.0,4666.666666666667,3204.0,1068.0,6.0,5.0,1290.0,215.0,0.0,0.0,7,9.0,15290.0,3204.0,1.2857142857142858,2184.285714285714,1698.888888888889,0.3333333333333333
PRV56663,13.0,13.0,100020.0,7693.846153846154,12816.0,1068.0,238.0,123.0,59620.0,250.50420168067228,520.0,2.1848739495798317,133,251.0,159640.0,13336.0,1.887218045112782,1200.3007518796992,636.01593625498,0.05179282868525897
PRV56664,1.0,1.0,57000.0,57000.0,1068.0,1068.0,14.0,11.0,2600.0,185.71428571428572,0.0,0.0,11,15.0,59600.0,1068.0,1.3636363636363635,5418.181818181818,3973.3333333333335,0.06666666666666667
PRV56667,0.0,0.0,0.0,0.0,0.0,0.0,32.0,28.0,6300.0,196.875,90.0,2.8125,28,32.0,6300.0,90.0,1.1428571428571428,225.0,196.875,0.0
PRV56668,52.0,45.0,619000.0,11903.846153846154,55536.0,1068.0,21.0,20.0,4470.0,212.85714285714286,70.0,3.3333333333333335,65,73.0,623470.0,55606.0,1.123076923076923,9591.846153846154,8540.684931506848,0.7123287671232876
PRV56669,29.0,24.0,278400.0,9600.0,29904.0,1068.0,11.0,8.0,5210.0,473.6363636363636,100.0,9.090909090909092,32,40.0,283610.0,30004.0,1.25,8862.8125,7090.25,0.725
PRV56671,3.0,2.0,25000.0,8333.333333333334,3204.0,1068.0,40.0,28.0,10340.0,258.5,150.0,3.75,30,43.0,35340.0,3354.0,1.4333333333333333,1178.0,821.8604651162791,0.06976744186046512
PRV56672,0.0,0.0,0.0,0.0,0.0,0.0,161.0,70.0,40980.0,254.53416149068323,220.0,1.3664596273291925,70,161.0,40980.0,220.0,2.3,585.4285714285714,254.53416149068323,0.0
PRV56673,2.0,2.0,42000.0,21000.0,2136.0,1068.0,2.0,2.0,640.0,320.0,0.0,0.0,4,4.0,42640.0,2136.0,1.0,10660.0,10660.0,0.5
PRV56674,0.0,0.0,0.0,0.0,0.0,0.0,46.0,21.0,15860.0,344.7826086956522,100.0,2.1739130434782608,21,46.0,15860.0,100.0,2.1904761904761907,755.2380952380952,344.7826086956522,0.0
PRV56675,0.0,0.0,0.0,0.0,0.0,0.0,323.0,172.0,98690.0,305.54179566563465,740.0,2.291021671826625,172,323.0,98690.0,740.0,1.877906976744186,573.7790697674419,305.54179566563465,0.0
PRV56677,0.0,0.0,0.0,0.0,0.0,0.0,1.0,1.0,20.0,20.0,0.0,0.0,1,1.0,20.0,0.0,1.0,20.0,20.0,0.0
PRV56679,0.0,0.0,0.0,0.0,0.0,0.0,25.0,19.0,4170.0,166.8,100.0,4.0,19,25.0,4170.0,100.0,1.3157894736842106,219.47368421052633,166.8,0.0
PRV56680,8.0,8.0,61000.0,7625.0,8544.0,1068.0,25.0,24.0,3400.0,136.0,170.0,6.8,32,33.0,64400.0,8714.0,1.03125,2012.5,1951.5151515151515,0.24242424242424243
PRV56681,0.0,0.0,0.0,0.0,0.0,0.0,5.0,5.0,790.0,158.0,0.0,0.0,5,5.0,790.0,0.0,1.0,158.0,158.0,0.0
PRV56682,3.0,3.0,14000.0,4666.666666666667,3204.0,1068.0,16.0,16.0,2410.0,150.625,0.0,0.0,19,19.0,16410.0,3204.0,1.0,863.6842105263158,863.6842105263158,0.15789473684210525
PRV56683,0.0,0.0,0.0,0.0,0.0,0.0,167.0,143.0,54880.0,328.622754491018,340.0,2.035928143712575,143,167.0,54880.0,340.0,1.167832167832168,383.7762237762238,328.622754491018,0.0
PRV56684,16.0,16.0,158000.0,9875.0,17088.0,1068.0,76.0,72.0,14070.0,185.1315789473684,30.0,0.39473684210526316,88,92.0,172070.0,17118.0,1.0454545454545454,1955.340909090909,1870.3260869565217,0.17391304347826086
PRV56685,35.0,30.0,327900.0,9368.57142857143,34176.0,1068.0,370.0,112.0,107390.0,290.2432432432432,290.0,0.7837837837837838,121,405.0,435290.0,34466.0,3.347107438016529,3597.438016528926,1074.79012345679,0.08641975308641975
PRV56686,15.0,13.0,142000.0,9466.666666666666,16020.0,1068.0,5.0,5.0,1000.0,200.0,100.0,20.0,18,20.0,143000.0,16120.0,1.1111111111111112,7944.444444444444,7150.0,0.75
PRV56687,0.0,0.0,0.0,0.0,0.0,0.0,9.0,7.0,4120.0,457.77777777777777,110.0,12.222222222222221,7,9.0,4120.0,110.0,1.2857142857142858,588.5714285714286,457.77777777777777,0.0
PRV56688,0.0,0.0,0.0,0.0,0.0,0.0,37.0,19.0,7860.0,212.43243243243242,140.0,3.7837837837837838,19,37.0,7860.0,140.0,1.9473684210526316,413.6842105263158,212.43243243243242,0.0
PRV56689,0.0,0.0,0.0,0.0,0.0,0.0,1794.0,796.0,505530.0,281.7892976588629,5450.0,3.0379041248606464,796,1794.0,505530.0,5450.0,2.2537688442211055,635.0879396984925,281.7892976588629,0.0
PRV56691,0.0,0.0,0.0,0.0,0.0,0.0,4.0,4.0,340.0,85.0,0.0,0.0,4,4.0,340.0,0.0,1.0,85.0,85.0,0.0
PRV56693,0.0,0.0,0.0,0.0,0.0,0.0,373.0,302.0,91230.0,244.58445040214477,1350.0,3.6193029490616624,302,373.0,91230.0,1350.0,1.2350993377483444,302.0860927152318,244.58445040214477,0.0
PRV56694,0.0,0.0,0.0,0.0,0.0,0.0,8.0,8.0,3950.0,493.75,70.0,8.75,8,8.0,3950.0,70.0,1.0,493.75,493.75,0.0
PRV56696,7.0,7.0,65000.0,9285.714285714286,7476.0,1068.0,27.0,26.0,4220.0,156.2962962962963,70.0,2.5925925925925926,33,34.0,69220.0,7546.0,1.0303030303030303,2097.5757575757575,2035.8823529411766,0.20588235294117646
PRV56697,0.0,0.0,0.0,0.0,0.0,0.0,78.0,36.0,21570.0,276.53846153846155,200.0,2.5641025641025643,36,78.0,21570.0,200.0,2.1666666666666665,599.1666666666666,276.53846153846155,0.0
PRV56699,0.0,0.0,0.0,0.0,0.0,0.0,3.0,3.0,550.0,183.33333333333334,0.0,0.0,3,3.0,550.0,0.0,1.0,183.33333333333334,183.33333333333334,0.0
PRV56700,0.0,0.0,0.0,0.0,0.0,0.0,5.0,5.0,640.0,128.0,0.0,0.0,5,5.0,640.0,0.0,1.0,128.0,128.0,0.0
PRV56701,4.0,4.0,32000.0,8000.0,4272.0,1068.0,19.0,18.0,4680.0,246.31578947368422,0.0,0.0,22,23.0,36680.0,4272.0,1.0454545454545454,1667.2727272727273,1594.7826086956522,0.17391304347826086
PRV56702,0.0,0.0,0.0,0.0,0.0,0.0,224.0,82.0,47350.0,211.38392857142858,380.0,1.6964285714285714,82,224.0,47350.0,380.0,2.731707317073171,577.439024390244,211.38392857142858,0.0
PRV56703,21.0,21.0,180200.0,8580.952380952382,22428.0,1068.0,27.0,27.0,5870.0,217.40740740740742,50.0,1.8518518518518519,46,48.0,186070.0,22478.0,1.0434782608695652,4045.0,3876.4583333333335,0.4375
PRV56705,4.0,4.0,56000.0,14000.0,4272.0,1068.0,12.0,12.0,5120.0,426.6666666666667,0.0,0.0,16,16.0,61120.0,4272.0,1.0,3820.0,3820.0,0.25
PRV56706,31.0,26.0,248000.0,8000.0,32040.0,1068.0,316.0,137.0,98360.0,311.26582278481015,460.0,1.4556962025316456,144,347.0,346360.0,32500.0,2.4097222222222223,2405.277777777778,998.1556195965418,0.0893371757925072
PRV56707,0.0,0.0,0.0,0.0,0.0,0.0,18.0,6.0,2860.0,158.88888888888889,160.0,8.88888888888889,6,18.0,2860.0,160.0,3.0,476.6666666666667,158.88888888888889,0.0
PRV56708,0.0,0.0,0.0,0.0,0.0,0.0,7.0,5.0,3530.0,504.2857142857143,0.0,0.0,5,7.0,3530.0,0.0,1.4,706.0,504.2857142857143,0.0
PRV56710,10.0,10.0,50000.0,5000.0,10680.0,1068.0,57.0,46.0,14690.0,257.719298245614,80.0,1.4035087719298245,53,67.0,64690.0,10760.0,1.2641509433962264,1220.566037735849,965.5223880597015,0.14925373134328357
PRV56711,8.0,7.0,93000.0,11625.0,8544.0,1068.0,55.0,38.0,14950.0,271.8181818181818,230.0,4.181818181818182,39,63.0,107950.0,8774.0,1.6153846153846154,2767.948717948718,1713.4920634920634,0.12698412698412698
PRV56712,2.0,1.0,5000.0,2500.0,2136.0,1068.0,2.0,2.0,310.0,155.0,0.0,0.0,2,4.0,5310.0,2136.0,2.0,2655.0,1327.5,0.5
PRV56713,55.0,43.0,468000.0,8509.09090909091,56604.0,1068.0,118.0,100.0,31920.0,270.50847457627117,380.0,3.2203389830508473,141,173.0,499920.0,56984.0,1.2269503546099292,3545.531914893617,2889.7109826589594,0.3179190751445087
PRV56715,3.0,3.0,16000.0,5333.333333333333,2136.0,1068.0,10.0,10.0,2670.0,267.0,70.0,7.0,13,13.0,18670.0,2206.0,1.0,1436.1538461538462,1436.1538461538462,0.23076923076923078
PRV56716,0.0,0.0,0.0,0.0,0.0,0.0,124.0,65.0,47360.0,381.93548387096774,600.0,4.838709677419355,65,124.0,47360.0,600.0,1.9076923076923078,728.6153846153846,381.93548387096774,0.0
PRV56717,1.0,1.0,11000.0,11000.0,1068.0,1068.0,7.0,6.0,400.0,57.142857142857146,0.0,0.0,7,8.0,11400.0,1068.0,1.1428571428571428,1628.5714285714287,1425.0,0.125
PRV56718,0.0,0.0,0.0,0.0,0.0,0.0,142.0,77.0,32620.0,229.71830985915494,590.0,4.154929577464789,77,142.0,32620.0,590.0,1.844155844155844,423.6363636363636,229.71830985915494,0.0
PRV56719,10.0,10.0,108000.0,10800.0,10680.0,1068.0,57.0,50.0,15600.0,273.6842105263158,130.0,2.280701754385965,57,67.0,123600.0,10810.0,1.1754385964912282,2168.4210526315787,1844.7761194029852,0.14925373134328357
PRV56720,2.0,2.0,16000.0,8000.0,2136.0,1068.0,10.0,10.0,2750.0,275.0,50.0,5.0,12,12.0,18750.0,2186.0,1.0,1562.5,1562.5,0.16666666666666666
PRV56721,0.0,0.0,0.0,0.0,0.0,0.0,202.0,182.0,60120.0,297.6237623762376,820.0,4.0594059405940595,182,202.0,60120.0,820.0,1.10989010989011,330.3296703296703,297.6237623762376,0.0
PRV56722,2.0,2.0,17000.0,8500.0,1068.0,1068.0,23.0,23.0,7770.0,337.82608695652175,280.0,12.173913043478262,25,25.0,24770.0,1348.0,1.0,990.8,990.8,0.08
PRV56723,0.0,0.0,0.0,0.0,0.0,0.0,18.0,11.0,2830.0,157.22222222222223,80.0,4.444444444444445,11,18.0,2830.0,80.0,1.6363636363636365,257.27272727272725,157.22222222222223,0.0
PRV56724,6.0,6.0,81000.0,13500.0,6408.0,1068.0,20.0,20.0,4860.0,243.0,70.0,3.5,26,26.0,85860.0,6478.0,1.0,3302.3076923076924,3302.3076923076924,0.23076923076923078
PRV56725,0.0,0.0,0.0,0.0,0.0,0.0,291.0,132.0,99310.0,341.27147766323026,940.0,3.2302405498281788,132,291.0,99310.0,940.0,2.2045454545454546,752.3484848484849,341.27147766323026,0.0
PRV56726,3.0,3.0,67000.0,22333.333333333332,3204.0,1068.0,13.0,13.0,5440.0,418.46153846153845,0.0,0.0,16,16.0,72440.0,3204.0,1.0,4527.5,4527.5,0.1875
PRV56728,0.0,0.0,0.0,0.0,0.0,0.0,42.0,17.0,10640.0,253.33333333333334,50.0,1.1904761904761905,17,42.0,10640.0,50.0,2.4705882352941178,625.8823529411765,253.33333333333334,0.0
PRV56729,0.0,0.0,0.0,0.0,0.0,0.0,219.0,179.0,70080.0,320.0,840.0,3.835616438356164,179,219.0,70080.0,840.0,1.223463687150838,391.50837988826817,320.0,0.0
PRV56730,23.0,21.0,295700.0,12856.521739130434,24564.0,1068.0,31.0,30.0,8250.0,266.1290322580645,0.0,0.0,51,54.0,303950.0,24564.0,1.0588235294117647,5959.803921568628,5628.7037037037035,0.42592592592592593
PRV56731,4.0,4.0,104000.0,26000.0,4272.0,1068.0,16.0,16.0,5700.0,356.25,80.0,5.0,20,20.0,109700.0,4352.0,1.0,5485.0,5485.0,0.2
PRV56732,13.0,11.0,171100.0,13161.538461538461,13884.0,1068.0,15.0,15.0,1820.0,121.33333333333333,70.0,4.666666666666667,26,28.0,172920.0,13954.0,1.0769230769230769,6650.7692307692305,6175.714285714285,0.4642857142857143
PRV56733,12.0,12.0,79000.0,6583.333333333333,12816.0,1068.0,186.0,86.0,44300.0,238.1720430107527,460.0,2.4731182795698925,89,198.0,123300.0,13276.0,2.2247191011235956,1385.3932584269662,622.7272727272727,0.06060606060606061
PRV56734,10.0,10.0,107000.0,10700.0,10680.0,1068.0,12.0,12.0,2700.0,225.0,90.0,7.5,22,22.0,109700.0,10770.0,1.0,4986.363636363636,4986.363636363636,0.45454545454545453
PRV56735,0.0,0.0,0.0,0.0,0.0,0.0,412.0,285.0,133630.0,324.34466019417476,1940.0,4.70873786407767,285,412.0,133630.0,1940.0,1.4456140350877194,468.87719298245617,324.34466019417476,0.0
PRV56738,19.0,19.0,143000.0,7526.315789473684,20292.0,1068.0,493.0,295.0,125680.0,254.9290060851927,1320.0,2.6774847870182557,300,512.0,268680.0,21612.0,1.7066666666666668,895.6,524.765625,0.037109375
PRV56739,1.0,1.0,11000.0,11000.0,1068.0,1068.0,4.0,4.0,150.0,37.5,0.0,0.0,5,5.0,11150.0,1068.0,1.0,2230.0,2230.0,0.2
PRV56740,0.0,0.0,0.0,0.0,0.0,0.0,45.0,38.0,8720.0,193.77777777777777,80.0,1.7777777777777777,38,45.0,8720.0,80.0,1.1842105263157894,229.47368421052633,193.77777777777777,0.0
PRV56741,0.0,0.0,0.0,0.0,0.0,0.0,25.0,25.0,5620.0,224.8,90.0,3.6,25,25.0,5620.0,90.0,1.0,224.8,224.8,0.0
PRV56742,9.0,9.0,116000.0,12888.888888888889,9612.0,1068.0,26.0,25.0,4750.0,182.69230769230768,0.0,0.0,32,35.0,120750.0,9612.0,1.09375,3773.4375,3450.0,0.2571428571428571
PRV56743,0.0,0.0,0.0,0.0,0.0,0.0,393.0,328.0,126960.0,323.0534351145038,1050.0,2.6717557251908395,328,393.0,126960.0,1050.0,1.1981707317073171,387.0731707317073,323.0534351145038,0.0
PRV56745,0.0,0.0,0.0,0.0,0.0,0.0,132.0,53.0,27460.0,208.03030303030303,530.0,4.015151515151516,53,132.0,27460.0,530.0,2.490566037735849,518.1132075471698,208.03030303030303,0.0
PRV56746,15.0,15.0,160000.0,10666.666666666666,16020.0,1068.0,28.0,27.0,11030.0,393.92857142857144,60.0,2.142857142857143,42,43.0,171030.0,16080.0,1.0238095238095237,4072.1428571428573,3977.4418604651164,0.3488372093023256
PRV56747,1.0,1.0,12000.0,12000.0,1068.0,1068.0,15.0,15.0,6530.0,435.3333333333333,0.0,0.0,16,16.0,18530.0,1068.0,1.0,1158.125,1158.125,0.0625
PRV56748,117.0,108.0,1319000.0,11273.504273504273,122820.0,1068.0,346.0,285.0,96780.0,279.71098265895955,890.0,2.5722543352601157,361,463.0,1415780.0,123710.0,1.2825484764542936,3921.8282548476454,3057.840172786177,0.2526997840172786
PRV56749,11.0,10.0,108000.0,9818.181818181818,10680.0,1068.0,17.0,16.0,2210.0,130.0,0.0,0.0,26,28.0,110210.0,10680.0,1.0769230769230769,4238.846153846154,3936.0714285714284,0.39285714285714285
PRV56750,1.0,1.0,25000.0,25000.0,1068.0,1068.0,10.0,10.0,1350.0,135.0,0.0,0.0,11,11.0,26350.0,1068.0,1.0,2395.4545454545455,2395.4545454545455,0.09090909090909091
PRV56751,5.0,5.0,66000.0,13200.0,5340.0,1068.0,79.0,50.0,20410.0,258.3544303797468,360.0,4.556962025316456,51,84.0,86410.0,5700.0,1.6470588235294117,1694.313725490196,1028.6904761904761,0.05952380952380952
PRV56752,1.0,1.0,12000.0,12000.0,1068.0,1068.0,24.0,23.0,4120.0,171.66666666666666,120.0,5.0,24,25.0,16120.0,1188.0,1.0416666666666667,671.6666666666666,644.8,0.04
PRV56753,9.0,8.0,93000.0,10333.333333333334,9612.0,1068.0,15.0,15.0,7080.0,472.0,0.0,0.0,21,24.0,100080.0,9612.0,1.1428571428571428,4765.714285714285,4170.0,0.375
PRV56754,9.0,6.0,54000.0,6000.0,9612.0,1068.0,100.0,65.0,20050.0,200.5,160.0,1.6,70,109.0,74050.0,9772.0,1.5571428571428572,1057.857142857143,679.3577981651376,0.08256880733944955
PRV56755,3.0,3.0,51000.0,17000.0,3204.0,1068.0,15.0,14.0,3160.0,210.66666666666666,70.0,4.666666666666667,17,18.0,54160.0,3274.0,1.0588235294117647,3185.8823529411766,3008.8888888888887,0.16666666666666666
PRV56758,0.0,0.0,0.0,0.0,0.0,0.0,531.0,347.0,164890.0,310.52730696798494,1770.0,3.3333333333333335,347,531.0,164890.0,1770.0,1.5302593659942363,475.1873198847262,310.52730696798494,0.0
PRV56759,2.0,2.0,27000.0,13500.0,2136.0,1068.0,9.0,9.0,1260.0,140.0,40.0,4.444444444444445,11,11.0,28260.0,2176.0,1.0,2569.090909090909,2569.090909090909,0.18181818181818182
PRV56760,0.0,0.0,0.0,0.0,0.0,0.0,643.0,403.0,188300.0,292.84603421461895,1610.0,2.5038880248833593,403,643.0,188300.0,1610.0,1.5955334987593053,467.2456575682382,292.84603421461895,0.0
PRV56761,92.0,83.0,825000.0,8967.391304347826,93984.0,1068.0,25.0,25.0,7220.0,288.8,140.0,5.6,107,117.0,832220.0,94124.0,1.0934579439252337,7777.757009345794,7112.991452991453,0.7863247863247863
PRV56762,1.0,1.0,3000.0,3000.0,1068.0,1068.0,38.0,34.0,7710.0,202.89473684210526,100.0,2.6315789473684212,35,39.0,10710.0,1168.0,1.1142857142857143,306.0,274.61538461538464,0.02564102564102564
PRV56763,13.0,12.0,115000.0,8846.153846153846,11748.0,1068.0,13.0,13.0,1490.0,114.61538461538461,0.0,0.0,25,26.0,116490.0,11748.0,1.04,4659.6,4480.384615384615,0.5
PRV56764,5.0,5.0,50000.0,10000.0,5340.0,1068.0,196.0,134.0,45680.0,233.0612244897959,570.0,2.9081632653061225,139,201.0,95680.0,5910.0,1.4460431654676258,688.3453237410072,476.0199004975124,0.024875621890547265
PRV56765,0.0,0.0,0.0,0.0,0.0,0.0,22.0,21.0,5970.0,271.3636363636364,0.0,0.0,21,22.0,5970.0,0.0,1.0476190476190477,284.2857142857143,271.3636363636364,0.0
PRV56766,2.0,2.0,16000.0,8000.0,2136.0,1068.0,27.0,25.0,8780.0,325.18518518518516,20.0,0.7407407407407407,27,29.0,24780.0,2156.0,1.0740740740740742,917.7777777777778,854.4827586206897,0.06896551724137931
PRV56767,6.0,6.0,50000.0,8333.333333333334,6408.0,1068.0,12.0,12.0,1570.0,130.83333333333334,70.0,5.833333333333333,18,18.0,51570.0,6478.0,1.0,2865.0,2865.0,0.3333333333333333
PRV56768,4.0,4.0,17000.0,4250.0,4272.0,1068.0,0.0,0.0,0.0,0.0,0.0,0.0,4,4.0,17000.0,4272.0,1.0,4250.0,4250.0,1.0
PRV56769,4.0,4.0,32000.0,8000.0,4272.0,1068.0,19.0,17.0,3120.0,164.21052631578948,0.0,0.0,21,23.0,35120.0,4272.0,1.0952380952380953,1672.3809523809523,1526.9565217391305,0.17391304347826086
PRV56771,0.0,0.0,0.0,0.0,0.0,0.0,2.0,2.0,460.0,230.0,30.0,15.0,2,2.0,460.0,30.0,1.0,230.0,230.0,0.0
PRV56772,5.0,5.0,36000.0,7200.0,5340.0,1068.0,65.0,49.0,11960.0,184.0,130.0,2.0,54,70.0,47960.0,5470.0,1.2962962962962963,888.1481481481482,685.1428571428571,0.07142857142857142
PRV56773,7.0,7.0,48000.0,6857.142857142857,7476.0,1068.0,36.0,27.0,16730.0,464.72222222222223,220.0,6.111111111111111,33,43.0,64730.0,7696.0,1.303030303030303,1961.5151515151515,1505.3488372093022,0.16279069767441862
PRV56774,1.0,1.0,4000.0,4000.0,1068.0,1068.0,0.0,0.0,0.0,0.0,0.0,0.0,1,1.0,4000.0,1068.0,1.0,4000.0,4000.0,1.0
PRV56775,3.0,3.0,28000.0,9333.333333333334,3204.0,1068.0,15.0,15.0,6350.0,423.3333333333333,0.0,0.0,18,18.0,34350.0,3204.0,1.0,1908.3333333333333,1908.3333333333333,0.16666666666666666
PRV56777,13.0,13.0,109000.0,8384.615384615385,13884.0,1068.0,31.0,31.0,4150.0,133.8709677419355,170.0,5.483870967741935,44,44.0,113150.0,14054.0,1.0,2571.590909090909,2571.590909090909,0.29545454545454547
PRV56778,15.0,15.0,114000.0,7600.0,16020.0,1068.0,23.0,23.0,8180.0,355.6521739130435,20.0,0.8695652173913043,38,38.0,122180.0,16040.0,1.0,3215.2631578947367,3215.2631578947367,0.39473684210526316
PRV56780,0.0,0.0,0.0,0.0,0.0,0.0,7.0,7.0,880.0,125.71428571428571,0.0,0.0,7,7.0,880.0,0.0,1.0,125.71428571428571,125.71428571428571,0.0
PRV56782,0.0,0.0,0.0,0.0,0.0,0.0,288.0,109.0,90010.0,312.53472222222223,510.0,1.7708333333333333,109,288.0,90010.0,510.0,2.6422018348623855,825.7798165137615,312.53472222222223,0.0
PRV56783,0.0,0.0,0.0,0.0,0.0,0.0,85.0,69.0,25430.0,299.1764705882353,0.0,0.0,69,85.0,25430.0,0.0,1.2318840579710144,368.5507246376812,299.1764705882353,0.0
PRV56784,0.0,0.0,0.0,0.0,0.0,0.0,19.0,18.0,6920.0,364.2105263157895,390.0,20.526315789473685,18,19.0,6920.0,390.0,1.0555555555555556,384.44444444444446,364.2105263157895,0.0
PRV56788,0.0,0.0,0.0,0.0,0.0,0.0,177.0,116.0,50070.0,282.8813559322034,170.0,0.96045197740113,116,177.0,50070.0,170.0,1.5258620689655173,431.63793103448273,282.8813559322034,0.0
PRV56789,7.0,7.0,48000.0,6857.142857142857,7476.0,1068.0,60.0,46.0,15510.0,258.5,170.0,2.8333333333333335,49,67.0,63510.0,7646.0,1.3673469387755102,1296.1224489795918,947.9104477611941,0.1044776119402985
PRV56790,0.0,0.0,0.0,0.0,0.0,0.0,91.0,64.0,34990.0,384.5054945054945,40.0,0.43956043956043955,64,91.0,34990.0,40.0,1.421875,546.71875,384.5054945054945,0.0
PRV56791,0.0,0.0,0.0,0.0,0.0,0.0,233.0,162.0,67030.0,287.6824034334764,590.0,2.532188841201717,162,233.0,67030.0,590.0,1.4382716049382716,413.7654320987654,287.6824034334764,0.0
PRV56792,0.0,0.0,0.0,0.0,0.0,0.0,8.0,8.0,2460.0,307.5,0.0,0.0,8,8.0,2460.0,0.0,1.0,307.5,307.5,0.0
PRV56793,3.0,2.0,44000.0,14666.666666666666,3204.0,1068.0,28.0,27.0,12330.0,440.35714285714283,0.0,0.0,29,31.0,56330.0,3204.0,1.0689655172413792,1942.4137931034484,1817.0967741935483,0.0967741935483871
PRV56796,3.0,3.0,49000.0,16333.333333333334,2136.0,1068.0,89.0,84.0,22490.0,252.69662921348313,330.0,3.707865168539326,87,92.0,71490.0,2466.0,1.0574712643678161,821.7241379310345,777.0652173913044,0.03260869565217391
PRV56797,0.0,0.0,0.0,0.0,0.0,0.0,5.0,5.0,1260.0,252.0,0.0,0.0,5,5.0,1260.0,0.0,1.0,252.0,252.0,0.0
PRV56798,0.0,0.0,0.0,0.0,0.0,0.0,24.0,22.0,10100.0,420.8333333333333,40.0,1.6666666666666667,22,24.0,10100.0,40.0,1.0909090909090908,459.09090909090907,420.8333333333333,0.0
PRV56800,7.0,6.0,92000.0,13142.857142857143,7476.0,1068.0,50.0,43.0,8830.0,176.6,90.0,1.8,48,57.0,100830.0,7566.0,1.1875,2100.625,1768.9473684210527,0.12280701754385964
PRV56801,0.0,0.0,0.0,0.0,0.0,0.0,25.0,24.0,8210.0,328.4,40.0,1.6,24,25.0,8210.0,40.0,1.0416666666666667,342.0833333333333,328.4,0.0
PRV56802,13.0,11.0,185000.0,14230.76923076923,13884.0,1068.0,0.0,0.0,0.0,0.0,0.0,0.0,11,13.0,185000.0,13884.0,1.1818181818181819,16818.18181818182,14230.76923076923,1.0
PRV56803,8.0,8.0,100000.0,12500.0,7476.0,1068.0,787.0,408.0,219420.0,278.80559085133416,1500.0,1.9059720457433291,416,795.0,319420.0,8976.0,1.9110576923076923,767.8365384615385,401.7861635220126,0.010062893081761006
PRV56805,0.0,0.0,0.0,0.0,0.0,0.0,1.0,1.0,70.0,70.0,0.0,0.0,1,1.0,70.0,0.0,1.0,70.0,70.0,0.0
PRV56807,0.0,0.0,0.0,0.0,0.0,0.0,91.0,85.0,22740.0,249.8901098901099,390.0,4.285714285714286,85,91.0,22740.0,390.0,1.0705882352941176,267.52941176470586,249.8901098901099,0.0
PRV56808,47.0,47.0,431000.0,9170.212765957447,50196.0,1068.0,15.0,15.0,2610.0,174.0,0.0,0.0,62,62.0,433610.0,50196.0,1.0,6993.709677419355,6993.709677419355,0.7580645161290323
PRV56809,4.0,4.0,31000.0,7750.0,4272.0,1068.0,40.0,37.0,14270.0,356.75,60.0,1.5,41,44.0,45270.0,4332.0,1.0731707317073171,1104.1463414634147,1028.8636363636363,0.09090909090909091
PRV56810,0.0,0.0,0.0,0.0,0.0,0.0,14.0,14.0,7890.0,563.5714285714286,0.0,0.0,14,14.0,7890.0,0.0,1.0,563.5714285714286,563.5714285714286,0.0
PRV56811,8.0,8.0,91000.0,11375.0,7476.0,1068.0,54.0,52.0,15050.0,278.7037037037037,280.0,5.185185185185185,60,62.0,106050.0,7756.0,1.0333333333333334,1767.5,1710.483870967742,0.12903225806451613
PRV56813,0.0,0.0,0.0,0.0,0.0,0.0,106.0,83.0,33940.0,320.188679245283,340.0,3.207547169811321,83,106.0,33940.0,340.0,1.2771084337349397,408.9156626506024,320.188679245283,0.0
PRV56816,0.0,0.0,0.0,0.0,0.0,0.0,15.0,15.0,7040.0,469.3333333333333,0.0,0.0,15,15.0,7040.0,0.0,1.0,469.3333333333333,469.3333333333333,0.0
PRV56818,4.0,4.0,44000.0,11000.0,4272.0,1068.0,16.0,13.0,1540.0,96.25,0.0,0.0,17,20.0,45540.0,4272.0,1.1764705882352942,2678.823529411765,2277.0,0.2
PRV56819,24.0,22.0,219000.0,9125.0,24564.0,1068.0,1.0,1.0,1900.0,1900.0,0.0,0.0,23,25.0,220900.0,24564.0,1.0869565217391304,9604.347826086956,8836.0,0.96
PRV56820,0.0,0.0,0.0,0.0,0.0,0.0,5.0,4.0,820.0,164.0,0.0,0.0,4,5.0,820.0,0.0,1.25,205.0,164.0,0.0
PRV56821,0.0,0.0,0.0,0.0,0.0,0.0,12.0,11.0,3160.0,263.3333333333333,70.0,5.833333333333333,11,12.0,3160.0,70.0,1.0909090909090908,287.27272727272725,263.3333333333333,0.0
PRV56823,0.0,0.0,0.0,0.0,0.0,0.0,18.0,15.0,6320.0,351.1111111111111,10.0,0.5555555555555556,15,18.0,6320.0,10.0,1.2,421.3333333333333,351.1111111111111,0.0
PRV56824,0.0,0.0,0.0,0.0,0.0,0.0,136.0,125.0,47540.0,349.55882352941177,130.0,0.9558823529411765,125,136.0,47540.0,130.0,1.088,380.32,349.55882352941177,0.0
PRV56826,4.0,4.0,18000.0,4500.0,4272.0,1068.0,20.0,20.0,2870.0,143.5,90.0,4.5,24,24.0,20870.0,4362.0,1.0,869.5833333333334,869.5833333333334,0.16666666666666666
PRV56828,0.0,0.0,0.0,0.0,0.0,0.0,142.0,131.0,40510.0,285.28169014084506,400.0,2.816901408450704,131,142.0,40510.0,400.0,1.083969465648855,309.23664122137404,285.28169014084506,0.0
PRV56829,0.0,0.0,0.0,0.0,0.0,0.0,193.0,95.0,56270.0,291.55440414507774,340.0,1.761658031088083,95,193.0,56270.0,340.0,2.031578947368421,592.3157894736842,291.55440414507774,0.0
PRV56830,0.0,0.0,0.0,0.0,0.0,0.0,7.0,7.0,6580.0,940.0,100.0,14.285714285714286,7,7.0,6580.0,100.0,1.0,940.0,940.0,0.0
PRV56831,0.0,0.0,0.0,0.0,0.0,0.0,5.0,5.0,760.0,152.0,0.0,0.0,5,5.0,760.0,0.0,1.0,152.0,152.0,0.0
PRV56832,0.0,0.0,0.0,0.0,0.0,0.0,11.0,11.0,7520.0,683.6363636363636,0.0,0.0,11,11.0,7520.0,0.0,1.0,683.6363636363636,683.6363636363636,0.0
PRV56833,0.0,0.0,0.0,0.0,0.0,0.0,8.0,7.0,710.0,88.75,0.0,0.0,7,8.0,710.0,0.0,1.1428571428571428,101.42857142857143,88.75,0.0
PRV56834,1.0,1.0,3000.0,3000.0,1068.0,1068.0,15.0,5.0,3850.0,256.6666666666667,0.0,0.0,6,16.0,6850.0,1068.0,2.6666666666666665,1141.6666666666667,428.125,0.0625
PRV56835,0.0,0.0,0.0,0.0,0.0,0.0,103.0,52.0,24640.0,239.2233009708738,290.0,2.8155339805825244,52,103.0,24640.0,290.0,1.9807692307692308,473.84615384615387,239.2233009708738,0.0
PRV56836,0.0,0.0,0.0,0.0,0.0,0.0,3.0,3.0,740.0,246.66666666666666,0.0,0.0,3,3.0,740.0,0.0,1.0,246.66666666666666,246.66666666666666,0.0
PRV56837,0.0,0.0,0.0,0.0,0.0,0.0,42.0,27.0,17170.0,408.8095238095238,90.0,2.142857142857143,27,42.0,17170.0,90.0,1.5555555555555556,635.925925925926,408.8095238095238,0.0
PRV56839,2.0,2.0,15000.0,7500.0,2136.0,1068.0,10.0,10.0,2870.0,287.0,0.0,0.0,12,12.0,17870.0,2136.0,1.0,1489.1666666666667,1489.1666666666667,0.16666666666666666
PRV56840,0.0,0.0,0.0,0.0,0.0,0.0,89.0,33.0,19090.0,214.4943820224719,580.0,6.51685393258427,33,89.0,19090.0,580.0,2.696969696969697,578.4848484848485,214.4943820224719,0.0
PRV56843,0.0,0.0,0.0,0.0,0.0,0.0,2.0,2.0,860.0,430.0,0.0,0.0,2,2.0,860.0,0.0,1.0,430.0,430.0,0.0
PRV56845,0.0,0.0,0.0,0.0,0.0,0.0,9.0,9.0,600.0,66.66666666666667,130.0,14.444444444444445,9,9.0,600.0,130.0,1.0,66.66666666666667,66.66666666666667,0.0
PRV56846,0.0,0.0,0.0,0.0,0.0,0.0,21.0,9.0,7020.0,334.2857142857143,30.0,1.4285714285714286,9,21.0,7020.0,30.0,2.3333333333333335,780.0,334.2857142857143,0.0
PRV56850,0.0,0.0,0.0,0.0,0.0,0.0,17.0,6.0,4650.0,273.52941176470586,160.0,9.411764705882353,6,17.0,4650.0,160.0,2.8333333333333335,775.0,273.52941176470586,0.0
PRV56851,0.0,0.0,0.0,0.0,0.0,0.0,20.0,7.0,7380.0,369.0,60.0,3.0,7,20.0,7380.0,60.0,2.857142857142857,1054.2857142857142,369.0,0.0
PRV56852,0.0,0.0,0.0,0.0,0.0,0.0,20.0,9.0,1960.0,98.0,90.0,4.5,9,20.0,1960.0,90.0,2.2222222222222223,217.77777777777777,98.0,0.0
PRV56853,0.0,0.0,0.0,0.0,0.0,0.0,27.0,6.0,5340.0,197.77777777777777,40.0,1.4814814814814814,6,27.0,5340.0,40.0,4.5,890.0,197.77777777777777,0.0
PRV56854,0.0,0.0,0.0,0.0,0.0,0.0,3.0,3.0,600.0,200.0,0.0,0.0,3,3.0,600.0,0.0,1.0,200.0,200.0,0.0
PRV56855,0.0,0.0,0.0,0.0,0.0,0.0,4.0,3.0,290.0,72.5,100.0,25.0,3,4.0,290.0,100.0,1.3333333333333333,96.66666666666667,72.5,0.0
PRV56856,0.0,0.0,0.0,0.0,0.0,0.0,90.0,31.0,23670.0,263.0,270.0,3.0,31,90.0,23670.0,270.0,2.903225806451613,763.5483870967741,263.0,0.0
PRV56857,0.0,0.0,0.0,0.0,0.0,0.0,46.0,20.0,16480.0,358.2608695652174,0.0,0.0,20,46.0,16480.0,0.0,2.3,824.0,358.2608695652174,0.0
PRV56858,0.0,0.0,0.0,0.0,0.0,0.0,40.0,23.0,7870.0,196.75,220.0,5.5,23,40.0,7870.0,220.0,1.7391304347826086,342.17391304347825,196.75,0.0
PRV56860,0.0,0.0,0.0,0.0,0.0,0.0,3.0,3.0,2570.0,856.6666666666666,0.0,0.0,3,3.0,2570.0,0.0,1.0,856.6666666666666,856.6666666666666,0.0
PRV56861,0.0,0.0,0.0,0.0,0.0,0.0,31.0,22.0,5560.0,179.3548387096774,0.0,0.0,22,31.0,5560.0,0.0,1.4090909090909092,252.72727272727272,179.3548387096774,0.0
PRV56862,0.0,0.0,0.0,0.0,0.0,0.0,14.0,8.0,2990.0,213.57142857142858,0.0,0.0,8,14.0,2990.0,0.0,1.75,373.75,213.57142857142858,0.0
PRV56863,0.0,0.0,0.0,0.0,0.0,0.0,52.0,29.0,14070.0,270.5769230769231,100.0,1.9230769230769231,29,52.0,14070.0,100.0,1.793103448275862,485.17241379310343,270.5769230769231,0.0
PRV56864,0.0,0.0,0.0,0.0,0.0,0.0,24.0,12.0,3800.0,158.33333333333334,0.0,0.0,12,24.0,3800.0,0.0,2.0,316.6666666666667,158.33333333333334,0.0
PRV56866,0.0,0.0,0.0,0.0,0.0,0.0,68.0,23.0,27180.0,399.70588235294116,110.0,1.6176470588235294,23,68.0,27180.0,110.0,2.9565217391304346,1181.7391304347825,399.70588235294116,0.0
PRV56867,0.0,0.0,0.0,0.0,0.0,0.0,9.0,8.0,3430.0,381.1111111111111,70.0,7.777777777777778,8,9.0,3430.0,70.0,1.125,428.75,381.1111111111111,0.0
PRV56868,0.0,0.0,0.0,0.0,0.0,0.0,18.0,7.0,7590.0,421.6666666666667,0.0,0.0,7,18.0,7590.0,0.0,2.5714285714285716,1084.2857142857142,421.6666666666667,0.0
PRV56869,0.0,0.0,0.0,0.0,0.0,0.0,36.0,24.0,11220.0,311.6666666666667,50.0,1.3888888888888888,24,36.0,11220.0,50.0,1.5,467.5,311.6666666666667,0.0
PRV56870,13.0,13.0,119000.0,9153.846153846154,13884.0,1068.0,0.0,0.0,0.0,0.0,0.0,0.0,13,13.0,119000.0,13884.0,1.0,9153.846153846154,9153.846153846154,1.0
PRV56871,0.0,0.0,0.0,0.0,0.0,0.0,11.0,11.0,4350.0,395.45454545454544,50.0,4.545454545454546,11,11.0,4350.0,50.0,1.0,395.45454545454544,395.45454545454544,0.0
PRV56873,1.0,1.0,6000.0,6000.0,1068.0,1068.0,1.0,1.0,70.0,70.0,0.0,0.0,2,2.0,6070.0,1068.0,1.0,3035.0,3035.0,0.5
PRV56877,15.0,11.0,163000.0,10866.666666666666,16020.0,1068.0,29.0,25.0,7410.0,255.51724137931035,50.0,1.7241379310344827,34,44.0,170410.0,16070.0,1.2941176470588236,5012.058823529412,3872.9545454545455,0.3409090909090909
PRV56878,0.0,0.0,0.0,0.0,0.0,0.0,26.0,8.0,6660.0,256.15384615384613,40.0,1.5384615384615385,8,26.0,6660.0,40.0,3.25,832.5,256.15384615384613,0.0
PRV56879,0.0,0.0,0.0,0.0,0.0,0.0,7.0,6.0,8140.0,1162.857142857143,100.0,14.285714285714286,6,7.0,8140.0,100.0,1.1666666666666667,1356.6666666666667,1162.857142857143,0.0
PRV56880,0.0,0.0,0.0,0.0,0.0,0.0,2.0,2.0,260.0,130.0,0.0,0.0,2,2.0,260.0,0.0,1.0,130.0,130.0,0.0
PRV56881,0.0,0.0,0.0,0.0,0.0,0.0,78.0,31.0,17200.0,220.51282051282053,150.0,1.9230769230769231,31,78.0,17200.0,150.0,2.5161290322580645,554.8387096774194,220.51282051282053,0.0
PRV56882,0.0,0.0,0.0,0.0,0.0,0.0,21.0,10.0,4050.0,192.85714285714286,40.0,1.9047619047619047,10,21.0,4050.0,40.0,2.1,405.0,192.85714285714286,0.0
PRV56884,0.0,0.0,0.0,0.0,0.0,0.0,8.0,8.0,1440.0,180.0,100.0,12.5,8,8.0,1440.0,100.0,1.0,180.0,180.0,0.0
PRV56885,9.0,5.0,66000.0,7333.333333333333,9612.0,1068.0,1.0,1.0,50.0,50.0,0.0,0.0,6,10.0,66050.0,9612.0,1.6666666666666667,11008.333333333334,6605.0,0.9
PRV56886,0.0,0.0,0.0,0.0,0.0,0.0,11.0,3.0,1360.0,123.63636363636364,0.0,0.0,3,11.0,1360.0,0.0,3.6666666666666665,453.3333333333333,123.63636363636364,0.0
PRV56887,0.0,0.0,0.0,0.0,0.0,0.0,36.0,11.0,9120.0,253.33333333333334,230.0,6.388888888888889,11,36.0,9120.0,230.0,3.272727272727273,829.0909090909091,253.33333333333334,0.0
PRV56888,0.0,0.0,0.0,0.0,0.0,0.0,10.0,10.0,6050.0,605.0,10.0,1.0,10,10.0,6050.0,10.0,1.0,605.0,605.0,0.0
PRV56889,5.0,5.0,110000.0,22000.0,5340.0,1068.0,45.0,27.0,16550.0,367.77777777777777,450.0,10.0,29,50.0,126550.0,5790.0,1.7241379310344827,4363.793103448276,2531.0,0.1
PRV56890,0.0,0.0,0.0,0.0,0.0,0.0,12.0,5.0,4270.0,355.8333333333333,60.0,5.0,5,12.0,4270.0,60.0,2.4,854.0,355.8333333333333,0.0
PRV56891,0.0,0.0,0.0,0.0,0.0,0.0,1.0,1.0,10.0,10.0,20.0,20.0,1,1.0,10.0,20.0,1.0,10.0,10.0,0.0
PRV56892,0.0,0.0,0.0,0.0,0.0,0.0,13.0,5.0,3180.0,244.6153846153846,0.0,0.0,5,13.0,3180.0,0.0,2.6,636.0,244.6153846153846,0.0
PRV56893,0.0,0.0,0.0,0.0,0.0,0.0,7.0,7.0,3020.0,431.42857142857144,0.0,0.0,7,7.0,3020.0,0.0,1.0,431.42857142857144,431.42857142857144,0.0
PRV56894,0.0,0.0,0.0,0.0,0.0,0.0,26.0,23.0,4360.0,167.69230769230768,0.0,0.0,23,26.0,4360.0,0.0,1.1304347826086956,189.56521739130434,167.69230769230768,0.0
PRV56895,13.0,13.0,145000.0,11153.846153846154,13884.0,1068.0,1.0,1.0,0.0,0.0,0.0,0.0,14,14.0,145000.0,13884.0,1.0,10357.142857142857,10357.142857142857,0.9285714285714286
PRV56896,3.0,3.0,60000.0,20000.0,3204.0,1068.0,0.0,0.0,0.0,0.0,0.0,0.0,3,3.0,60000.0,3204.0,1.0,20000.0,20000.0,1.0
PRV56897,8.0,8.0,62000.0,7750.0,7476.0,1068.0,0.0,0.0,0.0,0.0,0.0,0.0,8,8.0,62000.0,7476.0,1.0,7750.0,7750.0,1.0
PRV56900,2.0,2.0,19000.0,9500.0,2136.0,1068.0,0.0,0.0,0.0,0.0,0.0,0.0,2,2.0,19000.0,2136.0,1.0,9500.0,9500.0,1.0
PRV56901,0.0,0.0,0.0,0.0,0.0,0.0,66.0,48.0,10190.0,154.3939393939394,20.0,0.30303030303030304,48,66.0,10190.0,20.0,1.375,212.29166666666666,154.3939393939394,0.0
PRV56902,1.0,1.0,4000.0,4000.0,1068.0,1068.0,0.0,0.0,0.0,0.0,0.0,0.0,1,1.0,4000.0,1068.0,1.0,4000.0,4000.0,1.0
PRV56903,2.0,2.0,57000.0,28500.0,2136.0,1068.0,0.0,0.0,0.0,0.0,0.0,0.0,2,2.0,57000.0,2136.0,1.0,28500.0,28500.0,1.0
PRV56904,4.0,4.0,28000.0,7000.0,4272.0,1068.0,0.0,0.0,0.0,0.0,0.0,0.0,4,4.0,28000.0,4272.0,1.0,7000.0,7000.0,1.0
PRV56905,0.0,0.0,0.0,0.0,0.0,0.0,15.0,13.0,6080.0,405.3333333333333,50.0,3.3333333333333335,13,15.0,6080.0,50.0,1.1538461538461537,467.6923076923077,405.3333333333333,0.0
PRV56906,6.0,6.0,51000.0,8500.0,6408.0,1068.0,1.0,1.0,1100.0,1100.0,0.0,0.0,7,7.0,52100.0,6408.0,1.0,7442.857142857143,7442.857142857143,0.8571428571428571
PRV56907,0.0,0.0,0.0,0.0,0.0,0.0,15.0,15.0,5820.0,388.0,0.0,0.0,15,15.0,5820.0,0.0,1.0,388.0,388.0,0.0
PRV56908,1.0,1.0,5000.0,5000.0,1068.0,1068.0,1.0,1.0,60.0,60.0,0.0,0.0,2,2.0,5060.0,1068.0,1.0,2530.0,2530.0,0.5
PRV56909,3.0,2.0,17000.0,5666.666666666667,3204.0,1068.0,4.0,4.0,1590.0,397.5,0.0,0.0,6,7.0,18590.0,3204.0,1.1666666666666667,3098.3333333333335,2655.714285714286,0.42857142857142855
PRV56910,4.0,4.0,37200.0,9300.0,4272.0,1068.0,1.0,1.0,60.0,60.0,0.0,0.0,5,5.0,37260.0,4272.0,1.0,7452.0,7452.0,0.8
PRV56912,7.0,7.0,90000.0,12857.142857142857,7476.0,1068.0,0.0,0.0,0.0,0.0,0.0,0.0,7,7.0,90000.0,7476.0,1.0,12857.142857142857,12857.142857142857,1.0
PRV56914,6.0,6.0,70000.0,11666.666666666666,6408.0,1068.0,0.0,0.0,0.0,0.0,0.0,0.0,6,6.0,70000.0,6408.0,1.0,11666.666666666666,11666.666666666666,1.0
PRV56915,4.0,4.0,30900.0,7725.0,4272.0,1068.0,0.0,0.0,0.0,0.0,0.0,0.0,4,4.0,30900.0,4272.0,1.0,7725.0,7725.0,1.0
PRV56916,11.0,10.0,113700.0,10336.363636363636,11748.0,1068.0,0.0,0.0,0.0,0.0,0.0,0.0,10,11.0,113700.0,11748.0,1.1,11370.0,10336.363636363636,1.0
PRV56917,2.0,2.0,13000.0,6500.0,2136.0,1068.0,6.0,6.0,1880.0,313.3333333333333,0.0,0.0,7,8.0,14880.0,2136.0,1.1428571428571428,2125.714285714286,1860.0,0.25
PRV56918,7.0,7.0,142000.0,20285.714285714286,7476.0,1068.0,0.0,0.0,0.0,0.0,0.0,0.0,7,7.0,142000.0,7476.0,1.0,20285.714285714286,20285.714285714286,1.0
PRV56919,0.0,0.0,0.0,0.0,0.0,0.0,2.0,2.0,30.0,15.0,0.0,0.0,2,2.0,30.0,0.0,1.0,15.0,15.0,0.0
PRV56920,0.0,0.0,0.0,0.0,0.0,0.0,1.0,1.0,80.0,80.0,0.0,0.0,1,1.0,80.0,0.0,1.0,80.0,80.0,0.0
PRV56923,0.0,0.0,0.0,0.0,0.0,0.0,41.0,27.0,6030.0,147.0731707317073,310.0,7.560975609756097,27,41.0,6030.0,310.0,1.5185185185185186,223.33333333333334,147.0731707317073,0.0
PRV56926,0.0,0.0,0.0,0.0,0.0,0.0,1.0,1.0,20.0,20.0,0.0,0.0,1,1.0,20.0,0.0,1.0,20.0,20.0,0.0
PRV56928,0.0,0.0,0.0,0.0,0.0,0.0,32.0,28.0,6530.0,204.0625,110.0,3.4375,28,32.0,6530.0,110.0,1.1428571428571428,233.21428571428572,204.0625,0.0
PRV56929,0.0,0.0,0.0,0.0,0.0,0.0,45.0,32.0,7670.0,170.44444444444446,140.0,3.111111111111111,32,45.0,7670.0,140.0,1.40625,239.6875,170.44444444444446,0.0
PRV56930,0.0,0.0,0.0,0.0,0.0,0.0,24.0,19.0,6680.0,278.3333333333333,0.0,0.0,19,24.0,6680.0,0.0,1.263157894736842,351.57894736842104,278.3333333333333,0.0
PRV56931,0.0,0.0,0.0,0.0,0.0,0.0,21.0,17.0,6610.0,314.76190476190476,0.0,0.0,17,21.0,6610.0,0.0,1.2352941176470589,388.8235294117647,314.76190476190476,0.0
PRV56932,0.0,0.0,0.0,0.0,0.0,0.0,9.0,8.0,810.0,90.0,30.0,3.3333333333333335,8,9.0,810.0,30.0,1.125,101.25,90.0,0.0
PRV56933,0.0,0.0,0.0,0.0,0.0,0.0,12.0,12.0,4660.0,388.3333333333333,0.0,0.0,12,12.0,4660.0,0.0,1.0,388.3333333333333,388.3333333333333,0.0
PRV56934,0.0,0.0,0.0,0.0,0.0,0.0,6.0,6.0,450.0,75.0,0.0,0.0,6,6.0,450.0,0.0,1.0,75.0,75.0,0.0
PRV56935,0.0,0.0,0.0,0.0,0.0,0.0,24.0,15.0,13190.0,549.5833333333334,0.0,0.0,15,24.0,13190.0,0.0,1.6,879.3333333333334,549.5833333333334,0.0
PRV56937,0.0,0.0,0.0,0.0,0.0,0.0,5.0,5.0,310.0,62.0,0.0,0.0,5,5.0,310.0,0.0,1.0,62.0,62.0,0.0
PRV56938,0.0,0.0,0.0,0.0,0.0,0.0,22.0,21.0,3840.0,174.54545454545453,80.0,3.6363636363636362,21,22.0,3840.0,80.0,1.0476190476190477,182.85714285714286,174.54545454545453,0.0
PRV56939,0.0,0.0,0.0,0.0,0.0,0.0,16.0,15.0,5080.0,317.5,80.0,5.0,15,16.0,5080.0,80.0,1.0666666666666667,338.6666666666667,317.5,0.0
PRV56941,0.0,0.0,0.0,0.0,0.0,0.0,21.0,20.0,4280.0,203.8095238095238,100.0,4.761904761904762,20,21.0,4280.0,100.0,1.05,214.0,203.8095238095238,0.0
PRV56942,0.0,0.0,0.0,0.0,0.0,0.0,24.0,23.0,6960.0,290.0,40.0,1.6666666666666667,23,24.0,6960.0,40.0,1.0434782608695652,302.60869565217394,290.0,0.0
PRV56944,0.0,0.0,0.0,0.0,0.0,0.0,3.0,3.0,180.0,60.0,0.0,0.0,3,3.0,180.0,0.0,1.0,60.0,60.0,0.0
PRV56945,0.0,0.0,0.0,0.0,0.0,0.0,57.0,41.0,21400.0,375.43859649122805,150.0,2.6315789473684212,41,57.0,21400.0,150.0,1.3902439024390243,521.9512195121952,375.43859649122805,0.0
PRV56946,0.0,0.0,0.0,0.0,0.0,0.0,2.0,1.0,120.0,60.0,0.0,0.0,1,2.0,120.0,0.0,2.0,120.0,60.0,0.0
PRV56947,0.0,0.0,0.0,0.0,0.0,0.0,3.0,3.0,580.0,193.33333333333334,20.0,6.666666666666667,3,3.0,580.0,20.0,1.0,193.33333333333334,193.33333333333334,0.0
PRV56948,0.0,0.0,0.0,0.0,0.0,0.0,3.0,3.0,670.0,223.33333333333334,0.0,0.0,3,3.0,670.0,0.0,1.0,223.33333333333334,223.33333333333334,0.0
PRV56949,0.0,0.0,0.0,0.0,0.0,0.0,104.0,43.0,31960.0,307.3076923076923,500.0,4.8076923076923075,43,104.0,31960.0,500.0,2.4186046511627906,743.2558139534884,307.3076923076923,0.0
PRV56950,0.0,0.0,0.0,0.0,0.0,0.0,3.0,3.0,1140.0,380.0,0.0,0.0,3,3.0,1140.0,0.0,1.0,380.0,380.0,0.0
PRV56951,0.0,0.0,0.0,0.0,0.0,0.0,19.0,8.0,5170.0,272.10526315789474,70.0,3.6842105263157894,8,19.0,5170.0,70.0,2.375,646.25,272.10526315789474,0.0
PRV56953,0.0,0.0,0.0,0.0,0.0,0.0,20.0,19.0,2870.0,143.5,140.0,7.0,19,20.0,2870.0,140.0,1.0526315789473684,151.05263157894737,143.5,0.0
PRV56954,0.0,0.0,0.0,0.0,0.0,0.0,20.0,19.0,2910.0,145.5,0.0,0.0,19,20.0,2910.0,0.0,1.0526315789473684,153.1578947368421,145.5,0.0
PRV56956,0.0,0.0,0.0,0.0,0.0,0.0,5.0,5.0,2810.0,562.0,0.0,0.0,5,5.0,2810.0,0.0,1.0,562.0,562.0,0.0
PRV56957,0.0,0.0,0.0,0.0,0.0,0.0,138.0,108.0,44400.0,321.7391304347826,590.0,4.27536231884058,108,138.0,44400.0,590.0,1.2777777777777777,411.1111111111111,321.7391304347826,0.0
PRV56958,0.0,0.0,0.0,0.0,0.0,0.0,13.0,12.0,4980.0,383.0769230769231,0.0,0.0,12,13.0,4980.0,0.0,1.0833333333333333,415.0,383.0769230769231,0.0
PRV56960,0.0,0.0,0.0,0.0,0.0,0.0,8.0,8.0,2540.0,317.5,30.0,3.75,8,8.0,2540.0,30.0,1.0,317.5,317.5,0.0
PRV56963,0.0,0.0,0.0,0.0,0.0,0.0,6.0,6.0,1440.0,240.0,0.0,0.0,6,6.0,1440.0,0.0,1.0,240.0,240.0,0.0
PRV56964,0.0,0.0,0.0,0.0,0.0,0.0,5.0,5.0,1000.0,200.0,0.0,0.0,5,5.0,1000.0,0.0,1.0,200.0,200.0,0.0
PRV56965,0.0,0.0,0.0,0.0,0.0,0.0,3.0,3.0,650.0,216.66666666666666,0.0,0.0,3,3.0,650.0,0.0,1.0,216.66666666666666,216.66666666666666,0.0
PRV56966,0.0,0.0,0.0,0.0,0.0,0.0,2.0,2.0,240.0,120.0,0.0,0.0,2,2.0,240.0,0.0,1.0,120.0,120.0,0.0
PRV56967,0.0,0.0,0.0,0.0,0.0,0.0,91.0,79.0,25440.0,279.56043956043953,380.0,4.175824175824176,79,91.0,25440.0,380.0,1.1518987341772151,322.0253164556962,279.56043956043953,0.0
PRV56969,0.0,0.0,0.0,0.0,0.0,0.0,1.0,1.0,10.0,10.0,0.0,0.0,1,1.0,10.0,0.0,1.0,10.0,10.0,0.0
PRV56970,0.0,0.0,0.0,0.0,0.0,0.0,2.0,2.0,210.0,105.0,0.0,0.0,2,2.0,210.0,0.0,1.0,105.0,105.0,0.0
PRV56971,0.0,0.0,0.0,0.0,0.0,0.0,4.0,4.0,400.0,100.0,0.0,0.0,4,4.0,400.0,0.0,1.0,100.0,100.0,0.0
PRV56972,0.0,0.0,0.0,0.0,0.0,0.0,48.0,45.0,23760.0,495.0,60.0,1.25,45,48.0,23760.0,60.0,1.0666666666666667,528.0,495.0,0.0
PRV56973,0.0,0.0,0.0,0.0,0.0,0.0,17.0,17.0,5220.0,307.05882352941177,10.0,0.5882352941176471,17,17.0,5220.0,10.0,1.0,307.05882352941177,307.05882352941177,0.0
PRV56974,0.0,0.0,0.0,0.0,0.0,0.0,1.0,1.0,80.0,80.0,0.0,0.0,1,1.0,80.0,0.0,1.0,80.0,80.0,0.0
PRV56976,0.0,0.0,0.0,0.0,0.0,0.0,6.0,6.0,1940.0,323.3333333333333,0.0,0.0,6,6.0,1940.0,0.0,1.0,323.3333333333333,323.3333333333333,0.0
PRV56977,0.0,0.0,0.0,0.0,0.0,0.0,8.0,8.0,1040.0,130.0,0.0,0.0,8,8.0,1040.0,0.0,1.0,130.0,130.0,0.0
PRV56978,0.0,0.0,0.0,0.0,0.0,0.0,120.0,97.0,24030.0,200.25,330.0,2.75,97,120.0,24030.0,330.0,1.2371134020618557,247.7319587628866,200.25,0.0
PRV56980,0.0,0.0,0.0,0.0,0.0,0.0,17.0,17.0,3070.0,180.58823529411765,0.0,0.0,17,17.0,3070.0,0.0,1.0,180.58823529411765,180.58823529411765,0.0
PRV56981,0.0,0.0,0.0,0.0,0.0,0.0,7.0,7.0,710.0,101.42857142857143,0.0,0.0,7,7.0,710.0,0.0,1.0,101.42857142857143,101.42857142857143,0.0
PRV56982,0.0,0.0,0.0,0.0,0.0,0.0,24.0,21.0,9470.0,394.5833333333333,100.0,4.166666666666667,21,24.0,9470.0,100.0,1.1428571428571428,450.95238095238096,394.5833333333333,0.0
PRV56984,0.0,0.0,0.0,0.0,0.0,0.0,3.0,3.0,780.0,260.0,0.0,0.0,3,3.0,780.0,0.0,1.0,260.0,260.0,0.0
PRV56985,0.0,0.0,0.0,0.0,0.0,0.0,17.0,17.0,1940.0,114.11764705882354,40.0,2.3529411764705883,17,17.0,1940.0,40.0,1.0,114.11764705882354,114.11764705882354,0.0
PRV56986,0.0,0.0,0.0,0.0,0.0,0.0,2.0,2.0,310.0,155.0,0.0,0.0,2,2.0,310.0,0.0,1.0,155.0,155.0,0.0
PRV56987,0.0,0.0,0.0,0.0,0.0,0.0,7.0,7.0,1210.0,172.85714285714286,0.0,0.0,7,7.0,1210.0,0.0,1.0,172.85714285714286,172.85714285714286,0.0
PRV56988,0.0,0.0,0.0,0.0,0.0,0.0,1.0,1.0,0.0,0.0,0.0,0.0,1,1.0,0.0,0.0,1.0,0.0,0.0,0.0
PRV56989,0.0,0.0,0.0,0.0,0.0,0.0,2.0,2.0,110.0,55.0,0.0,0.0,2,2.0,110.0,0.0,1.0,55.0,55.0,0.0
PRV56990,0.0,0.0,0.0,0.0,0.0,0.0,55.0,11.0,8320.0,151.27272727272728,0.0,0.0,11,55.0,8320.0,0.0,5.0,756.3636363636364,151.27272727272728,0.0
PRV56991,0.0,0.0,0.0,0.0,0.0,0.0,15.0,15.0,6640.0,442.6666666666667,0.0,0.0,15,15.0,6640.0,0.0,1.0,442.6666666666667,442.6666666666667,0.0
PRV56992,0.0,0.0,0.0,0.0,0.0,0.0,2.0,2.0,100.0,50.0,0.0,0.0,2,2.0,100.0,0.0,1.0,50.0,50.0,0.0
PRV56993,0.0,0.0,0.0,0.0,0.0,0.0,24.0,24.0,5400.0,225.0,100.0,4.166666666666667,24,24.0,5400.0,100.0,1.0,225.0,225.0,0.0
PRV56995,0.0,0.0,0.0,0.0,0.0,0.0,10.0,10.0,4330.0,433.0,0.0,0.0,10,10.0,4330.0,0.0,1.0,433.0,433.0,0.0
PRV56996,0.0,0.0,0.0,0.0,0.0,0.0,11.0,11.0,2040.0,185.45454545454547,0.0,0.0,11,11.0,2040.0,0.0,1.0,185.45454545454547,185.45454545454547,0.0
PRV56997,0.0,0.0,0.0,0.0,0.0,0.0,25.0,24.0,2180.0,87.2,40.0,1.6,24,25.0,2180.0,40.0,1.0416666666666667,90.83333333333333,87.2,0.0
PRV56998,0.0,0.0,0.0,0.0,0.0,0.0,2.0,2.0,330.0,165.0,0.0,0.0,2,2.0,330.0,0.0,1.0,165.0,165.0,0.0
PRV56999,0.0,0.0,0.0,0.0,0.0,0.0,8.0,8.0,2350.0,293.75,40.0,5.0,8,8.0,2350.0,40.0,1.0,293.75,293.75,0.0
PRV57000,0.0,0.0,0.0,0.0,0.0,0.0,61.0,55.0,18910.0,310.0,150.0,2.459016393442623,55,61.0,18910.0,150.0,1.1090909090909091,343.8181818181818,310.0,0.0
PRV57002,0.0,0.0,0.0,0.0,0.0,0.0,50.0,49.0,10450.0,209.0,140.0,2.8,49,50.0,10450.0,140.0,1.0204081632653061,213.26530612244898,209.0,0.0
PRV57004,0.0,0.0,0.0,0.0,0.0,0.0,123.0,93.0,33440.0,271.869918699187,410.0,3.3333333333333335,93,123.0,33440.0,410.0,1.3225806451612903,359.5698924731183,271.869918699187,0.0
PRV57005,0.0,0.0,0.0,0.0,0.0,0.0,2.0,2.0,310.0,155.0,0.0,0.0,2,2.0,310.0,0.0,1.0,155.0,155.0,0.0
PRV57006,0.0,0.0,0.0,0.0,0.0,0.0,105.0,61.0,40560.0,386.2857142857143,360.0,3.4285714285714284,61,105.0,40560.0,360.0,1.721311475409836,664.9180327868852,386.2857142857143,0.0
PRV57010,0.0,0.0,0.0,0.0,0.0,0.0,57.0,56.0,24130.0,423.3333333333333,280.0,4.912280701754386,56,57.0,24130.0,280.0,1.0178571428571428,430.89285714285717,423.3333333333333,0.0
PRV57011,0.0,0.0,0.0,0.0,0.0,0.0,17.0,16.0,3760.0,221.1764705882353,190.0,11.176470588235293,16,17.0,3760.0,190.0,1.0625,235.0,221.1764705882353,0.0
PRV57013,0.0,0.0,0.0,0.0,0.0,0.0,41.0,31.0,15650.0,381.7073170731707,0.0,0.0,31,41.0,15650.0,0.0,1.3225806451612903,504.83870967741933,381.7073170731707,0.0
PRV57014,0.0,0.0,0.0,0.0,0.0,0.0,76.0,46.0,17170.0,225.92105263157896,350.0,4.605263157894737,46,76.0,17170.0,350.0,1.6521739130434783,373.2608695652174,225.92105263157896,0.0
PRV57015,0.0,0.0,0.0,0.0,0.0,0.0,44.0,39.0,22930.0,521.1363636363636,150.0,3.409090909090909,39,44.0,22930.0,150.0,1.1282051282051282,587.9487179487179,521.1363636363636,0.0
PRV57016,16.0,15.0,197600.0,12350.0,17088.0,1068.0,0.0,0.0,0.0,0.0,0.0,0.0,15,16.0,197600.0,17088.0,1.0666666666666667,13173.333333333334,12350.0,1.0
PRV57017,23.0,21.0,266100.0,11569.565217391304,23496.0,1068.0,0.0,0.0,0.0,0.0,0.0,0.0,21,23.0,266100.0,23496.0,1.0952380952380953,12671.42857142857,11569.565217391304,1.0
PRV57018,24.0,22.0,332000.0,13833.333333333334,24564.0,1068.0,9.0,9.0,690.0,76.66666666666667,0.0,0.0,31,33.0,332690.0,24564.0,1.064516129032258,10731.935483870968,10081.515151515152,0.7272727272727273
PRV57020,6.0,6.0,53000.0,8833.333333333334,6408.0,1068.0,0.0,0.0,0.0,0.0,0.0,0.0,6,6.0,53000.0,6408.0,1.0,8833.333333333334,8833.333333333334,1.0
PRV57021,14.0,12.0,137000.0,9785.714285714286,14952.0,1068.0,0.0,0.0,0.0,0.0,0.0,0.0,12,14.0,137000.0,14952.0,1.1666666666666667,11416.666666666666,9785.714285714286,1.0
PRV57023,15.0,15.0,173000.0,11533.333333333334,14952.0,1068.0,0.0,0.0,0.0,0.0,0.0,0.0,15,15.0,173000.0,14952.0,1.0,11533.333333333334,11533.333333333334,1.0
PRV57024,9.0,9.0,132700.0,14744.444444444445,9612.0,1068.0,0.0,0.0,0.0,0.0,0.0,0.0,9,9.0,132700.0,9612.0,1.0,14744.444444444445,14744.444444444445,1.0
PRV57025,17.0,17.0,138000.0,8117.64705882353,18156.0,1068.0,32.0,30.0,6640.0,207.5,0.0,0.0,45,49.0,144640.0,18156.0,1.0888888888888888,3214.222222222222,2951.8367346938776,0.3469387755102041
PRV57030,16.0,15.0,189000.0,11812.5,17088.0,1068.0,41.0,38.0,15810.0,385.609756097561,100.0,2.4390243902439024,53,57.0,204810.0,17188.0,1.0754716981132075,3864.3396226415093,3593.157894736842,0.2807017543859649
PRV57031,15.0,15.0,161000.0,10733.333333333334,16020.0,1068.0,137.0,131.0,42600.0,310.94890510948903,340.0,2.4817518248175183,145,152.0,203600.0,16360.0,1.0482758620689656,1404.1379310344828,1339.4736842105262,0.09868421052631579
PRV57033,17.0,17.0,202000.0,11882.35294117647,18156.0,1068.0,36.0,34.0,15330.0,425.8333333333333,120.0,3.3333333333333335,49,53.0,217330.0,18276.0,1.0816326530612246,4435.306122448979,4100.566037735849,0.32075471698113206
PRV57034,21.0,21.0,184000.0,8761.904761904761,21360.0,1068.0,43.0,43.0,12130.0,282.09302325581393,120.0,2.7906976744186047,63,64.0,196130.0,21480.0,1.0158730158730158,3113.1746031746034,3064.53125,0.328125
PRV57036,0.0,0.0,0.0,0.0,0.0,0.0,20.0,20.0,8700.0,435.0,0.0,0.0,20,20.0,8700.0,0.0,1.0,435.0,435.0,0.0
PRV57038,0.0,0.0,0.0,0.0,0.0,0.0,33.0,33.0,6310.0,191.21212121212122,90.0,2.727272727272727,33,33.0,6310.0,90.0,1.0,191.21212121212122,191.21212121212122,0.0
PRV57039,0.0,0.0,0.0,0.0,0.0,0.0,5.0,4.0,910.0,182.0,0.0,0.0,4,5.0,910.0,0.0,1.25,227.5,182.0,0.0
PRV57041,0.0,0.0,0.0,0.0,0.0,0.0,26.0,21.0,5170.0,198.84615384615384,0.0,0.0,21,26.0,5170.0,0.0,1.2380952380952381,246.1904761904762,198.84615384615384,0.0
PRV57043,0.0,0.0,0.0,0.0,0.0,0.0,1.0,1.0,50.0,50.0,0.0,0.0,1,1.0,50.0,0.0,1.0,50.0,50.0,0.0
PRV57046,0.0,0.0,0.0,0.0,0.0,0.0,97.0,56.0,28790.0,296.8041237113402,260.0,2.6804123711340204,56,97.0,28790.0,260.0,1.7321428571428572,514.1071428571429,296.8041237113402,0.0
PRV57047,0.0,0.0,0.0,0.0,0.0,0.0,16.0,16.0,4130.0,258.125,170.0,10.625,16,16.0,4130.0,170.0,1.0,258.125,258.125,0.0
PRV57048,0.0,0.0,0.0,0.0,0.0,0.0,5.0,5.0,220.0,44.0,0.0,0.0,5,5.0,220.0,0.0,1.0,44.0,44.0,0.0
PRV57049,18.0,18.0,266000.0,14777.777777777777,19224.0,1068.0,4.0,4.0,560.0,140.0,0.0,0.0,22,22.0,266560.0,19224.0,1.0,12116.363636363636,12116.363636363636,0.8181818181818182
PRV57051,0.0,0.0,0.0,0.0,0.0,0.0,3.0,3.0,1470.0,490.0,0.0,0.0,3,3.0,1470.0,0.0,1.0,490.0,490.0,0.0
PRV57052,0.0,0.0,0.0,0.0,0.0,0.0,13.0,13.0,7720.0,593.8461538461538,40.0,3.076923076923077,13,13.0,7720.0,40.0,1.0,593.8461538461538,593.8461538461538,0.0
PRV57053,0.0,0.0,0.0,0.0,0.0,0.0,23.0,16.0,11400.0,495.6521739130435,0.0,0.0,16,23.0,11400.0,0.0,1.4375,712.5,495.6521739130435,0.0
PRV57054,0.0,0.0,0.0,0.0,0.0,0.0,27.0,18.0,5190.0,192.22222222222223,40.0,1.4814814814814814,18,27.0,5190.0,40.0,1.5,288.3333333333333,192.22222222222223,0.0
PRV57056,0.0,0.0,0.0,0.0,0.0,0.0,10.0,10.0,1250.0,125.0,0.0,0.0,10,10.0,1250.0,0.0,1.0,125.0,125.0,0.0
PRV57057,0.0,0.0,0.0,0.0,0.0,0.0,26.0,10.0,10560.0,406.15384615384613,230.0,8.846153846153847,10,26.0,10560.0,230.0,2.6,1056.0,406.15384615384613,0.0
PRV57058,0.0,0.0,0.0,0.0,0.0,0.0,29.0,8.0,10520.0,362.7586206896552,0.0,0.0,8,29.0,10520.0,0.0,3.625,1315.0,362.7586206896552,0.0
PRV57059,0.0,0.0,0.0,0.0,0.0,0.0,9.0,9.0,4250.0,472.22222222222223,160.0,17.77777777777778,9,9.0,4250.0,160.0,1.0,472.22222222222223,472.22222222222223,0.0
PRV57061,0.0,0.0,0.0,0.0,0.0,0.0,1.0,1.0,100.0,100.0,0.0,0.0,1,1.0,100.0,0.0,1.0,100.0,100.0,0.0
PRV57062,0.0,0.0,0.0,0.0,0.0,0.0,58.0,42.0,16020.0,276.2068965517241,60.0,1.0344827586206897,42,58.0,16020.0,60.0,1.380952380952381,381.42857142857144,276.2068965517241,0.0
PRV57063,0.0,0.0,0.0,0.0,0.0,0.0,1.0,1.0,40.0,40.0,0.0,0.0,1,1.0,40.0,0.0,1.0,40.0,40.0,0.0
PRV57067,0.0,0.0,0.0,0.0,0.0,0.0,18.0,13.0,3050.0,169.44444444444446,150.0,8.333333333333334,13,18.0,3050.0,150.0,1.3846153846153846,234.6153846153846,169.44444444444446,0.0
PRV57069,2.0,2.0,4000.0,2000.0,2136.0,1068.0,0.0,0.0,0.0,0.0,0.0,0.0,2,2.0,4000.0,2136.0,1.0,2000.0,2000.0,1.0
PRV57072,4.0,4.0,30000.0,7500.0,4272.0,1068.0,0.0,0.0,0.0,0.0,0.0,0.0,4,4.0,30000.0,4272.0,1.0,7500.0,7500.0,1.0
PRV57073,10.0,9.0,108000.0,10800.0,10680.0,1068.0,0.0,0.0,0.0,0.0,0.0,0.0,9,10.0,108000.0,10680.0,1.1111111111111112,12000.0,10800.0,1.0
PRV57074,7.0,7.0,59000.0,8428.57142857143,7476.0,1068.0,0.0,0.0,0.0,0.0,0.0,0.0,7,7.0,59000.0,7476.0,1.0,8428.57142857143,8428.57142857143,1.0
PRV57075,2.0,2.0,16000.0,8000.0,2136.0,1068.0,0.0,0.0,0.0,0.0,0.0,0.0,2,2.0,16000.0,2136.0,1.0,8000.0,8000.0,1.0
PRV57076,2.0,2.0,10000.0,5000.0,1068.0,1068.0,0.0,0.0,0.0,0.0,0.0,0.0,2,2.0,10000.0,1068.0,1.0,5000.0,5000.0,1.0
PRV57077,3.0,2.0,29000.0,9666.666666666666,3204.0,1068.0,0.0,0.0,0.0,0.0,0.0,0.0,2,3.0,29000.0,3204.0,1.5,14500.0,9666.666666666666,1.0
PRV57078,10.0,9.0,75000.0,7500.0,10680.0,1068.0,0.0,0.0,0.0,0.0,0.0,0.0,9,10.0,75000.0,10680.0,1.1111111111111112,8333.333333333334,7500.0,1.0
PRV57080,1.0,1.0,57000.0,57000.0,1068.0,1068.0,0.0,0.0,0.0,0.0,0.0,0.0,1,1.0,57000.0,1068.0,1.0,57000.0,57000.0,1.0
PRV57081,37.0,34.0,414000.0,11189.18918918919,38448.0,1068.0,0.0,0.0,0.0,0.0,0.0,0.0,34,37.0,414000.0,38448.0,1.088235294117647,12176.470588235294,11189.18918918919,1.0
PRV57082,5.0,5.0,100000.0,20000.0,5340.0,1068.0,0.0,0.0,0.0,0.0,0.0,0.0,5,5.0,100000.0,5340.0,1.0,20000.0,20000.0,1.0
PRV57084,7.0,7.0,62000.0,8857.142857142857,7476.0,1068.0,1.0,1.0,40.0,40.0,0.0,0.0,8,8.0,62040.0,7476.0,1.0,7755.0,7755.0,0.875
PRV57085,5.0,5.0,42000.0,8400.0,5340.0,1068.0,0.0,0.0,0.0,0.0,0.0,0.0,5,5.0,42000.0,5340.0,1.0,8400.0,8400.0,1.0
PRV57086,6.0,6.0,53000.0,8833.333333333334,5340.0,1068.0,0.0,0.0,0.0,0.0,0.0,0.0,6,6.0,53000.0,5340.0,1.0,8833.333333333334,8833.333333333334,1.0
PRV57087,4.0,4.0,31000.0,7750.0,4272.0,1068.0,0.0,0.0,0.0,0.0,0.0,0.0,4,4.0,31000.0,4272.0,1.0,7750.0,7750.0,1.0
PRV57088,6.0,6.0,50000.0,8333.333333333334,6408.0,1068.0,4.0,4.0,590.0,147.5,0.0,0.0,10,10.0,50590.0,6408.0,1.0,5059.0,5059.0,0.6
PRV57089,3.0,3.0,21000.0,7000.0,3204.0,1068.0,0.0,0.0,0.0,0.0,0.0,0.0,3,3.0,21000.0,3204.0,1.0,7000.0,7000.0,1.0
PRV57091,4.0,3.0,46000.0,11500.0,4272.0,1068.0,0.0,0.0,0.0,0.0,0.0,0.0,3,4.0,46000.0,4272.0,1.3333333333333333,15333.333333333334,11500.0,1.0
PRV57092,2.0,2.0,7000.0,3500.0,2136.0,1068.0,0.0,0.0,0.0,0.0,0.0,0.0,2,2.0,7000.0,2136.0,1.0,3500.0,3500.0,1.0
PRV57093,1.0,1.0,5000.0,5000.0,1068.0,1068.0,0.0,0.0,0.0,0.0,0.0,0.0,1,1.0,5000.0,1068.0,1.0,5000.0,5000.0,1.0
PRV57094,3.0,3.0,48000.0,16000.0,3204.0,1068.0,0.0,0.0,0.0,0.0,0.0,0.0,3,3.0,48000.0,3204.0,1.0,16000.0,16000.0,1.0
PRV57096,11.0,11.0,160000.0,14545.454545454546,11748.0,1068.0,0.0,0.0,0.0,0.0,0.0,0.0,11,11.0,160000.0,11748.0,1.0,14545.454545454546,14545.454545454546,1.0
PRV57097,3.0,3.0,21000.0,7000.0,3204.0,1068.0,0.0,0.0,0.0,0.0,0.0,0.0,3,3.0,21000.0,3204.0,1.0,7000.0,7000.0,1.0
PRV57098,49.0,47.0,490000.0,10000.0,51264.0,1068.0,0.0,0.0,0.0,0.0,0.0,0.0,47,49.0,490000.0,51264.0,1.0425531914893618,10425.531914893618,10000.0,1.0
PRV57099,0.0,0.0,0.0,0.0,0.0,0.0,14.0,13.0,6440.0,460.0,10.0,0.7142857142857143,13,14.0,6440.0,10.0,1.0769230769230769,495.38461538461536,460.0,0.0
PRV57100,0.0,0.0,0.0,0.0,0.0,0.0,25.0,18.0,7580.0,303.2,60.0,2.4,18,25.0,7580.0,60.0,1.3888888888888888,421.1111111111111,303.2,0.0
PRV57101,30.0,27.0,296600.0,9886.666666666666,30972.0,1068.0,233.0,187.0,73080.0,313.6480686695279,270.0,1.1587982832618027,211,263.0,369680.0,31242.0,1.2464454976303319,1752.0379146919431,1405.6273764258556,0.11406844106463879
PRV57102,4.0,4.0,62000.0,15500.0,4272.0,1068.0,12.0,12.0,1450.0,120.83333333333333,0.0,0.0,16,16.0,63450.0,4272.0,1.0,3965.625,3965.625,0.25
PRV57103,29.0,25.0,305000.0,10517.241379310344,30972.0,1068.0,2020.0,783.0,587770.0,290.9752475247525,4200.0,2.0792079207920793,804,2049.0,892770.0,35172.0,2.548507462686567,1110.410447761194,435.71010248901905,0.014153245485602733
PRV57104,10.0,10.0,133000.0,13300.0,9612.0,1068.0,125.0,55.0,28630.0,229.04,300.0,2.4,61,135.0,161630.0,9912.0,2.2131147540983607,2649.6721311475408,1197.2592592592594,0.07407407407407407
PRV57105,0.0,0.0,0.0,0.0,0.0,0.0,4.0,3.0,540.0,135.0,0.0,0.0,3,4.0,540.0,0.0,1.3333333333333333,180.0,135.0,0.0
PRV57107,0.0,0.0,0.0,0.0,0.0,0.0,13.0,12.0,5410.0,416.15384615384613,0.0,0.0,12,13.0,5410.0,0.0,1.0833333333333333,450.8333333333333,416.15384615384613,0.0
PRV57108,5.0,5.0,60000.0,12000.0,5340.0,1068.0,44.0,40.0,13170.0,299.3181818181818,100.0,2.272727272727273,45,49.0,73170.0,5440.0,1.0888888888888888,1626.0,1493.265306122449,0.10204081632653061
PRV57109,6.0,6.0,70000.0,11666.666666666666,6408.0,1068.0,80.0,72.0,16790.0,209.875,300.0,3.75,78,86.0,86790.0,6708.0,1.1025641025641026,1112.6923076923076,1009.1860465116279,0.06976744186046512
PRV57110,1.0,1.0,15000.0,15000.0,1068.0,1068.0,18.0,18.0,1830.0,101.66666666666667,20.0,1.1111111111111112,19,19.0,16830.0,1088.0,1.0,885.7894736842105,885.7894736842105,0.05263157894736842
PRV57112,30.0,30.0,249010.0,8300.333333333334,32040.0,1068.0,130.0,110.0,37210.0,286.2307692307692,150.0,1.1538461538461537,134,160.0,286220.0,32190.0,1.1940298507462686,2135.9701492537315,1788.875,0.1875
PRV57113,2.0,2.0,28000.0,14000.0,2136.0,1068.0,5.0,5.0,350.0,70.0,70.0,14.0,7,7.0,28350.0,2206.0,1.0,4050.0,4050.0,0.2857142857142857
PRV57115,1.0,1.0,10000.0,10000.0,1068.0,1068.0,11.0,11.0,4050.0,368.1818181818182,0.0,0.0,12,12.0,14050.0,1068.0,1.0,1170.8333333333333,1170.8333333333333,0.08333333333333333
PRV57116,0.0,0.0,0.0,0.0,0.0,0.0,7.0,7.0,590.0,84.28571428571429,0.0,0.0,7,7.0,590.0,0.0,1.0,84.28571428571429,84.28571428571429,0.0
PRV57117,67.0,59.0,518000.0,7731.3432835820895,71556.0,1068.0,123.0,99.0,34370.0,279.4308943089431,100.0,0.8130081300813008,140,190.0,552370.0,71656.0,1.3571428571428572,3945.5,2907.2105263157896,0.3526315789473684
PRV57118,0.0,0.0,0.0,0.0,0.0,0.0,13.0,10.0,2480.0,190.76923076923077,50.0,3.8461538461538463,10,13.0,2480.0,50.0,1.3,248.0,190.76923076923077,0.0
PRV57119,0.0,0.0,0.0,0.0,0.0,0.0,5.0,4.0,1330.0,266.0,0.0,0.0,4,5.0,1330.0,0.0,1.25,332.5,266.0,0.0
PRV57120,13.0,13.0,178000.0,13692.307692307691,13884.0,1068.0,35.0,34.0,9050.0,258.57142857142856,100.0,2.857142857142857,46,48.0,187050.0,13984.0,1.0434782608695652,4066.304347826087,3896.875,0.2708333333333333
PRV57121,3.0,2.0,25000.0,8333.333333333334,3204.0,1068.0,35.0,15.0,10470.0,299.14285714285717,100.0,2.857142857142857,16,38.0,35470.0,3304.0,2.375,2216.875,933.421052631579,0.07894736842105263
PRV57122,1.0,1.0,8000.0,8000.0,1068.0,1068.0,13.0,12.0,2140.0,164.6153846153846,0.0,0.0,13,14.0,10140.0,1068.0,1.0769230769230769,780.0,724.2857142857143,0.07142857142857142
PRV57124,9.0,9.0,100000.0,11111.111111111111,9612.0,1068.0,49.0,47.0,6940.0,141.6326530612245,100.0,2.0408163265306123,55,58.0,106940.0,9712.0,1.0545454545454545,1944.3636363636363,1843.7931034482758,0.15517241379310345
PRV57125,0.0,0.0,0.0,0.0,0.0,0.0,370.0,154.0,95950.0,259.3243243243243,790.0,2.135135135135135,154,370.0,95950.0,790.0,2.4025974025974026,623.0519480519481,259.3243243243243,0.0
PRV57126,10.0,10.0,77000.0,7700.0,10680.0,1068.0,33.0,32.0,5620.0,170.3030303030303,40.0,1.2121212121212122,42,43.0,82620.0,10720.0,1.0238095238095237,1967.142857142857,1921.3953488372092,0.23255813953488372
PRV57127,8.0,8.0,77000.0,9625.0,8544.0,1068.0,14.0,14.0,4530.0,323.57142857142856,0.0,0.0,22,22.0,81530.0,8544.0,1.0,3705.909090909091,3705.909090909091,0.36363636363636365
PRV57128,0.0,0.0,0.0,0.0,0.0,0.0,60.0,56.0,20130.0,335.5,60.0,1.0,56,60.0,20130.0,60.0,1.0714285714285714,359.4642857142857,335.5,0.0
PRV57129,32.0,31.0,338200.0,10568.75,33108.0,1068.0,250.0,217.0,59290.0,237.16,370.0,1.48,244,282.0,397490.0,33478.0,1.1557377049180328,1629.0573770491803,1409.5390070921985,0.11347517730496454
PRV57130,0.0,0.0,0.0,0.0,0.0,0.0,3.0,2.0,260.0,86.66666666666667,0.0,0.0,2,3.0,260.0,0.0,1.5,130.0,86.66666666666667,0.0
PRV57131,0.0,0.0,0.0,0.0,0.0,0.0,2.0,1.0,880.0,440.0,0.0,0.0,1,2.0,880.0,0.0,2.0,880.0,440.0,0.0
PRV57132,0.0,0.0,0.0,0.0,0.0,0.0,9.0,4.0,3940.0,437.77777777777777,0.0,0.0,4,9.0,3940.0,0.0,2.25,985.0,437.77777777777777,0.0
PRV57133,0.0,0.0,0.0,0.0,0.0,0.0,14.0,4.0,1650.0,117.85714285714286,0.0,0.0,4,14.0,1650.0,0.0,3.5,412.5,117.85714285714286,0.0
PRV57134,0.0,0.0,0.0,0.0,0.0,0.0,16.0,15.0,2870.0,179.375,0.0,0.0,15,16.0,2870.0,0.0,1.0666666666666667,191.33333333333334,179.375,0.0
PRV57136,0.0,0.0,0.0,0.0,0.0,0.0,43.0,26.0,8240.0,191.62790697674419,40.0,0.9302325581395349,26,43.0,8240.0,40.0,1.6538461538461537,316.9230769230769,191.62790697674419,0.0
PRV57137,0.0,0.0,0.0,0.0,0.0,0.0,43.0,21.0,9990.0,232.32558139534885,50.0,1.1627906976744187,21,43.0,9990.0,50.0,2.0476190476190474,475.7142857142857,232.32558139534885,0.0
PRV57138,0.0,0.0,0.0,0.0,0.0,0.0,6.0,6.0,3480.0,580.0,0.0,0.0,6,6.0,3480.0,0.0,1.0,580.0,580.0,0.0
PRV57139,0.0,0.0,0.0,0.0,0.0,0.0,16.0,13.0,5750.0,359.375,0.0,0.0,13,16.0,5750.0,0.0,1.2307692307692308,442.3076923076923,359.375,0.0
PRV57140,0.0,0.0,0.0,0.0,0.0,0.0,2.0,2.0,450.0,225.0,0.0,0.0,2,2.0,450.0,0.0,1.0,225.0,225.0,0.0
PRV57141,15.0,12.0,175000.0,11666.666666666666,16020.0,1068.0,2.0,2.0,530.0,265.0,0.0,0.0,14,17.0,175530.0,16020.0,1.2142857142857142,12537.857142857143,10325.29411764706,0.8823529411764706
PRV57142,0.0,0.0,0.0,0.0,0.0,0.0,12.0,7.0,6770.0,564.1666666666666,0.0,0.0,7,12.0,6770.0,0.0,1.7142857142857142,967.1428571428571,564.1666666666666,0.0
PRV57143,0.0,0.0,0.0,0.0,0.0,0.0,1.0,1.0,100.0,100.0,0.0,0.0,1,1.0,100.0,0.0,1.0,100.0,100.0,0.0
PRV57144,8.0,8.0,70000.0,8750.0,7476.0,1068.0,0.0,0.0,0.0,0.0,0.0,0.0,8,8.0,70000.0,7476.0,1.0,8750.0,8750.0,1.0
PRV57145,4.0,4.0,70000.0,17500.0,4272.0,1068.0,0.0,0.0,0.0,0.0,0.0,0.0,4,4.0,70000.0,4272.0,1.0,17500.0,17500.0,1.0
PRV57146,9.0,9.0,103000.0,11444.444444444445,9612.0,1068.0,0.0,0.0,0.0,0.0,0.0,0.0,9,9.0,103000.0,9612.0,1.0,11444.444444444445,11444.444444444445,1.0
PRV57147,0.0,0.0,0.0,0.0,0.0,0.0,12.0,12.0,4160.0,346.6666666666667,0.0,0.0,12,12.0,4160.0,0.0,1.0,346.6666666666667,346.6666666666667,0.0
PRV57148,15.0,9.0,176080.0,11738.666666666666,16020.0,1068.0,68.0,60.0,24750.0,363.97058823529414,340.0,5.0,66,83.0,200830.0,16360.0,1.2575757575757576,3042.878787878788,2419.6385542168673,0.18072289156626506
PRV57149,0.0,0.0,0.0,0.0,0.0,0.0,143.0,129.0,27390.0,191.53846153846155,280.0,1.9580419580419581,129,143.0,27390.0,280.0,1.1085271317829457,212.32558139534885,191.53846153846155,0.0
PRV57150,0.0,0.0,0.0,0.0,0.0,0.0,166.0,123.0,37160.0,223.85542168674698,250.0,1.5060240963855422,123,166.0,37160.0,250.0,1.3495934959349594,302.1138211382114,223.85542168674698,0.0
PRV57151,0.0,0.0,0.0,0.0,0.0,0.0,515.0,231.0,169030.0,328.2135922330097,1390.0,2.6990291262135924,231,515.0,169030.0,1390.0,2.2294372294372296,731.7316017316017,328.2135922330097,0.0
PRV57152,0.0,0.0,0.0,0.0,0.0,0.0,400.0,383.0,102480.0,256.2,1390.0,3.475,383,400.0,102480.0,1390.0,1.0443864229765014,267.5718015665796,256.2,0.0
PRV57153,0.0,0.0,0.0,0.0,0.0,0.0,94.0,92.0,29690.0,315.8510638297872,190.0,2.021276595744681,92,94.0,29690.0,190.0,1.0217391304347827,322.7173913043478,315.8510638297872,0.0
PRV57154,0.0,0.0,0.0,0.0,0.0,0.0,52.0,39.0,14630.0,281.34615384615387,320.0,6.153846153846154,39,52.0,14630.0,320.0,1.3333333333333333,375.12820512820514,281.34615384615387,0.0
PRV57156,0.0,0.0,0.0,0.0,0.0,0.0,215.0,105.0,70570.0,328.2325581395349,450.0,2.0930232558139537,105,215.0,70570.0,450.0,2.0476190476190474,672.0952380952381,328.2325581395349,0.0
PRV57157,16.0,13.0,155000.0,9687.5,16020.0,1068.0,140.0,84.0,35460.0,253.28571428571428,430.0,3.0714285714285716,90,156.0,190460.0,16450.0,1.7333333333333334,2116.222222222222,1220.8974358974358,0.10256410256410256
PRV57158,30.0,23.0,337000.0,11233.333333333334,30972.0,1068.0,241.0,123.0,74610.0,309.5850622406639,630.0,2.6141078838174274,138,271.0,411610.0,31602.0,1.963768115942029,2982.68115942029,1518.8560885608856,0.11070110701107011
PRV57159,0.0,0.0,0.0,0.0,0.0,0.0,228.0,118.0,62310.0,273.2894736842105,1230.0,5.394736842105263,118,228.0,62310.0,1230.0,1.9322033898305084,528.0508474576271,273.2894736842105,0.0
PRV57160,0.0,0.0,0.0,0.0,0.0,0.0,101.0,97.0,36750.0,363.86138613861385,250.0,2.4752475247524752,97,101.0,36750.0,250.0,1.041237113402062,378.8659793814433,363.86138613861385,0.0
PRV57161,0.0,0.0,0.0,0.0,0.0,0.0,6.0,6.0,1480.0,246.66666666666666,0.0,0.0,6,6.0,1480.0,0.0,1.0,246.66666666666666,246.66666666666666,0.0
PRV57162,7.0,7.0,163000.0,23285.714285714286,6408.0,1068.0,97.0,49.0,32680.0,336.9072164948454,300.0,3.0927835051546393,51,104.0,195680.0,6708.0,2.0392156862745097,3836.8627450980393,1881.5384615384614,0.0673076923076923
PRV57165,3.0,3.0,34000.0,11333.333333333334,2136.0,1068.0,34.0,29.0,5720.0,168.23529411764707,140.0,4.117647058823529,32,37.0,39720.0,2276.0,1.15625,1241.25,1073.5135135135135,0.08108108108108109
PRV57166,29.0,22.0,238000.0,8206.896551724138,30972.0,1068.0,122.0,107.0,56700.0,464.75409836065575,270.0,2.2131147540983607,128,151.0,294700.0,31242.0,1.1796875,2302.34375,1951.6556291390727,0.19205298013245034
PRV57167,0.0,0.0,0.0,0.0,0.0,0.0,238.0,102.0,65100.0,273.52941176470586,480.0,2.0168067226890756,102,238.0,65100.0,480.0,2.3333333333333335,638.2352941176471,273.52941176470586,0.0
PRV57168,0.0,0.0,0.0,0.0,0.0,0.0,75.0,67.0,37140.0,495.2,80.0,1.0666666666666667,67,75.0,37140.0,80.0,1.1194029850746268,554.3283582089553,495.2,0.0
PRV57169,17.0,14.0,158000.0,9294.117647058823,18156.0,1068.0,14.0,13.0,3880.0,277.14285714285717,0.0,0.0,26,31.0,161880.0,18156.0,1.1923076923076923,6226.153846153846,5221.935483870968,0.5483870967741935
PRV57170,0.0,0.0,0.0,0.0,0.0,0.0,579.0,232.0,168360.0,290.77720207253884,1950.0,3.3678756476683938,232,579.0,168360.0,1950.0,2.4956896551724137,725.6896551724138,290.77720207253884,0.0
PRV57171,3.0,2.0,7000.0,2333.3333333333335,3204.0,1068.0,188.0,65.0,47690.0,253.67021276595744,660.0,3.5106382978723403,66,191.0,54690.0,3864.0,2.893939393939394,828.6363636363636,286.3350785340314,0.015706806282722512
PRV57172,88.0,79.0,895200.0,10172.727272727272,92916.0,1068.0,1672.0,575.0,490900.0,293.6004784688995,3540.0,2.117224880382775,605,1760.0,1386100.0,96456.0,2.909090909090909,2291.0743801652893,787.5568181818181,0.05
PRV57173,96.0,90.0,1012000.0,10541.666666666666,101460.0,1068.0,1129.0,861.0,314410.0,278.48538529672277,2730.0,2.41806908768822,938,1225.0,1326410.0,104190.0,1.3059701492537314,1414.08315565032,1082.7836734693878,0.0783673469387755
PRV57174,12.0,10.0,73000.0,6083.333333333333,12816.0,1068.0,42.0,38.0,22930.0,545.952380952381,30.0,0.7142857142857143,48,54.0,95930.0,12846.0,1.125,1998.5416666666667,1776.4814814814815,0.2222222222222222
PRV57175,0.0,0.0,0.0,0.0,0.0,0.0,78.0,76.0,32600.0,417.94871794871796,230.0,2.948717948717949,76,78.0,32600.0,230.0,1.0263157894736843,428.94736842105266,417.94871794871796,0.0
PRV57176,4.0,4.0,29200.0,7300.0,4272.0,1068.0,127.0,101.0,32320.0,254.48818897637796,400.0,3.1496062992125986,105,131.0,61520.0,4672.0,1.2476190476190476,585.9047619047619,469.618320610687,0.030534351145038167
PRV57177,73.0,64.0,729000.0,9986.301369863013,75828.0,1068.0,491.0,228.0,119370.0,243.11608961303463,1670.0,3.4012219959266803,257,564.0,848370.0,77498.0,2.1945525291828796,3301.0505836575876,1504.2021276595744,0.12943262411347517
PRV57179,26.0,25.0,290000.0,11153.846153846154,26700.0,1068.0,180.0,119.0,47460.0,263.6666666666667,390.0,2.1666666666666665,140,206.0,337460.0,27090.0,1.4714285714285715,2410.4285714285716,1638.1553398058252,0.1262135922330097
PRV57181,0.0,0.0,0.0,0.0,0.0,0.0,121.0,48.0,31910.0,263.7190082644628,100.0,0.8264462809917356,48,121.0,31910.0,100.0,2.5208333333333335,664.7916666666666,263.7190082644628,0.0
PRV57182,5.0,5.0,57000.0,11400.0,5340.0,1068.0,71.0,58.0,20000.0,281.6901408450704,60.0,0.8450704225352113,63,76.0,77000.0,5400.0,1.2063492063492063,1222.2222222222222,1013.1578947368421,0.06578947368421052
PRV57183,0.0,0.0,0.0,0.0,0.0,0.0,52.0,45.0,13170.0,253.26923076923077,200.0,3.8461538461538463,45,52.0,13170.0,200.0,1.1555555555555554,292.6666666666667,253.26923076923077,0.0
PRV57184,2.0,2.0,32000.0,16000.0,2136.0,1068.0,113.0,73.0,34960.0,309.3805309734513,420.0,3.7168141592920354,75,115.0,66960.0,2556.0,1.5333333333333334,892.8,582.2608695652174,0.017391304347826087
PRV57185,7.0,7.0,116000.0,16571.428571428572,7476.0,1068.0,179.0,97.0,41400.0,231.2849162011173,410.0,2.2905027932960893,102,186.0,157400.0,7886.0,1.8235294117647058,1543.137254901961,846.236559139785,0.03763440860215054
PRV57186,0.0,0.0,0.0,0.0,0.0,0.0,42.0,36.0,11860.0,282.3809523809524,360.0,8.571428571428571,36,42.0,11860.0,360.0,1.1666666666666667,329.44444444444446,282.3809523809524,0.0
PRV57187,0.0,0.0,0.0,0.0,0.0,0.0,114.0,98.0,35010.0,307.10526315789474,180.0,1.5789473684210527,98,114.0,35010.0,180.0,1.163265306122449,357.2448979591837,307.10526315789474,0.0
PRV57188,5.0,5.0,41000.0,8200.0,5340.0,1068.0,16.0,13.0,6780.0,423.75,80.0,5.0,18,21.0,47780.0,5420.0,1.1666666666666667,2654.4444444444443,2275.2380952380954,0.23809523809523808
PRV57189,4.0,3.0,57000.0,14250.0,3204.0,1068.0,252.0,124.0,55310.0,219.484126984127,430.0,1.7063492063492063,127,256.0,112310.0,3634.0,2.015748031496063,884.3307086614174,438.7109375,0.015625
PRV57190,0.0,0.0,0.0,0.0,0.0,0.0,83.0,63.0,23850.0,287.34939759036143,180.0,2.1686746987951806,63,83.0,23850.0,180.0,1.3174603174603174,378.57142857142856,287.34939759036143,0.0
PRV57191,185.0,159.0,2060000.0,11135.135135135135,194376.0,1068.0,1315.0,709.0,364430.0,277.13307984790873,4470.0,3.3992395437262357,784,1500.0,2424430.0,198846.0,1.913265306122449,3092.3852040816328,1616.2866666666666,0.12333333333333334
PRV57192,0.0,0.0,0.0,0.0,0.0,0.0,407.0,185.0,138900.0,341.2776412776413,1240.0,3.0466830466830466,185,407.0,138900.0,1240.0,2.2,750.8108108108108,341.2776412776413,0.0
PRV57193,0.0,0.0,0.0,0.0,0.0,0.0,393.0,171.0,103520.0,263.40966921119593,1400.0,3.5623409669211195,171,393.0,103520.0,1400.0,2.2982456140350878,605.3801169590644,263.40966921119593,0.0
PRV57194,2.0,2.0,22000.0,11000.0,2136.0,1068.0,28.0,25.0,2260.0,80.71428571428571,110.0,3.9285714285714284,26,30.0,24260.0,2246.0,1.1538461538461537,933.0769230769231,808.6666666666666,0.06666666666666667
PRV57196,10.0,8.0,87000.0,8700.0,10680.0,1068.0,58.0,36.0,7830.0,135.0,30.0,0.5172413793103449,42,68.0,94830.0,10710.0,1.619047619047619,2257.8571428571427,1394.5588235294117,0.14705882352941177
PRV57197,8.0,8.0,98000.0,12250.0,8544.0,1068.0,92.0,46.0,17540.0,190.65217391304347,200.0,2.1739130434782608,50,100.0,115540.0,8744.0,2.0,2310.8,1155.4,0.08
PRV57198,3.0,3.0,16000.0,5333.333333333333,3204.0,1068.0,51.0,40.0,13200.0,258.8235294117647,160.0,3.1372549019607843,43,54.0,29200.0,3364.0,1.255813953488372,679.0697674418604,540.7407407407408,0.05555555555555555
PRV57199,0.0,0.0,0.0,0.0,0.0,0.0,7.0,7.0,1970.0,281.42857142857144,50.0,7.142857142857143,7,7.0,1970.0,50.0,1.0,281.42857142857144,281.42857142857144,0.0
PRV57200,0.0,0.0,0.0,0.0,0.0,0.0,25.0,24.0,12150.0,486.0,130.0,5.2,24,25.0,12150.0,130.0,1.0416666666666667,506.25,486.0,0.0
PRV57202,0.0,0.0,0.0,0.0,0.0,0.0,165.0,85.0,40810.0,247.33333333333334,560.0,3.393939393939394,85,165.0,40810.0,560.0,1.9411764705882353,480.11764705882354,247.33333333333334,0.0
PRV57203,2.0,2.0,38000.0,19000.0,2136.0,1068.0,45.0,45.0,7610.0,169.11111111111111,110.0,2.4444444444444446,47,47.0,45610.0,2246.0,1.0,970.4255319148937,970.4255319148937,0.0425531914893617
PRV57204,21.0,16.0,185000.0,8809.52380952381,21360.0,1068.0,112.0,67.0,36970.0,330.0892857142857,560.0,5.0,81,133.0,221970.0,21920.0,1.6419753086419753,2740.3703703703704,1668.9473684210527,0.15789473684210525
PRV57205,12.0,12.0,119500.0,9958.333333333334,12816.0,1068.0,81.0,75.0,16180.0,199.7530864197531,550.0,6.790123456790123,87,93.0,135680.0,13366.0,1.0689655172413792,1559.5402298850574,1458.9247311827958,0.12903225806451613
PRV57206,7.0,7.0,93300.0,13328.57142857143,7476.0,1068.0,483.0,224.0,142000.0,293.9958592132505,1110.0,2.298136645962733,228,490.0,235300.0,8586.0,2.1491228070175437,1032.017543859649,480.2040816326531,0.014285714285714285
PRV57207,0.0,0.0,0.0,0.0,0.0,0.0,73.0,49.0,18710.0,256.3013698630137,160.0,2.191780821917808,49,73.0,18710.0,160.0,1.489795918367347,381.83673469387753,256.3013698630137,0.0
PRV57208,10.0,10.0,196000.0,19600.0,8544.0,1068.0,103.0,99.0,28580.0,277.4757281553398,160.0,1.5533980582524272,109,113.0,224580.0,8704.0,1.036697247706422,2060.3669724770643,1987.4336283185842,0.08849557522123894
PRV57209,15.0,14.0,148000.0,9866.666666666666,16020.0,1068.0,1093.0,557.0,337040.0,308.3623055809698,3090.0,2.82708142726441,564,1108.0,485040.0,19110.0,1.9645390070921986,860.0,437.7617328519856,0.013537906137184115
PRV57210,10.0,5.0,132000.0,13200.0,10680.0,1068.0,33.0,31.0,5020.0,152.12121212121212,210.0,6.363636363636363,35,43.0,137020.0,10890.0,1.2285714285714286,3914.8571428571427,3186.5116279069766,0.23255813953488372
PRV57211,8.0,8.0,50000.0,6250.0,8544.0,1068.0,103.0,96.0,31930.0,310.0,280.0,2.7184466019417477,104,111.0,81930.0,8824.0,1.0673076923076923,787.7884615384615,738.1081081081081,0.07207207207207207
PRV57212,0.0,0.0,0.0,0.0,0.0,0.0,101.0,60.0,34670.0,343.26732673267327,290.0,2.871287128712871,60,101.0,34670.0,290.0,1.6833333333333333,577.8333333333334,343.26732673267327,0.0
PRV57213,0.0,0.0,0.0,0.0,0.0,0.0,82.0,76.0,34040.0,415.1219512195122,250.0,3.048780487804878,76,82.0,34040.0,250.0,1.0789473684210527,447.89473684210526,415.1219512195122,0.0
PRV57215,8.0,6.0,47000.0,5875.0,7476.0,1068.0,3.0,3.0,1970.0,656.6666666666666,0.0,0.0,9,11.0,48970.0,7476.0,1.2222222222222223,5441.111111111111,4451.818181818182,0.7272727272727273
PRV57216,10.0,10.0,89000.0,8900.0,10680.0,1068.0,72.0,53.0,17260.0,239.72222222222223,160.0,2.2222222222222223,62,82.0,106260.0,10840.0,1.3225806451612903,1713.8709677419354,1295.8536585365853,0.12195121951219512
PRV57217,9.0,9.0,107000.0,11888.888888888889,9612.0,1068.0,53.0,50.0,12060.0,227.54716981132074,140.0,2.641509433962264,59,62.0,119060.0,9752.0,1.0508474576271187,2017.9661016949153,1920.3225806451612,0.14516129032258066
PRV57218,0.0,0.0,0.0,0.0,0.0,0.0,413.0,285.0,123230.0,298.3777239709443,1040.0,2.5181598062953996,285,413.0,123230.0,1040.0,1.449122807017544,432.3859649122807,298.3777239709443,0.0
PRV57219,0.0,0.0,0.0,0.0,0.0,0.0,46.0,36.0,11830.0,257.17391304347825,0.0,0.0,36,46.0,11830.0,0.0,1.2777777777777777,328.6111111111111,257.17391304347825,0.0
PRV57223,34.0,31.0,275300.0,8097.058823529412,36312.0,1068.0,20.0,19.0,5230.0,261.5,0.0,0.0,49,54.0,280530.0,36312.0,1.1020408163265305,5725.102040816327,5195.0,0.6296296296296297
PRV57224,2.0,2.0,22000.0,11000.0,2136.0,1068.0,212.0,143.0,56960.0,268.6792452830189,520.0,2.452830188679245,144,214.0,78960.0,2656.0,1.4861111111111112,548.3333333333334,368.97196261682245,0.009345794392523364
PRV57225,47.0,44.0,417400.0,8880.851063829787,50196.0,1068.0,131.0,103.0,20120.0,153.58778625954199,610.0,4.656488549618321,145,178.0,437520.0,50806.0,1.2275862068965517,3017.3793103448274,2457.9775280898875,0.2640449438202247
PRV57227,21.0,19.0,186000.0,8857.142857142857,21360.0,1068.0,31.0,31.0,5800.0,187.09677419354838,0.0,0.0,50,52.0,191800.0,21360.0,1.04,3836.0,3688.4615384615386,0.40384615384615385
PRV57228,34.0,31.0,251000.0,7382.35294117647,36312.0,1068.0,495.0,321.0,128370.0,259.3333333333333,1320.0,2.6666666666666665,337,529.0,379370.0,37632.0,1.5697329376854599,1125.727002967359,717.1455576559546,0.06427221172022685
PRV57230,27.0,24.0,250900.0,9292.592592592593,26700.0,1068.0,154.0,137.0,48670.0,316.038961038961,430.0,2.792207792207792,160,181.0,299570.0,27130.0,1.13125,1872.3125,1655.0828729281768,0.14917127071823205
PRV57231,18.0,14.0,172300.0,9572.222222222223,19224.0,1068.0,30.0,28.0,7000.0,233.33333333333334,10.0,0.3333333333333333,42,48.0,179300.0,19234.0,1.1428571428571428,4269.047619047619,3735.4166666666665,0.375
PRV57232,0.0,0.0,0.0,0.0,0.0,0.0,7.0,7.0,910.0,130.0,0.0,0.0,7,7.0,910.0,0.0,1.0,130.0,130.0,0.0
PRV57233,0.0,0.0,0.0,0.0,0.0,0.0,140.0,58.0,41920.0,299.42857142857144,500.0,3.5714285714285716,58,140.0,41920.0,500.0,2.413793103448276,722.7586206896551,299.42857142857144,0.0
PRV57234,9.0,9.0,84000.0,9333.333333333334,9612.0,1068.0,15.0,15.0,5100.0,340.0,90.0,6.0,23,24.0,89100.0,9702.0,1.0434782608695652,3873.913043478261,3712.5,0.375
PRV57235,3.0,3.0,26000.0,8666.666666666666,3204.0,1068.0,12.0,10.0,1410.0,117.5,0.0,0.0,13,15.0,27410.0,3204.0,1.1538461538461537,2108.4615384615386,1827.3333333333333,0.2
PRV57236,0.0,0.0,0.0,0.0,0.0,0.0,87.0,39.0,19170.0,220.3448275862069,270.0,3.103448275862069,39,87.0,19170.0,270.0,2.230769230769231,491.53846153846155,220.3448275862069,0.0
PRV57238,1.0,1.0,10000.0,10000.0,1068.0,1068.0,44.0,28.0,6940.0,157.72727272727272,100.0,2.272727272727273,29,45.0,16940.0,1168.0,1.5517241379310345,584.1379310344828,376.44444444444446,0.022222222222222223
PRV57239,0.0,0.0,0.0,0.0,0.0,0.0,28.0,19.0,6180.0,220.71428571428572,50.0,1.7857142857142858,19,28.0,6180.0,50.0,1.4736842105263157,325.2631578947368,220.71428571428572,0.0
PRV57240,0.0,0.0,0.0,0.0,0.0,0.0,72.0,31.0,24790.0,344.30555555555554,310.0,4.305555555555555,31,72.0,24790.0,310.0,2.3225806451612905,799.6774193548387,344.30555555555554,0.0
PRV57241,0.0,0.0,0.0,0.0,0.0,0.0,59.0,44.0,26180.0,443.728813559322,100.0,1.694915254237288,44,59.0,26180.0,100.0,1.3409090909090908,595.0,443.728813559322,0.0
PRV57242,0.0,0.0,0.0,0.0,0.0,0.0,103.0,44.0,31900.0,309.70873786407765,230.0,2.233009708737864,44,103.0,31900.0,230.0,2.340909090909091,725.0,309.70873786407765,0.0
PRV57244,0.0,0.0,0.0,0.0,0.0,0.0,4.0,4.0,610.0,152.5,0.0,0.0,4,4.0,610.0,0.0,1.0,152.5,152.5,0.0
PRV57245,0.0,0.0,0.0,0.0,0.0,0.0,92.0,27.0,32790.0,356.4130434782609,570.0,6.195652173913044,27,92.0,32790.0,570.0,3.4074074074074074,1214.4444444444443,356.4130434782609,0.0
PRV57246,0.0,0.0,0.0,0.0,0.0,0.0,6.0,6.0,4100.0,683.3333333333334,0.0,0.0,6,6.0,4100.0,0.0,1.0,683.3333333333334,683.3333333333334,0.0
PRV57247,0.0,0.0,0.0,0.0,0.0,0.0,11.0,9.0,960.0,87.27272727272727,0.0,0.0,9,11.0,960.0,0.0,1.2222222222222223,106.66666666666667,87.27272727272727,0.0
PRV57248,0.0,0.0,0.0,0.0,0.0,0.0,6.0,6.0,220.0,36.666666666666664,0.0,0.0,6,6.0,220.0,0.0,1.0,36.666666666666664,36.666666666666664,0.0
PRV57250,0.0,0.0,0.0,0.0,0.0,0.0,23.0,16.0,12760.0,554.7826086956521,100.0,4.3478260869565215,16,23.0,12760.0,100.0,1.4375,797.5,554.7826086956521,0.0
PRV57251,15.0,14.0,156000.0,10400.0,14952.0,1068.0,0.0,0.0,0.0,0.0,0.0,0.0,14,15.0,156000.0,14952.0,1.0714285714285714,11142.857142857143,10400.0,1.0
PRV57252,3.0,3.0,18000.0,6000.0,3204.0,1068.0,0.0,0.0,0.0,0.0,0.0,0.0,3,3.0,18000.0,3204.0,1.0,6000.0,6000.0,1.0
PRV57253,0.0,0.0,0.0,0.0,0.0,0.0,44.0,36.0,10910.0,247.95454545454547,210.0,4.7727272727272725,36,44.0,10910.0,210.0,1.2222222222222223,303.05555555555554,247.95454545454547,0.0
PRV57255,0.0,0.0,0.0,0.0,0.0,0.0,34.0,23.0,6890.0,202.64705882352942,280.0,8.235294117647058,23,34.0,6890.0,280.0,1.4782608695652173,299.5652173913044,202.64705882352942,0.0
PRV57256,0.0,0.0,0.0,0.0,0.0,0.0,8.0,8.0,1890.0,236.25,0.0,0.0,8,8.0,1890.0,0.0,1.0,236.25,236.25,0.0
PRV57257,0.0,0.0,0.0,0.0,0.0,0.0,17.0,11.0,4920.0,289.4117647058824,210.0,12.352941176470589,11,17.0,4920.0,210.0,1.5454545454545454,447.27272727272725,289.4117647058824,0.0
PRV57259,0.0,0.0,0.0,0.0,0.0,0.0,48.0,38.0,16450.0,342.7083333333333,180.0,3.75,38,48.0,16450.0,180.0,1.263157894736842,432.89473684210526,342.7083333333333,0.0
PRV57261,0.0,0.0,0.0,0.0,0.0,0.0,10.0,9.0,1600.0,160.0,0.0,0.0,9,10.0,1600.0,0.0,1.1111111111111112,177.77777777777777,160.0,0.0
PRV57262,0.0,0.0,0.0,0.0,0.0,0.0,24.0,16.0,4160.0,173.33333333333334,80.0,3.3333333333333335,16,24.0,4160.0,80.0,1.5,260.0,173.33333333333334,0.0
PRV57263,0.0,0.0,0.0,0.0,0.0,0.0,52.0,22.0,30130.0,579.4230769230769,10.0,0.19230769230769232,22,52.0,30130.0,10.0,2.3636363636363638,1369.5454545454545,579.4230769230769,0.0
PRV57264,0.0,0.0,0.0,0.0,0.0,0.0,8.0,6.0,2760.0,345.0,80.0,10.0,6,8.0,2760.0,80.0,1.3333333333333333,460.0,345.0,0.0
PRV57265,0.0,0.0,0.0,0.0,0.0,0.0,1.0,1.0,200.0,200.0,0.0,0.0,1,1.0,200.0,0.0,1.0,200.0,200.0,0.0
PRV57266,0.0,0.0,0.0,0.0,0.0,0.0,34.0,32.0,9860.0,290.0,60.0,1.7647058823529411,32,34.0,9860.0,60.0,1.0625,308.125,290.0,0.0
PRV57269,0.0,0.0,0.0,0.0,0.0,0.0,37.0,17.0,5320.0,143.78378378378378,250.0,6.756756756756757,17,37.0,5320.0,250.0,2.176470588235294,312.94117647058823,143.78378378378378,0.0
PRV57270,0.0,0.0,0.0,0.0,0.0,0.0,9.0,9.0,1000.0,111.11111111111111,0.0,0.0,9,9.0,1000.0,0.0,1.0,111.11111111111111,111.11111111111111,0.0
PRV57272,0.0,0.0,0.0,0.0,0.0,0.0,25.0,18.0,8770.0,350.8,0.0,0.0,18,25.0,8770.0,0.0,1.3888888888888888,487.22222222222223,350.8,0.0
PRV57273,0.0,0.0,0.0,0.0,0.0,0.0,9.0,6.0,1090.0,121.11111111111111,0.0,0.0,6,9.0,1090.0,0.0,1.5,181.66666666666666,121.11111111111111,0.0
PRV57274,0.0,0.0,0.0,0.0,0.0,0.0,4.0,4.0,130.0,32.5,0.0,0.0,4,4.0,130.0,0.0,1.0,32.5,32.5,0.0
PRV57275,0.0,0.0,0.0,0.0,0.0,0.0,61.0,41.0,11330.0,185.7377049180328,230.0,3.7704918032786887,41,61.0,11330.0,230.0,1.4878048780487805,276.3414634146341,185.7377049180328,0.0
PRV57276,0.0,0.0,0.0,0.0,0.0,0.0,13.0,9.0,4500.0,346.15384615384613,40.0,3.076923076923077,9,13.0,4500.0,40.0,1.4444444444444444,500.0,346.15384615384613,0.0
PRV57277,0.0,0.0,0.0,0.0,0.0,0.0,7.0,7.0,1250.0,178.57142857142858,0.0,0.0,7,7.0,1250.0,0.0,1.0,178.57142857142858,178.57142857142858,0.0
PRV57278,0.0,0.0,0.0,0.0,0.0,0.0,7.0,7.0,950.0,135.71428571428572,90.0,12.857142857142858,7,7.0,950.0,90.0,1.0,135.71428571428572,135.71428571428572,0.0
PRV57280,0.0,0.0,0.0,0.0,0.0,0.0,3.0,3.0,170.0,56.666666666666664,0.0,0.0,3,3.0,170.0,0.0,1.0,56.666666666666664,56.666666666666664,0.0
PRV57282,0.0,0.0,0.0,0.0,0.0,0.0,41.0,25.0,8350.0,203.65853658536585,0.0,0.0,25,41.0,8350.0,0.0,1.64,334.0,203.65853658536585,0.0
PRV57283,0.0,0.0,0.0,0.0,0.0,0.0,1.0,1.0,900.0,900.0,0.0,0.0,1,1.0,900.0,0.0,1.0,900.0,900.0,0.0
PRV57284,19.0,19.0,160000.0,8421.052631578947,20292.0,1068.0,4.0,4.0,1570.0,392.5,0.0,0.0,22,23.0,161570.0,20292.0,1.0454545454545454,7344.090909090909,7024.782608695652,0.8260869565217391
PRV57285,8.0,8.0,83000.0,10375.0,7476.0,1068.0,0.0,0.0,0.0,0.0,0.0,0.0,8,8.0,83000.0,7476.0,1.0,10375.0,10375.0,1.0
PRV57286,0.0,0.0,0.0,0.0,0.0,0.0,2.0,2.0,20.0,10.0,0.0,0.0,2,2.0,20.0,0.0,1.0,10.0,10.0,0.0
PRV57287,0.0,0.0,0.0,0.0,0.0,0.0,289.0,107.0,80390.0,278.16608996539793,330.0,1.1418685121107266,107,289.0,80390.0,330.0,2.7009345794392523,751.3084112149533,278.16608996539793,0.0
PRV57288,0.0,0.0,0.0,0.0,0.0,0.0,93.0,47.0,27650.0,297.31182795698925,400.0,4.301075268817204,47,93.0,27650.0,400.0,1.9787234042553192,588.2978723404256,297.31182795698925,0.0
PRV57289,0.0,0.0,0.0,0.0,0.0,0.0,10.0,7.0,5830.0,583.0,30.0,3.0,7,10.0,5830.0,30.0,1.4285714285714286,832.8571428571429,583.0,0.0
PRV57290,2.0,2.0,55000.0,27500.0,2136.0,1068.0,0.0,0.0,0.0,0.0,0.0,0.0,2,2.0,55000.0,2136.0,1.0,27500.0,27500.0,1.0
PRV57291,0.0,0.0,0.0,0.0,0.0,0.0,3.0,3.0,1400.0,466.6666666666667,0.0,0.0,3,3.0,1400.0,0.0,1.0,466.6666666666667,466.6666666666667,0.0
PRV57293,12.0,10.0,100000.0,8333.333333333334,12816.0,1068.0,0.0,0.0,0.0,0.0,0.0,0.0,10,12.0,100000.0,12816.0,1.2,10000.0,8333.333333333334,1.0
PRV57294,2.0,2.0,12000.0,6000.0,2136.0,1068.0,0.0,0.0,0.0,0.0,0.0,0.0,2,2.0,12000.0,2136.0,1.0,6000.0,6000.0,1.0
PRV57295,14.0,13.0,173000.0,12357.142857142857,14952.0,1068.0,0.0,0.0,0.0,0.0,0.0,0.0,13,14.0,173000.0,14952.0,1.0769230769230769,13307.692307692309,12357.142857142857,1.0
PRV57297,8.0,8.0,53000.0,6625.0,8544.0,1068.0,0.0,0.0,0.0,0.0,0.0,0.0,8,8.0,53000.0,8544.0,1.0,6625.0,6625.0,1.0
PRV57298,3.0,3.0,14000.0,4666.666666666667,3204.0,1068.0,0.0,0.0,0.0,0.0,0.0,0.0,3,3.0,14000.0,3204.0,1.0,4666.666666666667,4666.666666666667,1.0
PRV57299,6.0,6.0,40000.0,6666.666666666667,6408.0,1068.0,0.0,0.0,0.0,0.0,0.0,0.0,6,6.0,40000.0,6408.0,1.0,6666.666666666667,6666.666666666667,1.0
PRV57301,4.0,4.0,28000.0,7000.0,4272.0,1068.0,28.0,28.0,14090.0,503.2142857142857,200.0,7.142857142857143,32,32.0,42090.0,4472.0,1.0,1315.3125,1315.3125,0.125
PRV57302,2.0,2.0,14000.0,7000.0,2136.0,1068.0,2.0,2.0,160.0,80.0,0.0,0.0,4,4.0,14160.0,2136.0,1.0,3540.0,3540.0,0.5
PRV57303,11.0,11.0,95000.0,8636.363636363636,11748.0,1068.0,94.0,81.0,21860.0,232.5531914893617,70.0,0.7446808510638298,92,105.0,116860.0,11818.0,1.141304347826087,1270.2173913043478,1112.952380952381,0.10476190476190476
PRV57304,3.0,3.0,42000.0,14000.0,3204.0,1068.0,90.0,29.0,26540.0,294.8888888888889,230.0,2.5555555555555554,32,93.0,68540.0,3434.0,2.90625,2141.875,736.989247311828,0.03225806451612903
PRV57305,0.0,0.0,0.0,0.0,0.0,0.0,675.0,343.0,175750.0,260.3703703703704,2570.0,3.8074074074074074,343,675.0,175750.0,2570.0,1.967930029154519,512.3906705539358,260.3703703703704,0.0
PRV57306,0.0,0.0,0.0,0.0,0.0,0.0,2315.0,1407.0,629460.0,271.9049676025918,4860.0,2.099352051835853,1407,2315.0,629460.0,4860.0,1.6453447050461976,447.3773987206823,271.9049676025918,0.0
PRV57307,12.0,11.0,135700.0,11308.333333333334,12816.0,1068.0,26.0,25.0,6040.0,232.30769230769232,0.0,0.0,35,38.0,141740.0,12816.0,1.0857142857142856,4049.714285714286,3730.0,0.3157894736842105
PRV57308,0.0,0.0,0.0,0.0,0.0,0.0,6.0,6.0,3100.0,516.6666666666666,0.0,0.0,6,6.0,3100.0,0.0,1.0,516.6666666666666,516.6666666666666,0.0
PRV57309,12.0,12.0,96000.0,8000.0,12816.0,1068.0,23.0,23.0,12260.0,533.0434782608696,0.0,0.0,35,35.0,108260.0,12816.0,1.0,3093.1428571428573,3093.1428571428573,0.34285714285714286
PRV57310,65.0,56.0,665000.0,10230.76923076923,68352.0,1068.0,57.0,43.0,8420.0,147.71929824561403,100.0,1.7543859649122806,99,122.0,673420.0,68452.0,1.2323232323232323,6802.222222222223,5519.836065573771,0.5327868852459017
PRV57311,0.0,0.0,0.0,0.0,0.0,0.0,338.0,158.0,85340.0,252.4852071005917,1030.0,3.0473372781065087,158,338.0,85340.0,1030.0,2.1392405063291138,540.126582278481,252.4852071005917,0.0
PRV57312,0.0,0.0,0.0,0.0,0.0,0.0,334.0,137.0,91320.0,273.41317365269464,1310.0,3.9221556886227544,137,334.0,91320.0,1310.0,2.437956204379562,666.5693430656934,273.41317365269464,0.0
PRV57313,0.0,0.0,0.0,0.0,0.0,0.0,402.0,328.0,101970.0,253.65671641791045,1640.0,4.079601990049751,328,402.0,101970.0,1640.0,1.225609756097561,310.8841463414634,253.65671641791045,0.0
PRV57314,0.0,0.0,0.0,0.0,0.0,0.0,48.0,46.0,15270.0,318.125,0.0,0.0,46,48.0,15270.0,0.0,1.0434782608695652,331.95652173913044,318.125,0.0
PRV57315,0.0,0.0,0.0,0.0,0.0,0.0,22.0,22.0,5960.0,270.90909090909093,0.0,0.0,22,22.0,5960.0,0.0,1.0,270.90909090909093,270.90909090909093,0.0
PRV57316,39.0,34.0,377000.0,9666.666666666666,40584.0,1068.0,46.0,45.0,7920.0,172.17391304347825,100.0,2.1739130434782608,78,85.0,384920.0,40684.0,1.0897435897435896,4934.871794871795,4528.470588235294,0.4588235294117647
PRV57317,84.0,80.0,831000.0,9892.857142857143,88644.0,1068.0,374.0,298.0,95330.0,254.89304812834226,1490.0,3.983957219251337,352,458.0,926330.0,90134.0,1.3011363636363635,2631.619318181818,2022.5545851528384,0.18340611353711792
PRV57318,0.0,0.0,0.0,0.0,0.0,0.0,150.0,131.0,44180.0,294.53333333333336,330.0,2.2,131,150.0,44180.0,330.0,1.1450381679389312,337.2519083969466,294.53333333333336,0.0
PRV57319,16.0,15.0,107000.0,6687.5,17088.0,1068.0,263.0,239.0,70460.0,267.90874524714826,450.0,1.7110266159695817,254,279.0,177460.0,17538.0,1.0984251968503937,698.6614173228346,636.0573476702509,0.05734767025089606
PRV57320,10.0,10.0,93000.0,9300.0,10680.0,1068.0,28.0,28.0,11310.0,403.92857142857144,50.0,1.7857142857142858,38,38.0,104310.0,10730.0,1.0,2745.0,2745.0,0.2631578947368421
PRV57321,15.0,13.0,162000.0,10800.0,16020.0,1068.0,69.0,47.0,19460.0,282.0289855072464,170.0,2.463768115942029,60,84.0,181460.0,16190.0,1.4,3024.3333333333335,2160.2380952380954,0.17857142857142858
PRV57322,7.0,6.0,53000.0,7571.428571428572,7476.0,1068.0,26.0,25.0,7790.0,299.61538461538464,210.0,8.076923076923077,31,33.0,60790.0,7686.0,1.064516129032258,1960.967741935484,1842.121212121212,0.21212121212121213
PRV57324,22.0,21.0,188000.0,8545.454545454546,23496.0,1068.0,95.0,91.0,25550.0,268.94736842105266,180.0,1.894736842105263,112,117.0,213550.0,23676.0,1.0446428571428572,1906.6964285714287,1825.2136752136753,0.18803418803418803
PRV57325,0.0,0.0,0.0,0.0,0.0,0.0,41.0,39.0,11580.0,282.4390243902439,120.0,2.926829268292683,39,41.0,11580.0,120.0,1.0512820512820513,296.9230769230769,282.4390243902439,0.0
PRV57326,5.0,5.0,37000.0,7400.0,5340.0,1068.0,0.0,0.0,0.0,0.0,0.0,0.0,5,5.0,37000.0,5340.0,1.0,7400.0,7400.0,1.0
PRV57327,0.0,0.0,0.0,0.0,0.0,0.0,3.0,3.0,190.0,63.333333333333336,0.0,0.0,3,3.0,190.0,0.0,1.0,63.333333333333336,63.333333333333336,0.0
PRV57328,0.0,0.0,0.0,0.0,0.0,0.0,38.0,38.0,5360.0,141.05263157894737,170.0,4.473684210526316,38,38.0,5360.0,170.0,1.0,141.05263157894737,141.05263157894737,0.0
PRV57329,0.0,0.0,0.0,0.0,0.0,0.0,36.0,35.0,11470.0,318.6111111111111,60.0,1.6666666666666667,35,36.0,11470.0,60.0,1.0285714285714285,327.7142857142857,318.6111111111111,0.0
PRV57330,12.0,10.0,60000.0,5000.0,11748.0,1068.0,22.0,18.0,15570.0,707.7272727272727,140.0,6.363636363636363,28,34.0,75570.0,11888.0,1.2142857142857142,2698.9285714285716,2222.6470588235293,0.35294117647058826
PRV57331,16.0,16.0,175000.0,10937.5,17088.0,1068.0,125.0,112.0,42200.0,337.6,210.0,1.68,128,141.0,217200.0,17298.0,1.1015625,1696.875,1540.4255319148936,0.11347517730496454
PRV57332,0.0,0.0,0.0,0.0,0.0,0.0,98.0,89.0,22560.0,230.20408163265307,180.0,1.836734693877551,89,98.0,22560.0,180.0,1.101123595505618,253.48314606741573,230.20408163265307,0.0
PRV57333,0.0,0.0,0.0,0.0,0.0,0.0,1004.0,723.0,291020.0,289.8605577689243,2820.0,2.808764940239044,723,1004.0,291020.0,2820.0,1.38865836791148,402.5172890733057,289.8605577689243,0.0
PRV57334,39.0,33.0,443000.0,11358.97435897436,39516.0,1068.0,29.0,27.0,7080.0,244.13793103448276,150.0,5.172413793103448,60,68.0,450080.0,39666.0,1.1333333333333333,7501.333333333333,6618.823529411765,0.5735294117647058
PRV57335,3.0,3.0,39000.0,13000.0,3204.0,1068.0,804.0,303.0,245670.0,305.55970149253733,2000.0,2.487562189054726,306,807.0,284670.0,5204.0,2.6372549019607843,930.2941176470588,352.75092936802974,0.0037174721189591076
PRV57336,0.0,0.0,0.0,0.0,0.0,0.0,135.0,117.0,28220.0,209.03703703703704,710.0,5.2592592592592595,117,135.0,28220.0,710.0,1.1538461538461537,241.1965811965812,209.03703703703704,0.0
PRV57339,0.0,0.0,0.0,0.0,0.0,0.0,458.0,187.0,105130.0,229.5414847161572,1390.0,3.034934497816594,187,458.0,105130.0,1390.0,2.449197860962567,562.192513368984,229.5414847161572,0.0
PRV57340,17.0,17.0,198000.0,11647.058823529413,17088.0,1068.0,24.0,22.0,6360.0,265.0,30.0,1.25,39,41.0,204360.0,17118.0,1.0512820512820513,5240.0,4984.390243902439,0.4146341463414634
PRV57341,77.0,70.0,776000.0,10077.922077922078,80100.0,1068.0,100.0,88.0,40350.0,403.5,630.0,6.3,158,177.0,816350.0,80730.0,1.120253164556962,5166.772151898735,4612.146892655367,0.4350282485875706
PRV57343,0.0,0.0,0.0,0.0,0.0,0.0,75.0,55.0,37090.0,494.53333333333336,70.0,0.9333333333333333,55,75.0,37090.0,70.0,1.3636363636363635,674.3636363636364,494.53333333333336,0.0
PRV57344,25.0,24.0,233000.0,9320.0,26700.0,1068.0,455.0,180.0,195700.0,430.1098901098901,1360.0,2.989010989010989,189,480.0,428700.0,28060.0,2.5396825396825395,2268.253968253968,893.125,0.052083333333333336
PRV57345,43.0,43.0,442000.0,10279.06976744186,43788.0,1068.0,45.0,39.0,23320.0,518.2222222222222,10.0,0.2222222222222222,82,88.0,465320.0,43798.0,1.0731707317073171,5674.634146341464,5287.727272727273,0.48863636363636365
PRV57346,0.0,0.0,0.0,0.0,0.0,0.0,532.0,447.0,150430.0,282.7631578947368,1690.0,3.1766917293233083,447,532.0,150430.0,1690.0,1.1901565995525727,336.5324384787472,282.7631578947368,0.0
PRV57347,17.0,17.0,117000.0,6882.35294117647,18156.0,1068.0,128.0,124.0,28560.0,223.125,250.0,1.953125,141,145.0,145560.0,18406.0,1.0283687943262412,1032.340425531915,1003.8620689655172,0.11724137931034483
PRV57348,0.0,0.0,0.0,0.0,0.0,0.0,920.0,638.0,255770.0,278.0108695652174,2910.0,3.1630434782608696,638,920.0,255770.0,2910.0,1.4420062695924765,400.8934169278997,278.0108695652174,0.0
PRV57350,9.0,7.0,65000.0,7222.222222222223,9612.0,1068.0,37.0,34.0,6390.0,172.7027027027027,230.0,6.216216216216216,41,46.0,71390.0,9842.0,1.1219512195121952,1741.219512195122,1551.9565217391305,0.1956521739130435
PRV57351,0.0,0.0,0.0,0.0,0.0,0.0,34.0,32.0,20180.0,593.5294117647059,220.0,6.470588235294118,32,34.0,20180.0,220.0,1.0625,630.625,593.5294117647059,0.0
PRV57352,3.0,3.0,15000.0,5000.0,3204.0,1068.0,41.0,38.0,10050.0,245.1219512195122,50.0,1.2195121951219512,41,44.0,25050.0,3254.0,1.0731707317073171,610.9756097560976,569.3181818181819,0.06818181818181818
PRV57354,0.0,0.0,0.0,0.0,0.0,0.0,22.0,21.0,8510.0,386.8181818181818,0.0,0.0,21,22.0,8510.0,0.0,1.0476190476190477,405.23809523809524,386.8181818181818,0.0
PRV57355,0.0,0.0,0.0,0.0,0.0,0.0,34.0,21.0,16240.0,477.6470588235294,190.0,5.588235294117647,21,34.0,16240.0,190.0,1.619047619047619,773.3333333333334,477.6470588235294,0.0
PRV57356,0.0,0.0,0.0,0.0,0.0,0.0,67.0,25.0,23570.0,351.7910447761194,240.0,3.582089552238806,25,67.0,23570.0,240.0,2.68,942.8,351.7910447761194,0.0
PRV57357,15.0,12.0,113000.0,7533.333333333333,16020.0,1068.0,1.0,1.0,1700.0,1700.0,0.0,0.0,13,16.0,114700.0,16020.0,1.2307692307692308,8823.076923076924,7168.75,0.9375
PRV57358,0.0,0.0,0.0,0.0,0.0,0.0,77.0,32.0,12200.0,158.44155844155844,100.0,1.2987012987012987,32,77.0,12200.0,100.0,2.40625,381.25,158.44155844155844,0.0
PRV57359,0.0,0.0,0.0,0.0,0.0,0.0,102.0,67.0,34390.0,337.15686274509807,200.0,1.9607843137254901,67,102.0,34390.0,200.0,1.5223880597014925,513.2835820895523,337.15686274509807,0.0
PRV57361,0.0,0.0,0.0,0.0,0.0,0.0,60.0,32.0,18790.0,313.1666666666667,60.0,1.0,32,60.0,18790.0,60.0,1.875,587.1875,313.1666666666667,0.0
PRV57363,0.0,0.0,0.0,0.0,0.0,0.0,2.0,2.0,400.0,200.0,40.0,20.0,2,2.0,400.0,40.0,1.0,200.0,200.0,0.0
PRV57364,3.0,2.0,42000.0,14000.0,3204.0,1068.0,7.0,7.0,650.0,92.85714285714286,0.0,0.0,9,10.0,42650.0,3204.0,1.1111111111111112,4738.888888888889,4265.0,0.3
PRV57365,0.0,0.0,0.0,0.0,0.0,0.0,183.0,84.0,57260.0,312.89617486338796,490.0,2.6775956284153004,84,183.0,57260.0,490.0,2.1785714285714284,681.6666666666666,312.89617486338796,0.0
PRV57366,0.0,0.0,0.0,0.0,0.0,0.0,12.0,7.0,4960.0,413.3333333333333,0.0,0.0,7,12.0,4960.0,0.0,1.7142857142857142,708.5714285714286,413.3333333333333,0.0
PRV57367,0.0,0.0,0.0,0.0,0.0,0.0,11.0,8.0,8070.0,733.6363636363636,80.0,7.2727272727272725,8,11.0,8070.0,80.0,1.375,1008.75,733.6363636363636,0.0
PRV57368,0.0,0.0,0.0,0.0,0.0,0.0,22.0,22.0,3500.0,159.0909090909091,0.0,0.0,22,22.0,3500.0,0.0,1.0,159.0909090909091,159.0909090909091,0.0
PRV57369,11.0,10.0,117000.0,10636.363636363636,11748.0,1068.0,17.0,17.0,2350.0,138.23529411764707,200.0,11.764705882352942,27,28.0,119350.0,11948.0,1.037037037037037,4420.37037037037,4262.5,0.39285714285714285
PRV57371,0.0,0.0,0.0,0.0,0.0,0.0,1.0,1.0,70.0,70.0,0.0,0.0,1,1.0,70.0,0.0,1.0,70.0,70.0,0.0
PRV57372,15.0,12.0,119000.0,7933.333333333333,16020.0,1068.0,17.0,17.0,4750.0,279.4117647058824,200.0,11.764705882352942,28,32.0,123750.0,16220.0,1.1428571428571428,4419.642857142857,3867.1875,0.46875
PRV57373,0.0,0.0,0.0,0.0,0.0,0.0,2.0,2.0,800.0,400.0,0.0,0.0,2,2.0,800.0,0.0,1.0,400.0,400.0,0.0
PRV57374,0.0,0.0,0.0,0.0,0.0,0.0,6.0,5.0,800.0,133.33333333333334,0.0,0.0,5,6.0,800.0,0.0,1.2,160.0,133.33333333333334,0.0
PRV57375,6.0,5.0,46000.0,7666.666666666667,6408.0,1068.0,75.0,33.0,26220.0,349.6,160.0,2.1333333333333333,35,81.0,72220.0,6568.0,2.3142857142857145,2063.4285714285716,891.604938271605,0.07407407407407407
PRV57376,0.0,0.0,0.0,0.0,0.0,0.0,20.0,18.0,5060.0,253.0,0.0,0.0,18,20.0,5060.0,0.0,1.1111111111111112,281.1111111111111,253.0,0.0
PRV57378,0.0,0.0,0.0,0.0,0.0,0.0,35.0,29.0,6780.0,193.71428571428572,120.0,3.4285714285714284,29,35.0,6780.0,120.0,1.206896551724138,233.79310344827587,193.71428571428572,0.0
PRV57379,3.0,3.0,44000.0,14666.666666666666,3204.0,1068.0,25.0,23.0,12380.0,495.2,0.0,0.0,26,28.0,56380.0,3204.0,1.0769230769230769,2168.4615384615386,2013.5714285714287,0.10714285714285714
PRV57380,0.0,0.0,0.0,0.0,0.0,0.0,87.0,64.0,22880.0,262.98850574712645,330.0,3.793103448275862,64,87.0,22880.0,330.0,1.359375,357.5,262.98850574712645,0.0
PRV57381,0.0,0.0,0.0,0.0,0.0,0.0,49.0,12.0,18640.0,380.40816326530614,100.0,2.0408163265306123,12,49.0,18640.0,100.0,4.083333333333333,1553.3333333333333,380.40816326530614,0.0
PRV57382,5.0,5.0,85000.0,17000.0,4272.0,1068.0,74.0,43.0,14810.0,200.13513513513513,270.0,3.6486486486486487,45,79.0,99810.0,4542.0,1.7555555555555555,2218.0,1263.4177215189873,0.06329113924050633
PRV57385,0.0,0.0,0.0,0.0,0.0,0.0,90.0,41.0,21930.0,243.66666666666666,250.0,2.7777777777777777,41,90.0,21930.0,250.0,2.1951219512195124,534.8780487804878,243.66666666666666,0.0
PRV57386,0.0,0.0,0.0,0.0,0.0,0.0,1.0,1.0,300.0,300.0,0.0,0.0,1,1.0,300.0,0.0,1.0,300.0,300.0,0.0
PRV57388,0.0,0.0,0.0,0.0,0.0,0.0,9.0,7.0,1660.0,184.44444444444446,100.0,11.11111111111111,7,9.0,1660.0,100.0,1.2857142857142858,237.14285714285714,184.44444444444446,0.0
PRV57389,0.0,0.0,0.0,0.0,0.0,0.0,6.0,4.0,3810.0,635.0,0.0,0.0,4,6.0,3810.0,0.0,1.5,952.5,635.0,0.0
PRV57390,0.0,0.0,0.0,0.0,0.0,0.0,55.0,42.0,10840.0,197.0909090909091,190.0,3.4545454545454546,42,55.0,10840.0,190.0,1.3095238095238095,258.0952380952381,197.0909090909091,0.0
PRV57391,0.0,0.0,0.0,0.0,0.0,0.0,19.0,13.0,4780.0,251.57894736842104,0.0,0.0,13,19.0,4780.0,0.0,1.4615384615384615,367.6923076923077,251.57894736842104,0.0
PRV57392,0.0,0.0,0.0,0.0,0.0,0.0,2.0,2.0,70.0,35.0,0.0,0.0,2,2.0,70.0,0.0,1.0,35.0,35.0,0.0
PRV57393,0.0,0.0,0.0,0.0,0.0,0.0,5.0,5.0,2800.0,560.0,0.0,0.0,5,5.0,2800.0,0.0,1.0,560.0,560.0,0.0
PRV57394,0.0,0.0,0.0,0.0,0.0,0.0,16.0,15.0,6630.0,414.375,0.0,0.0,15,16.0,6630.0,0.0,1.0666666666666667,442.0,414.375,0.0
PRV57396,0.0,0.0,0.0,0.0,0.0,0.0,1.0,1.0,0.0,0.0,0.0,0.0,1,1.0,0.0,0.0,1.0,0.0,0.0,0.0
PRV57397,7.0,7.0,65000.0,9285.714285714286,7476.0,1068.0,0.0,0.0,0.0,0.0,0.0,0.0,7,7.0,65000.0,7476.0,1.0,9285.714285714286,9285.714285714286,1.0
PRV57398,3.0,3.0,50600.0,16866.666666666668,3204.0,1068.0,0.0,0.0,0.0,0.0,0.0,0.0,3,3.0,50600.0,3204.0,1.0,16866.666666666668,16866.666666666668,1.0
PRV57399,1.0,1.0,57000.0,57000.0,1068.0,1068.0,0.0,0.0,0.0,0.0,0.0,0.0,1,1.0,57000.0,1068.0,1.0,57000.0,57000.0,1.0
PRV57400,8.0,6.0,67000.0,8375.0,8544.0,1068.0,0.0,0.0,0.0,0.0,0.0,0.0,6,8.0,67000.0,8544.0,1.3333333333333333,11166.666666666666,8375.0,1.0
PRV57401,8.0,8.0,65000.0,8125.0,8544.0,1068.0,0.0,0.0,0.0,0.0,0.0,0.0,8,8.0,65000.0,8544.0,1.0,8125.0,8125.0,1.0
PRV57402,0.0,0.0,0.0,0.0,0.0,0.0,1.0,1.0,20.0,20.0,0.0,0.0,1,1.0,20.0,0.0,1.0,20.0,20.0,0.0
PRV57403,15.0,13.0,172000.0,11466.666666666666,16020.0,1068.0,0.0,0.0,0.0,0.0,0.0,0.0,13,15.0,172000.0,16020.0,1.1538461538461537,13230.76923076923,11466.666666666666,1.0
PRV57404,9.0,8.0,62000.0,6888.888888888889,8544.0,1068.0,37.0,35.0,12250.0,331.0810810810811,90.0,2.4324324324324325,43,46.0,74250.0,8634.0,1.069767441860465,1726.7441860465117,1614.1304347826087,0.1956521739130435
PRV57405,0.0,0.0,0.0,0.0,0.0,0.0,32.0,27.0,5690.0,177.8125,100.0,3.125,27,32.0,5690.0,100.0,1.1851851851851851,210.74074074074073,177.8125,0.0
PRV57406,46.0,40.0,489000.0,10630.434782608696,48060.0,1068.0,22.0,20.0,16460.0,748.1818181818181,0.0,0.0,58,68.0,505460.0,48060.0,1.1724137931034482,8714.827586206897,7433.235294117647,0.6764705882352942
PRV57407,0.0,0.0,0.0,0.0,0.0,0.0,217.0,103.0,62860.0,289.6774193548387,660.0,3.0414746543778803,103,217.0,62860.0,660.0,2.1067961165048543,610.2912621359224,289.6774193548387,0.0
PRV57408,0.0,0.0,0.0,0.0,0.0,0.0,55.0,50.0,8650.0,157.27272727272728,110.0,2.0,50,55.0,8650.0,110.0,1.1,173.0,157.27272727272728,0.0
PRV57409,24.0,22.0,206000.0,8583.333333333334,25632.0,1068.0,47.0,43.0,12620.0,268.51063829787233,0.0,0.0,64,71.0,218620.0,25632.0,1.109375,3415.9375,3079.154929577465,0.3380281690140845
PRV57410,0.0,0.0,0.0,0.0,0.0,0.0,241.0,125.0,57710.0,239.46058091286307,550.0,2.2821576763485476,125,241.0,57710.0,550.0,1.928,461.68,239.46058091286307,0.0
PRV57411,0.0,0.0,0.0,0.0,0.0,0.0,29.0,27.0,8560.0,295.17241379310343,210.0,7.241379310344827,27,29.0,8560.0,210.0,1.0740740740740742,317.037037037037,295.17241379310343,0.0
PRV57412,9.0,7.0,59000.0,6555.555555555556,9612.0,1068.0,289.0,105.0,91380.0,316.1937716262976,1280.0,4.429065743944637,107,298.0,150380.0,10892.0,2.7850467289719627,1405.4205607476636,504.6308724832215,0.030201342281879196
PRV57413,0.0,0.0,0.0,0.0,0.0,0.0,52.0,31.0,18030.0,346.7307692307692,70.0,1.3461538461538463,31,52.0,18030.0,70.0,1.6774193548387097,581.6129032258065,346.7307692307692,0.0
PRV57414,18.0,16.0,213000.0,11833.333333333334,19224.0,1068.0,10.0,10.0,2460.0,246.0,0.0,0.0,25,28.0,215460.0,19224.0,1.12,8618.4,7695.0,0.6428571428571429
PRV57415,0.0,0.0,0.0,0.0,0.0,0.0,86.0,41.0,39090.0,454.5348837209302,420.0,4.883720930232558,41,86.0,39090.0,420.0,2.097560975609756,953.4146341463414,454.5348837209302,0.0
PRV57416,0.0,0.0,0.0,0.0,0.0,0.0,7.0,6.0,1200.0,171.42857142857142,0.0,0.0,6,7.0,1200.0,0.0,1.1666666666666667,200.0,171.42857142857142,0.0
PRV57417,0.0,0.0,0.0,0.0,0.0,0.0,9.0,9.0,2620.0,291.1111111111111,0.0,0.0,9,9.0,2620.0,0.0,1.0,291.1111111111111,291.1111111111111,0.0
PRV57419,0.0,0.0,0.0,0.0,0.0,0.0,17.0,17.0,4900.0,288.2352941176471,100.0,5.882352941176471,17,17.0,4900.0,100.0,1.0,288.2352941176471,288.2352941176471,0.0
PRV57421,0.0,0.0,0.0,0.0,0.0,0.0,35.0,33.0,8080.0,230.85714285714286,350.0,10.0,33,35.0,8080.0,350.0,1.0606060606060606,244.84848484848484,230.85714285714286,0.0
PRV57422,0.0,0.0,0.0,0.0,0.0,0.0,104.0,60.0,33620.0,323.2692307692308,410.0,3.9423076923076925,60,104.0,33620.0,410.0,1.7333333333333334,560.3333333333334,323.2692307692308,0.0
PRV57423,0.0,0.0,0.0,0.0,0.0,0.0,47.0,41.0,21380.0,454.8936170212766,320.0,6.808510638297872,41,47.0,21380.0,320.0,1.146341463414634,521.4634146341464,454.8936170212766,0.0
PRV57424,0.0,0.0,0.0,0.0,0.0,0.0,38.0,28.0,11890.0,312.89473684210526,0.0,0.0,28,38.0,11890.0,0.0,1.3571428571428572,424.64285714285717,312.89473684210526,0.0
PRV57425,32.0,27.0,312200.0,9756.25,33108.0,1068.0,92.0,79.0,33520.0,364.3478260869565,20.0,0.21739130434782608,101,124.0,345720.0,33128.0,1.2277227722772277,3422.970297029703,2788.064516129032,0.25806451612903225
PRV57426,0.0,0.0,0.0,0.0,0.0,0.0,60.0,33.0,16240.0,270.6666666666667,120.0,2.0,33,60.0,16240.0,120.0,1.8181818181818181,492.1212121212121,270.6666666666667,0.0
PRV57427,14.0,12.0,110000.0,7857.142857142857,14952.0,1068.0,16.0,15.0,3590.0,224.375,0.0,0.0,27,30.0,113590.0,14952.0,1.1111111111111112,4207.037037037037,3786.3333333333335,0.4666666666666667
PRV57429,0.0,0.0,0.0,0.0,0.0,0.0,154.0,80.0,41490.0,269.4155844155844,580.0,3.7662337662337664,80,154.0,41490.0,580.0,1.925,518.625,269.4155844155844,0.0
PRV57431,0.0,0.0,0.0,0.0,0.0,0.0,24.0,19.0,13600.0,566.6666666666666,0.0,0.0,19,24.0,13600.0,0.0,1.263157894736842,715.7894736842105,566.6666666666666,0.0
PRV57432,0.0,0.0,0.0,0.0,0.0,0.0,48.0,41.0,13420.0,279.5833333333333,110.0,2.2916666666666665,41,48.0,13420.0,110.0,1.170731707317073,327.3170731707317,279.5833333333333,0.0
PRV57433,16.0,16.0,126000.0,7875.0,17088.0,1068.0,54.0,48.0,15500.0,287.037037037037,400.0,7.407407407407407,63,70.0,141500.0,17488.0,1.1111111111111112,2246.031746031746,2021.4285714285713,0.22857142857142856
PRV57434,0.0,0.0,0.0,0.0,0.0,0.0,316.0,151.0,83990.0,265.7911392405063,650.0,2.0569620253164556,151,316.0,83990.0,650.0,2.0927152317880795,556.225165562914,265.7911392405063,0.0
PRV57435,0.0,0.0,0.0,0.0,0.0,0.0,25.0,21.0,4860.0,194.4,10.0,0.4,21,25.0,4860.0,10.0,1.1904761904761905,231.42857142857142,194.4,0.0
PRV57436,0.0,0.0,0.0,0.0,0.0,0.0,41.0,32.0,10950.0,267.0731707317073,160.0,3.902439024390244,32,41.0,10950.0,160.0,1.28125,342.1875,267.0731707317073,0.0
PRV57437,6.0,6.0,54000.0,9000.0,6408.0,1068.0,21.0,21.0,9170.0,436.6666666666667,200.0,9.523809523809524,27,27.0,63170.0,6608.0,1.0,2339.6296296296296,2339.6296296296296,0.2222222222222222
PRV57438,4.0,3.0,22000.0,5500.0,4272.0,1068.0,10.0,9.0,2180.0,218.0,0.0,0.0,11,14.0,24180.0,4272.0,1.2727272727272727,2198.181818181818,1727.142857142857,0.2857142857142857
PRV57440,0.0,0.0,0.0,0.0,0.0,0.0,4.0,3.0,330.0,82.5,0.0,0.0,3,4.0,330.0,0.0,1.3333333333333333,110.0,82.5,0.0
PRV57441,0.0,0.0,0.0,0.0,0.0,0.0,74.0,39.0,26660.0,360.27027027027026,0.0,0.0,39,74.0,26660.0,0.0,1.8974358974358974,683.5897435897435,360.27027027027026,0.0
PRV57443,0.0,0.0,0.0,0.0,0.0,0.0,52.0,22.0,33790.0,649.8076923076923,120.0,2.3076923076923075,22,52.0,33790.0,120.0,2.3636363636363638,1535.909090909091,649.8076923076923,0.0
PRV57444,0.0,0.0,0.0,0.0,0.0,0.0,13.0,13.0,7550.0,580.7692307692307,0.0,0.0,13,13.0,7550.0,0.0,1.0,580.7692307692307,580.7692307692307,0.0
PRV57445,2.0,2.0,8000.0,4000.0,2136.0,1068.0,28.0,18.0,14150.0,505.35714285714283,100.0,3.5714285714285716,20,30.0,22150.0,2236.0,1.5,1107.5,738.3333333333334,0.06666666666666667
PRV57446,0.0,0.0,0.0,0.0,0.0,0.0,8.0,7.0,5600.0,700.0,0.0,0.0,7,8.0,5600.0,0.0,1.1428571428571428,800.0,700.0,0.0
PRV57447,0.0,0.0,0.0,0.0,0.0,0.0,9.0,9.0,4240.0,471.1111111111111,0.0,0.0,9,9.0,4240.0,0.0,1.0,471.1111111111111,471.1111111111111,0.0
PRV57448,0.0,0.0,0.0,0.0,0.0,0.0,205.0,113.0,51920.0,253.26829268292684,530.0,2.5853658536585367,113,205.0,51920.0,530.0,1.8141592920353982,459.46902654867256,253.26829268292684,0.0
PRV57449,0.0,0.0,0.0,0.0,0.0,0.0,103.0,57.0,28380.0,275.5339805825243,350.0,3.3980582524271843,57,103.0,28380.0,350.0,1.8070175438596492,497.89473684210526,275.5339805825243,0.0
PRV57450,0.0,0.0,0.0,0.0,0.0,0.0,11.0,11.0,4750.0,431.8181818181818,80.0,7.2727272727272725,11,11.0,4750.0,80.0,1.0,431.8181818181818,431.8181818181818,0.0
PRV57452,0.0,0.0,0.0,0.0,0.0,0.0,3.0,3.0,120.0,40.0,0.0,0.0,3,3.0,120.0,0.0,1.0,40.0,40.0,0.0
PRV57453,0.0,0.0,0.0,0.0,0.0,0.0,17.0,15.0,2850.0,167.64705882352942,0.0,0.0,15,17.0,2850.0,0.0,1.1333333333333333,190.0,167.64705882352942,0.0
PRV57454,0.0,0.0,0.0,0.0,0.0,0.0,42.0,29.0,5610.0,133.57142857142858,110.0,2.619047619047619,29,42.0,5610.0,110.0,1.4482758620689655,193.44827586206895,133.57142857142858,0.0
PRV57455,0.0,0.0,0.0,0.0,0.0,0.0,6.0,6.0,2130.0,355.0,100.0,16.666666666666668,6,6.0,2130.0,100.0,1.0,355.0,355.0,0.0
PRV57456,0.0,0.0,0.0,0.0,0.0,0.0,16.0,15.0,2350.0,146.875,0.0,0.0,15,16.0,2350.0,0.0,1.0666666666666667,156.66666666666666,146.875,0.0
PRV57459,0.0,0.0,0.0,0.0,0.0,0.0,11.0,9.0,4600.0,418.1818181818182,0.0,0.0,9,11.0,4600.0,0.0,1.2222222222222223,511.1111111111111,418.1818181818182,0.0
PRV57460,0.0,0.0,0.0,0.0,0.0,0.0,36.0,28.0,7840.0,217.77777777777777,200.0,5.555555555555555,28,36.0,7840.0,200.0,1.2857142857142858,280.0,217.77777777777777,0.0
PRV57461,0.0,0.0,0.0,0.0,0.0,0.0,1.0,1.0,0.0,0.0,0.0,0.0,1,1.0,0.0,0.0,1.0,0.0,0.0,0.0
PRV57462,0.0,0.0,0.0,0.0,0.0,0.0,10.0,10.0,1560.0,156.0,0.0,0.0,10,10.0,1560.0,0.0,1.0,156.0,156.0,0.0
PRV57463,0.0,0.0,0.0,0.0,0.0,0.0,28.0,26.0,7410.0,264.64285714285717,80.0,2.857142857142857,26,28.0,7410.0,80.0,1.0769230769230769,285.0,264.64285714285717,0.0
PRV57464,0.0,0.0,0.0,0.0,0.0,0.0,2.0,2.0,80.0,40.0,0.0,0.0,2,2.0,80.0,0.0,1.0,40.0,40.0,0.0
PRV57465,0.0,0.0,0.0,0.0,0.0,0.0,22.0,19.0,2730.0,124.0909090909091,50.0,2.272727272727273,19,22.0,2730.0,50.0,1.1578947368421053,143.68421052631578,124.0909090909091,0.0
PRV57467,0.0,0.0,0.0,0.0,0.0,0.0,1.0,1.0,40.0,40.0,0.0,0.0,1,1.0,40.0,0.0,1.0,40.0,40.0,0.0
PRV57468,0.0,0.0,0.0,0.0,0.0,0.0,12.0,8.0,2300.0,191.66666666666666,0.0,0.0,8,12.0,2300.0,0.0,1.5,287.5,191.66666666666666,0.0
PRV57469,0.0,0.0,0.0,0.0,0.0,0.0,58.0,37.0,22050.0,380.17241379310343,180.0,3.103448275862069,37,58.0,22050.0,180.0,1.5675675675675675,595.9459459459459,380.17241379310343,0.0
PRV57470,0.0,0.0,0.0,0.0,0.0,0.0,12.0,11.0,1610.0,134.16666666666666,0.0,0.0,11,12.0,1610.0,0.0,1.0909090909090908,146.36363636363637,134.16666666666666,0.0
PRV57471,0.0,0.0,0.0,0.0,0.0,0.0,2.0,2.0,350.0,175.0,0.0,0.0,2,2.0,350.0,0.0,1.0,175.0,175.0,0.0
PRV57472,0.0,0.0,0.0,0.0,0.0,0.0,4.0,4.0,1700.0,425.0,0.0,0.0,4,4.0,1700.0,0.0,1.0,425.0,425.0,0.0
PRV57473,0.0,0.0,0.0,0.0,0.0,0.0,1.0,1.0,90.0,90.0,0.0,0.0,1,1.0,90.0,0.0,1.0,90.0,90.0,0.0
PRV57474,0.0,0.0,0.0,0.0,0.0,0.0,4.0,4.0,830.0,207.5,0.0,0.0,4,4.0,830.0,0.0,1.0,207.5,207.5,0.0
PRV57475,0.0,0.0,0.0,0.0,0.0,0.0,23.0,16.0,9340.0,406.0869565217391,0.0,0.0,16,23.0,9340.0,0.0,1.4375,583.75,406.0869565217391,0.0
PRV57476,0.0,0.0,0.0,0.0,0.0,0.0,145.0,56.0,47070.0,324.62068965517244,530.0,3.6551724137931036,56,145.0,47070.0,530.0,2.5892857142857144,840.5357142857143,324.62068965517244,0.0
PRV57477,0.0,0.0,0.0,0.0,0.0,0.0,85.0,42.0,22740.0,267.52941176470586,170.0,2.0,42,85.0,22740.0,170.0,2.0238095238095237,541.4285714285714,267.52941176470586,0.0
PRV57479,0.0,0.0,0.0,0.0,0.0,0.0,19.0,17.0,7220.0,380.0,0.0,0.0,17,19.0,7220.0,0.0,1.1176470588235294,424.70588235294116,380.0,0.0
PRV57481,62.0,52.0,776000.0,12516.129032258064,65148.0,1068.0,0.0,0.0,0.0,0.0,0.0,0.0,52,62.0,776000.0,65148.0,1.1923076923076923,14923.076923076924,12516.129032258064,1.0
PRV57484,0.0,0.0,0.0,0.0,0.0,0.0,9.0,6.0,1090.0,121.11111111111111,0.0,0.0,6,9.0,1090.0,0.0,1.5,181.66666666666666,121.11111111111111,0.0
PRV57485,0.0,0.0,0.0,0.0,0.0,0.0,10.0,10.0,1670.0,167.0,0.0,0.0,10,10.0,1670.0,0.0,1.0,167.0,167.0,0.0
PRV57486,0.0,0.0,0.0,0.0,0.0,0.0,35.0,19.0,4430.0,126.57142857142857,130.0,3.7142857142857144,19,35.0,4430.0,130.0,1.8421052631578947,233.1578947368421,126.57142857142857,0.0
PRV57487,15.0,14.0,140000.0,9333.333333333334,16020.0,1068.0,0.0,0.0,0.0,0.0,0.0,0.0,14,15.0,140000.0,16020.0,1.0714285714285714,10000.0,9333.333333333334,1.0
PRV57488,0.0,0.0,0.0,0.0,0.0,0.0,5.0,5.0,540.0,108.0,0.0,0.0,5,5.0,540.0,0.0,1.0,108.0,108.0,0.0
PRV57489,17.0,17.0,182000.0,10705.882352941177,18156.0,1068.0,0.0,0.0,0.0,0.0,0.0,0.0,17,17.0,182000.0,18156.0,1.0,10705.882352941177,10705.882352941177,1.0
PRV57490,21.0,19.0,201200.0,9580.952380952382,21360.0,1068.0,0.0,0.0,0.0,0.0,0.0,0.0,19,21.0,201200.0,21360.0,1.105263157894737,10589.473684210527,9580.952380952382,1.0
PRV57491,0.0,0.0,0.0,0.0,0.0,0.0,116.0,62.0,30830.0,265.7758620689655,0.0,0.0,62,116.0,30830.0,0.0,1.8709677419354838,497.258064516129,265.7758620689655,0.0
PRV57492,36.0,33.0,332000.0,9222.222222222223,37380.0,1068.0,81.0,66.0,16030.0,197.90123456790124,70.0,0.8641975308641975,95,117.0,348030.0,37450.0,1.231578947368421,3663.4736842105262,2974.6153846153848,0.3076923076923077
PRV57495,37.0,34.0,387000.0,10459.45945945946,39516.0,1068.0,76.0,68.0,13530.0,178.02631578947367,130.0,1.7105263157894737,99,113.0,400530.0,39646.0,1.1414141414141414,4045.757575757576,3544.5132743362833,0.3274336283185841
PRV57496,0.0,0.0,0.0,0.0,0.0,0.0,38.0,36.0,7750.0,203.94736842105263,100.0,2.6315789473684212,36,38.0,7750.0,100.0,1.0555555555555556,215.27777777777777,203.94736842105263,0.0
PRV57499,0.0,0.0,0.0,0.0,0.0,0.0,18.0,18.0,8940.0,496.6666666666667,0.0,0.0,18,18.0,8940.0,0.0,1.0,496.6666666666667,496.6666666666667,0.0
PRV57500,0.0,0.0,0.0,0.0,0.0,0.0,79.0,78.0,26090.0,330.253164556962,120.0,1.518987341772152,78,79.0,26090.0,120.0,1.0128205128205128,334.4871794871795,330.253164556962,0.0
PRV57501,0.0,0.0,0.0,0.0,0.0,0.0,64.0,63.0,11740.0,183.4375,230.0,3.59375,63,64.0,11740.0,230.0,1.0158730158730158,186.34920634920636,183.4375,0.0
PRV57502,114.0,99.0,1149200.0,10080.701754385966,117480.0,1068.0,146.0,140.0,48350.0,331.16438356164383,340.0,2.328767123287671,235,260.0,1197550.0,117820.0,1.1063829787234043,5095.95744680851,4605.961538461538,0.43846153846153846
PRV57504,0.0,0.0,0.0,0.0,0.0,0.0,28.0,28.0,5910.0,211.07142857142858,100.0,3.5714285714285716,28,28.0,5910.0,100.0,1.0,211.07142857142858,211.07142857142858,0.0
PRV57507,0.0,0.0,0.0,0.0,0.0,0.0,112.0,96.0,26740.0,238.75,180.0,1.6071428571428572,96,112.0,26740.0,180.0,1.1666666666666667,278.5416666666667,238.75,0.0
PRV57509,0.0,0.0,0.0,0.0,0.0,0.0,58.0,53.0,11690.0,201.55172413793105,60.0,1.0344827586206897,53,58.0,11690.0,60.0,1.0943396226415094,220.56603773584905,201.55172413793105,0.0
PRV57510,43.0,40.0,422020.0,9814.418604651162,45924.0,1068.0,204.0,179.0,64970.0,318.48039215686276,140.0,0.6862745098039216,214,247.0,486990.0,46064.0,1.1542056074766356,2275.654205607477,1971.6194331983806,0.17408906882591094
PRV57512,0.0,0.0,0.0,0.0,0.0,0.0,108.0,84.0,24330.0,225.27777777777777,420.0,3.888888888888889,84,108.0,24330.0,420.0,1.2857142857142858,289.64285714285717,225.27777777777777,0.0
PRV57514,0.0,0.0,0.0,0.0,0.0,0.0,51.0,44.0,15030.0,294.70588235294116,0.0,0.0,44,51.0,15030.0,0.0,1.1590909090909092,341.59090909090907,294.70588235294116,0.0
PRV57515,19.0,19.0,146000.0,7684.210526315789,20292.0,1068.0,69.0,63.0,21970.0,318.40579710144925,80.0,1.1594202898550725,80,88.0,167970.0,20372.0,1.1,2099.625,1908.75,0.2159090909090909
PRV57516,0.0,0.0,0.0,0.0,0.0,0.0,10.0,10.0,2290.0,229.0,0.0,0.0,10,10.0,2290.0,0.0,1.0,229.0,229.0,0.0
PRV57517,0.0,0.0,0.0,0.0,0.0,0.0,60.0,56.0,20230.0,337.1666666666667,180.0,3.0,56,60.0,20230.0,180.0,1.0714285714285714,361.25,337.1666666666667,0.0
PRV57518,2.0,2.0,35000.0,17500.0,2136.0,1068.0,95.0,45.0,33130.0,348.7368421052632,280.0,2.9473684210526314,47,97.0,68130.0,2416.0,2.0638297872340425,1449.5744680851064,702.3711340206186,0.020618556701030927
PRV57519,12.0,11.0,113000.0,9416.666666666666,12816.0,1068.0,145.0,131.0,30280.0,208.82758620689654,460.0,3.1724137931034484,142,157.0,143280.0,13276.0,1.1056338028169015,1009.0140845070423,912.6114649681529,0.07643312101910828
PRV57520,0.0,0.0,0.0,0.0,0.0,0.0,23.0,23.0,5740.0,249.56521739130434,60.0,2.608695652173913,23,23.0,5740.0,60.0,1.0,249.56521739130434,249.56521739130434,0.0
PRV57521,12.0,11.0,93000.0,7750.0,11748.0,1068.0,99.0,94.0,28150.0,284.34343434343435,430.0,4.343434343434343,105,111.0,121150.0,12178.0,1.0571428571428572,1153.8095238095239,1091.4414414414414,0.10810810810810811
PRV57522,0.0,0.0,0.0,0.0,0.0,0.0,40.0,40.0,8310.0,207.75,10.0,0.25,40,40.0,8310.0,10.0,1.0,207.75,207.75,0.0
PRV57523,15.0,14.0,130000.0,8666.666666666666,12816.0,1068.0,136.0,116.0,39960.0,293.8235294117647,360.0,2.6470588235294117,129,151.0,169960.0,13176.0,1.1705426356589148,1317.5193798449613,1125.5629139072848,0.09933774834437085
PRV57525,21.0,20.0,197000.0,9380.952380952382,22428.0,1068.0,86.0,67.0,16820.0,195.58139534883722,120.0,1.3953488372093024,78,107.0,213820.0,22548.0,1.3717948717948718,2741.2820512820513,1998.3177570093458,0.19626168224299065
PRV57526,2.0,2.0,53000.0,26500.0,2136.0,1068.0,200.0,152.0,56310.0,281.55,400.0,2.0,154,202.0,109310.0,2536.0,1.3116883116883118,709.8051948051948,541.1386138613861,0.009900990099009901
PRV57527,51.0,43.0,628000.0,12313.725490196079,54468.0,1068.0,114.0,98.0,37500.0,328.94736842105266,260.0,2.280701754385965,135,165.0,665500.0,54728.0,1.2222222222222223,4929.62962962963,4033.3333333333335,0.3090909090909091
PRV57528,13.0,12.0,75600.0,5815.384615384615,13884.0,1068.0,388.0,337.0,125420.0,323.2474226804124,1000.0,2.577319587628866,345,401.0,201020.0,14884.0,1.1623188405797102,582.6666666666666,501.29675810473816,0.032418952618453865
PRV57529,0.0,0.0,0.0,0.0,0.0,0.0,295.0,188.0,75340.0,255.38983050847457,400.0,1.3559322033898304,188,295.0,75340.0,400.0,1.5691489361702127,400.74468085106383,255.38983050847457,0.0
PRV57530,52.0,51.0,390100.0,7501.923076923077,55536.0,1068.0,426.0,344.0,115490.0,271.1032863849765,950.0,2.2300469483568075,391,478.0,505590.0,56486.0,1.2225063938618925,1293.06905370844,1057.7196652719665,0.1087866108786611
PRV57531,0.0,0.0,0.0,0.0,0.0,0.0,68.0,43.0,16630.0,244.55882352941177,160.0,2.3529411764705883,43,68.0,16630.0,160.0,1.5813953488372092,386.74418604651163,244.55882352941177,0.0
PRV57532,0.0,0.0,0.0,0.0,0.0,0.0,351.0,157.0,111560.0,317.83475783475785,910.0,2.5925925925925926,157,351.0,111560.0,910.0,2.2356687898089174,710.5732484076433,317.83475783475785,0.0
PRV57533,22.0,17.0,279000.0,12681.818181818182,22428.0,1068.0,86.0,67.0,20560.0,239.06976744186048,140.0,1.627906976744186,83,108.0,299560.0,22568.0,1.3012048192771084,3609.156626506024,2773.703703703704,0.2037037037037037
PRV57534,0.0,0.0,0.0,0.0,0.0,0.0,152.0,117.0,38820.0,255.39473684210526,400.0,2.6315789473684212,117,152.0,38820.0,400.0,1.2991452991452992,331.79487179487177,255.39473684210526,0.0
PRV57536,0.0,0.0,0.0,0.0,0.0,0.0,79.0,71.0,18560.0,234.9367088607595,60.0,0.759493670886076,71,79.0,18560.0,60.0,1.1126760563380282,261.40845070422534,234.9367088607595,0.0
PRV57539,0.0,0.0,0.0,0.0,0.0,0.0,33.0,32.0,10630.0,322.1212121212121,100.0,3.0303030303030303,32,33.0,10630.0,100.0,1.03125,332.1875,322.1212121212121,0.0
PRV57540,0.0,0.0,0.0,0.0,0.0,0.0,39.0,32.0,7460.0,191.28205128205127,0.0,0.0,32,39.0,7460.0,0.0,1.21875,233.125,191.28205128205127,0.0
PRV57541,0.0,0.0,0.0,0.0,0.0,0.0,31.0,24.0,9750.0,314.51612903225805,100.0,3.225806451612903,24,31.0,9750.0,100.0,1.2916666666666667,406.25,314.51612903225805,0.0
PRV57542,0.0,0.0,0.0,0.0,0.0,0.0,37.0,35.0,5330.0,144.05405405405406,30.0,0.8108108108108109,35,37.0,5330.0,30.0,1.0571428571428572,152.28571428571428,144.05405405405406,0.0
PRV57543,46.0,43.0,433000.0,9413.04347826087,46992.0,1068.0,308.0,285.0,83360.0,270.64935064935065,480.0,1.5584415584415585,327,354.0,516360.0,47472.0,1.0825688073394495,1579.0825688073394,1458.6440677966102,0.12994350282485875
PRV57544,0.0,0.0,0.0,0.0,0.0,0.0,52.0,47.0,10340.0,198.84615384615384,0.0,0.0,47,52.0,10340.0,0.0,1.1063829787234043,220.0,198.84615384615384,0.0
PRV57545,1.0,1.0,28000.0,28000.0,1068.0,1068.0,60.0,53.0,12430.0,207.16666666666666,100.0,1.6666666666666667,54,61.0,40430.0,1168.0,1.1296296296296295,748.7037037037037,662.7868852459017,0.01639344262295082
PRV57546,0.0,0.0,0.0,0.0,0.0,0.0,18.0,18.0,5310.0,295.0,10.0,0.5555555555555556,18,18.0,5310.0,10.0,1.0,295.0,295.0,0.0
PRV57547,18.0,16.0,215000.0,11944.444444444445,19224.0,1068.0,68.0,63.0,19080.0,280.5882352941176,90.0,1.3235294117647058,79,86.0,234080.0,19314.0,1.0886075949367089,2963.0379746835442,2721.860465116279,0.20930232558139536
PRV57548,107.0,87.0,1038500.0,9705.607476635514,112140.0,1068.0,103.0,95.0,30550.0,296.6019417475728,380.0,3.6893203883495147,180,210.0,1069050.0,112520.0,1.1666666666666667,5939.166666666667,5090.714285714285,0.5095238095238095
PRV57549,0.0,0.0,0.0,0.0,0.0,0.0,518.0,324.0,161160.0,311.11969111969114,1040.0,2.0077220077220077,324,518.0,161160.0,1040.0,1.5987654320987654,497.4074074074074,311.11969111969114,0.0
PRV57550,0.0,0.0,0.0,0.0,0.0,0.0,29.0,22.0,6070.0,209.31034482758622,180.0,6.206896551724138,22,29.0,6070.0,180.0,1.3181818181818181,275.90909090909093,209.31034482758622,0.0
PRV57551,0.0,0.0,0.0,0.0,0.0,0.0,132.0,100.0,42330.0,320.6818181818182,570.0,4.318181818181818,100,132.0,42330.0,570.0,1.32,423.3,320.6818181818182,0.0
PRV57552,0.0,0.0,0.0,0.0,0.0,0.0,11.0,11.0,2340.0,212.72727272727272,0.0,0.0,11,11.0,2340.0,0.0,1.0,212.72727272727272,212.72727272727272,0.0
PRV57553,0.0,0.0,0.0,0.0,0.0,0.0,21.0,20.0,8460.0,402.85714285714283,40.0,1.9047619047619047,20,21.0,8460.0,40.0,1.05,423.0,402.85714285714283,0.0
PRV57555,27.0,26.0,326800.0,12103.703703703704,28836.0,1068.0,15.0,15.0,3980.0,265.3333333333333,20.0,1.3333333333333333,39,42.0,330780.0,28856.0,1.0769230769230769,8481.538461538461,7875.714285714285,0.6428571428571429
PRV57557,0.0,0.0,0.0,0.0,0.0,0.0,97.0,39.0,20700.0,213.4020618556701,50.0,0.5154639175257731,39,97.0,20700.0,50.0,2.4871794871794872,530.7692307692307,213.4020618556701,0.0
PRV57558,8.0,6.0,71000.0,8875.0,8544.0,1068.0,49.0,36.0,20590.0,420.2040816326531,100.0,2.0408163265306123,40,57.0,91590.0,8644.0,1.425,2289.75,1606.842105263158,0.14035087719298245
PRV57560,1.0,1.0,9000.0,9000.0,1068.0,1068.0,1.0,1.0,0.0,0.0,0.0,0.0,2,2.0,9000.0,1068.0,1.0,4500.0,4500.0,0.5
PRV57561,1.0,1.0,11000.0,11000.0,1068.0,1068.0,16.0,16.0,5810.0,363.125,30.0,1.875,17,17.0,16810.0,1098.0,1.0,988.8235294117648,988.8235294117648,0.058823529411764705
PRV57563,0.0,0.0,0.0,0.0,0.0,0.0,6.0,6.0,830.0,138.33333333333334,0.0,0.0,6,6.0,830.0,0.0,1.0,138.33333333333334,138.33333333333334,0.0
PRV57564,0.0,0.0,0.0,0.0,0.0,0.0,7.0,7.0,280.0,40.0,0.0,0.0,7,7.0,280.0,0.0,1.0,40.0,40.0,0.0
PRV57565,0.0,0.0,0.0,0.0,0.0,0.0,6.0,6.0,6340.0,1056.6666666666667,50.0,8.333333333333334,6,6.0,6340.0,50.0,1.0,1056.6666666666667,1056.6666666666667,0.0
PRV57567,7.0,6.0,112000.0,16000.0,6408.0,1068.0,5.0,5.0,290.0,58.0,0.0,0.0,11,12.0,112290.0,6408.0,1.0909090909090908,10208.181818181818,9357.5,0.5833333333333334
PRV57568,18.0,18.0,111900.0,6216.666666666667,19224.0,1068.0,29.0,28.0,8450.0,291.37931034482756,140.0,4.827586206896552,46,47.0,120350.0,19364.0,1.0217391304347827,2616.304347826087,2560.6382978723404,0.3829787234042553
PRV57569,5.0,4.0,31000.0,6200.0,5340.0,1068.0,68.0,58.0,26940.0,396.1764705882353,60.0,0.8823529411764706,62,73.0,57940.0,5400.0,1.1774193548387097,934.516129032258,793.6986301369863,0.0684931506849315
PRV57570,0.0,0.0,0.0,0.0,0.0,0.0,4.0,4.0,430.0,107.5,0.0,0.0,4,4.0,430.0,0.0,1.0,107.5,107.5,0.0
PRV57571,0.0,0.0,0.0,0.0,0.0,0.0,1.0,1.0,400.0,400.0,0.0,0.0,1,1.0,400.0,0.0,1.0,400.0,400.0,0.0
PRV57572,0.0,0.0,0.0,0.0,0.0,0.0,265.0,207.0,80050.0,302.07547169811323,1120.0,4.226415094339623,207,265.0,80050.0,1120.0,1.2801932367149758,386.7149758454106,302.07547169811323,0.0
PRV57573,0.0,0.0,0.0,0.0,0.0,0.0,33.0,16.0,6180.0,187.27272727272728,30.0,0.9090909090909091,16,33.0,6180.0,30.0,2.0625,386.25,187.27272727272728,0.0
PRV57574,0.0,0.0,0.0,0.0,0.0,0.0,58.0,48.0,19640.0,338.62068965517244,190.0,3.2758620689655173,48,58.0,19640.0,190.0,1.2083333333333333,409.1666666666667,338.62068965517244,0.0
PRV57575,0.0,0.0,0.0,0.0,0.0,0.0,24.0,13.0,5970.0,248.75,30.0,1.25,13,24.0,5970.0,30.0,1.8461538461538463,459.2307692307692,248.75,0.0
PRV57576,0.0,0.0,0.0,0.0,0.0,0.0,22.0,21.0,4320.0,196.36363636363637,180.0,8.181818181818182,21,22.0,4320.0,180.0,1.0476190476190477,205.71428571428572,196.36363636363637,0.0
PRV57577,0.0,0.0,0.0,0.0,0.0,0.0,73.0,36.0,29810.0,408.35616438356163,100.0,1.36986301369863,36,73.0,29810.0,100.0,2.0277777777777777,828.0555555555555,408.35616438356163,0.0
PRV57578,0.0,0.0,0.0,0.0,0.0,0.0,2.0,2.0,180.0,90.0,0.0,0.0,2,2.0,180.0,0.0,1.0,90.0,90.0,0.0
PRV57580,0.0,0.0,0.0,0.0,0.0,0.0,134.0,83.0,24650.0,183.955223880597,380.0,2.8358208955223883,83,134.0,24650.0,380.0,1.6144578313253013,296.9879518072289,183.955223880597,0.0
PRV57581,0.0,0.0,0.0,0.0,0.0,0.0,15.0,15.0,2370.0,158.0,0.0,0.0,15,15.0,2370.0,0.0,1.0,158.0,158.0,0.0
PRV57583,0.0,0.0,0.0,0.0,0.0,0.0,14.0,12.0,3080.0,220.0,0.0,0.0,12,14.0,3080.0,0.0,1.1666666666666667,256.6666666666667,220.0,0.0
PRV57584,3.0,3.0,21000.0,7000.0,3204.0,1068.0,40.0,23.0,7760.0,194.0,80.0,2.0,25,43.0,28760.0,3284.0,1.72,1150.4,668.8372093023256,0.06976744186046512
PRV57585,0.0,0.0,0.0,0.0,0.0,0.0,140.0,71.0,44220.0,315.85714285714283,240.0,1.7142857142857142,71,140.0,44220.0,240.0,1.971830985915493,622.8169014084507,315.85714285714283,0.0
PRV57586,0.0,0.0,0.0,0.0,0.0,0.0,144.0,51.0,49710.0,345.2083333333333,170.0,1.1805555555555556,51,144.0,49710.0,170.0,2.823529411764706,974.7058823529412,345.2083333333333,0.0
PRV57588,0.0,0.0,0.0,0.0,0.0,0.0,2.0,2.0,530.0,265.0,0.0,0.0,2,2.0,530.0,0.0,1.0,265.0,265.0,0.0
PRV57590,3.0,3.0,14000.0,4666.666666666667,3204.0,1068.0,73.0,57.0,19520.0,267.3972602739726,250.0,3.4246575342465753,60,76.0,33520.0,3454.0,1.2666666666666666,558.6666666666666,441.05263157894734,0.039473684210526314
PRV57592,0.0,0.0,0.0,0.0,0.0,0.0,79.0,64.0,16880.0,213.67088607594937,310.0,3.9240506329113924,64,79.0,16880.0,310.0,1.234375,263.75,213.67088607594937,0.0
PRV57593,6.0,6.0,77000.0,12833.333333333334,6408.0,1068.0,20.0,17.0,7910.0,395.5,0.0,0.0,21,26.0,84910.0,6408.0,1.2380952380952381,4043.3333333333335,3265.769230769231,0.23076923076923078
PRV57594,1.0,1.0,4000.0,4000.0,1068.0,1068.0,13.0,13.0,2300.0,176.92307692307693,40.0,3.076923076923077,14,14.0,6300.0,1108.0,1.0,450.0,450.0,0.07142857142857142
PRV57595,0.0,0.0,0.0,0.0,0.0,0.0,56.0,24.0,10250.0,183.03571428571428,100.0,1.7857142857142858,24,56.0,10250.0,100.0,2.3333333333333335,427.0833333333333,183.03571428571428,0.0
PRV57596,0.0,0.0,0.0,0.0,0.0,0.0,160.0,75.0,38040.0,237.75,330.0,2.0625,75,160.0,38040.0,330.0,2.1333333333333333,507.2,237.75,0.0
PRV57597,0.0,0.0,0.0,0.0,0.0,0.0,227.0,107.0,47000.0,207.04845814977975,640.0,2.8193832599118944,107,227.0,47000.0,640.0,2.121495327102804,439.25233644859816,207.04845814977975,0.0
PRV57598,0.0,0.0,0.0,0.0,0.0,0.0,23.0,23.0,2890.0,125.65217391304348,100.0,4.3478260869565215,23,23.0,2890.0,100.0,1.0,125.65217391304348,125.65217391304348,0.0
PRV57599,0.0,0.0,0.0,0.0,0.0,0.0,5.0,5.0,510.0,102.0,0.0,0.0,5,5.0,510.0,0.0,1.0,102.0,102.0,0.0
PRV57600,9.0,6.0,57000.0,6333.333333333333,8544.0,1068.0,42.0,40.0,18000.0,428.57142857142856,80.0,1.9047619047619047,46,51.0,75000.0,8624.0,1.108695652173913,1630.4347826086957,1470.5882352941176,0.17647058823529413
PRV57601,0.0,0.0,0.0,0.0,0.0,0.0,62.0,48.0,21020.0,339.03225806451616,70.0,1.1290322580645162,48,62.0,21020.0,70.0,1.2916666666666667,437.9166666666667,339.03225806451616,0.0
PRV57602,0.0,0.0,0.0,0.0,0.0,0.0,38.0,30.0,8970.0,236.05263157894737,320.0,8.421052631578947,30,38.0,8970.0,320.0,1.2666666666666666,299.0,236.05263157894737,0.0
PRV57603,0.0,0.0,0.0,0.0,0.0,0.0,169.0,76.0,49340.0,291.9526627218935,200.0,1.183431952662722,76,169.0,49340.0,200.0,2.223684210526316,649.2105263157895,291.9526627218935,0.0
PRV57605,0.0,0.0,0.0,0.0,0.0,0.0,134.0,91.0,35590.0,265.5970149253731,170.0,1.2686567164179106,91,134.0,35590.0,170.0,1.4725274725274726,391.0989010989011,265.5970149253731,0.0
PRV57609,0.0,0.0,0.0,0.0,0.0,0.0,2.0,2.0,3000.0,1500.0,0.0,0.0,2,2.0,3000.0,0.0,1.0,1500.0,1500.0,0.0
PRV57610,0.0,0.0,0.0,0.0,0.0,0.0,32.0,16.0,7500.0,234.375,150.0,4.6875,16,32.0,7500.0,150.0,2.0,468.75,234.375,0.0
PRV57611,0.0,0.0,0.0,0.0,0.0,0.0,134.0,74.0,38520.0,287.46268656716416,140.0,1.044776119402985,74,134.0,38520.0,140.0,1.8108108108108107,520.5405405405405,287.46268656716416,0.0
PRV57612,3.0,3.0,31000.0,10333.333333333334,3204.0,1068.0,3.0,3.0,490.0,163.33333333333334,0.0,0.0,6,6.0,31490.0,3204.0,1.0,5248.333333333333,5248.333333333333,0.5
PRV57613,0.0,0.0,0.0,0.0,0.0,0.0,2.0,2.0,250.0,125.0,0.0,0.0,2,2.0,250.0,0.0,1.0,125.0,125.0,0.0
PRV57614,0.0,0.0,0.0,0.0,0.0,0.0,4.0,2.0,1700.0,425.0,0.0,0.0,2,4.0,1700.0,0.0,2.0,850.0,425.0,0.0
PRV57615,0.0,0.0,0.0,0.0,0.0,0.0,2.0,2.0,110.0,55.0,0.0,0.0,2,2.0,110.0,0.0,1.0,55.0,55.0,0.0
PRV57616,0.0,0.0,0.0,0.0,0.0,0.0,7.0,7.0,640.0,91.42857142857143,0.0,0.0,7,7.0,640.0,0.0,1.0,91.42857142857143,91.42857142857143,0.0
PRV57617,0.0,0.0,0.0,0.0,0.0,0.0,3.0,3.0,130.0,43.333333333333336,0.0,0.0,3,3.0,130.0,0.0,1.0,43.333333333333336,43.333333333333336,0.0
PRV57618,0.0,0.0,0.0,0.0,0.0,0.0,220.0,95.0,55280.0,251.27272727272728,420.0,1.9090909090909092,95,220.0,55280.0,420.0,2.3157894736842106,581.8947368421053,251.27272727272728,0.0
PRV57619,0.0,0.0,0.0,0.0,0.0,0.0,21.0,18.0,2520.0,120.0,60.0,2.857142857142857,18,21.0,2520.0,60.0,1.1666666666666667,140.0,120.0,0.0
PRV57623,0.0,0.0,0.0,0.0,0.0,0.0,4.0,4.0,940.0,235.0,0.0,0.0,4,4.0,940.0,0.0,1.0,235.0,235.0,0.0
PRV57624,0.0,0.0,0.0,0.0,0.0,0.0,41.0,26.0,6930.0,169.02439024390245,70.0,1.7073170731707317,26,41.0,6930.0,70.0,1.5769230769230769,266.53846153846155,169.02439024390245,0.0
PRV57625,0.0,0.0,0.0,0.0,0.0,0.0,44.0,21.0,7340.0,166.8181818181818,230.0,5.2272727272727275,21,44.0,7340.0,230.0,2.0952380952380953,349.5238095238095,166.8181818181818,0.0
PRV57626,0.0,0.0,0.0,0.0,0.0,0.0,6.0,6.0,900.0,150.0,70.0,11.666666666666666,6,6.0,900.0,70.0,1.0,150.0,150.0,0.0
PRV57627,0.0,0.0,0.0,0.0,0.0,0.0,28.0,28.0,10360.0,370.0,130.0,4.642857142857143,28,28.0,10360.0,130.0,1.0,370.0,370.0,0.0
PRV57629,10.0,9.0,122300.0,12230.0,9612.0,1068.0,0.0,0.0,0.0,0.0,0.0,0.0,9,10.0,122300.0,9612.0,1.1111111111111112,13588.888888888889,12230.0,1.0
PRV57630,8.0,8.0,52000.0,6500.0,8544.0,1068.0,0.0,0.0,0.0,0.0,0.0,0.0,8,8.0,52000.0,8544.0,1.0,6500.0,6500.0,1.0
PRV57631,18.0,17.0,227000.0,12611.111111111111,18156.0,1068.0,0.0,0.0,0.0,0.0,0.0,0.0,17,18.0,227000.0,18156.0,1.0588235294117647,13352.941176470587,12611.111111111111,1.0
PRV57632,1.0,1.0,6000.0,6000.0,1068.0,1068.0,0.0,0.0,0.0,0.0,0.0,0.0,1,1.0,6000.0,1068.0,1.0,6000.0,6000.0,1.0
PRV57633,4.0,3.0,31000.0,7750.0,4272.0,1068.0,0.0,0.0,0.0,0.0,0.0,0.0,3,4.0,31000.0,4272.0,1.3333333333333333,10333.333333333334,7750.0,1.0
PRV57634,8.0,8.0,58000.0,7250.0,8544.0,1068.0,0.0,0.0,0.0,0.0,0.0,0.0,8,8.0,58000.0,8544.0,1.0,7250.0,7250.0,1.0
PRV57635,18.0,16.0,275000.0,15277.777777777777,19224.0,1068.0,0.0,0.0,0.0,0.0,0.0,0.0,16,18.0,275000.0,19224.0,1.125,17187.5,15277.777777777777,1.0
PRV57636,5.0,5.0,28000.0,5600.0,5340.0,1068.0,0.0,0.0,0.0,0.0,0.0,0.0,5,5.0,28000.0,5340.0,1.0,5600.0,5600.0,1.0
PRV57638,9.0,8.0,72400.0,8044.444444444444,9612.0,1068.0,0.0,0.0,0.0,0.0,0.0,0.0,8,9.0,72400.0,9612.0,1.125,9050.0,8044.444444444444,1.0
PRV57639,0.0,0.0,0.0,0.0,0.0,0.0,17.0,14.0,4890.0,287.6470588235294,0.0,0.0,14,17.0,4890.0,0.0,1.2142857142857142,349.2857142857143,287.6470588235294,0.0
PRV57640,5.0,5.0,46000.0,9200.0,5340.0,1068.0,10.0,9.0,2130.0,213.0,0.0,0.0,14,15.0,48130.0,5340.0,1.0714285714285714,3437.8571428571427,3208.6666666666665,0.3333333333333333
PRV57641,3.0,3.0,16000.0,5333.333333333333,3204.0,1068.0,58.0,24.0,13470.0,232.24137931034483,140.0,2.413793103448276,25,61.0,29470.0,3344.0,2.44,1178.8,483.11475409836066,0.04918032786885246
PRV57642,23.0,17.0,288000.0,12521.739130434782,24564.0,1068.0,197.0,101.0,33470.0,169.89847715736042,700.0,3.553299492385787,108,220.0,321470.0,25264.0,2.037037037037037,2976.574074074074,1461.2272727272727,0.10454545454545454
PRV57643,7.0,6.0,56000.0,8000.0,7476.0,1068.0,102.0,29.0,22870.0,224.2156862745098,420.0,4.117647058823529,31,109.0,78870.0,7896.0,3.5161290322580645,2544.1935483870966,723.5779816513761,0.06422018348623854
PRV57645,0.0,0.0,0.0,0.0,0.0,0.0,6.0,6.0,390.0,65.0,0.0,0.0,6,6.0,390.0,0.0,1.0,65.0,65.0,0.0
PRV57646,0.0,0.0,0.0,0.0,0.0,0.0,25.0,11.0,8570.0,342.8,220.0,8.8,11,25.0,8570.0,220.0,2.272727272727273,779.0909090909091,342.8,0.0
PRV57647,0.0,0.0,0.0,0.0,0.0,0.0,46.0,16.0,8530.0,185.43478260869566,140.0,3.0434782608695654,16,46.0,8530.0,140.0,2.875,533.125,185.43478260869566,0.0
PRV57650,1.0,1.0,3000.0,3000.0,1068.0,1068.0,35.0,10.0,11210.0,320.2857142857143,100.0,2.857142857142857,10,36.0,14210.0,1168.0,3.6,1421.0,394.72222222222223,0.027777777777777776
PRV57651,0.0,0.0,0.0,0.0,0.0,0.0,22.0,14.0,3180.0,144.54545454545453,80.0,3.6363636363636362,14,22.0,3180.0,80.0,1.5714285714285714,227.14285714285714,144.54545454545453,0.0
PRV57652,0.0,0.0,0.0,0.0,0.0,0.0,15.0,6.0,4900.0,326.6666666666667,40.0,2.6666666666666665,6,15.0,4900.0,40.0,2.5,816.6666666666666,326.6666666666667,0.0
PRV57653,0.0,0.0,0.0,0.0,0.0,0.0,82.0,46.0,15920.0,194.14634146341464,90.0,1.0975609756097562,46,82.0,15920.0,90.0,1.7826086956521738,346.0869565217391,194.14634146341464,0.0
PRV57654,0.0,0.0,0.0,0.0,0.0,0.0,72.0,24.0,16670.0,231.52777777777777,200.0,2.7777777777777777,24,72.0,16670.0,200.0,3.0,694.5833333333334,231.52777777777777,0.0
PRV57655,0.0,0.0,0.0,0.0,0.0,0.0,1.0,1.0,400.0,400.0,0.0,0.0,1,1.0,400.0,0.0,1.0,400.0,400.0,0.0
PRV57657,0.0,0.0,0.0,0.0,0.0,0.0,54.0,20.0,15930.0,295.0,80.0,1.4814814814814814,20,54.0,15930.0,80.0,2.7,796.5,295.0,0.0
PRV57658,0.0,0.0,0.0,0.0,0.0,0.0,51.0,37.0,16170.0,317.05882352941177,0.0,0.0,37,51.0,16170.0,0.0,1.3783783783783783,437.02702702702703,317.05882352941177,0.0
PRV57659,0.0,0.0,0.0,0.0,0.0,0.0,1.0,1.0,20.0,20.0,0.0,0.0,1,1.0,20.0,0.0,1.0,20.0,20.0,0.0
PRV57660,0.0,0.0,0.0,0.0,0.0,0.0,6.0,5.0,2420.0,403.3333333333333,0.0,0.0,5,6.0,2420.0,0.0,1.2,484.0,403.3333333333333,0.0
PRV57662,0.0,0.0,0.0,0.0,0.0,0.0,3.0,3.0,2460.0,820.0,0.0,0.0,3,3.0,2460.0,0.0,1.0,820.0,820.0,0.0
PRV57663,0.0,0.0,0.0,0.0,0.0,0.0,3.0,3.0,410.0,136.66666666666666,0.0,0.0,3,3.0,410.0,0.0,1.0,136.66666666666666,136.66666666666666,0.0
PRV57667,3.0,2.0,20000.0,6666.666666666667,3204.0,1068.0,0.0,0.0,0.0,0.0,0.0,0.0,2,3.0,20000.0,3204.0,1.5,10000.0,6666.666666666667,1.0
PRV57668,0.0,0.0,0.0,0.0,0.0,0.0,23.0,19.0,6570.0,285.6521739130435,70.0,3.0434782608695654,19,23.0,6570.0,70.0,1.2105263157894737,345.7894736842105,285.6521739130435,0.0
PRV57669,0.0,0.0,0.0,0.0,0.0,0.0,3.0,3.0,250.0,83.33333333333333,0.0,0.0,3,3.0,250.0,0.0,1.0,83.33333333333333,83.33333333333333,0.0
PRV57670,0.0,0.0,0.0,0.0,0.0,0.0,1.0,1.0,20.0,20.0,0.0,0.0,1,1.0,20.0,0.0,1.0,20.0,20.0,0.0
PRV57671,0.0,0.0,0.0,0.0,0.0,0.0,6.0,6.0,730.0,121.66666666666667,0.0,0.0,6,6.0,730.0,0.0,1.0,121.66666666666667,121.66666666666667,0.0
PRV57672,0.0,0.0,0.0,0.0,0.0,0.0,425.0,342.0,118190.0,278.09411764705885,1850.0,4.352941176470588,342,425.0,118190.0,1850.0,1.2426900584795322,345.58479532163744,278.09411764705885,0.0
PRV57673,0.0,0.0,0.0,0.0,0.0,0.0,217.0,125.0,51690.0,238.20276497695852,450.0,2.0737327188940093,125,217.0,51690.0,450.0,1.736,413.52,238.20276497695852,0.0
PRV57674,0.0,0.0,0.0,0.0,0.0,0.0,413.0,158.0,133220.0,322.5665859564165,860.0,2.082324455205811,158,413.0,133220.0,860.0,2.6139240506329116,843.1645569620254,322.5665859564165,0.0
PRV57675,0.0,0.0,0.0,0.0,0.0,0.0,3.0,3.0,1650.0,550.0,100.0,33.333333333333336,3,3.0,1650.0,100.0,1.0,550.0,550.0,0.0
PRV57676,0.0,0.0,0.0,0.0,0.0,0.0,15.0,15.0,3180.0,212.0,0.0,0.0,15,15.0,3180.0,0.0,1.0,212.0,212.0,0.0
PRV57677,0.0,0.0,0.0,0.0,0.0,0.0,226.0,206.0,73900.0,326.9911504424779,620.0,2.743362831858407,206,226.0,73900.0,620.0,1.0970873786407767,358.7378640776699,326.9911504424779,0.0
PRV57678,0.0,0.0,0.0,0.0,0.0,0.0,9.0,9.0,3970.0,441.1111111111111,0.0,0.0,9,9.0,3970.0,0.0,1.0,441.1111111111111,441.1111111111111,0.0
PRV57679,0.0,0.0,0.0,0.0,0.0,0.0,1.0,1.0,400.0,400.0,0.0,0.0,1,1.0,400.0,0.0,1.0,400.0,400.0,0.0
PRV57680,0.0,0.0,0.0,0.0,0.0,0.0,19.0,18.0,9360.0,492.63157894736844,50.0,2.6315789473684212,18,19.0,9360.0,50.0,1.0555555555555556,520.0,492.63157894736844,0.0
PRV57682,0.0,0.0,0.0,0.0,0.0,0.0,3.0,3.0,3100.0,1033.3333333333333,0.0,0.0,3,3.0,3100.0,0.0,1.0,1033.3333333333333,1033.3333333333333,0.0
PRV57683,0.0,0.0,0.0,0.0,0.0,0.0,15.0,14.0,7150.0,476.6666666666667,0.0,0.0,14,15.0,7150.0,0.0,1.0714285714285714,510.7142857142857,476.6666666666667,0.0
PRV57684,0.0,0.0,0.0,0.0,0.0,0.0,65.0,58.0,21110.0,324.7692307692308,180.0,2.769230769230769,58,65.0,21110.0,180.0,1.1206896551724137,363.9655172413793,324.7692307692308,0.0
PRV57686,0.0,0.0,0.0,0.0,0.0,0.0,23.0,22.0,9110.0,396.0869565217391,150.0,6.521739130434782,22,23.0,9110.0,150.0,1.0454545454545454,414.09090909090907,396.0869565217391,0.0
PRV57687,0.0,0.0,0.0,0.0,0.0,0.0,6.0,6.0,1080.0,180.0,70.0,11.666666666666666,6,6.0,1080.0,70.0,1.0,180.0,180.0,0.0
PRV57688,0.0,0.0,0.0,0.0,0.0,0.0,12.0,12.0,4230.0,352.5,140.0,11.666666666666666,12,12.0,4230.0,140.0,1.0,352.5,352.5,0.0
PRV57689,0.0,0.0,0.0,0.0,0.0,0.0,53.0,41.0,15380.0,290.188679245283,200.0,3.7735849056603774,41,53.0,15380.0,200.0,1.2926829268292683,375.1219512195122,290.188679245283,0.0
PRV57690,0.0,0.0,0.0,0.0,0.0,0.0,4.0,3.0,4480.0,1120.0,0.0,0.0,3,4.0,4480.0,0.0,1.3333333333333333,1493.3333333333333,1120.0,0.0
PRV57691,0.0,0.0,0.0,0.0,0.0,0.0,51.0,20.0,11990.0,235.09803921568627,20.0,0.39215686274509803,20,51.0,11990.0,20.0,2.55,599.5,235.09803921568627,0.0
PRV57692,0.0,0.0,0.0,0.0,0.0,0.0,2.0,2.0,450.0,225.0,0.0,0.0,2,2.0,450.0,0.0,1.0,225.0,225.0,0.0
PRV57693,0.0,0.0,0.0,0.0,0.0,0.0,133.0,117.0,41250.0,310.1503759398496,340.0,2.556390977443609,117,133.0,41250.0,340.0,1.1367521367521367,352.56410256410254,310.1503759398496,0.0
PRV57694,0.0,0.0,0.0,0.0,0.0,0.0,18.0,18.0,3150.0,175.0,50.0,2.7777777777777777,18,18.0,3150.0,50.0,1.0,175.0,175.0,0.0
PRV57696,0.0,0.0,0.0,0.0,0.0,0.0,3.0,3.0,100.0,33.333333333333336,0.0,0.0,3,3.0,100.0,0.0,1.0,33.333333333333336,33.333333333333336,0.0
PRV57697,48.0,43.0,503000.0,10479.166666666666,50196.0,1068.0,18.0,17.0,4650.0,258.3333333333333,70.0,3.888888888888889,60,66.0,507650.0,50266.0,1.1,8460.833333333334,7691.666666666667,0.7272727272727273
PRV57699,3.0,3.0,26000.0,8666.666666666666,3204.0,1068.0,0.0,0.0,0.0,0.0,0.0,0.0,3,3.0,26000.0,3204.0,1.0,8666.666666666666,8666.666666666666,1.0
PRV57700,0.0,0.0,0.0,0.0,0.0,0.0,1.0,1.0,60.0,60.0,0.0,0.0,1,1.0,60.0,0.0,1.0,60.0,60.0,0.0
PRV57701,0.0,0.0,0.0,0.0,0.0,0.0,4.0,4.0,620.0,155.0,0.0,0.0,4,4.0,620.0,0.0,1.0,155.0,155.0,0.0
PRV57702,7.0,5.0,78000.0,11142.857142857143,7476.0,1068.0,8.0,8.0,2830.0,353.75,0.0,0.0,13,15.0,80830.0,7476.0,1.1538461538461537,6217.692307692308,5388.666666666667,0.4666666666666667
PRV57704,3.0,3.0,25000.0,8333.333333333334,3204.0,1068.0,4.0,4.0,1770.0,442.5,0.0,0.0,7,7.0,26770.0,3204.0,1.0,3824.285714285714,3824.285714285714,0.42857142857142855
PRV57705,0.0,0.0,0.0,0.0,0.0,0.0,2.0,2.0,400.0,200.0,0.0,0.0,2,2.0,400.0,0.0,1.0,200.0,200.0,0.0
PRV57706,0.0,0.0,0.0,0.0,0.0,0.0,5.0,5.0,3040.0,608.0,0.0,0.0,5,5.0,3040.0,0.0,1.0,608.0,608.0,0.0
PRV57707,0.0,0.0,0.0,0.0,0.0,0.0,2.0,2.0,70.0,35.0,0.0,0.0,2,2.0,70.0,0.0,1.0,35.0,35.0,0.0
PRV57709,30.0,27.0,398000.0,13266.666666666666,30972.0,1068.0,187.0,151.0,43530.0,232.7807486631016,530.0,2.834224598930481,170,217.0,441530.0,31502.0,1.276470588235294,2597.235294117647,2034.700460829493,0.1382488479262673
PRV57710,0.0,0.0,0.0,0.0,0.0,0.0,409.0,336.0,111150.0,271.76039119804403,620.0,1.5158924205378974,336,409.0,111150.0,620.0,1.2172619047619047,330.80357142857144,271.76039119804403,0.0
PRV57711,19.0,19.0,155000.0,8157.894736842105,20292.0,1068.0,4.0,4.0,1000.0,250.0,0.0,0.0,23,23.0,156000.0,20292.0,1.0,6782.608695652174,6782.608695652174,0.8260869565217391
PRV57712,2.0,2.0,11000.0,5500.0,2136.0,1068.0,7.0,7.0,770.0,110.0,80.0,11.428571428571429,9,9.0,11770.0,2216.0,1.0,1307.7777777777778,1307.7777777777778,0.2222222222222222
PRV57714,0.0,0.0,0.0,0.0,0.0,0.0,4.0,4.0,480.0,120.0,50.0,12.5,4,4.0,480.0,50.0,1.0,120.0,120.0,0.0
PRV57715,42.0,39.0,472300.0,11245.238095238095,43788.0,1068.0,818.0,370.0,215900.0,263.9364303178484,2080.0,2.54278728606357,387,860.0,688200.0,45868.0,2.2222222222222223,1778.2945736434108,800.2325581395348,0.04883720930232558
PRV57716,0.0,0.0,0.0,0.0,0.0,0.0,11.0,11.0,3540.0,321.8181818181818,140.0,12.727272727272727,11,11.0,3540.0,140.0,1.0,321.8181818181818,321.8181818181818,0.0
PRV57717,15.0,13.0,176700.0,11780.0,14952.0,1068.0,99.0,76.0,21130.0,213.43434343434345,220.0,2.2222222222222223,86,114.0,197830.0,15172.0,1.3255813953488371,2300.3488372093025,1735.3508771929824,0.13157894736842105
PRV57718,0.0,0.0,0.0,0.0,0.0,0.0,161.0,61.0,58290.0,362.0496894409938,650.0,4.037267080745342,61,161.0,58290.0,650.0,2.639344262295082,955.5737704918033,362.0496894409938,0.0
PRV57719,4.0,4.0,76000.0,19000.0,4272.0,1068.0,19.0,19.0,2830.0,148.94736842105263,150.0,7.894736842105263,23,23.0,78830.0,4422.0,1.0,3427.391304347826,3427.391304347826,0.17391304347826086
PRV57720,0.0,0.0,0.0,0.0,0.0,0.0,14.0,14.0,4670.0,333.57142857142856,200.0,14.285714285714286,14,14.0,4670.0,200.0,1.0,333.57142857142856,333.57142857142856,0.0
PRV57721,0.0,0.0,0.0,0.0,0.0,0.0,3.0,3.0,230.0,76.66666666666667,0.0,0.0,3,3.0,230.0,0.0,1.0,76.66666666666667,76.66666666666667,0.0
PRV57722,0.0,0.0,0.0,0.0,0.0,0.0,34.0,32.0,7490.0,220.2941176470588,0.0,0.0,32,34.0,7490.0,0.0,1.0625,234.0625,220.2941176470588,0.0
PRV57723,0.0,0.0,0.0,0.0,0.0,0.0,20.0,19.0,2590.0,129.5,0.0,0.0,19,20.0,2590.0,0.0,1.0526315789473684,136.31578947368422,129.5,0.0
PRV57724,0.0,0.0,0.0,0.0,0.0,0.0,2.0,2.0,80.0,40.0,0.0,0.0,2,2.0,80.0,0.0,1.0,40.0,40.0,0.0
PRV57725,0.0,0.0,0.0,0.0,0.0,0.0,7.0,6.0,1740.0,248.57142857142858,0.0,0.0,6,7.0,1740.0,0.0,1.1666666666666667,290.0,248.57142857142858,0.0
PRV57727,0.0,0.0,0.0,0.0,0.0,0.0,16.0,16.0,2670.0,166.875,0.0,0.0,16,16.0,2670.0,0.0,1.0,166.875,166.875,0.0
PRV57728,1.0,1.0,6000.0,6000.0,1068.0,1068.0,3.0,3.0,1310.0,436.6666666666667,0.0,0.0,4,4.0,7310.0,1068.0,1.0,1827.5,1827.5,0.25
PRV57729,11.0,10.0,107000.0,9727.272727272728,11748.0,1068.0,12.0,12.0,7300.0,608.3333333333334,0.0,0.0,22,23.0,114300.0,11748.0,1.0454545454545454,5195.454545454545,4969.565217391304,0.4782608695652174
PRV57730,0.0,0.0,0.0,0.0,0.0,0.0,40.0,23.0,8720.0,218.0,80.0,2.0,23,40.0,8720.0,80.0,1.7391304347826086,379.1304347826087,218.0,0.0
PRV57731,0.0,0.0,0.0,0.0,0.0,0.0,2.0,2.0,150.0,75.0,0.0,0.0,2,2.0,150.0,0.0,1.0,75.0,75.0,0.0
PRV57732,11.0,11.0,76000.0,6909.090909090909,11748.0,1068.0,39.0,36.0,12140.0,311.28205128205127,110.0,2.8205128205128207,46,50.0,88140.0,11858.0,1.0869565217391304,1916.0869565217392,1762.8,0.22
PRV57733,0.0,0.0,0.0,0.0,0.0,0.0,45.0,25.0,12480.0,277.3333333333333,100.0,2.2222222222222223,25,45.0,12480.0,100.0,1.8,499.2,277.3333333333333,0.0
PRV57734,0.0,0.0,0.0,0.0,0.0,0.0,19.0,19.0,11010.0,579.4736842105264,140.0,7.368421052631579,19,19.0,11010.0,140.0,1.0,579.4736842105264,579.4736842105264,0.0
PRV57735,0.0,0.0,0.0,0.0,0.0,0.0,6.0,6.0,780.0,130.0,70.0,11.666666666666666,6,6.0,780.0,70.0,1.0,130.0,130.0,0.0
PRV57736,0.0,0.0,0.0,0.0,0.0,0.0,12.0,12.0,2990.0,249.16666666666666,60.0,5.0,12,12.0,2990.0,60.0,1.0,249.16666666666666,249.16666666666666,0.0
PRV57737,0.0,0.0,0.0,0.0,0.0,0.0,2.0,2.0,130.0,65.0,0.0,0.0,2,2.0,130.0,0.0,1.0,65.0,65.0,0.0
PRV57738,0.0,0.0,0.0,0.0,0.0,0.0,1.0,1.0,10.0,10.0,0.0,0.0,1,1.0,10.0,0.0,1.0,10.0,10.0,0.0
PRV57739,0.0,0.0,0.0,0.0,0.0,0.0,11.0,10.0,7020.0,638.1818181818181,60.0,5.454545454545454,10,11.0,7020.0,60.0,1.1,702.0,638.1818181818181,0.0
PRV57740,0.0,0.0,0.0,0.0,0.0,0.0,12.0,12.0,5500.0,458.3333333333333,0.0,0.0,12,12.0,5500.0,0.0,1.0,458.3333333333333,458.3333333333333,0.0
PRV57741,0.0,0.0,0.0,0.0,0.0,0.0,15.0,14.0,2290.0,152.66666666666666,70.0,4.666666666666667,14,15.0,2290.0,70.0,1.0714285714285714,163.57142857142858,152.66666666666666,0.0
PRV57742,0.0,0.0,0.0,0.0,0.0,0.0,8.0,8.0,340.0,42.5,0.0,0.0,8,8.0,340.0,0.0,1.0,42.5,42.5,0.0
PRV57743,0.0,0.0,0.0,0.0,0.0,0.0,8.0,8.0,4350.0,543.75,60.0,7.5,8,8.0,4350.0,60.0,1.0,543.75,543.75,0.0
PRV57744,0.0,0.0,0.0,0.0,0.0,0.0,19.0,17.0,8510.0,447.89473684210526,50.0,2.6315789473684212,17,19.0,8510.0,50.0,1.1176470588235294,500.5882352941176,447.89473684210526,0.0
PRV57746,0.0,0.0,0.0,0.0,0.0,0.0,42.0,41.0,6100.0,145.23809523809524,140.0,3.3333333333333335,41,42.0,6100.0,140.0,1.024390243902439,148.78048780487805,145.23809523809524,0.0
PRV57747,0.0,0.0,0.0,0.0,0.0,0.0,2.0,2.0,110.0,55.0,0.0,0.0,2,2.0,110.0,0.0,1.0,55.0,55.0,0.0
PRV57748,0.0,0.0,0.0,0.0,0.0,0.0,45.0,44.0,16000.0,355.55555555555554,240.0,5.333333333333333,44,45.0,16000.0,240.0,1.0227272727272727,363.6363636363636,355.55555555555554,0.0
PRV57751,0.0,0.0,0.0,0.0,0.0,0.0,4.0,4.0,230.0,57.5,100.0,25.0,4,4.0,230.0,100.0,1.0,57.5,57.5,0.0
PRV57752,0.0,0.0,0.0,0.0,0.0,0.0,1.0,1.0,80.0,80.0,0.0,0.0,1,1.0,80.0,0.0,1.0,80.0,80.0,0.0
PRV57753,0.0,0.0,0.0,0.0,0.0,0.0,1.0,1.0,80.0,80.0,0.0,0.0,1,1.0,80.0,0.0,1.0,80.0,80.0,0.0
PRV57754,0.0,0.0,0.0,0.0,0.0,0.0,6.0,6.0,2070.0,345.0,0.0,0.0,6,6.0,2070.0,0.0,1.0,345.0,345.0,0.0
PRV57755,0.0,0.0,0.0,0.0,0.0,0.0,1.0,1.0,300.0,300.0,0.0,0.0,1,1.0,300.0,0.0,1.0,300.0,300.0,0.0
PRV57756,0.0,0.0,0.0,0.0,0.0,0.0,27.0,27.0,3790.0,140.37037037037038,160.0,5.925925925925926,27,27.0,3790.0,160.0,1.0,140.37037037037038,140.37037037037038,0.0
PRV57757,11.0,11.0,109000.0,9909.09090909091,10680.0,1068.0,0.0,0.0,0.0,0.0,0.0,0.0,11,11.0,109000.0,10680.0,1.0,9909.09090909091,9909.09090909091,1.0
PRV57758,0.0,0.0,0.0,0.0,0.0,0.0,2.0,2.0,110.0,55.0,0.0,0.0,2,2.0,110.0,0.0,1.0,55.0,55.0,0.0
PRV57759,0.0,0.0,0.0,0.0,0.0,0.0,28.0,24.0,10640.0,380.0,130.0,4.642857142857143,24,28.0,10640.0,130.0,1.1666666666666667,443.3333333333333,380.0,0.0
PRV57760,0.0,0.0,0.0,0.0,0.0,0.0,22.0,9.0,4770.0,216.8181818181818,0.0,0.0,9,22.0,4770.0,0.0,2.4444444444444446,530.0,216.8181818181818,0.0
PRV57761,0.0,0.0,0.0,0.0,0.0,0.0,82.0,67.0,18470.0,225.2439024390244,370.0,4.512195121951219,67,82.0,18470.0,370.0,1.2238805970149254,275.67164179104475,225.2439024390244,0.0
PRV57762,0.0,0.0,0.0,0.0,0.0,0.0,1.0,1.0,1900.0,1900.0,0.0,0.0,1,1.0,1900.0,0.0,1.0,1900.0,1900.0,0.0
PRV57763,0.0,0.0,0.0,0.0,0.0,0.0,118.0,70.0,43610.0,369.5762711864407,390.0,3.305084745762712,70,118.0,43610.0,390.0,1.6857142857142857,623.0,369.5762711864407,0.0
