Provider,TotalClaims,AnomalousClaims,AverageRiskScore,MaximumRiskScore,PotentialFraud,AnomalyRate
PRV51822,1,1,21.05,21.05,No,100.0
PRV51618,1,1,20.89,20.89,No,100.0
PRV55881,1,1,18.12,18.12,No,100.0
PRV54499,1,1,16.97,16.97,No,100.0
PRV56988,1,1,16.97,16.97,No,100.0
PRV57398,3,2,15.12,22.84,No,66.67
PRV55671,2,1,27.82,46.76,No,50.0
PRV57076,2,1,19.18,36.43,No,50.0
PRV57092,2,1,16.9,30.1,No,50.0
PRV53601,2,1,16.85,24.27,No,50.0
PRV53212,2,1,15.46,27.82,No,50.0
PRV53539,2,1,9.59,17.89,No,50.0
PRV56771,2,1,8.44,15.95,No,50.0
PRV54326,5,2,15.17,35.46,No,40.0
PRV53336,3,1,28.06,80.16,No,33.33
PRV53586,3,1,12.36,27.23,No,33.33
PRV57097,3,1,12.26,30.19,No,33.33
PRV53899,3,1,8.1,19.67,No,33.33
PRV54876,3,1,7.21,16.15,Yes,33.33
PRV53091,4,1,13.5,31.88,No,25.0
PRV52767,4,1,7.32,15.79,No,25.0
PRV51974,4,1,6.69,19.41,No,25.0
PRV51820,5,1,10.9,22.62,No,20.0
PRV54805,5,1,10.67,48.13,No,20.0
PRV54818,5,1,10.47,30.46,No,20.0
PRV51234,5,1,9.57,16.4,No,20.0
PRV52627,5,1,9.14,29.58,No,20.0
PRV51797,5,1,8.25,33.48,No,20.0
PRV57078,10,2,7.63,22.68,No,20.0
PRV53659,5,1,7.1,27.33,No,20.0
PRV51100,5,1,6.92,19.52,No,20.0
PRV55409,5,1,5.65,17.29,No,20.0
PRV53719,5,1,5.53,16.06,No,20.0
PRV56126,6,1,9.49,30.35,No,16.67
PRV57161,6,1,9.13,43.98,No,16.67
PRV53597,6,1,8.6,26.5,No,16.67
PRV53746,6,1,8.12,19.92,No,16.67
PRV52231,6,1,7.88,39.21,No,16.67
PRV55147,6,1,7.36,24.45,Yes,16.67
PRV57563,6,1,6.49,25.74,No,16.67
PRV52743,6,1,5.91,16.12,No,16.67
PRV56976,6,1,5.54,15.56,No,16.67
PRV51927,6,1,4.85,16.2,No,16.67
PRV54865,6,1,4.77,17.77,No,16.67
PRV54305,6,1,3.92,16.15,No,16.67
PRV56395,7,1,9.34,39.76,No,14.29
PRV56830,7,1,7.57,33.96,No,14.29
PRV52849,14,2,7.26,35.52,No,14.29
PRV51816,7,1,5.7,17.86,No,14.29
PRV56276,7,1,5.13,22.51,No,14.29
PRV52622,7,1,4.17,16.4,No,14.29
PRV57704,7,1,4.06,17.34,No,14.29
PRV56163,7,1,4.05,16.77,No,14.29
PRV55613,7,1,3.94,15.89,No,14.29
PRV51758,7,1,2.91,16.03,No,14.29
PRV55658,15,2,7.05,27.55,No,13.33
PRV56171,15,2,6.03,26.96,No,13.33
PRV57017,23,3,7.26,31.79,Yes,13.04
PRV57297,8,1,7.48,17.89,Yes,12.5
PRV56033,8,1,7.13,35.11,No,12.5
PRV57285,8,1,6.53,16.38,No,12.5
PRV51238,8,1,6.33,15.64,No,12.5
PRV57084,8,1,6.2,17.84,No,12.5
PRV53668,16,2,6.03,21.92,Yes,12.5
PRV54785,8,1,6.01,32.71,No,12.5
PRV56166,8,1,5.68,23.45,No,12.5
PRV56694,8,1,5.62,32.31,No,12.5
PRV57357,16,2,5.62,17.9,No,12.5
PRV54001,8,1,5.21,17.96,No,12.5
PRV56179,8,1,4.71,15.77,No,12.5
PRV55601,8,1,4.39,24.25,No,12.5
PRV53014,8,1,3.2,16.93,No,12.5
PRV52813,17,2,7.37,23.72,No,11.76
PRV52457,9,1,10.56,34.17,No,11.11
PRV57631,18,2,7.73,46.2,Yes,11.11
PRV55342,9,1,6.01,20.09,No,11.11
PRV56662,9,1,5.72,29.68,No,11.11
PRV54465,9,1,5.58,16.77,No,11.11
PRV55140,9,1,5.42,16.68,No,11.11
PRV53667,9,1,5.11,16.77,No,11.11
PRV56510,9,1,4.28,21.63,No,11.11
PRV56400,9,1,4.23,15.5,Yes,11.11
PRV56477,9,1,3.42,17.58,No,11.11
PRV51923,9,1,3.28,20.22,No,11.11
PRV53017,9,1,2.78,15.87,No,11.11
PRV56174,10,1,9.73,56.19,No,10.0
PRV55160,10,1,9.62,34.53,No,10.0
PRV55809,10,1,8.99,51.39,No,10.0
PRV52197,10,1,8.94,41.89,No,10.0
PRV55121,20,2,6.99,37.01,No,10.0
PRV54714,10,1,6.37,20.71,No,10.0
PRV54202,10,1,6.06,18.34,No,10.0
PRV56610,30,3,5.4,22.16,No,10.0
PRV53562,10,1,5.39,22.02,No,10.0
PRV56338,10,1,5.34,22.19,No,10.0
PRV53480,10,1,5.29,35.17,No,10.0
PRV57289,10,1,5.06,23.09,No,10.0
PRV53550,10,1,3.71,16.24,No,10.0
PRV52199,10,1,3.45,15.81,No,10.0
PRV57716,11,1,7.33,35.1,No,9.09
PRV52787,11,1,6.33,17.71,No,9.09
PRV57215,11,1,6.15,21.75,No,9.09
PRV57096,11,1,5.81,19.37,Yes,9.09
PRV52188,33,3,5.21,33.63,No,9.09
PRV53462,11,1,4.01,19.53,No,9.09
PRV57739,11,1,3.7,24.58,No,9.09
PRV51761,11,1,3.6,22.37,No,9.09
PRV57367,11,1,3.27,18.29,No,9.09
PRV54703,11,1,2.4,17.73,No,9.09
PRV57250,23,2,4.83,34.44,No,8.7
PRV52328,35,3,3.96,20.95,No,8.57
PRV54461,12,1,9.8,64.51,No,8.33
PRV51878,12,1,6.25,43.01,No,8.33
PRV52047,24,2,5.89,28.35,No,8.33
PRV57688,12,1,4.33,30.89,No,8.33
PRV51595,24,2,4.21,17.12,No,8.33
PRV55583,12,1,4.0,22.45,No,8.33
PRV56839,12,1,3.94,15.57,No,8.33
PRV54154,12,1,3.4,16.68,No,8.33
PRV56352,24,2,3.4,19.22,No,8.33
PRV56307,12,1,3.39,16.48,No,8.33
PRV51104,12,1,3.01,19.34,No,8.33
PRV54380,12,1,2.96,21.53,No,8.33
PRV52292,25,2,5.66,28.94,Yes,8.0
PRV54901,25,2,4.39,34.0,No,8.0
PRV54155,51,4,4.56,30.81,No,7.84
PRV56017,13,1,7.09,33.95,No,7.69
PRV55501,13,1,5.85,31.69,No,7.69
PRV53233,13,1,5.8,39.95,No,7.69
PRV54637,13,1,5.76,23.07,No,7.69
PRV52815,26,2,5.54,16.15,Yes,7.69
PRV53837,13,1,5.38,33.14,No,7.69
PRV52484,13,1,4.98,15.6,No,7.69
PRV56614,26,2,4.82,28.51,No,7.69
PRV54639,13,1,4.53,20.24,No,7.69
PRV54226,13,1,4.21,23.91,No,7.69
PRV53218,13,1,3.59,15.73,No,7.69
PRV57118,13,1,2.89,16.04,No,7.69
PRV56040,13,1,2.75,17.87,No,7.69
PRV56123,40,3,6.22,21.05,No,7.5
PRV56007,81,6,5.84,33.12,Yes,7.41
PRV55096,27,2,3.57,19.08,No,7.41
PRV53989,27,2,3.47,30.01,No,7.41
PRV53680,27,2,3.21,24.2,No,7.41
PRV57021,14,1,8.03,50.16,Yes,7.14
PRV56118,14,1,6.1,16.01,No,7.14
PRV57414,28,2,5.86,30.99,No,7.14
PRV57555,42,3,5.4,28.68,No,7.14
PRV53397,14,1,5.34,22.17,Yes,7.14
PRV54081,14,1,4.77,23.97,No,7.14
PRV55145,14,1,4.76,22.95,No,7.14
PRV55506,14,1,4.71,21.76,Yes,7.14
PRV53205,14,1,4.7,33.78,No,7.14
PRV52326,14,1,4.39,18.25,No,7.14
PRV54253,14,1,4.19,16.34,No,7.14
PRV52861,14,1,3.89,15.68,No,7.14
PRV52653,14,1,3.62,18.3,No,7.14
PRV54602,14,1,3.59,20.39,No,7.14
PRV57099,14,1,3.16,18.19,No,7.14
PRV51998,28,2,3.1,30.14,No,7.14
PRV52853,29,2,3.47,28.18,No,6.9
PRV53107,15,1,6.48,31.84,No,6.67
PRV56533,15,1,6.31,20.32,No,6.67
PRV57487,15,1,6.16,27.47,No,6.67
PRV52495,15,1,5.67,16.11,No,6.67
PRV53375,15,1,5.29,16.54,No,6.67
PRV56304,15,1,5.21,34.39,No,6.67
PRV52621,45,3,4.85,40.87,No,6.67
PRV55381,45,3,4.41,28.27,No,6.67
PRV51014,30,2,4.39,29.81,No,6.67
PRV57702,15,1,4.36,23.7,No,6.67
PRV56664,15,1,4.13,40.99,No,6.67
PRV55537,15,1,3.92,25.05,No,6.67
PRV57640,15,1,3.7,15.56,No,6.67
PRV51134,15,1,3.57,30.65,No,6.67
PRV57683,15,1,3.28,20.02,No,6.67
PRV53148,15,1,2.92,15.88,No,6.67
PRV53820,15,1,2.39,16.3,No,6.67
PRV53280,15,1,2.31,15.79,No,6.67
PRV54577,61,4,5.43,63.25,No,6.56
PRV52902,46,3,5.53,31.14,No,6.52
PRV55724,31,2,6.25,72.76,No,6.45
PRV56793,31,2,4.15,22.38,No,6.45
PRV52242,31,2,4.02,36.48,No,6.45
PRV54981,95,6,5.62,36.31,No,6.32
PRV56105,32,2,5.93,24.89,No,6.25
PRV55149,16,1,5.6,17.21,No,6.25
PRV56121,16,1,5.26,17.46,No,6.25
PRV54060,16,1,5.15,27.11,No,6.25
PRV51118,16,1,4.69,16.44,No,6.25
PRV52278,16,1,4.53,18.05,No,6.25
PRV54878,16,1,4.12,22.21,No,6.25
PRV57231,48,3,4.06,21.8,No,6.25
PRV51536,16,1,3.77,16.38,No,6.25
PRV51472,16,1,3.71,18.99,No,6.25
PRV51723,16,1,3.51,21.69,No,6.25
PRV51511,16,1,3.35,18.83,No,6.25
PRV53194,32,2,3.09,17.66,No,6.25
PRV54116,16,1,2.55,20.69,No,6.25
PRV57322,33,2,4.36,31.08,No,6.06
PRV53128,33,2,3.73,32.41,No,6.06
PRV54635,33,2,3.43,20.21,No,6.06
PRV53005,50,3,4.89,60.9,Yes,6.0
PRV52972,17,1,5.94,19.3,No,5.88
PRV55812,17,1,5.76,34.81,Yes,5.88
PRV56269,17,1,5.01,25.88,No,5.88
PRV52691,17,1,4.95,25.16,No,5.88
PRV54713,17,1,4.58,28.46,No,5.88
PRV55891,51,3,4.15,25.1,No,5.88
PRV55807,17,1,4.01,22.77,No,5.88
PRV56529,34,2,3.54,21.99,No,5.88
PRV54063,17,1,3.53,17.07,No,5.88
PRV55595,17,1,2.33,16.4,No,5.88
PRV57309,35,2,4.25,16.17,No,5.71
PRV54680,18,1,5.79,16.4,Yes,5.56
PRV56335,18,1,5.23,16.43,No,5.56
PRV53436,18,1,5.0,19.09,No,5.56
PRV51353,18,1,4.26,19.94,No,5.56
PRV56263,18,1,4.24,21.33,No,5.56
PRV57223,54,3,4.08,16.55,Yes,5.56
PRV51895,18,1,4.06,19.87,No,5.56
PRV56187,18,1,3.89,34.85,No,5.56
PRV52956,18,1,3.87,17.39,No,5.56
PRV53119,18,1,3.41,19.39,Yes,5.56
PRV55073,18,1,3.38,23.28,No,5.56
PRV56723,18,1,3.36,17.3,No,5.56
PRV57694,18,1,3.05,25.73,No,5.56
PRV52028,18,1,2.9,16.45,No,5.56
PRV53570,18,1,2.87,16.6,No,5.56
PRV53323,18,1,2.74,15.54,No,5.56
PRV51748,18,1,2.63,16.71,No,5.56
PRV55273,18,1,2.58,17.11,No,5.56
PRV51348,55,3,4.37,36.11,No,5.45
PRV56256,55,3,3.46,26.33,No,5.45
PRV57081,37,2,5.97,27.1,No,5.41
PRV56470,37,2,3.43,18.57,No,5.41
PRV55667,38,2,6.23,16.87,Yes,5.26
PRV51160,114,6,4.92,33.75,No,5.26
PRV55666,19,1,4.9,21.04,No,5.26
PRV51619,19,1,4.8,18.31,No,5.26
PRV53226,19,1,4.03,16.48,No,5.26
PRV57734,19,1,3.95,17.12,No,5.26
PRV53877,19,1,3.87,20.07,No,5.26
PRV55093,19,1,3.65,35.21,No,5.26
PRV56363,19,1,2.97,15.64,No,5.26
PRV51074,39,2,3.7,22.14,No,5.13
PRV51671,39,2,3.47,30.83,No,5.13
PRV56260,59,3,5.36,31.28,No,5.08
PRV54378,79,4,4.18,26.47,No,5.06
PRV51560,238,12,4.71,34.66,Yes,5.04
PRV53755,20,1,6.33,46.37,No,5.0
PRV54875,20,1,6.0,25.07,Yes,5.0
PRV53855,20,1,4.92,17.58,Yes,5.0
PRV52417,20,1,4.49,35.59,No,5.0
PRV53070,20,1,4.35,18.72,No,5.0
PRV56669,40,2,4.31,19.77,Yes,5.0
PRV56858,40,2,4.03,39.22,No,5.0
PRV51226,20,1,3.9,38.95,No,5.0
PRV55095,20,1,3.38,19.47,No,5.0
PRV51915,20,1,3.15,19.58,No,5.0
PRV51936,20,1,2.85,16.68,No,5.0
PRV56657,20,1,2.54,16.4,No,5.0
PRV55531,122,6,5.34,61.67,Yes,4.92
PRV52280,41,2,5.5,26.67,Yes,4.88
PRV52882,41,2,3.59,23.38,No,4.88
PRV53320,62,3,4.03,25.66,No,4.84
PRV53991,62,3,3.36,22.71,No,4.84
PRV54056,21,1,5.58,30.0,Yes,4.76
PRV54860,21,1,4.75,30.72,No,4.76
PRV56176,21,1,4.5,28.18,No,4.76
PRV52355,63,3,4.26,17.39,No,4.76
PRV56507,42,2,4.13,35.88,No,4.76
PRV53849,21,1,3.99,28.73,No,4.76
PRV52836,21,1,3.85,17.39,No,4.76
PRV51623,21,1,3.79,15.59,No,4.76
PRV56098,21,1,3.78,30.81,No,4.76
PRV56931,21,1,3.64,15.54,No,4.76
PRV54780,21,1,3.61,15.77,No,4.76
PRV56882,21,1,3.39,37.51,No,4.76
PRV55041,21,1,3.38,18.97,No,4.76
PRV51861,21,1,2.71,21.56,No,4.76
PRV52407,43,2,3.88,18.65,No,4.65
PRV54246,43,2,3.66,17.6,No,4.65
PRV54429,65,3,3.86,23.14,No,4.62
PRV52634,87,4,4.4,29.59,No,4.6
PRV51629,22,1,4.99,16.15,No,4.55
PRV54411,22,1,4.57,20.16,No,4.55
PRV55956,22,1,4.51,29.5,No,4.55
PRV53383,22,1,4.26,17.47,No,4.55
PRV51084,110,5,4.15,35.75,Yes,4.55
PRV51884,44,2,3.92,28.2,No,4.55
PRV51379,22,1,3.91,21.95,No,4.55
PRV51173,22,1,3.69,19.94,Yes,4.55
PRV56272,22,1,3.52,16.5,No,4.55
PRV57429,154,7,3.4,41.34,No,4.55
PRV51906,22,1,3.38,17.72,No,4.55
PRV56938,22,1,2.58,18.6,No,4.55
PRV54963,67,3,3.8,29.63,No,4.48
PRV55930,45,2,3.59,17.11,No,4.44
PRV51542,113,5,4.86,24.42,Yes,4.42
PRV57334,68,3,5.93,56.62,No,4.41
PRV57196,68,3,3.19,25.79,No,4.41
PRV57711,23,1,5.72,19.71,No,4.35
PRV52582,23,1,5.69,21.38,No,4.35
PRV55472,23,1,4.97,18.35,Yes,4.35
PRV51432,23,1,4.89,26.77,No,4.35
PRV53612,46,2,4.18,35.85,No,4.35
PRV51529,23,1,3.92,36.54,No,4.35
PRV52373,23,1,3.84,17.83,No,4.35
PRV54102,23,1,3.76,23.55,No,4.35
PRV51013,46,2,3.68,28.56,No,4.35
PRV56427,23,1,3.52,29.42,No,4.35
PRV55733,46,2,3.27,25.4,No,4.35
PRV55882,23,1,3.25,15.72,No,4.35
PRV53208,23,1,3.21,26.34,Yes,4.35
PRV53340,23,1,3.21,27.3,No,4.35
PRV51435,23,1,2.81,18.0,No,4.35
PRV54490,23,1,2.67,17.4,No,4.35
PRV55218,94,4,2.5,16.81,No,4.26
PRV52173,119,5,5.1,23.04,Yes,4.2
PRV56753,24,1,4.16,17.35,No,4.17
PRV51579,72,3,3.78,24.93,No,4.17
PRV53439,24,1,3.65,16.98,No,4.17
PRV51650,24,1,3.41,16.87,No,4.17
PRV55085,24,1,3.2,33.93,No,4.17
PRV51125,48,2,3.18,37.11,No,4.17
PRV55335,24,1,2.94,16.84,No,4.17
PRV56798,24,1,2.66,18.11,No,4.17
PRV57098,49,2,5.57,31.11,No,4.08
PRV53225,49,2,4.72,16.39,No,4.08
PRV52578,49,2,4.36,24.57,Yes,4.08
PRV54084,49,2,3.77,20.13,No,4.08
PRV53945,49,2,2.71,18.32,No,4.08
PRV54337,149,6,4.48,56.26,No,4.03
PRV54819,25,1,5.79,37.22,No,4.0
PRV56374,25,1,4.96,38.9,No,4.0
PRV51793,25,1,4.77,18.47,No,4.0
PRV54317,25,1,4.12,41.65,No,4.0
PRV51609,75,3,3.95,35.76,No,4.0
PRV57732,50,2,3.92,21.92,No,4.0
PRV55817,25,1,3.89,21.21,No,4.0
PRV56722,25,1,3.83,17.54,No,4.0
PRV54133,25,1,3.49,28.12,No,4.0
PRV56432,25,1,3.4,31.13,No,4.0
PRV51001,25,1,3.26,15.58,No,4.0
PRV53164,25,1,3.16,30.33,No,4.0
PRV53652,25,1,2.66,21.64,No,4.0
PRV57435,25,1,2.44,17.46,No,4.0
PRV55849,176,7,4.9,24.82,Yes,3.98
PRV55435,151,6,4.74,47.41,Yes,3.97
PRV51448,51,2,3.85,25.22,No,3.92
PRV57600,51,2,3.3,15.78,No,3.92
PRV54320,102,4,2.79,19.13,No,3.92
PRV54349,77,3,3.79,17.51,No,3.9
PRV54890,77,3,3.65,40.31,No,3.9
PRV53571,26,1,4.35,22.15,No,3.85
PRV56763,26,1,3.74,16.56,No,3.85
PRV57263,52,2,3.63,19.25,No,3.85
PRV55390,26,1,3.54,26.33,No,3.85
PRV53607,26,1,3.52,30.44,No,3.85
PRV55875,26,1,3.45,17.05,No,3.85
PRV55104,52,2,3.41,34.23,No,3.85
PRV54627,26,1,3.19,17.04,No,3.85
PRV57041,26,1,3.15,16.07,No,3.85
PRV56894,26,1,3.09,41.34,No,3.85
PRV52476,26,1,2.97,22.21,No,3.85
PRV54840,26,1,2.85,16.59,No,3.85
PRV55697,26,1,2.42,17.83,No,3.85
PRV52044,79,3,3.77,21.76,No,3.8
PRV53792,53,2,5.06,17.02,Yes,3.77
PRV56379,53,2,3.63,21.22,No,3.77
PRV56438,133,5,4.7,26.65,Yes,3.76
PRV55957,107,4,3.32,41.29,Yes,3.74
PRV51809,27,1,5.71,25.59,No,3.7
PRV55547,27,1,5.27,32.11,No,3.7
PRV56487,27,1,4.8,31.08,No,3.7
PRV54909,27,1,3.79,21.56,No,3.7
PRV52404,27,1,3.75,15.53,No,3.7
PRV57533,108,4,3.57,35.6,No,3.7
PRV57174,54,2,3.5,28.76,No,3.7
PRV54677,27,1,3.47,16.41,No,3.7
PRV55468,27,1,3.46,19.73,No,3.7
PRV56853,27,1,3.43,18.59,No,3.7
PRV51593,54,2,3.24,18.59,Yes,3.7
PRV54208,27,1,3.13,21.01,No,3.7
PRV51776,54,2,3.09,19.75,No,3.7
PRV52878,27,1,2.93,17.34,No,3.7
PRV53159,27,1,2.6,19.05,No,3.7
PRV53671,55,2,4.22,24.29,Yes,3.64
PRV55482,83,3,4.82,39.38,Yes,3.61
PRV56396,83,3,3.91,35.82,Yes,3.61
PRV55013,83,3,3.39,37.41,No,3.61
PRV55662,28,1,5.15,27.59,No,3.57
PRV55256,28,1,4.35,37.46,No,3.57
PRV51675,28,1,4.13,35.24,No,3.57
PRV54384,28,1,3.85,38.05,No,3.57
PRV51947,28,1,3.52,18.22,No,3.57
PRV53796,28,1,3.31,22.5,No,3.57
PRV54375,56,2,3.3,17.37,No,3.57
PRV54783,28,1,2.83,15.57,No,3.57
PRV55652,28,1,2.82,15.79,No,3.57
PRV54074,113,4,3.76,36.07,Yes,3.54
PRV56088,85,3,2.68,31.38,No,3.53
PRV55361,85,3,2.52,21.99,No,3.53
PRV52157,227,8,3.55,38.27,No,3.52
PRV55172,114,4,4.17,45.13,Yes,3.51
PRV53697,114,4,4.03,30.43,No,3.51
PRV51510,57,2,2.9,29.38,No,3.51
PRV57547,86,3,4.16,31.76,Yes,3.49
PRV51040,86,3,3.8,36.72,No,3.49
PRV55833,144,5,3.19,19.35,No,3.47
PRV54718,29,1,5.24,15.62,Yes,3.45
PRV55550,58,2,4.84,30.02,Yes,3.45
PRV53763,58,2,4.75,44.27,Yes,3.45
PRV53297,29,1,3.75,16.58,Yes,3.45
PRV54259,29,1,3.6,15.76,No,3.45
PRV55276,58,2,3.48,16.75,No,3.45
PRV51642,29,1,3.44,31.36,No,3.45
PRV51153,87,3,3.34,40.3,No,3.45
PRV54328,117,4,3.6,33.46,No,3.42
PRV57345,88,3,3.84,22.6,Yes,3.41
PRV55295,88,3,3.22,16.67,No,3.41
PRV52991,59,2,3.29,18.18,No,3.39
PRV54066,148,5,3.3,33.26,No,3.38
PRV54935,89,3,3.54,33.62,No,3.37
PRV54093,89,3,3.39,19.62,Yes,3.37
PRV52265,30,1,4.75,16.39,No,3.33
PRV55958,30,1,3.83,39.01,No,3.33
PRV53274,30,1,3.7,58.32,No,3.33
PRV52319,30,1,3.67,19.42,No,3.33
PRV53413,30,1,3.6,22.06,No,3.33
PRV57427,30,1,3.57,15.83,No,3.33
PRV51240,60,2,3.52,37.7,No,3.33
PRV54504,120,4,3.47,33.03,Yes,3.33
PRV51083,90,3,3.45,27.77,No,3.33
PRV55343,90,3,3.43,24.29,No,3.33
PRV51035,30,1,3.3,16.64,No,3.33
PRV52606,30,1,2.75,15.49,No,3.33
PRV53353,30,1,2.53,15.75,No,3.33
PRV56497,30,1,2.49,26.63,No,3.33
PRV52151,121,4,3.56,29.01,Yes,3.31
PRV57523,151,5,3.14,30.72,No,3.31
PRV56349,61,2,4.48,27.86,No,3.28
PRV52472,61,2,3.78,22.26,No,3.28
PRV57000,61,2,3.55,34.25,No,3.28
PRV52629,61,2,3.18,40.74,No,3.28
PRV57641,61,2,2.84,37.66,No,3.28
PRV53043,61,2,2.4,20.62,No,3.28
PRV55171,247,8,3.68,35.06,Yes,3.24
PRV56134,62,2,5.41,29.85,Yes,3.23
PRV54760,31,1,4.47,18.02,No,3.23
PRV56574,62,2,4.19,32.6,No,3.23
PRV53384,62,2,4.08,19.7,Yes,3.23
PRV52155,62,2,3.96,23.09,No,3.23
PRV57169,31,1,3.96,28.73,No,3.23
PRV51514,93,3,3.88,36.05,No,3.23
PRV52831,31,1,3.63,16.41,No,3.23
PRV53743,31,1,3.6,37.61,No,3.23
PRV56206,31,1,3.48,29.62,No,3.23
PRV52598,31,1,3.25,18.54,No,3.23
PRV54779,31,1,3.23,15.55,No,3.23
PRV52254,31,1,2.82,29.91,No,3.23
PRV57541,31,1,2.47,17.97,No,3.23
PRV54112,31,1,2.09,15.65,No,3.23
PRV54936,221,7,4.72,74.09,Yes,3.17
PRV52431,63,2,3.28,36.21,No,3.17
PRV52260,63,2,3.11,21.66,No,3.17
PRV51356,95,3,3.11,30.78,No,3.16
PRV52421,95,3,2.8,21.92,No,3.16
PRV51490,64,2,5.12,42.1,Yes,3.12
PRV57301,32,1,4.28,21.87,No,3.12
PRV51926,32,1,3.82,33.14,No,3.12
PRV54933,64,2,3.65,31.45,Yes,3.12
PRV51191,32,1,3.49,18.45,No,3.12
PRV55441,32,1,3.49,15.46,No,3.12
PRV54162,32,1,3.23,15.52,No,3.12
PRV56526,32,1,3.05,33.66,No,3.12
PRV52934,32,1,2.98,15.51,No,3.12
PRV53968,32,1,2.97,36.45,No,3.12
PRV52717,129,4,3.17,31.89,No,3.1
PRV51523,65,2,4.63,30.74,No,3.08
PRV56557,65,2,3.43,51.41,No,3.08
PRV53665,65,2,3.08,31.13,No,3.08
PRV54421,65,2,2.69,23.7,No,3.08
PRV51165,98,3,3.66,39.71,No,3.06
PRV55996,98,3,3.49,25.87,Yes,3.06
PRV56469,131,4,3.4,33.64,No,3.05
PRV55374,33,1,5.37,16.28,Yes,3.03
PRV52283,66,2,4.58,26.95,Yes,3.03
PRV52079,33,1,4.36,18.29,No,3.03
PRV54559,66,2,4.3,37.03,No,3.03
PRV53396,99,3,3.85,28.24,No,3.03
PRV53716,33,1,3.53,30.04,No,3.03
PRV51113,132,4,3.5,24.49,No,3.03
PRV55225,66,2,3.49,23.42,Yes,3.03
PRV51070,99,3,3.43,24.01,No,3.03
PRV53059,33,1,3.42,16.44,No,3.03
PRV55447,66,2,3.35,30.04,No,3.03
PRV55707,33,1,2.97,16.09,No,3.03
PRV53664,132,4,2.93,21.65,No,3.03
PRV51428,66,2,2.89,18.08,No,3.03
PRV57038,33,1,2.87,17.2,No,3.03
PRV51344,33,1,2.66,18.43,No,3.03
PRV54590,66,2,2.53,16.81,No,3.03
PRV54619,33,1,2.39,15.6,No,3.03
PRV56421,133,4,3.5,23.25,Yes,3.01
PRV52348,67,2,3.44,25.85,No,2.99
PRV56535,67,2,2.79,23.15,No,2.99
PRV53301,67,2,2.68,15.8,No,2.99
PRV55265,201,6,2.63,26.23,No,2.99
PRV53765,67,2,2.22,27.23,No,2.99
PRV51145,202,6,4.88,72.83,Yes,2.97
PRV53884,269,8,4.04,29.3,Yes,2.97
PRV55901,101,3,3.18,24.72,No,2.97
PRV57160,101,3,3.18,35.7,No,2.97
PRV51637,34,1,4.27,28.91,No,2.94
PRV55242,34,1,3.97,15.82,No,2.94
PRV52346,68,2,3.85,33.44,No,2.94
PRV51951,102,3,3.78,32.1,Yes,2.94
PRV57266,34,1,3.74,16.4,No,2.94
PRV53495,34,1,3.51,34.95,No,2.94
PRV56014,34,1,3.47,16.93,No,2.94
PRV51454,34,1,3.41,27.88,No,2.94
PRV56403,34,1,3.41,16.43,Yes,2.94
PRV51455,34,1,3.38,18.11,No,2.94
PRV54907,170,5,3.04,29.32,No,2.94
PRV56696,34,1,2.95,18.76,No,2.94
PRV53307,34,1,2.88,26.11,No,2.94
PRV54765,239,7,4.95,67.65,Yes,2.93
PRV52565,137,4,2.84,27.58,No,2.92
PRV56555,69,2,5.33,37.72,No,2.9
PRV54998,207,6,3.57,34.11,Yes,2.9
PRV54245,173,5,3.21,36.92,No,2.89
PRV52590,208,6,4.21,40.73,Yes,2.88
PRV51788,139,4,2.72,18.73,No,2.88
PRV53692,244,7,4.34,78.8,Yes,2.87
PRV55579,174,5,2.73,31.64,No,2.87
PRV56001,70,2,5.27,85.43,No,2.86
PRV54737,35,1,4.12,20.93,No,2.86
PRV55458,35,1,4.06,23.21,No,2.86
PRV51286,70,2,4.04,27.97,No,2.86
PRV55567,70,2,3.93,22.3,No,2.86
PRV53362,35,1,3.91,16.56,No,2.86
PRV53141,105,3,3.74,60.1,No,2.86
PRV57548,210,6,3.68,35.48,Yes,2.86
PRV53056,35,1,3.64,17.55,No,2.86
PRV52418,35,1,3.53,30.65,No,2.86
PRV54653,70,2,3.47,19.33,No,2.86
PRV52009,35,1,3.37,18.16,No,2.86
PRV53888,70,2,3.23,18.57,No,2.86
PRV53064,35,1,3.2,16.4,No,2.86
PRV56116,35,1,3.18,16.34,No,2.86
PRV56772,70,2,3.12,16.7,No,2.86
PRV52943,35,1,2.99,35.22,No,2.86
PRV54574,35,1,2.56,20.42,No,2.86
PRV53808,493,14,3.59,27.81,Yes,2.84
PRV54930,211,6,3.26,35.54,No,2.84
PRV57341,177,5,4.05,43.36,Yes,2.82
PRV55912,107,3,3.77,24.5,Yes,2.8
PRV56148,143,4,3.07,24.18,No,2.8
PRV51940,251,7,4.57,40.03,Yes,2.79
PRV56138,36,1,3.96,36.88,No,2.78
PRV51243,36,1,3.47,29.14,No,2.78
PRV52149,180,5,3.44,35.58,No,2.78
PRV55726,36,1,3.0,32.81,No,2.78
PRV52692,36,1,2.85,16.21,No,2.78
PRV51795,36,1,2.84,20.24,No,2.78
PRV53706,473,13,4.38,69.15,Yes,2.75
PRV54507,109,3,3.46,27.94,No,2.75
PRV52474,37,1,4.95,36.18,No,2.7
PRV54917,37,1,3.88,25.32,No,2.7
PRV57269,37,1,3.84,22.3,No,2.7
PRV54945,37,1,3.7,21.44,No,2.7
PRV53527,37,1,3.62,35.24,No,2.7
PRV51242,111,3,3.5,32.92,Yes,2.7
PRV52678,74,2,3.25,17.1,No,2.7
PRV55968,148,4,3.25,45.74,No,2.7
PRV51608,37,1,3.21,15.91,No,2.7
PRV51255,74,2,3.01,16.73,No,2.7
PRV53303,111,3,2.87,21.27,No,2.7
PRV51329,74,2,2.7,22.9,No,2.7
PRV53243,75,2,3.55,30.5,No,2.67
PRV54209,151,4,3.34,35.53,Yes,2.65
PRV53401,303,8,4.08,89.78,Yes,2.64
PRV55483,76,2,5.06,17.12,Yes,2.63
PRV56778,38,1,4.24,26.27,No,2.63
PRV51679,38,1,3.91,27.95,No,2.63
PRV57307,38,1,3.79,21.68,No,2.63
PRV54735,38,1,3.71,34.95,No,2.63
PRV55443,38,1,3.62,17.68,No,2.63
PRV51479,228,6,3.58,39.79,No,2.63
PRV51494,38,1,3.45,38.33,No,2.63
PRV54505,38,1,3.3,21.66,Yes,2.63
PRV56430,38,1,3.29,15.79,No,2.63
PRV55704,38,1,3.23,19.59,No,2.63
PRV57602,38,1,3.23,16.21,No,2.63
PRV53356,38,1,3.01,16.52,No,2.63
PRV57121,38,1,2.84,35.72,No,2.63
PRV56157,38,1,2.78,15.72,No,2.63
PRV51731,38,1,2.68,26.68,No,2.63
PRV55513,38,1,2.66,21.14,No,2.63
PRV53463,76,2,2.49,20.53,No,2.63
PRV54894,229,6,4.43,49.05,Yes,2.62
PRV52556,115,3,3.66,26.6,No,2.61
PRV56486,77,2,4.15,29.01,No,2.6
PRV51143,77,2,3.61,16.8,No,2.6
PRV53905,77,2,3.34,33.66,No,2.6
PRV51483,77,2,3.3,34.46,No,2.6
PRV53872,231,6,2.62,22.35,No,2.6
PRV56103,116,3,3.71,22.23,Yes,2.59
PRV51501,233,6,4.66,56.61,Yes,2.58
PRV53261,194,5,2.89,26.16,No,2.58
PRV54881,39,1,5.27,30.24,No,2.56
PRV56761,117,3,4.4,29.74,No,2.56
PRV51146,352,9,4.0,39.47,Yes,2.56
PRV53144,39,1,3.85,15.74,No,2.56
PRV52658,39,1,3.79,38.9,No,2.56
PRV55509,39,1,3.52,17.07,Yes,2.56
PRV54106,39,1,3.43,18.06,No,2.56
PRV55027,156,4,3.16,36.18,Yes,2.56
PRV52676,39,1,3.07,18.06,No,2.56
PRV55183,117,3,3.04,30.95,No,2.56
PRV51856,117,3,2.79,26.13,No,2.56
PRV52162,39,1,2.76,34.47,No,2.56
PRV55848,39,1,2.29,15.58,No,2.56
PRV53781,393,10,3.41,35.66,Yes,2.54
PRV53969,118,3,3.08,35.2,No,2.54
PRV52990,79,2,3.76,38.06,Yes,2.53
PRV54923,79,2,3.52,45.52,No,2.53
PRV52949,79,2,2.17,16.54,No,2.53
PRV54258,238,6,4.1,28.94,Yes,2.52
PRV52107,119,3,3.28,41.58,No,2.52
PRV51855,120,3,3.61,20.73,No,2.5
PRV52146,40,1,3.56,24.5,No,2.5
PRV52396,40,1,3.4,22.49,Yes,2.5
PRV54462,80,2,3.23,60.58,No,2.5
PRV51983,40,1,3.0,31.51,No,2.5
PRV51516,40,1,2.79,20.74,No,2.5
PRV55235,160,4,2.69,35.45,No,2.5
PRV51771,40,1,2.1,17.14,No,2.5
PRV52846,241,6,4.05,51.39,Yes,2.49
PRV57181,121,3,3.07,36.13,No,2.48
PRV54704,161,4,2.9,29.08,No,2.48
PRV56578,81,2,2.98,16.4,No,2.47
PRV54064,122,3,3.36,34.88,No,2.46
PRV55240,163,4,3.01,35.5,No,2.45
PRV52281,41,1,5.16,22.02,No,2.44
PRV57216,82,2,3.3,20.06,No,2.44
PRV51527,41,1,3.08,15.51,No,2.44
PRV53293,41,1,3.07,21.29,No,2.44
PRV56415,41,1,2.99,24.17,No,2.44
PRV52687,41,1,2.87,15.46,No,2.44
PRV56496,41,1,2.76,19.64,No,2.44
PRV54163,41,1,2.64,19.73,No,2.44
PRV57325,41,1,2.59,18.9,No,2.44
PRV56735,412,10,3.09,35.6,No,2.43
PRV55680,206,5,2.57,35.53,No,2.43
PRV57425,124,3,3.9,17.69,Yes,2.42
PRV56716,124,3,3.03,20.37,No,2.42
PRV52279,83,2,5.3,27.89,No,2.41
PRV52838,83,2,3.17,21.34,No,2.41
PRV54667,166,4,3.07,35.84,No,2.41
PRV52843,251,6,3.12,32.0,Yes,2.39
PRV56023,42,1,5.44,88.75,Yes,2.38
PRV51590,84,2,4.54,26.54,Yes,2.38
PRV54846,42,1,4.11,16.08,No,2.38
PRV51401,42,1,3.88,31.14,Yes,2.38
PRV51249,126,3,3.72,31.81,Yes,2.38
PRV55492,42,1,3.44,15.51,Yes,2.38
PRV57454,42,1,3.29,18.43,No,2.38
PRV55259,42,1,3.12,21.94,No,2.38
PRV55258,42,1,2.92,17.93,No,2.38
PRV57746,42,1,2.86,26.99,No,2.38
PRV51444,42,1,2.84,15.68,No,2.38
PRV56346,42,1,2.8,30.95,No,2.38
PRV54434,42,1,2.63,16.07,No,2.38
PRV55535,42,1,2.53,21.88,No,2.38
PRV57311,338,8,2.72,35.97,No,2.37
PRV57316,85,2,3.51,17.08,No,2.35
PRV54748,85,2,3.2,22.51,No,2.35
PRV53359,213,5,3.08,37.83,No,2.35
PRV54771,85,2,2.97,25.26,Yes,2.35
PRV54911,85,2,2.83,30.91,No,2.35
PRV56481,128,3,4.29,77.72,Yes,2.34
PRV55709,43,1,4.88,52.49,No,2.33
PRV53421,129,3,4.63,26.88,Yes,2.33
PRV53266,257,6,3.78,35.21,Yes,2.33
PRV57136,43,1,3.62,22.46,No,2.33
PRV51475,43,1,3.57,19.06,No,2.33
PRV54623,43,1,3.48,27.36,No,2.33
PRV53173,43,1,3.4,17.5,No,2.33
PRV56773,43,1,3.08,27.94,No,2.33
PRV56671,43,1,2.92,30.1,No,2.33
PRV54358,43,1,2.68,21.81,No,2.33
PRV56746,43,1,2.67,15.71,No,2.33
PRV54224,43,1,2.55,17.84,No,2.33
PRV52574,259,6,3.99,30.98,Yes,2.32
PRV55005,130,3,4.49,42.3,No,2.31
PRV57709,217,5,3.42,39.66,Yes,2.3
PRV51252,87,2,3.31,28.6,No,2.3
PRV55210,174,4,3.2,28.29,No,2.3
PRV54854,131,3,2.99,34.33,No,2.29
PRV52061,131,3,2.85,20.39,No,2.29
PRV52135,263,6,4.24,36.47,Yes,2.28
PRV56012,44,1,3.83,17.85,Yes,2.27
PRV55193,44,1,3.62,31.97,Yes,2.27
PRV56173,44,1,3.46,21.4,No,2.27
PRV53277,44,1,3.4,20.32,Yes,2.27
PRV52179,44,1,3.31,25.27,No,2.27
PRV56777,44,1,3.29,30.98,No,2.27
PRV56809,44,1,3.14,32.76,No,2.27
PRV54396,44,1,2.97,30.2,No,2.27
PRV57253,44,1,2.72,24.2,No,2.27
PRV51293,88,2,2.63,22.68,No,2.27
PRV54206,44,1,2.5,21.55,No,2.27
PRV52436,44,1,2.49,15.54,No,2.27
PRV55445,133,3,2.79,22.96,No,2.26
PRV55248,133,3,2.72,36.12,No,2.26
PRV55864,89,2,2.73,16.12,No,2.25
PRV52314,223,5,3.25,34.86,No,2.24
PRV52483,223,5,2.99,27.69,No,2.24
PRV54955,314,7,4.08,33.62,Yes,2.23
PRV53793,45,1,3.75,28.35,No,2.22
PRV55837,45,1,3.18,19.16,No,2.22
PRV56054,45,1,3.18,35.31,No,2.22
PRV56013,90,2,3.08,19.41,No,2.22
PRV55252,45,1,3.01,34.34,No,2.22
PRV54591,45,1,2.9,28.92,No,2.22
PRV51201,45,1,2.62,21.81,No,2.22
PRV52341,135,3,2.59,33.29,No,2.22
PRV52178,136,3,5.05,28.39,Yes,2.21
PRV52027,181,4,3.47,30.05,No,2.21
PRV57230,181,4,3.26,26.56,Yes,2.21
PRV52723,181,4,3.1,33.39,No,2.21
PRV51946,91,2,3.36,22.41,No,2.2
PRV52393,91,2,3.18,20.11,No,2.2
PRV56621,91,2,3.08,34.07,No,2.2
PRV55022,137,3,3.85,35.03,Yes,2.19
PRV51673,183,4,2.66,34.04,No,2.19
PRV52847,92,2,4.35,35.66,Yes,2.17
PRV53265,92,2,3.77,38.83,Yes,2.17
PRV56456,46,1,3.73,16.03,No,2.17
PRV51606,46,1,3.7,33.2,No,2.17
PRV57404,46,1,3.6,23.22,No,2.17
PRV54657,46,1,3.22,16.39,No,2.17
PRV56796,92,2,3.2,54.92,No,2.17
PRV51676,138,3,3.01,22.62,No,2.17
PRV56593,46,1,2.96,15.46,No,2.17
PRV53446,46,1,2.9,20.43,No,2.17
PRV53878,46,1,2.87,20.28,No,2.17
PRV54471,46,1,2.38,18.68,No,2.17
PRV52057,185,4,2.87,21.75,No,2.16
PRV54561,186,4,3.68,30.12,No,2.15
PRV51544,233,5,3.43,31.69,No,2.15
PRV54970,233,5,3.26,33.44,No,2.15
PRV57288,93,2,2.74,29.53,No,2.15
PRV56271,93,2,2.55,32.85,No,2.15
PRV54926,47,1,4.02,30.76,No,2.13
PRV51604,329,7,3.53,37.39,Yes,2.13
PRV53775,47,1,3.35,33.77,No,2.13
PRV53740,47,1,3.01,26.6,No,2.13
PRV53408,47,1,2.99,47.85,No,2.13
PRV52074,141,3,2.95,18.08,No,2.13
PRV57423,47,1,2.89,25.37,No,2.13
PRV56626,94,2,2.8,18.78,No,2.13
PRV56397,47,1,2.6,34.57,No,2.13
PRV52214,47,1,2.52,24.59,No,2.13
PRV53618,236,5,2.94,38.02,No,2.12
PRV51119,95,2,5.25,34.12,Yes,2.11
PRV55832,284,6,3.37,37.44,No,2.11
PRV54758,95,2,3.21,33.56,No,2.11
PRV52896,142,3,3.04,53.67,No,2.11
PRV54231,190,4,2.86,34.99,No,2.11
PRV52821,713,15,3.26,37.83,Yes,2.1
PRV56591,143,3,2.89,33.55,Yes,2.1
PRV51868,144,3,4.75,37.55,Yes,2.08
PRV51515,48,1,3.64,32.64,No,2.08
PRV56703,48,1,3.6,16.2,No,2.08
PRV53910,96,2,3.57,25.03,No,2.08
PRV57120,48,1,3.37,15.65,No,2.08
PRV51873,144,3,3.16,30.15,Yes,2.08
PRV51012,48,1,3.07,51.19,No,2.08
PRV55267,144,3,3.07,18.11,No,2.08
PRV53108,48,1,3.0,16.87,No,2.08
PRV51129,96,2,2.98,17.7,No,2.08
PRV54340,96,2,2.89,33.53,No,2.08
PRV56972,48,1,2.88,17.89,No,2.08
PRV54121,48,1,2.53,26.85,No,2.08
PRV53352,288,6,2.52,26.07,No,2.08
PRV55268,48,1,2.27,17.36,No,2.08
PRV57432,48,1,2.24,15.88,No,2.08
PRV55165,241,5,3.17,31.67,Yes,2.07
PRV52089,145,3,3.1,35.82,Yes,2.07
PRV57347,145,3,2.9,26.37,No,2.07
PRV53816,194,4,2.65,16.62,No,2.06
PRV53964,146,3,3.34,31.25,No,2.05
PRV55534,146,3,3.0,43.32,No,2.05
PRV53889,195,4,2.8,19.08,No,2.05
PRV51431,49,1,4.13,16.22,No,2.04
PRV54968,49,1,3.56,17.23,No,2.04
PRV54642,49,1,3.2,34.15,No,2.04
PRV52247,49,1,2.85,20.48,No,2.04
PRV53779,49,1,2.77,17.5,No,2.04
PRV56036,49,1,2.68,19.29,No,2.04
PRV51405,49,1,2.59,16.56,No,2.04
PRV51149,148,3,4.04,44.39,Yes,2.03
PRV55049,148,3,3.89,33.66,Yes,2.03
PRV55514,295,6,2.88,23.26,Yes,2.03
PRV53990,99,2,3.02,16.75,No,2.02
PRV56049,149,3,2.64,17.1,No,2.01
PRV52459,50,1,5.58,30.15,No,2.0
PRV55490,50,1,3.94,71.89,No,2.0
PRV52720,50,1,3.29,16.29,No,2.0
PRV51081,200,4,3.11,39.15,No,2.0
PRV52588,50,1,3.11,22.52,No,2.0
PRV52166,100,2,2.9,34.42,No,2.0
PRV51596,50,1,2.81,20.49,No,2.0
PRV54891,50,1,2.64,17.13,No,2.0
PRV54362,50,1,2.63,16.13,No,2.0
PRV52039,50,1,1.99,15.67,No,2.0
PRV51924,50,1,1.97,16.76,No,2.0
PRV57532,351,7,3.07,33.13,No,1.99
PRV56500,151,3,2.52,30.09,No,1.99
PRV56478,152,3,3.75,30.27,No,1.97
PRV57031,152,3,2.92,38.86,No,1.97
PRV57534,152,3,2.89,35.98,No,1.97
PRV55495,51,1,3.96,17.56,Yes,1.96
PRV56347,51,1,3.49,22.34,No,1.96
PRV51415,51,1,3.36,15.72,No,1.96
PRV56255,102,2,3.25,32.94,No,1.96
PRV55059,153,3,3.18,30.36,No,1.96
PRV54203,51,1,3.13,15.99,No,1.96
PRV51434,102,2,3.06,23.83,Yes,1.96
PRV51304,51,1,2.91,34.7,No,1.96
PRV56182,51,1,2.91,30.79,No,1.96
PRV54953,102,2,2.84,23.54,No,1.96
PRV54323,51,1,2.74,15.67,Yes,1.96
PRV51541,51,1,2.73,19.44,No,1.96
PRV53533,51,1,2.7,19.74,No,1.96
PRV55029,255,5,2.65,28.32,No,1.96
PRV55230,565,11,3.85,100.0,Yes,1.95
PRV55185,206,4,2.88,18.55,No,1.94
PRV57218,413,8,2.72,18.48,No,1.94
PRV56253,311,6,3.11,29.37,Yes,1.93
PRV51342,207,4,2.91,33.28,No,1.93
PRV53008,52,1,4.82,17.59,Yes,1.92
PRV54931,52,1,4.47,19.17,Yes,1.92
PRV52119,52,1,3.32,25.88,Yes,1.92
PRV51837,104,2,3.11,35.5,No,1.92
PRV55780,52,1,2.7,28.16,No,1.92
PRV57183,52,1,2.57,29.83,No,1.92
PRV57443,52,1,2.34,17.09,No,1.92
PRV56350,158,3,3.81,30.81,Yes,1.9
PRV55194,421,8,3.77,44.54,Yes,1.9
PRV53807,158,3,3.36,28.05,No,1.9
PRV52357,105,2,3.11,18.7,No,1.9
PRV57101,263,5,3.0,21.84,No,1.9
PRV57006,105,2,2.72,25.11,No,1.9
PRV53819,53,1,3.31,15.88,No,1.89
PRV53708,53,1,3.27,30.52,No,1.89
PRV53814,53,1,3.26,24.88,No,1.89
PRV55927,212,4,2.97,30.06,No,1.89
PRV55566,53,1,2.95,15.56,No,1.89
PRV53933,265,5,2.94,26.66,No,1.89
PRV54855,212,4,2.93,18.52,No,1.89
PRV53057,53,1,2.91,15.68,No,1.89
PRV51027,53,1,2.89,26.55,No,1.89
PRV55437,106,2,2.88,22.33,Yes,1.89
PRV54977,53,1,2.74,33.65,No,1.89
PRV51072,212,4,2.72,27.11,No,1.89
PRV57112,160,3,3.19,29.84,No,1.88
PRV55843,213,4,2.78,21.7,No,1.88
PRV54965,107,2,3.25,22.7,No,1.87
PRV51378,161,3,3.87,24.43,Yes,1.86
PRV53769,377,7,3.42,53.43,Yes,1.86
PRV53443,215,4,2.88,46.71,No,1.86
PRV53951,54,1,3.92,20.0,Yes,1.85
PRV56730,54,1,3.91,17.72,Yes,1.85
PRV56375,54,1,2.81,30.35,No,1.85
PRV52423,54,1,2.7,18.5,No,1.85
PRV52403,216,4,2.61,30.91,No,1.85
PRV52584,54,1,2.51,15.86,No,1.85
PRV55236,54,1,2.51,18.55,No,1.85
PRV51963,54,1,2.41,36.81,No,1.85
PRV52342,218,4,3.24,46.38,No,1.83
PRV52298,218,4,2.86,21.21,No,1.83
PRV54335,219,4,2.85,18.75,No,1.83
PRV56445,55,1,4.78,17.38,No,1.82
PRV51390,275,5,3.81,46.24,Yes,1.82
PRV52552,55,1,3.75,38.45,No,1.82
PRV53922,55,1,3.74,35.75,No,1.82
PRV55972,110,2,3.45,22.28,No,1.82
PRV52478,55,1,3.39,26.98,No,1.82
PRV54976,55,1,3.33,29.17,No,1.82
PRV56452,110,2,3.23,24.75,No,1.82
PRV56584,55,1,3.01,44.36,No,1.82
PRV53253,110,2,2.8,16.23,No,1.82
PRV53605,55,1,2.6,31.37,No,1.82
PRV57390,55,1,2.53,18.64,No,1.82
PRV51685,55,1,2.5,16.66,No,1.82
PRV51540,55,1,2.47,15.88,No,1.82
PRV54341,55,1,2.43,17.97,No,1.82
PRV51870,55,1,2.35,16.38,No,1.82
PRV55933,498,9,2.97,29.38,No,1.81
PRV53142,111,2,3.58,17.16,Yes,1.8
PRV51929,111,2,2.89,28.11,No,1.8
PRV54289,56,1,3.59,15.94,No,1.79
PRV52021,613,11,3.49,64.7,Yes,1.79
PRV55870,56,1,3.38,15.68,No,1.79
PRV52419,112,2,3.31,37.95,No,1.79
PRV53774,224,4,3.17,35.04,No,1.79
PRV51279,224,4,2.94,31.81,No,1.79
PRV55011,56,1,2.77,17.01,No,1.79
PRV55028,223,4,2.76,21.75,No,1.79
PRV55410,56,1,2.7,16.08,No,1.79
PRV56702,224,4,2.65,19.5,No,1.79
PRV51189,56,1,2.54,19.77,No,1.79
PRV54402,56,1,2.52,15.86,No,1.79
PRV53757,56,1,2.45,16.36,No,1.79
PRV57177,564,10,3.15,41.75,Yes,1.77
PRV51693,113,2,2.48,18.73,No,1.77
PRV52898,114,2,3.66,24.09,No,1.75
PRV51857,57,1,3.54,20.22,Yes,1.75
PRV55978,401,7,3.29,34.39,No,1.75
PRV53248,57,1,3.28,47.08,No,1.75
PRV55296,57,1,3.26,19.18,No,1.75
PRV55260,57,1,3.15,15.53,No,1.75
PRV54567,57,1,3.06,15.78,No,1.75
PRV55585,114,2,3.04,18.63,No,1.75
PRV56800,57,1,2.94,19.2,No,1.75
PRV51967,57,1,2.9,16.12,No,1.75
PRV55941,57,1,2.88,34.95,No,1.75
PRV51366,57,1,2.68,37.35,No,1.75
PRV51089,228,4,2.67,22.36,No,1.75
PRV55866,115,2,2.61,15.88,No,1.74
PRV54367,636,11,4.02,43.04,Yes,1.73
PRV56748,463,8,3.48,33.3,Yes,1.73
PRV54244,231,4,3.38,26.51,No,1.73
PRV56685,405,7,2.86,30.53,Yes,1.73
PRV51067,58,1,3.69,32.59,Yes,1.72
PRV51274,58,1,3.45,15.98,No,1.72
PRV51151,233,4,3.1,36.59,No,1.72
PRV57124,58,1,3.02,16.77,No,1.72
PRV57491,116,2,2.99,18.66,No,1.72
PRV51011,58,1,2.94,15.71,No,1.72
PRV52422,58,1,2.86,28.72,No,1.72
PRV53251,233,4,2.86,19.06,No,1.72
PRV52432,58,1,2.39,16.47,No,1.72
PRV56348,58,1,2.27,16.6,No,1.72
PRV52307,175,3,3.28,22.8,Yes,1.71
PRV57324,117,2,3.09,31.24,No,1.71
PRV56760,643,11,3.06,36.09,No,1.71
PRV55237,117,2,2.91,35.45,No,1.71
PRV54237,234,4,2.63,30.21,No,1.71
PRV56556,880,15,3.0,34.93,No,1.7
PRV56225,588,10,2.97,27.78,Yes,1.7
PRV57228,529,9,2.95,32.84,No,1.7
PRV52989,177,3,3.72,30.07,Yes,1.69
PRV52688,59,1,3.56,38.11,No,1.69
PRV51387,59,1,3.52,18.66,No,1.69
PRV51171,59,1,3.34,24.37,No,1.69
PRV52142,59,1,3.21,30.96,No,1.69
PRV51404,59,1,3.19,18.14,No,1.69
PRV51851,472,8,2.92,52.14,Yes,1.69
PRV51277,59,1,2.82,18.83,No,1.69
PRV55921,59,1,2.72,19.18,No,1.69
PRV53756,59,1,2.7,21.5,No,1.69
PRV54078,119,2,3.44,25.29,No,1.68
PRV52617,238,4,3.11,48.87,No,1.68
PRV55934,653,11,3.02,39.24,Yes,1.68
PRV57412,298,5,2.74,36.96,No,1.68
PRV53892,119,2,2.62,30.71,No,1.68
PRV55043,119,2,2.55,19.24,No,1.68
PRV51436,120,2,3.61,49.84,No,1.67
PRV54832,60,1,3.19,15.5,Yes,1.67
PRV54537,60,1,3.14,16.4,No,1.67
PRV55852,60,1,2.93,15.66,Yes,1.67
PRV56978,120,2,2.66,16.35,No,1.67
PRV56405,60,1,2.64,26.13,No,1.67
PRV52879,120,2,2.51,17.65,No,1.67
PRV52713,60,1,2.46,18.51,No,1.67
PRV53526,60,1,2.4,15.6,No,1.67
PRV52439,121,2,2.88,19.76,No,1.65
PRV56647,183,3,4.54,38.41,Yes,1.64
PRV51876,61,1,4.4,16.3,Yes,1.64
PRV52331,61,1,4.03,45.13,No,1.64
PRV55442,61,1,3.79,29.25,No,1.64
PRV51418,61,1,3.61,34.59,No,1.64
PRV51550,61,1,3.5,26.19,No,1.64
PRV57310,122,2,3.43,26.28,Yes,1.64
PRV53934,122,2,2.97,30.41,No,1.64
PRV51140,487,8,2.86,30.36,No,1.64
PRV53149,61,1,2.7,15.87,No,1.64
PRV55842,122,2,2.61,22.66,Yes,1.64
PRV53880,61,1,2.42,21.21,No,1.64
PRV53694,61,1,2.24,15.65,No,1.64
PRV52511,246,4,3.16,23.91,Yes,1.63
PRV51271,123,2,2.78,25.38,No,1.63
PRV55847,185,3,3.16,34.26,No,1.62
PRV55715,864,14,3.02,68.7,Yes,1.62
PRV57481,62,1,4.84,17.12,Yes,1.61
PRV52180,62,1,3.99,39.57,No,1.61
PRV54972,62,1,3.55,18.18,No,1.61
PRV57601,62,1,3.38,55.54,No,1.61
PRV54111,249,4,3.35,28.58,Yes,1.61
PRV55363,62,1,3.24,35.95,No,1.61
PRV52630,434,7,3.16,30.97,Yes,1.61
PRV56811,62,1,3.12,21.15,No,1.61
PRV53768,62,1,3.05,16.72,No,1.61
PRV51260,62,1,3.01,46.35,No,1.61
PRV57217,62,1,2.97,28.86,No,1.61
PRV54739,186,3,2.96,24.44,Yes,1.61
PRV55839,186,3,2.74,22.78,No,1.61
PRV55701,186,3,2.54,24.22,No,1.61
PRV56191,62,1,2.37,19.02,No,1.61
PRV52738,62,1,2.3,18.82,No,1.61
PRV52869,62,1,2.28,18.7,No,1.61
PRV52002,188,3,2.86,33.93,Yes,1.6
PRV56711,63,1,3.64,17.94,Yes,1.59
PRV55914,63,1,3.57,25.86,Yes,1.59
PRV52406,63,1,3.55,43.57,No,1.59
PRV51697,63,1,3.46,28.81,No,1.59
PRV54230,126,2,3.43,29.96,Yes,1.59
PRV53405,189,3,3.15,32.92,No,1.59
PRV55181,439,7,3.04,31.31,No,1.59
PRV52412,63,1,3.0,20.97,No,1.59
PRV54767,63,1,2.86,15.89,No,1.59
PRV53325,63,1,2.79,16.46,No,1.59
PRV56209,189,3,2.7,27.58,No,1.59
PRV53309,63,1,2.66,43.1,No,1.59
PRV52491,63,1,2.65,15.93,No,1.59
PRV54588,63,1,2.13,16.13,No,1.59
PRV57117,190,3,3.8,24.93,Yes,1.58
PRV55705,253,4,2.59,20.3,No,1.58
PRV55916,127,2,4.65,17.5,No,1.57
PRV51386,382,6,2.81,50.57,No,1.57
PRV56597,191,3,2.68,18.29,No,1.57
PRV51690,255,4,2.65,29.11,No,1.57
PRV57034,64,1,4.35,52.82,No,1.56
PRV52123,256,4,4.23,35.35,Yes,1.56
PRV52073,64,1,3.99,37.59,No,1.56
PRV55243,257,4,3.09,46.22,No,1.56
PRV55822,384,6,3.05,36.41,No,1.56
PRV55768,64,1,3.01,26.07,No,1.56
PRV53620,128,2,2.99,22.41,No,1.56
PRV53232,64,1,2.85,15.72,No,1.56
PRV54596,64,1,2.82,16.12,No,1.56
PRV51652,64,1,2.67,15.6,No,1.56
PRV54098,256,4,2.64,25.89,Yes,1.56
PRV57501,64,1,2.34,18.87,No,1.56
PRV53961,129,2,3.77,19.35,Yes,1.55
PRV54381,129,2,2.89,18.51,No,1.55
PRV54942,130,2,3.81,26.69,Yes,1.54
PRV53120,65,1,3.27,19.1,No,1.54
PRV54041,65,1,3.19,21.1,No,1.54
PRV53269,456,7,3.14,30.33,Yes,1.54
PRV51576,65,1,3.08,33.15,No,1.54
PRV54757,65,1,3.05,17.87,No,1.54
PRV51897,65,1,2.94,28.65,No,1.54
PRV51037,454,7,2.91,25.24,Yes,1.54
PRV56451,259,4,2.89,28.79,No,1.54
PRV54842,130,2,2.71,15.9,No,1.54
PRV55083,196,3,2.97,32.4,No,1.53
PRV53913,131,2,2.52,19.03,No,1.53
PRV56568,131,2,2.38,36.04,No,1.53
PRV53424,263,4,3.45,27.62,No,1.52
PRV53633,66,1,3.12,32.75,No,1.52
PRV53295,197,3,3.08,51.4,Yes,1.52
PRV53985,197,3,3.04,29.05,Yes,1.52
PRV51003,132,2,3.0,20.15,Yes,1.52
PRV52919,66,1,2.84,18.05,No,1.52
PRV56504,66,1,2.83,27.81,No,1.52
PRV56237,198,3,2.77,21.86,No,1.52
PRV56525,66,1,2.64,35.91,No,1.52
PRV56901,66,1,2.64,17.36,No,1.52
PRV52640,66,1,2.05,19.97,No,1.52
PRV51678,66,1,2.02,15.7,No,1.52
PRV53002,397,6,2.88,20.44,No,1.51
PRV53776,200,3,3.5,27.93,Yes,1.5
PRV51346,266,4,3.01,36.15,No,1.5
PRV57152,400,6,2.98,29.81,No,1.5
PRV54563,267,4,2.83,21.43,No,1.5
PRV52100,201,3,4.17,26.1,Yes,1.49
PRV56719,67,1,3.52,16.17,Yes,1.49
PRV51276,67,1,3.42,20.44,No,1.49
PRV51661,134,2,3.36,33.05,No,1.49
PRV56789,67,1,3.2,20.39,No,1.49
PRV52334,67,1,3.07,32.06,No,1.49
PRV54506,134,2,2.95,48.74,No,1.49
PRV53260,134,2,2.89,32.5,No,1.49
PRV54168,67,1,2.88,28.96,No,1.49
PRV55168,134,2,2.83,25.28,No,1.49
PRV56028,201,3,2.82,18.11,No,1.49
PRV56764,201,3,2.77,18.55,No,1.49
PRV53993,201,3,2.48,33.37,No,1.49
PRV51456,135,2,4.21,35.16,No,1.48
PRV52019,1961,29,3.36,87.83,Yes,1.48
PRV53613,135,2,2.89,18.82,No,1.48
PRV55731,135,2,2.82,17.2,No,1.48
PRV54644,68,1,3.37,32.05,Yes,1.47
PRV52276,68,1,3.25,17.04,No,1.47
PRV56408,68,1,3.21,21.3,No,1.47
PRV54442,68,1,3.17,17.51,No,1.47
PRV52058,204,3,2.98,43.98,No,1.47
PRV56560,2313,34,2.98,39.06,Yes,1.47
PRV52185,68,1,2.88,16.6,No,1.47
PRV55727,68,1,2.22,17.18,No,1.47
PRV56866,68,1,2.06,19.63,No,1.47
PRV56634,206,3,2.85,24.4,No,1.46
PRV55521,615,9,2.83,37.38,No,1.46
PRV54562,206,3,2.81,37.94,No,1.46
PRV56216,481,7,2.68,38.33,No,1.46
PRV55505,480,7,2.55,28.47,No,1.46
PRV56156,69,1,3.47,16.07,No,1.45
PRV53385,1037,15,3.09,72.7,Yes,1.45
PRV55902,69,1,3.09,34.43,No,1.45
PRV54539,69,1,2.97,16.71,No,1.45
PRV53256,345,5,2.85,34.69,No,1.45
PRV52486,69,1,2.83,39.85,No,1.45
PRV53391,69,1,2.77,33.27,No,1.45
PRV56957,138,2,2.59,27.5,No,1.45
PRV56261,69,1,2.58,21.4,No,1.45
PRV55200,69,1,2.35,21.68,No,1.45
PRV52873,69,1,2.3,27.88,No,1.45
PRV51421,139,2,3.83,36.49,Yes,1.44
PRV57433,70,1,3.61,33.46,No,1.43
PRV52886,70,1,3.57,17.74,No,1.43
PRV56234,70,1,3.16,16.45,No,1.43
PRV56442,1330,19,2.98,59.12,Yes,1.43
PRV54083,279,4,2.91,37.11,No,1.43
PRV51393,910,13,2.9,30.86,Yes,1.43
PRV56594,70,1,2.8,15.69,No,1.43
PRV56479,140,2,2.67,30.81,No,1.43
PRV52575,70,1,2.52,15.79,No,1.43
PRV51399,211,3,3.45,17.16,Yes,1.42
PRV52420,141,2,3.44,47.65,Yes,1.42
PRV51038,141,2,3.41,19.1,No,1.42
PRV52401,141,2,2.64,16.1,No,1.42
PRV54716,141,2,2.64,18.84,No,1.42
PRV56659,141,2,2.23,38.89,No,1.42
PRV57409,71,1,3.65,29.32,Yes,1.41
PRV51491,71,1,3.62,41.54,No,1.41
PRV51341,71,1,3.22,15.86,No,1.41
PRV57543,354,5,3.12,18.52,Yes,1.41
PRV54696,71,1,2.93,18.85,No,1.41
PRV51949,71,1,2.79,18.37,No,1.41
PRV52581,142,2,2.71,26.89,No,1.41
PRV54954,71,1,2.58,23.15,No,1.41
PRV51049,71,1,2.56,28.39,No,1.41
PRV53959,214,3,3.42,31.88,Yes,1.4
PRV57156,215,3,2.88,22.45,No,1.4
PRV55633,358,5,2.83,32.05,No,1.4
PRV56401,143,2,2.71,16.12,No,1.4
PRV53624,143,2,2.69,32.59,No,1.4
PRV51486,214,3,2.48,17.69,No,1.4
PRV56653,72,1,2.91,33.81,No,1.39
PRV53045,216,3,2.89,35.33,No,1.39
PRV52371,72,1,2.77,15.57,No,1.39
PRV53702,1010,14,2.77,36.34,No,1.39
PRV51007,72,1,2.74,16.97,No,1.39
PRV57654,72,1,2.43,15.49,No,1.39
PRV53894,217,3,2.96,18.02,Yes,1.38
PRV53490,145,2,2.93,32.43,No,1.38
PRV54685,145,2,2.79,33.55,No,1.38
PRV56426,436,6,2.76,32.61,No,1.38
PRV57673,217,3,2.51,42.95,No,1.38
PRV56668,73,1,4.48,17.85,Yes,1.37
PRV52876,73,1,3.54,37.96,No,1.37
PRV52955,73,1,3.32,23.03,No,1.37
PRV52320,366,5,3.2,28.24,Yes,1.37
PRV56577,293,4,3.11,53.98,No,1.37
PRV51863,73,1,3.05,22.9,No,1.37
PRV55717,73,1,2.97,16.32,No,1.37
PRV56729,219,3,2.72,37.17,No,1.37
PRV52850,146,2,2.63,29.63,No,1.37
PRV53342,73,1,2.63,16.62,No,1.37
PRV55771,73,1,2.63,18.5,No,1.37
PRV52175,221,3,3.06,31.5,No,1.36
PRV55454,368,5,2.8,39.66,No,1.36
PRV53972,74,1,2.89,29.31,No,1.35
PRV57125,370,5,2.88,32.77,No,1.35
PRV51347,2067,28,2.85,40.33,Yes,1.35
PRV51466,74,1,2.65,22.73,No,1.35
PRV52129,223,3,2.6,33.95,No,1.35
PRV52383,74,1,2.35,15.49,Yes,1.35
PRV54952,149,2,3.17,33.98,Yes,1.34
PRV53192,149,2,2.93,33.11,No,1.34
PRV54510,149,2,2.85,37.63,No,1.34
PRV54905,149,2,2.39,25.61,No,1.34
PRV55018,75,1,3.87,20.53,Yes,1.33
PRV52321,150,2,3.4,36.61,Yes,1.33
PRV54649,75,1,3.38,18.8,Yes,1.33
PRV51984,525,7,2.99,31.82,No,1.33
PRV54585,75,1,2.83,16.44,No,1.33
PRV54806,75,1,2.83,17.73,No,1.33
PRV55742,75,1,2.82,15.49,No,1.33
PRV57318,150,2,2.71,25.32,No,1.33
PRV51460,452,6,2.61,27.87,No,1.33
PRV54393,75,1,2.61,18.21,No,1.33
PRV57343,75,1,2.53,15.87,No,1.33
PRV54829,75,1,2.49,24.99,No,1.33
PRV53932,304,4,3.3,34.93,No,1.32
PRV52455,76,1,3.27,19.87,No,1.32
PRV51064,303,4,3.23,44.76,Yes,1.32
PRV54077,76,1,3.23,17.45,Yes,1.32
PRV51669,76,1,3.2,36.89,No,1.32
PRV52020,606,8,3.2,41.43,Yes,1.32
PRV55058,227,3,3.11,22.27,No,1.32
PRV55175,304,4,2.9,61.35,No,1.32
PRV52633,379,5,2.88,29.78,No,1.32
PRV55246,227,3,2.88,26.76,No,1.32
PRV57346,532,7,2.88,31.14,No,1.32
PRV57182,76,1,2.8,19.74,No,1.32
PRV56758,531,7,2.75,35.7,No,1.32
PRV55503,604,8,2.7,37.31,No,1.32
PRV54475,151,2,2.69,16.69,No,1.32
PRV53534,76,1,2.61,16.99,No,1.32
PRV54787,77,1,3.37,34.61,No,1.3
PRV53698,77,1,3.16,33.06,No,1.3
PRV55195,77,1,3.08,31.58,Yes,1.3
PRV53979,77,1,2.96,25.97,No,1.3
PRV52845,231,3,2.91,35.02,No,1.3
PRV53786,1382,18,2.72,38.54,Yes,1.3
PRV56791,233,3,2.8,21.18,No,1.29
PRV51860,776,10,2.57,32.94,No,1.29
PRV52148,78,1,3.73,34.76,No,1.28
PRV55086,78,1,3.27,15.8,No,1.28
PRV56360,78,1,3.18,21.73,No,1.28
PRV52549,156,2,3.07,33.85,No,1.28
PRV52032,627,8,2.73,30.94,Yes,1.28
PRV52503,78,1,2.64,33.79,No,1.28
PRV55518,235,3,2.64,20.86,No,1.28
PRV53306,78,1,2.52,29.07,No,1.28
PRV57382,79,1,3.29,40.99,No,1.27
PRV54885,316,4,3.1,34.54,No,1.27
PRV55516,158,2,2.92,30.75,No,1.27
PRV52499,157,2,2.75,34.96,No,1.27
PRV57519,157,2,2.67,34.86,No,1.27
PRV57536,79,1,2.65,21.53,No,1.27
PRV57434,316,4,2.63,27.73,No,1.27
PRV54686,157,2,2.5,19.08,No,1.27
PRV56630,159,2,3.26,17.1,Yes,1.26
PRV55262,397,5,2.9,30.44,No,1.26
PRV54391,318,4,2.71,23.93,Yes,1.26
PRV56550,80,1,3.58,15.47,Yes,1.25
PRV55474,80,1,3.24,15.89,No,1.25
PRV53104,80,1,3.19,32.24,No,1.25
PRV57596,160,2,2.99,25.21,No,1.25
PRV55943,721,9,2.86,35.59,No,1.25
PRV52788,401,5,2.82,30.07,No,1.25
PRV52527,160,2,2.64,34.52,No,1.25
PRV55216,80,1,2.63,17.02,No,1.25
PRV52167,80,1,2.44,15.72,No,1.25
PRV55239,161,2,3.22,32.11,No,1.24
PRV57718,161,2,2.96,26.35,No,1.24
PRV57335,807,10,2.84,39.28,Yes,1.24
PRV51357,161,2,2.83,28.16,Yes,1.24
PRV51954,643,8,2.82,34.28,No,1.24
PRV55552,1206,15,2.73,39.05,No,1.24
PRV56008,1370,17,2.64,35.58,Yes,1.24
PRV57313,402,5,2.61,32.78,No,1.24
PRV52065,325,4,3.59,30.53,Yes,1.23
PRV51492,81,1,3.35,29.43,No,1.23
PRV55907,243,3,3.05,28.36,No,1.23
PRV54772,2115,26,2.94,37.29,Yes,1.23
PRV52895,81,1,2.9,29.46,No,1.23
PRV51159,569,7,2.82,38.83,Yes,1.23
PRV57192,407,5,2.82,36.2,No,1.23
PRV53321,81,1,2.79,21.56,No,1.23
PRV54774,488,6,2.77,37.3,No,1.23
PRV53113,81,1,2.63,37.02,No,1.23
PRV55687,81,1,2.56,19.71,No,1.23
PRV51584,82,1,3.83,37.4,Yes,1.22
PRV54359,490,6,3.06,37.54,Yes,1.22
PRV55942,82,1,2.93,16.58,No,1.22
PRV57173,1225,15,2.88,42.29,Yes,1.22
PRV54761,822,10,2.77,34.97,No,1.22
PRV57213,82,1,2.67,17.12,No,1.22
PRV55177,327,4,2.42,22.98,No,1.22
PRV57653,82,1,2.38,18.0,No,1.22
PRV51910,82,1,2.25,16.56,No,1.22
PRV53674,496,6,2.84,18.41,No,1.21
PRV52558,494,6,2.57,30.85,No,1.21
PRV55522,248,3,2.57,27.29,No,1.21
PRV55676,167,2,4.53,63.14,Yes,1.2
PRV55675,83,1,3.14,57.68,No,1.2
PRV54778,1672,20,2.97,31.37,Yes,1.2
PRV57190,83,1,2.87,35.46,No,1.2
PRV57191,1500,18,2.77,37.72,Yes,1.2
PRV56655,251,3,2.72,32.94,No,1.2
PRV54345,167,2,2.56,47.62,No,1.2
PRV53617,83,1,2.53,15.47,No,1.2
PRV52131,84,1,3.45,24.87,No,1.19
PRV51337,168,2,3.23,17.17,Yes,1.19
PRV57321,84,1,3.03,17.01,No,1.19
PRV55677,84,1,2.76,17.79,No,1.19
PRV56751,84,1,2.1,25.22,No,1.19
PRV54658,85,1,3.61,33.16,No,1.18
PRV55868,85,1,3.31,15.58,No,1.18
PRV56447,170,2,3.24,34.1,Yes,1.18
PRV52111,85,1,3.15,35.01,No,1.18
PRV51598,422,5,3.05,29.67,No,1.18
PRV52315,85,1,3.01,19.14,No,1.18
PRV57672,425,5,2.83,32.55,Yes,1.18
PRV57477,85,1,2.6,16.79,No,1.18
PRV52351,425,5,2.57,21.04,No,1.18
PRV55525,933,11,2.57,32.79,No,1.18
PRV56783,85,1,2.29,15.59,No,1.18
PRV51885,85,1,2.19,23.42,No,1.18
PRV51030,171,2,3.48,16.7,No,1.17
PRV56235,171,2,3.05,29.57,No,1.17
PRV51021,257,3,2.92,24.41,Yes,1.17
PRV55737,257,3,2.88,47.87,No,1.17
PRV55004,2399,28,2.7,37.47,Yes,1.17
PRV55496,86,1,4.07,35.26,Yes,1.16
PRV53242,259,3,3.61,45.21,Yes,1.16
PRV51245,173,2,3.17,26.15,No,1.16
PRV56713,173,2,3.06,20.74,No,1.16
PRV52038,259,3,3.03,29.67,No,1.16
PRV55755,86,1,2.94,37.09,No,1.16
PRV57715,860,10,2.89,33.31,No,1.16
PRV55196,173,2,2.84,19.97,No,1.16
PRV55269,172,2,2.84,27.38,No,1.16
PRV55467,1896,22,2.76,40.36,Yes,1.16
PRV54924,173,2,2.75,23.43,No,1.16
PRV51567,1632,19,2.7,36.09,Yes,1.16
PRV55739,86,1,2.7,15.52,No,1.16
PRV52656,775,9,2.6,38.99,No,1.16
PRV52299,601,7,2.53,26.48,No,1.16
PRV55433,87,1,3.37,19.17,Yes,1.15
PRV51670,436,5,2.98,36.85,No,1.15
PRV55205,260,3,2.98,34.27,No,1.15
PRV51025,87,1,2.94,30.77,No,1.15
PRV51068,261,3,2.82,31.13,No,1.15
PRV51114,262,3,2.82,31.63,No,1.15
PRV52343,261,3,2.79,28.21,Yes,1.15
PRV54238,348,4,2.77,36.08,No,1.15
PRV56151,87,1,2.73,16.01,No,1.15
PRV57380,87,1,2.69,28.09,No,1.15
PRV52562,87,1,2.68,15.72,No,1.15
PRV53416,87,1,2.68,17.59,No,1.15
PRV54256,262,3,2.6,31.96,No,1.15
PRV51752,87,1,2.5,28.18,No,1.15
PRV55867,88,1,3.34,29.25,No,1.14
PRV57515,88,1,3.06,22.54,No,1.14
PRV55264,528,6,2.77,42.23,No,1.14
PRV53956,526,6,2.74,34.33,No,1.14
PRV54242,88,1,2.74,17.27,No,1.14
PRV53000,703,8,2.69,34.47,No,1.14
PRV52654,177,2,3.62,42.99,No,1.13
PRV55453,795,9,2.95,32.79,Yes,1.13
PRV57572,265,3,2.86,24.08,No,1.13
PRV51578,1500,17,2.81,27.58,Yes,1.13
PRV53300,354,4,2.6,36.8,No,1.13
PRV52405,89,1,4.15,29.5,No,1.12
PRV56588,269,3,3.56,32.68,Yes,1.12
PRV53090,179,2,2.92,32.82,No,1.12
PRV51447,89,1,2.82,25.15,Yes,1.12
PRV53523,89,1,2.65,17.91,No,1.12
PRV56840,89,1,2.63,40.9,No,1.12
PRV51990,89,1,2.56,19.51,No,1.12
PRV55314,89,1,2.5,15.86,No,1.12
PRV51943,89,1,2.44,18.73,No,1.12
PRV54508,90,1,3.52,32.33,No,1.11
PRV57158,271,3,3.02,16.92,Yes,1.11
PRV51937,90,1,2.98,22.09,No,1.11
PRV54723,90,1,2.84,38.74,No,1.11
PRV56231,270,3,2.8,19.04,Yes,1.11
PRV52099,90,1,2.67,18.12,No,1.11
PRV53699,361,4,2.51,28.84,No,1.11
PRV57385,90,1,2.39,17.33,No,1.11
PRV54651,91,1,3.77,25.71,Yes,1.1
PRV52964,91,1,3.05,33.18,No,1.1
PRV53682,365,4,2.85,30.94,No,1.1
PRV52369,547,6,2.84,35.2,No,1.1
PRV56790,91,1,2.76,24.74,No,1.1
PRV57333,1004,11,2.7,35.56,No,1.1
PRV55913,1267,14,2.61,37.23,Yes,1.1
PRV55690,91,1,2.53,23.92,No,1.1
PRV52859,911,10,2.51,33.15,No,1.1
PRV53700,913,10,2.5,22.69,No,1.1
PRV55026,272,3,2.4,22.52,No,1.1
PRV55234,184,2,3.2,15.99,No,1.09
PRV56684,92,1,3.04,29.38,No,1.09
PRV57245,92,1,2.93,21.3,No,1.09
PRV52857,459,5,2.86,36.64,No,1.09
PRV52411,92,1,2.7,18.04,No,1.09
PRV51289,92,1,2.69,32.06,No,1.09
PRV57348,920,10,2.61,32.62,No,1.09
PRV57365,183,2,2.39,29.86,No,1.09
PRV52130,93,1,3.25,26.72,No,1.08
PRV51303,93,1,3.15,15.71,No,1.08
PRV56575,830,9,3.15,33.98,Yes,1.08
PRV56580,185,2,2.96,16.89,No,1.08
PRV51031,185,2,2.88,29.19,No,1.08
PRV55910,372,4,2.73,27.68,No,1.08
PRV54423,93,1,2.68,36.8,No,1.08
PRV55037,649,7,2.64,37.12,No,1.08
PRV56219,277,3,2.63,27.24,No,1.08
PRV56693,373,4,2.9,39.86,No,1.07
PRV53394,1215,13,2.82,33.76,No,1.07
PRV53689,561,6,2.78,21.59,No,1.07
PRV55039,2058,22,2.78,76.93,Yes,1.07
PRV55455,373,4,2.72,35.82,No,1.07
PRV56598,280,3,2.36,30.23,No,1.07
PRV54065,94,1,3.43,18.88,Yes,1.06
PRV52441,94,1,2.99,25.33,No,1.06
PRV52120,1231,13,2.96,42.34,Yes,1.06
PRV55116,284,3,2.77,32.2,No,1.06
PRV56587,473,5,2.75,33.17,Yes,1.06
PRV52563,473,5,2.72,20.43,No,1.06
PRV57153,94,1,2.56,25.06,No,1.06
PRV52138,188,2,2.46,19.38,No,1.06
PRV55905,95,1,4.55,52.74,Yes,1.05
PRV54390,95,1,3.64,15.51,No,1.05
PRV55520,287,3,3.17,42.7,No,1.05
PRV51256,95,1,2.91,40.86,No,1.05
PRV51377,95,1,2.85,19.97,No,1.05
PRV51167,190,2,2.66,27.9,No,1.05
PRV56425,381,4,2.64,21.66,Yes,1.05
PRV56608,856,9,2.62,31.93,Yes,1.05
PRV55281,190,2,2.58,34.97,No,1.05
PRV51059,96,1,3.72,21.44,Yes,1.04
PRV53007,96,1,3.64,18.61,Yes,1.04
PRV55392,192,2,3.19,22.63,No,1.04
PRV53710,385,4,3.13,20.14,No,1.04
PRV54400,96,1,3.01,28.13,No,1.04
PRV52077,1156,12,2.87,48.38,Yes,1.04
PRV52701,96,1,2.84,19.23,No,1.04
PRV55479,672,7,2.74,21.41,No,1.04
PRV56639,96,1,2.69,22.01,No,1.04
PRV53921,768,8,2.61,26.61,No,1.04
PRV54682,96,1,2.61,26.51,No,1.04
PRV53916,192,2,2.49,24.86,No,1.04
PRV53750,1245,13,2.46,34.75,No,1.04
PRV56829,193,2,2.42,33.74,No,1.04
PRV56039,97,1,3.24,36.47,No,1.03
PRV54514,387,4,2.99,28.28,Yes,1.03
PRV53238,195,2,2.73,24.12,No,1.03
PRV57557,97,1,2.72,26.25,No,1.03
PRV53283,97,1,2.71,26.38,No,1.03
PRV52641,97,1,2.68,19.99,No,1.03
PRV56448,584,6,2.6,36.7,No,1.03
PRV55099,97,1,2.55,28.72,No,1.03
PRV51842,294,3,3.39,28.99,Yes,1.02
PRV54560,98,1,3.15,23.56,Yes,1.02
PRV56259,196,2,2.93,30.7,Yes,1.02
PRV52114,1269,13,2.87,32.34,Yes,1.02
PRV57193,393,4,2.79,20.89,No,1.02
PRV55163,587,6,2.72,43.91,Yes,1.02
PRV52573,587,6,2.59,37.48,No,1.02
PRV54139,99,1,2.87,17.35,No,1.01
PRV52347,397,4,2.86,31.02,Yes,1.01
PRV52367,297,3,2.83,20.98,No,1.01
PRV53709,99,1,2.81,31.26,No,1.01
PRV54847,296,3,2.7,30.59,No,1.01
PRV52059,1287,13,2.63,38.47,Yes,1.01
PRV52349,99,1,2.63,19.44,No,1.01
PRV51062,397,4,2.6,29.08,No,1.01
PRV52903,200,2,4.21,17.65,Yes,1.0
PRV52985,1403,14,2.84,30.18,Yes,1.0
PRV52605,1000,10,2.78,33.75,No,1.0
PRV51204,499,5,2.75,26.63,No,1.0
PRV51836,1794,18,2.69,42.24,Yes,1.0
PRV52827,804,8,2.69,54.51,No,1.0
PRV54914,402,4,2.68,31.33,No,1.0
PRV56689,1794,18,2.68,38.44,Yes,1.0
PRV55002,100,1,2.67,16.73,No,1.0
PRV54265,406,4,2.9,35.08,No,0.99
PRV56222,101,1,2.9,31.57,No,0.99
PRV55523,303,3,2.86,35.26,No,0.99
PRV51112,304,3,2.81,17.1,No,0.99
PRV54219,101,1,2.81,18.14,No,0.99
PRV52046,101,1,2.78,28.5,No,0.99
PRV56268,1113,11,2.78,68.87,Yes,0.99
PRV52560,503,5,2.76,42.61,No,0.99
PRV54786,1316,13,2.72,32.91,Yes,0.99
PRV53628,202,2,2.7,19.65,No,0.99
PRV57212,101,1,2.7,23.35,No,0.99
PRV51433,1610,16,2.67,43.82,Yes,0.99
PRV51508,202,2,2.66,28.07,No,0.99
PRV55238,101,1,2.62,27.8,No,0.99
PRV52665,607,6,2.46,17.94,No,0.99
PRV53594,101,1,2.4,17.03,No,0.99
PRV57526,202,2,2.33,18.07,No,0.99
PRV54781,205,2,3.28,20.99,Yes,0.98
PRV53326,102,1,3.17,15.61,No,0.98
PRV51867,102,1,2.84,16.12,No,0.98
PRV56738,512,5,2.82,30.39,No,0.98
PRV52645,408,4,2.8,30.57,No,0.98
PRV52064,2844,28,2.69,38.32,Yes,0.98
PRV55270,204,2,2.58,17.48,No,0.98
PRV53971,102,1,2.57,32.88,No,0.98
PRV54927,102,1,2.5,35.64,No,0.98
PRV57710,409,4,2.49,23.75,No,0.98
PRV55304,204,2,2.32,18.11,No,0.98
PRV55971,620,6,3.1,42.53,Yes,0.97
PRV54566,308,3,2.98,28.64,Yes,0.97
PRV57449,103,1,2.98,28.68,No,0.97
PRV54315,103,1,2.84,33.86,No,0.97
PRV54888,413,4,2.59,33.13,No,0.97
PRV52467,103,1,2.58,22.4,Yes,0.97
PRV55556,206,2,2.53,25.41,No,0.97
PRV51426,206,2,2.43,52.15,Yes,0.97
PRV52136,104,1,3.54,17.0,No,0.96
PRV52646,104,1,3.26,17.62,No,0.96
PRV55030,311,3,2.93,31.11,Yes,0.96
PRV53944,104,1,2.9,20.77,No,0.96
PRV56270,1043,10,2.7,26.15,No,0.96
PRV52988,312,3,2.4,22.73,No,0.96
PRV54225,104,1,2.23,16.46,Yes,0.96
PRV54334,105,1,3.27,29.47,No,0.95
PRV55896,105,1,3.16,20.0,Yes,0.95
PRV51879,105,1,2.83,16.87,No,0.95
PRV52365,739,7,2.77,36.07,No,0.95
PRV56011,2833,27,2.72,40.69,Yes,0.95
PRV54690,840,8,2.68,28.64,No,0.95
PRV53960,420,4,2.67,50.05,No,0.95
PRV57303,105,1,2.64,21.14,No,0.95
PRV51636,316,3,2.56,37.97,No,0.95
PRV54813,1056,10,2.49,34.98,No,0.95
PRV53076,105,1,2.29,30.08,No,0.95
PRV51938,106,1,2.94,15.68,No,0.94
PRV52887,530,5,2.76,26.31,Yes,0.94
PRV52889,640,6,2.7,26.49,No,0.94
PRV56813,106,1,2.68,23.33,No,0.94
PRV55232,107,1,3.73,39.81,No,0.93
PRV56605,108,1,3.52,29.07,Yes,0.93
PRV52359,107,1,3.43,17.66,No,0.93
PRV57525,107,1,2.99,18.5,Yes,0.93
PRV55340,108,1,2.92,32.12,No,0.93
PRV54916,107,1,2.88,18.02,No,0.93
PRV55909,107,1,2.81,34.39,No,0.93
PRV56675,323,3,2.68,29.74,No,0.93
PRV53911,536,5,2.64,43.79,Yes,0.93
PRV52872,108,1,2.63,28.26,No,0.93
PRV52312,214,2,2.61,34.48,No,0.93
PRV52936,108,1,2.56,16.04,No,0.93
PRV52104,1189,11,2.54,39.16,No,0.93
PRV55366,107,1,2.42,22.31,No,0.93
PRV54348,217,2,3.53,31.84,No,0.92
PRV55209,762,7,3.23,28.9,Yes,0.92
PRV51600,109,1,3.21,17.1,No,0.92
PRV52642,436,4,3.13,27.03,Yes,0.92
PRV52182,109,1,2.98,15.76,No,0.92
PRV56754,109,1,2.96,26.14,No,0.92
PRV51244,1415,13,2.78,41.74,Yes,0.92
PRV52030,2275,21,2.75,50.56,Yes,0.92
PRV55865,325,3,2.74,23.76,No,0.92
PRV53943,109,1,2.68,16.96,No,0.92
PRV52399,434,4,2.4,29.51,No,0.92
PRV53965,110,1,3.13,15.72,No,0.91
PRV55920,110,1,2.55,27.16,No,0.91
PRV52076,221,2,3.4,34.55,No,0.9
PRV55732,111,1,2.97,31.66,No,0.9
PRV56439,443,4,2.75,39.0,No,0.9
PRV57312,334,3,2.7,23.05,Yes,0.9
PRV51574,4444,40,2.69,36.45,Yes,0.9
PRV56249,1110,10,2.69,37.51,Yes,0.9
PRV57521,111,1,2.66,19.01,No,0.9
PRV56559,1113,10,2.63,36.29,No,0.9
PRV53920,221,2,2.56,35.99,No,0.9
PRV53638,111,1,2.47,16.6,No,0.9
PRV57211,111,1,2.36,15.88,No,0.9
PRV55462,1907,17,3.03,36.78,Yes,0.89
PRV55951,448,4,2.75,33.69,Yes,0.89
PRV52262,112,1,2.68,16.77,No,0.89
PRV55752,563,5,2.64,55.98,No,0.89
PRV51459,8240,73,2.63,98.82,Yes,0.89
PRV51301,112,1,2.62,16.1,No,0.89
PRV56494,560,5,2.55,42.19,No,0.89
PRV55439,224,2,2.54,47.45,No,0.89
PRV57495,113,1,3.6,29.32,Yes,0.88
PRV51183,113,1,3.21,19.41,No,0.88
PRV53239,113,1,3.07,36.52,No,0.88
PRV53824,114,1,3.04,46.5,No,0.88
PRV56243,909,8,2.91,31.94,No,0.88
PRV52374,228,2,2.88,38.63,No,0.88
PRV55729,114,1,2.86,25.35,No,0.88
PRV56416,1592,14,2.86,51.09,Yes,0.88
PRV54284,113,1,2.83,15.84,No,0.88
PRV55855,114,1,2.81,20.85,No,0.88
PRV57677,226,2,2.79,17.71,No,0.88
PRV56361,114,1,2.74,16.71,Yes,0.88
PRV57717,114,1,2.72,26.3,No,0.88
PRV57159,228,2,2.69,22.42,No,0.88
PRV57187,114,1,2.37,16.6,No,0.88
PRV55736,230,2,3.27,33.17,No,0.87
PRV54908,115,1,2.89,41.08,No,0.87
PRV55679,229,2,2.7,30.12,No,0.87
PRV54564,803,7,2.67,34.71,No,0.87
PRV55869,346,3,2.66,34.67,No,0.87
PRV54837,1843,16,2.65,41.11,Yes,0.87
PRV55990,231,2,2.63,18.28,No,0.87
PRV57184,115,1,2.62,20.37,No,0.87
PRV55459,344,3,2.6,17.77,No,0.87
PRV55515,459,4,2.49,23.04,No,0.87
PRV52400,231,2,2.47,35.7,No,0.87
PRV52124,115,1,2.39,15.66,Yes,0.87
PRV56355,115,1,2.24,19.74,No,0.87
PRV54379,116,1,3.56,35.82,No,0.86
PRV52950,116,1,3.13,17.32,No,0.86
PRV57170,579,5,2.9,18.54,Yes,0.86
PRV52340,1743,15,2.8,39.29,Yes,0.86
PRV53695,116,1,2.8,40.82,No,0.86
PRV53121,579,5,2.79,31.55,Yes,0.86
PRV54075,1519,13,2.74,47.37,Yes,0.86
PRV56410,350,3,2.63,30.25,No,0.86
PRV55057,347,3,2.59,29.67,Yes,0.86
PRV56592,118,1,3.76,17.24,Yes,0.85
PRV57492,117,1,3.3,22.23,No,0.85
PRV53262,118,1,3.07,15.51,No,0.85
PRV52394,118,1,2.94,18.63,No,0.85
PRV55215,3393,29,2.76,46.14,Yes,0.85
PRV57763,118,1,2.75,21.28,No,0.85
PRV54742,1892,16,2.71,47.38,Yes,0.85
PRV52085,824,7,2.69,34.05,No,0.85
PRV55491,355,3,2.6,32.25,No,0.85
PRV55592,117,1,2.55,16.09,No,0.85
PRV53676,471,4,2.48,38.32,No,0.85
PRV51743,118,1,2.45,17.09,No,0.85
PRV52623,235,2,2.39,28.64,No,0.85
PRV55247,355,3,2.37,21.88,No,0.85
PRV53627,118,1,2.28,25.49,No,0.85
PRV54269,118,1,2.13,15.6,No,0.85
PRV53712,237,2,4.08,31.48,Yes,0.84
PRV51350,239,2,3.25,38.31,No,0.84
PRV52502,119,1,2.78,29.4,Yes,0.84
PRV51634,119,1,2.75,23.81,No,0.84
PRV54895,3436,29,2.73,44.79,Yes,0.84
PRV55820,477,4,2.7,36.86,No,0.84
PRV54966,1796,15,2.68,46.44,Yes,0.84
PRV53887,598,5,2.62,33.14,Yes,0.84
PRV57167,238,2,2.62,23.55,Yes,0.84
PRV52025,119,1,2.37,33.01,No,0.84
PRV57410,241,2,3.02,36.23,No,0.83
PRV56045,120,1,2.92,23.04,No,0.83
PRV54092,481,4,2.77,49.59,No,0.83
PRV51196,720,6,2.68,35.93,No,0.83
PRV54333,360,3,2.63,26.7,Yes,0.83
PRV56404,363,3,2.61,33.32,No,0.83
PRV55226,242,2,2.6,28.55,No,0.83
PRV55897,482,4,2.57,34.25,Yes,0.83
PRV57344,480,4,2.56,21.2,Yes,0.83
PRV52657,121,1,2.54,15.46,No,0.83
PRV52054,240,2,2.47,34.36,No,0.83
PRV54944,120,1,2.17,22.2,No,0.83
PRV53388,122,1,3.11,17.24,No,0.82
PRV52045,243,2,3.08,26.29,Yes,0.82
PRV54925,122,1,3.08,41.31,Yes,0.82
PRV53432,122,1,2.81,28.74,No,0.82
PRV53036,122,1,2.66,19.74,No,0.82
PRV55229,243,2,2.56,27.76,No,0.82
PRV53992,244,2,2.27,18.2,No,0.82
PRV51496,123,1,3.34,23.54,No,0.81
PRV57510,247,2,3.29,33.17,No,0.81
PRV54986,618,5,3.1,40.68,Yes,0.81
PRV55893,615,5,2.91,27.96,Yes,0.81
PRV52109,248,2,2.8,31.02,No,0.81
PRV53762,618,5,2.78,21.28,Yes,0.81
PRV52156,124,1,2.77,36.09,No,0.81
PRV53790,493,4,2.77,20.82,Yes,0.81
PRV54339,123,1,2.74,16.17,No,0.81
PRV52652,743,6,2.69,40.08,Yes,0.81
PRV52372,124,1,2.65,15.81,No,0.81
PRV51944,124,1,2.63,17.89,No,0.81
PRV52698,123,1,2.58,17.42,No,0.81
PRV53918,3588,29,2.58,35.46,Yes,0.81
PRV53077,124,1,2.31,21.94,No,0.81
PRV56517,123,1,2.29,17.5,No,0.81
PRV56239,125,1,2.83,30.97,No,0.8
PRV51284,377,3,2.82,33.58,No,0.8
PRV53117,251,2,2.8,16.43,No,0.8
PRV53799,753,6,2.74,36.01,No,0.8
PRV55187,125,1,2.64,18.06,No,0.8
PRV53876,125,1,2.63,22.02,No,0.8
PRV53634,497,4,2.54,43.03,No,0.8
PRV52031,125,1,2.41,16.97,No,0.8
PRV55846,127,1,3.56,15.55,No,0.79
PRV56265,126,1,3.11,37.9,No,0.79
PRV54882,253,2,2.89,29.96,Yes,0.79
PRV55180,127,1,2.86,47.34,No,0.79
PRV53244,508,4,2.77,40.22,No,0.79
PRV55000,764,6,2.74,35.65,No,0.79
PRV53895,1273,10,2.64,40.18,Yes,0.79
PRV52571,508,4,2.63,38.05,No,0.79
PRV55937,382,3,2.55,19.09,No,0.79
PRV52313,504,4,2.48,38.51,No,0.79
PRV54983,126,1,2.29,34.45,No,0.79
PRV54973,129,1,3.11,17.79,No,0.78
PRV54705,257,2,2.95,24.96,No,0.78
PRV53785,129,1,2.91,19.6,No,0.78
PRV57306,2315,18,2.7,35.33,Yes,0.78
PRV57151,515,4,2.68,32.21,No,0.78
PRV55388,515,4,2.67,35.54,No,0.78
PRV52982,643,5,2.63,24.91,Yes,0.78
PRV55463,257,2,2.63,16.5,No,0.78
PRV51509,1030,8,2.59,28.34,No,0.78
PRV56615,129,1,2.57,20.5,No,0.78
PRV52337,773,6,2.55,29.9,Yes,0.78
PRV51504,128,1,2.54,17.95,No,0.78
PRV55512,128,1,2.47,18.9,No,0.78
PRV51180,129,1,2.35,15.63,No,0.78
PRV52844,129,1,2.15,15.51,No,0.78
PRV54565,130,1,3.28,15.83,No,0.77
PRV52344,130,1,3.24,26.68,No,0.77
PRV52325,130,1,3.19,16.17,Yes,0.77
PRV51369,2083,16,2.72,35.68,Yes,0.77
PRV53670,1173,9,2.72,30.95,Yes,0.77
PRV51535,388,3,2.69,30.0,No,0.77
PRV52211,130,1,2.62,19.79,No,0.77
PRV56044,260,2,2.62,41.79,No,0.77
PRV53096,130,1,2.58,18.85,No,0.77
PRV55977,1302,10,2.53,23.25,Yes,0.77
PRV53100,130,1,2.5,22.3,No,0.77
PRV51281,259,2,2.49,31.24,No,0.77
PRV57549,518,4,2.28,25.09,No,0.77
PRV52072,132,1,3.57,21.66,No,0.76
PRV56228,262,2,3.01,17.23,No,0.76
PRV53123,132,1,2.87,35.58,No,0.76
PRV54049,132,1,2.79,18.63,No,0.76
PRV57551,132,1,2.77,31.7,No,0.76
PRV52066,1455,11,2.72,35.79,Yes,0.76
PRV57176,131,1,2.7,18.18,No,0.76
PRV54975,132,1,2.68,16.42,No,0.76
PRV52414,132,1,2.6,25.37,No,0.76
PRV56745,132,1,2.54,15.6,No,0.76
PRV52628,2098,16,2.52,39.03,Yes,0.76
PRV52683,131,1,2.2,28.53,No,0.76
PRV51614,268,2,3.72,28.44,Yes,0.75
PRV52144,134,1,3.13,40.04,No,0.75
PRV57693,133,1,3.01,17.76,No,0.75
PRV56649,266,2,2.99,29.79,Yes,0.75
PRV54978,265,2,2.76,29.81,No,0.75
PRV57528,401,3,2.72,30.16,Yes,0.75
PRV54404,266,2,2.7,30.02,No,0.75
PRV57611,134,1,2.66,16.3,No,0.75
PRV57605,134,1,2.42,16.3,No,0.75
PRV53407,133,1,2.38,24.77,No,0.75
PRV51864,133,1,2.33,16.37,No,0.75
PRV56449,135,1,3.04,27.17,No,0.74
PRV56618,135,1,2.88,15.79,No,0.74
PRV54350,1495,11,2.82,42.47,Yes,0.74
PRV51539,538,4,2.8,23.86,Yes,0.74
PRV52041,1885,14,2.69,34.83,Yes,0.74
PRV57104,135,1,2.67,30.04,Yes,0.74
PRV54372,1617,12,2.6,38.23,Yes,0.74
PRV51156,542,4,2.54,24.54,No,0.74
PRV56824,136,1,2.35,24.43,No,0.74
PRV56242,136,1,2.19,15.63,No,0.74
PRV54575,273,2,2.84,22.73,No,0.73
PRV56006,1090,8,2.58,38.62,No,0.73
PRV53915,545,4,2.57,39.92,No,0.73
PRV55935,550,4,2.48,29.03,No,0.73
PRV52566,139,1,3.31,27.26,No,0.72
PRV55872,139,1,3.13,15.69,No,0.72
PRV57209,1108,8,2.63,38.25,Yes,0.72
PRV55158,698,5,2.6,36.32,No,0.72
PRV54745,828,6,2.58,36.8,No,0.72
PRV51495,141,1,4.33,32.68,Yes,0.71
PRV57331,141,1,3.06,18.1,No,0.71
PRV53773,567,4,2.95,33.97,No,0.71
PRV52017,280,2,2.92,25.42,No,0.71
PRV57129,282,2,2.72,17.43,No,0.71
PRV52722,283,2,2.69,18.83,No,0.71
PRV56642,141,1,2.68,15.55,No,0.71
PRV56241,140,1,2.64,28.15,No,0.71
PRV55548,562,4,2.62,23.95,No,0.71
PRV54257,282,2,2.6,18.11,No,0.71
PRV55019,285,2,3.58,30.76,Yes,0.7
PRV52589,426,3,3.05,20.08,Yes,0.7
PRV51042,142,1,2.8,15.77,No,0.7
PRV53859,143,1,2.77,21.8,No,0.7
PRV56345,572,4,2.67,34.16,No,0.7
PRV54971,429,3,2.65,45.66,No,0.7
PRV53958,713,5,2.62,42.59,No,0.7
PRV55929,287,2,2.61,22.54,No,0.7
PRV55510,861,6,2.56,30.23,No,0.7
PRV56437,719,5,2.55,48.52,Yes,0.7
PRV54374,854,6,2.49,25.15,No,0.7
PRV56718,142,1,2.39,34.11,No,0.7
PRV51335,142,1,2.12,19.9,No,0.7
PRV57586,144,1,3.2,18.09,No,0.69
PRV55689,577,4,3.09,31.61,Yes,0.69
PRV57476,145,1,2.95,15.56,No,0.69
PRV53714,144,1,2.91,21.01,No,0.69
PRV55169,721,5,2.89,71.68,No,0.69
PRV55010,289,2,2.78,21.34,Yes,0.69
PRV55654,578,4,2.78,32.46,No,0.69
PRV54071,436,3,2.75,19.52,No,0.69
PRV51507,1013,7,2.65,37.32,Yes,0.69
PRV53276,291,2,2.65,17.59,No,0.69
PRV56602,145,1,2.56,17.0,No,0.69
PRV56725,291,2,2.43,22.57,No,0.69
PRV55323,144,1,2.3,21.55,No,0.69
PRV51061,145,1,2.2,19.78,No,0.69
PRV55016,146,1,2.96,32.35,No,0.68
PRV53245,146,1,2.82,22.06,Yes,0.68
PRV54070,1467,10,2.68,45.2,Yes,0.68
PRV53797,4739,32,2.65,63.12,Yes,0.68
PRV57529,295,2,2.65,20.06,No,0.68
PRV55931,295,2,2.59,19.4,No,0.68
PRV56444,1317,9,2.52,30.38,Yes,0.68
PRV51849,146,1,2.4,21.08,No,0.68
PRV53284,148,1,2.4,15.94,No,0.68
PRV54107,147,1,2.18,21.07,No,0.68
PRV56210,150,1,3.2,18.86,No,0.67
PRV53675,297,2,2.94,37.05,No,0.67
PRV52450,298,2,2.88,33.77,No,0.67
PRV51004,149,1,2.71,15.75,No,0.67
PRV52842,445,3,2.66,40.55,No,0.67
PRV53001,150,1,2.6,16.08,No,0.67
PRV53950,298,2,2.5,20.15,No,0.67
PRV57317,458,3,2.8,35.98,Yes,0.66
PRV53939,304,2,2.77,16.73,No,0.66
PRV52310,454,3,2.75,30.54,No,0.66
PRV52881,302,2,2.74,26.04,No,0.66
PRV52133,305,2,2.72,22.54,No,0.66
PRV56221,305,2,2.64,16.61,No,0.66
PRV57339,458,3,2.6,32.5,No,0.66
PRV51737,152,1,2.51,16.56,No,0.66
PRV52631,1057,7,2.51,28.57,No,0.66
PRV55692,152,1,2.51,20.39,No,0.66
PRV51340,151,1,2.41,15.6,No,0.66
PRV55164,154,1,3.07,18.65,No,0.65
PRV52150,310,2,3.02,40.17,No,0.65
PRV52193,153,1,2.96,24.92,No,0.65
PRV54287,155,1,2.9,15.55,No,0.65
PRV53923,155,1,2.8,31.65,Yes,0.65
PRV52362,154,1,2.6,17.26,No,0.65
PRV55734,310,2,2.55,16.58,No,0.65
PRV54330,472,3,2.76,30.26,No,0.64
PRV57157,156,1,2.67,36.8,No,0.64
PRV56428,311,2,2.56,21.58,Yes,0.64
PRV54896,159,1,3.42,15.95,Yes,0.63
PRV52092,159,1,3.04,40.97,No,0.63
PRV51499,474,3,2.89,72.28,No,0.63
PRV54670,159,1,2.8,23.78,No,0.63
PRV52063,792,5,2.71,37.33,No,0.63
PRV56803,795,5,2.71,60.36,No,0.63
PRV57530,478,3,2.69,16.97,No,0.63
PRV52361,158,1,2.66,28.38,No,0.63
PRV57103,2049,13,2.56,28.97,Yes,0.63
PRV55001,158,1,2.23,16.14,No,0.63
PRV51265,160,1,2.83,23.15,No,0.62
PRV51480,1924,12,2.71,32.99,Yes,0.62
PRV55831,810,5,2.64,39.82,No,0.62
PRV55357,161,1,2.55,30.74,No,0.62
PRV51154,161,1,2.54,19.33,No,0.62
PRV53672,487,3,2.52,21.21,No,0.62
PRV56672,161,1,2.42,31.84,No,0.62
PRV56104,483,3,2.4,30.26,Yes,0.62
PRV56637,161,1,2.38,17.99,No,0.62
PRV51148,330,2,2.71,17.46,Yes,0.61
PRV57206,490,3,2.7,33.15,Yes,0.61
PRV56019,659,4,2.69,30.19,No,0.61
PRV55997,326,2,2.63,32.2,No,0.61
PRV53440,164,1,2.37,16.28,No,0.61
PRV54918,166,1,3.32,16.05,Yes,0.6
PRV53662,331,2,2.79,36.07,No,0.6
PRV55207,167,1,2.35,22.99,No,0.6
PRV57603,169,1,2.79,36.67,No,0.59
PRV57305,675,4,2.73,24.45,No,0.59
PRV51948,515,3,3.22,24.66,Yes,0.58
PRV52543,171,1,2.97,15.52,No,0.58
PRV53806,173,1,2.59,28.3,No,0.58
PRV52389,171,1,2.55,15.96,No,0.58
PRV53997,172,1,2.43,16.56,No,0.58
PRV53417,171,1,2.25,16.91,Yes,0.58
PRV55974,175,1,3.19,15.75,No,0.57
PRV54228,352,2,2.75,30.54,No,0.57
PRV57172,1760,10,2.63,37.01,Yes,0.57
PRV52014,351,2,2.56,31.76,No,0.57
PRV53871,1220,7,2.54,24.75,No,0.57
PRV52884,707,4,2.48,37.07,Yes,0.57
PRV56616,176,1,2.47,21.5,Yes,0.57
PRV51471,180,1,4.27,21.1,Yes,0.56
PRV52487,177,1,2.7,16.01,No,0.56
PRV51391,177,1,2.54,17.69,No,0.56
PRV54741,177,1,2.52,24.04,No,0.56
PRV54919,178,1,2.3,15.63,No,0.56
PRV52488,183,1,2.98,33.24,No,0.55
PRV53609,183,1,2.57,29.37,No,0.55
PRV52395,912,5,2.54,35.48,No,0.55
PRV52907,183,1,2.53,16.02,No,0.55
PRV54370,181,1,2.41,24.1,No,0.55
PRV52469,184,1,2.76,15.78,No,0.54
PRV57185,186,1,2.75,25.64,Yes,0.54
PRV52304,184,1,2.63,16.62,No,0.54
PRV52062,184,1,2.54,23.47,No,0.54
PRV56248,934,5,2.49,36.63,No,0.54
PRV54090,190,1,2.79,28.02,No,0.53
PRV54557,564,3,2.68,30.82,Yes,0.53
PRV55233,187,1,2.68,29.32,No,0.53
PRV52323,190,1,2.55,15.64,No,0.53
PRV53259,187,1,2.46,16.87,No,0.53
PRV53294,582,3,2.71,18.48,No,0.52
PRV52663,576,3,2.67,24.03,No,0.52
PRV57171,191,1,2.65,25.02,No,0.52
PRV52049,192,1,2.57,20.89,No,0.52
PRV54080,573,3,2.56,36.56,No,0.52
PRV55313,192,1,2.53,36.21,No,0.52
PRV53335,381,2,2.49,30.07,No,0.52
PRV52303,392,2,2.96,27.22,No,0.51
PRV55821,195,1,2.73,15.59,Yes,0.51
PRV56733,198,1,2.73,30.15,No,0.51
PRV53900,789,4,2.7,30.7,Yes,0.51
PRV51164,391,2,2.68,35.47,No,0.51
PRV54939,1380,7,2.57,31.07,Yes,0.51
PRV52860,393,2,2.55,34.07,Yes,0.51
PRV52870,589,3,2.52,21.07,Yes,0.51
PRV55984,392,2,2.39,29.08,No,0.51
PRV55450,201,1,2.98,16.14,No,0.5
PRV55087,201,1,2.84,15.47,No,0.5
PRV52980,601,3,2.57,27.21,No,0.5
PRV51838,200,1,2.41,16.48,No,0.5
PRV53608,199,1,2.33,31.04,No,0.5
PRV56406,201,1,2.3,16.87,No,0.5
PRV54949,412,2,2.93,27.23,No,0.49
PRV54000,206,1,2.78,15.54,No,0.49
PRV57179,206,1,2.65,24.71,Yes,0.49
PRV57448,205,1,2.63,21.29,No,0.49
PRV55034,612,3,2.47,29.01,Yes,0.49
PRV52402,209,1,3.27,20.22,No,0.48
PRV52583,208,1,3.04,30.2,No,0.48
PRV57674,413,2,2.72,54.06,No,0.48
PRV52684,210,1,2.71,19.86,No,0.48
PRV54688,1032,5,2.71,46.75,Yes,0.48
PRV51410,628,3,2.59,16.99,Yes,0.48
PRV53679,826,4,2.58,24.09,No,0.48
PRV52648,842,4,2.5,25.22,Yes,0.48
PRV54387,415,2,2.5,31.13,No,0.48
PRV52147,211,1,2.59,17.86,Yes,0.47
PRV51695,429,2,2.57,15.83,No,0.47
PRV57224,214,1,2.36,35.57,No,0.47
PRV52366,216,1,2.77,25.85,No,0.46
PRV57407,217,1,2.69,24.01,No,0.46
PRV52233,216,1,2.68,16.43,No,0.46
PRV54099,217,1,2.55,17.35,No,0.46
PRV55892,449,2,2.65,27.33,No,0.45
PRV51176,445,2,2.62,21.43,No,0.45
PRV54985,223,1,2.4,15.5,No,0.45
PRV57597,227,1,2.81,32.65,No,0.44
PRV54267,226,1,2.74,21.99,No,0.44
PRV54085,234,1,2.95,16.43,No,0.43
PRV54273,234,1,2.84,20.85,No,0.43
PRV56501,232,1,2.7,15.6,Yes,0.43
PRV55470,470,2,2.68,15.98,No,0.43
PRV54683,462,2,2.63,41.56,No,0.43
PRV55986,232,1,2.63,16.42,No,0.43
PRV52098,469,2,2.62,27.05,No,0.43
PRV51005,1165,5,2.59,30.27,Yes,0.43
PRV54255,232,1,2.41,20.58,No,0.43
PRV55911,239,1,3.01,20.53,Yes,0.42
PRV55850,236,1,2.65,25.97,No,0.42
PRV52386,237,1,2.61,15.49,No,0.42
PRV52649,2156,9,2.55,44.55,Yes,0.42
PRV52145,245,1,2.8,28.27,No,0.41
PRV55955,246,1,2.8,26.99,No,0.41
PRV52071,749,3,2.67,38.5,No,0.4
PRV52154,742,3,2.62,26.96,No,0.4
PRV54332,995,4,2.47,30.11,No,0.4
PRV52661,247,1,2.41,32.6,No,0.4
PRV51905,257,1,2.65,19.51,No,0.39
PRV57502,260,1,3.33,32.37,Yes,0.38
PRV56435,260,1,2.42,15.85,Yes,0.38
PRV52159,271,1,2.87,16.05,No,0.37
PRV54438,272,1,2.75,38.34,No,0.37
PRV55835,269,1,2.49,33.95,Yes,0.37
PRV51488,272,1,2.45,15.74,No,0.37
PRV52452,274,1,2.98,16.27,No,0.36
PRV51036,278,1,2.81,19.16,No,0.36
PRV57319,279,1,2.7,27.21,No,0.36
PRV52660,558,2,2.57,29.64,No,0.36
PRV52561,280,1,2.31,15.46,No,0.36
PRV56782,288,1,2.75,17.57,No,0.35
PRV52001,1177,4,2.66,29.29,No,0.34
PRV53623,894,3,2.53,35.48,Yes,0.34
PRV54144,294,1,2.53,22.66,Yes,0.34
PRV52593,582,2,2.51,16.87,Yes,0.34
PRV52826,292,1,2.22,15.87,Yes,0.34
PRV55999,306,1,2.68,17.64,No,0.33
PRV56613,304,1,2.56,17.73,No,0.33
PRV55250,301,1,2.48,21.67,Yes,0.33
PRV54681,301,1,2.35,17.82,No,0.33
PRV55263,319,1,2.69,31.74,No,0.31
PRV56213,643,2,2.58,20.89,No,0.31
PRV52141,671,2,2.76,35.07,No,0.3
PRV54694,330,1,2.48,15.89,No,0.3
PRV56706,347,1,2.79,17.82,Yes,0.29
PRV55465,339,1,2.76,16.66,No,0.29
PRV54399,349,1,2.6,34.75,Yes,0.29
PRV52559,359,1,2.57,15.51,No,0.28
PRV55489,361,1,2.49,30.1,No,0.28
PRV51959,751,2,2.45,60.98,No,0.27
PRV56743,393,1,2.35,20.01,No,0.25
PRV55834,453,1,2.43,31.5,No,0.22
PRV53874,524,1,2.64,26.88,No,0.19
PRV51017,515,1,2.56,17.13,No,0.19
PRV52829,533,1,2.49,15.71,No,0.19
PRV51273,553,1,2.66,27.16,No,0.18
PRV55969,688,1,2.48,17.06,No,0.15
PRV56168,1,0,14.16,14.16,No,0.0
PRV56540,1,0,12.78,12.78,No,0.0
PRV52970,1,0,12.39,12.39,No,0.0
PRV52024,2,0,11.9,14.73,No,0.0
PRV56891,1,0,11.4,11.4,No,0.0
PRV55603,2,0,11.1,11.43,No,0.0
PRV56202,1,0,10.18,10.18,No,0.0
PRV52741,2,0,9.52,10.52,No,0.0
PRV53600,1,0,9.49,9.49,No,0.0
PRV53861,2,0,9.48,10.13,No,0.0
PRV54164,2,0,9.31,10.93,No,0.0
PRV54817,1,0,9.22,9.22,No,0.0
PRV51053,1,0,9.08,9.08,No,0.0
PRV57294,2,0,8.83,11.54,No,0.0
PRV53084,1,0,8.53,8.53,No,0.0
PRV55599,1,0,8.49,8.49,No,0.0
PRV54673,1,0,8.46,8.46,No,0.0
PRV56122,3,0,8.2,13.89,No,0.0
PRV56050,1,0,8.19,8.19,No,0.0
PRV57633,4,0,8.16,11.09,No,0.0
PRV55156,1,0,7.94,7.94,No,0.0
PRV57461,1,0,7.92,7.92,No,0.0
PRV51354,4,0,7.74,13.88,No,0.0
PRV51233,3,0,7.7,10.95,No,0.0
PRV57670,1,0,7.66,7.66,No,0.0
PRV55776,4,0,7.64,14.7,No,0.0
PRV56900,2,0,7.34,9.52,No,0.0
PRV52804,1,0,7.14,7.14,No,0.0
PRV53865,6,0,7.12,14.11,No,0.0
PRV51213,2,0,7.1,10.81,No,0.0
PRV55135,3,0,6.98,14.92,No,0.0
PRV56603,4,0,6.94,11.35,No,0.0
PRV57467,1,0,6.9,6.9,No,0.0
PRV54204,4,0,6.89,9.64,No,0.0
PRV52295,5,0,6.88,9.9,No,0.0
PRV57020,6,0,6.83,13.64,No,0.0
PRV51981,5,0,6.78,15.17,No,0.0
PRV54679,1,0,6.73,6.73,No,0.0
PRV54820,1,0,6.73,6.73,No,0.0
PRV56057,9,0,6.7,12.73,No,0.0
PRV54275,1,0,6.66,6.66,No,0.0
PRV51918,1,0,6.65,6.65,No,0.0
PRV53864,2,0,6.64,8.92,No,0.0
PRV55379,4,0,6.57,9.86,No,0.0
PRV57290,2,0,6.57,10.69,No,0.0
PRV57302,4,0,6.39,13.24,No,0.0
PRV56836,3,0,6.33,12.52,No,0.0
PRV51570,1,0,6.31,6.31,No,0.0
PRV54046,1,0,6.28,6.28,No,0.0
PRV57144,8,0,6.28,12.53,No,0.0
PRV53033,2,0,6.26,8.86,No,0.0
PRV54325,15,0,6.26,14.13,No,0.0
PRV55131,2,0,6.23,9.58,No,0.0
PRV56289,5,0,6.14,10.12,No,0.0
PRV55581,2,0,6.13,9.49,No,0.0
PRV56895,14,0,6.13,12.37,No,0.0
PRV56897,8,0,6.12,14.83,No,0.0
PRV51829,5,0,6.11,10.72,No,0.0
PRV52462,2,0,6.1,9.71,No,0.0
PRV53174,5,0,6.1,9.51,No,0.0
PRV53599,3,0,6.07,12.51,No,0.0
PRV53604,6,0,6.06,11.12,No,0.0
PRV55152,10,0,6.04,12.37,No,0.0
PRV57629,10,0,6.04,11.5,No,0.0
PRV52957,1,0,6.0,6.0,No,0.0
PRV56342,5,0,5.98,11.78,No,0.0
PRV51108,19,0,5.96,15.19,No,0.0
PRV55151,1,0,5.95,5.95,No,0.0
PRV56339,1,0,5.91,5.91,No,0.0
PRV53355,3,0,5.86,13.36,No,0.0
PRV56912,7,0,5.84,14.69,No,0.0
PRV56106,2,0,5.83,7.94,No,0.0
PRV52446,10,0,5.78,14.74,No,0.0
PRV51805,3,0,5.77,9.4,Yes,0.0
PRV55813,7,0,5.77,10.61,No,0.0
PRV51207,3,0,5.75,6.33,No,0.0
PRV52899,1,0,5.75,5.75,No,0.0
PRV56133,15,0,5.75,13.59,No,0.0
PRV57105,4,0,5.74,9.61,No,0.0
PRV57636,5,0,5.74,8.65,No,0.0
PRV54520,15,0,5.73,14.34,No,0.0
PRV51368,4,0,5.72,6.32,No,0.0
PRV53451,5,0,5.72,11.01,No,0.0
PRV51813,10,0,5.71,15.34,No,0.0
PRV57094,3,0,5.7,9.5,No,0.0
PRV52651,4,0,5.69,11.62,No,0.0
PRV57578,2,0,5.69,10.81,No,0.0
PRV53596,4,0,5.68,10.67,No,0.0
PRV56918,7,0,5.66,10.37,Yes,0.0
PRV56089,1,0,5.64,5.64,No,0.0
PRV55751,2,0,5.63,10.82,No,0.0
PRV55155,9,0,5.62,9.48,No,0.0
PRV52294,7,0,5.6,9.42,No,0.0
PRV52466,13,0,5.59,13.43,No,0.0
PRV52803,2,0,5.58,7.64,No,0.0
PRV55802,1,0,5.57,5.57,No,0.0
PRV55815,4,0,5.54,13.05,No,0.0
PRV55659,20,0,5.51,12.97,Yes,0.0
PRV52966,3,0,5.48,15.46,No,0.0
PRV56896,3,0,5.48,8.15,No,0.0
PRV55670,9,0,5.47,10.89,Yes,0.0
PRV54497,5,0,5.46,9.72,No,0.0
PRV52961,5,0,5.43,13.79,No,0.0
PRV53178,7,0,5.43,8.43,No,0.0
PRV53377,7,0,5.43,14.05,No,0.0
PRV51569,5,0,5.41,14.04,No,0.0
PRV57063,1,0,5.41,5.41,No,0.0
PRV55578,1,0,5.39,5.39,No,0.0
PRV51833,3,0,5.38,12.81,No,0.0
PRV52267,10,0,5.38,15.3,No,0.0
PRV54720,9,0,5.38,11.95,No,0.0
PRV51824,10,0,5.37,12.58,No,0.0
PRV55305,3,0,5.36,14.02,No,0.0
PRV51611,8,0,5.35,11.36,No,0.0
PRV54848,28,0,5.33,15.26,No,0.0
PRV51827,18,0,5.32,11.45,No,0.0
PRV52696,3,0,5.31,7.53,No,0.0
PRV51231,2,0,5.3,6.26,No,0.0
PRV52810,6,0,5.3,11.51,No,0.0
PRV52572,3,0,5.27,10.51,No,0.0
PRV54199,1,0,5.27,5.27,No,0.0
PRV57073,10,0,5.27,14.45,No,0.0
PRV53511,1,0,5.26,5.26,No,0.0
PRV54821,7,0,5.26,11.17,No,0.0
PRV55863,5,0,5.26,8.57,No,0.0
PRV57087,4,0,5.26,12.92,No,0.0
PRV52282,6,0,5.25,13.42,No,0.0
PRV53063,4,0,5.25,10.87,No,0.0
PRV55668,4,0,5.25,9.03,No,0.0
PRV56971,4,0,5.25,9.97,No,0.0
PRV54503,1,0,5.23,5.23,No,0.0
PRV54830,11,0,5.23,11.28,No,0.0
PRV56944,3,0,5.23,11.58,No,0.0
PRV54867,3,0,5.22,11.19,No,0.0
PRV54460,5,0,5.2,11.78,No,0.0
PRV51807,7,0,5.19,15.43,No,0.0
PRV54466,3,0,5.19,9.73,No,0.0
PRV55660,4,0,5.19,14.09,No,0.0
PRV51821,10,0,5.18,9.44,No,0.0
PRV51710,17,0,5.17,14.58,No,0.0
PRV55800,1,0,5.15,5.15,No,0.0
PRV55818,10,0,5.13,13.27,No,0.0
PRV52201,9,0,5.12,12.8,No,0.0
PRV57298,3,0,5.1,7.88,No,0.0
PRV52232,4,0,5.08,9.22,No,0.0
PRV54576,16,0,5.07,9.32,No,0.0
PRV54645,2,0,5.06,5.76,No,0.0
PRV56916,11,0,5.06,9.77,No,0.0
PRV57490,21,0,5.06,9.29,No,0.0
PRV53167,3,0,5.05,7.13,No,0.0
PRV54058,35,0,5.03,14.78,No,0.0
PRV51919,6,0,5.02,12.69,No,0.0
PRV54201,4,0,5.02,6.87,No,0.0
PRV51090,7,0,5.01,14.39,No,0.0
PRV56819,25,0,5.0,13.41,No,0.0
PRV51826,21,0,4.99,12.65,Yes,0.0
PRV56125,7,0,4.99,13.8,No,0.0
PRV53049,2,0,4.98,7.23,No,0.0
PRV54059,18,0,4.98,10.38,No,0.0
PRV52976,4,0,4.97,7.53,No,0.0
PRV52537,1,0,4.96,4.96,No,0.0
PRV55721,5,0,4.96,9.7,No,0.0
PRV55871,12,0,4.96,11.78,No,0.0
PRV56635,10,0,4.96,13.85,No,0.0
PRV57634,8,0,4.96,8.16,No,0.0
PRV56699,3,0,4.94,9.5,No,0.0
PRV52176,21,0,4.93,9.25,No,0.0
PRV55810,1,0,4.92,4.92,No,0.0
PRV56544,20,0,4.92,10.34,No,0.0
PRV55120,9,0,4.91,8.14,No,0.0
PRV57146,9,0,4.91,11.04,No,0.0
PRV54178,2,0,4.9,6.96,No,0.0
PRV55428,1,0,4.9,4.9,No,0.0
PRV56549,2,0,4.88,7.14,No,0.0
PRV55587,7,0,4.87,10.46,No,0.0
PRV57016,16,0,4.87,12.95,No,0.0
PRV57284,23,0,4.87,15.2,Yes,0.0
PRV54012,8,0,4.86,11.77,No,0.0
PRV55706,1,0,4.86,4.86,No,0.0
PRV52904,3,0,4.85,5.64,No,0.0
PRV55632,1,0,4.84,4.84,No,0.0
PRV56885,10,0,4.84,8.23,No,0.0
PRV54502,3,0,4.82,6.56,No,0.0
PRV51672,6,0,4.81,14.3,No,0.0
PRV54031,5,0,4.81,9.32,No,0.0
PRV55584,2,0,4.81,8.95,No,0.0
PRV57714,4,0,4.81,9.32,No,0.0
PRV51818,29,0,4.8,13.61,Yes,0.0
PRV54812,12,0,4.8,12.07,No,0.0
PRV57699,3,0,4.8,7.4,No,0.0
PRV51136,1,0,4.79,4.79,No,0.0
PRV52012,1,0,4.79,4.79,No,0.0
PRV52285,19,0,4.78,10.97,No,0.0
PRV54200,13,0,4.77,13.27,No,0.0
PRV54903,7,0,4.77,9.64,No,0.0
PRV54789,3,0,4.76,5.87,No,0.0
PRV56870,13,0,4.76,14.34,No,0.0
PRV57023,15,0,4.76,11.52,No,0.0
PRV53506,1,0,4.75,4.75,No,0.0
PRV55887,6,0,4.75,11.27,No,0.0
PRV56906,7,0,4.75,8.06,No,0.0
PRV52611,16,0,4.74,12.59,No,0.0
PRV54883,1,0,4.74,4.74,No,0.0
PRV57440,4,0,4.73,7.93,No,0.0
PRV57567,12,0,4.72,14.39,No,0.0
PRV57707,2,0,4.71,8.21,No,0.0
PRV51830,6,0,4.7,7.65,No,0.0
PRV53513,2,0,4.7,6.23,No,0.0
PRV56306,7,0,4.69,12.01,No,0.0
PRV56340,3,0,4.69,5.74,No,0.0
PRV51120,7,0,4.68,13.52,No,0.0
PRV51831,2,0,4.68,5.53,No,0.0
PRV53236,9,0,4.68,9.15,No,0.0
PRV57131,2,0,4.68,5.4,No,0.0
PRV57234,24,0,4.68,13.66,No,0.0
PRV52816,1,0,4.67,4.67,No,0.0
PRV56546,9,0,4.67,10.81,No,0.0
PRV53598,8,0,4.66,8.39,No,0.0
PRV54483,13,0,4.66,8.89,No,0.0
PRV53683,9,0,4.65,13.17,No,0.0
PRV55786,11,0,4.65,15.29,No,0.0
PRV51334,2,0,4.64,5.18,No,0.0
PRV55778,1,0,4.64,4.64,No,0.0
PRV57635,18,0,4.64,10.63,No,0.0
PRV53028,3,0,4.63,9.54,No,0.0
PRV51235,2,0,4.62,5.38,No,0.0
PRV56867,9,0,4.62,13.2,No,0.0
PRV54052,6,0,4.61,11.89,No,0.0
PRV54724,71,0,4.61,14.46,No,0.0
PRV57143,1,0,4.6,4.6,No,0.0
PRV51799,3,0,4.59,7.73,No,0.0
PRV51258,14,0,4.58,11.33,No,0.0
PRV51526,20,0,4.57,15.12,No,0.0
PRV52757,1,0,4.57,4.57,No,0.0
PRV56130,17,0,4.57,14.6,No,0.0
PRV57086,6,0,4.57,9.68,No,0.0
PRV55385,8,0,4.53,14.82,No,0.0
PRV53559,2,0,4.52,8.79,No,0.0
PRV57403,15,0,4.52,8.27,No,0.0
PRV51423,1,0,4.51,4.51,No,0.0
PRV55793,6,0,4.51,9.84,No,0.0
PRV56715,13,0,4.5,13.79,No,0.0
PRV57692,2,0,4.5,8.32,No,0.0
PRV57724,2,0,4.5,6.48,No,0.0
PRV52862,76,0,4.49,14.45,No,0.0
PRV56947,3,0,4.49,8.5,No,0.0
PRV52290,10,0,4.46,7.27,No,0.0
PRV54480,6,0,4.46,9.59,No,0.0
PRV55604,17,0,4.46,9.56,No,0.0
PRV56129,23,0,4.46,14.83,No,0.0
PRV51828,11,0,4.45,7.9,No,0.0
PRV57018,33,0,4.45,13.99,Yes,0.0
PRV53317,16,0,4.44,10.92,No,0.0
PRV55130,3,0,4.44,4.86,No,0.0
PRV53179,28,0,4.43,13.5,No,0.0
PRV56329,14,0,4.43,14.33,No,0.0
PRV56893,7,0,4.43,9.51,No,0.0
PRV57401,8,0,4.43,10.32,No,0.0
PRV52226,2,0,4.42,4.54,No,0.0
PRV52694,2,0,4.42,6.63,No,0.0
PRV56389,15,0,4.42,10.28,No,0.0
PRV56391,2,0,4.42,5.03,No,0.0
PRV51465,7,0,4.41,9.7,No,0.0
PRV54188,4,0,4.41,9.81,No,0.0
PRV51566,26,0,4.4,11.85,No,0.0
PRV51811,15,0,4.39,11.96,No,0.0
PRV53515,1,0,4.39,4.39,No,0.0
PRV57080,1,0,4.39,4.39,No,0.0
PRV55663,7,0,4.38,6.54,No,0.0
PRV55132,10,0,4.37,8.87,No,0.0
PRV51349,30,0,4.36,13.22,No,0.0
PRV51599,5,0,4.36,9.68,No,0.0
PRV52806,2,0,4.36,6.25,No,0.0
PRV52933,8,0,4.36,14.78,Yes,0.0
PRV54357,10,0,4.36,15.24,No,0.0
PRV57293,12,0,4.36,9.94,No,0.0
PRV51655,3,0,4.35,6.76,No,0.0
PRV52714,5,0,4.35,15.32,No,0.0
PRV53558,22,0,4.35,14.09,No,0.0
PRV54016,4,0,4.35,7.96,No,0.0
PRV55136,8,0,4.35,7.22,No,0.0
PRV55880,15,0,4.35,12.43,No,0.0
PRV57757,11,0,4.35,8.04,No,0.0
PRV51956,14,0,4.34,10.76,No,0.0
PRV53850,10,0,4.34,8.29,No,0.0
PRV54834,16,0,4.34,15.4,No,0.0
PRV56986,2,0,4.34,5.51,No,0.0
PRV57049,22,0,4.34,10.51,Yes,0.0
PRV57630,8,0,4.34,9.67,No,0.0
PRV57751,4,0,4.34,11.72,No,0.0
PRV51126,20,0,4.33,14.77,Yes,0.0
PRV52449,6,0,4.33,7.85,No,0.0
PRV53970,4,0,4.33,5.84,No,0.0
PRV54120,2,0,4.33,8.49,No,0.0
PRV51707,12,0,4.31,11.92,No,0.0
PRV54324,32,0,4.31,12.53,No,0.0
PRV55661,14,0,4.31,9.71,No,0.0
PRV51628,6,0,4.3,6.32,No,0.0
PRV52729,2,0,4.3,7.86,No,0.0
PRV53220,5,0,4.3,10.23,No,0.0
PRV55606,4,0,4.3,5.99,No,0.0
PRV52526,1,0,4.29,4.29,No,0.0
PRV51429,10,0,4.28,13.08,No,0.0
PRV52978,5,0,4.28,5.08,No,0.0
PRV53507,9,0,4.27,7.55,No,0.0
PRV55430,7,0,4.27,6.54,Yes,0.0
PRV57437,27,0,4.27,14.18,No,0.0
PRV51016,6,0,4.26,10.14,No,0.0
PRV53217,5,0,4.26,7.62,No,0.0
PRV53949,5,0,4.25,10.26,No,0.0
PRV54676,40,0,4.25,15.2,Yes,0.0
PRV55498,27,0,4.25,13.48,No,0.0
PRV57638,9,0,4.25,9.93,No,0.0
PRV52289,4,0,4.24,7.16,No,0.0
PRV52458,1,0,4.24,4.24,No,0.0
PRV53978,1,0,4.24,4.24,No,0.0
PRV55744,2,0,4.24,7.84,No,0.0
PRV51170,16,0,4.23,14.19,Yes,0.0
PRV51727,3,0,4.23,6.9,No,0.0
PRV53202,11,0,4.23,10.23,No,0.0
PRV54547,3,0,4.23,10.64,No,0.0
PRV57679,1,0,4.23,4.23,No,0.0
PRV51617,22,0,4.22,12.96,No,0.0
PRV52205,2,0,4.22,7.79,No,0.0
PRV56120,4,0,4.22,6.66,No,0.0
PRV51654,2,0,4.21,7.96,No,0.0
PRV53517,2,0,4.2,4.7,No,0.0
PRV54013,1,0,4.2,4.2,No,0.0
PRV54061,11,0,4.19,14.84,No,0.0
PRV54675,37,0,4.19,10.35,Yes,0.0
PRV55572,1,0,4.19,4.19,No,0.0
PRV56046,20,0,4.19,9.28,No,0.0
PRV56888,10,0,4.19,13.36,No,0.0
PRV51722,1,0,4.18,4.18,No,0.0
PRV53085,2,0,4.18,4.21,No,0.0
PRV53516,1,0,4.18,4.18,No,0.0
PRV55126,2,0,4.18,5.0,No,0.0
PRV55877,4,0,4.18,12.68,No,0.0
PRV54263,6,0,4.17,11.63,No,0.0
PRV52196,6,0,4.16,9.01,No,0.0
PRV56547,7,0,4.16,7.8,No,0.0
PRV51360,29,0,4.15,9.62,No,0.0
PRV51630,5,0,4.15,15.24,No,0.0
PRV52195,10,0,4.15,6.82,Yes,0.0
PRV55475,17,0,4.15,14.77,No,0.0
PRV57462,10,0,4.14,15.25,No,0.0
PRV54167,9,0,4.13,13.31,No,0.0
PRV54638,6,0,4.13,8.32,No,0.0
PRV56545,1,0,4.13,4.13,No,0.0
PRV51687,10,0,4.12,10.61,No,0.0
PRV54213,67,0,4.11,13.15,No,0.0
PRV56490,14,0,4.11,9.39,No,0.0
PRV57033,53,0,4.11,14.93,No,0.0
PRV51331,5,0,4.1,7.88,No,0.0
PRV51446,24,0,4.1,13.3,No,0.0
PRV54019,4,0,4.1,10.06,No,0.0
PRV57728,4,0,4.1,14.5,No,0.0
PRV56095,11,0,4.09,11.67,No,0.0
PRV52532,16,0,4.08,12.37,No,0.0
PRV54356,31,0,4.08,13.51,No,0.0
PRV55444,128,0,4.08,15.17,Yes,0.0
PRV56131,15,0,4.08,7.41,No,0.0
PRV57089,3,0,4.08,7.38,No,0.0
PRV57397,7,0,4.08,7.67,No,0.0
PRV51102,12,0,4.07,6.23,No,0.0
PRV52910,18,0,4.07,14.69,No,0.0
PRV53114,29,0,4.07,15.25,Yes,0.0
PRV56522,3,0,4.07,6.53,No,0.0
PRV51232,1,0,4.06,4.06,No,0.0
PRV51810,3,0,4.05,6.24,No,0.0
PRV52461,7,0,4.05,5.62,No,0.0
PRV53329,11,0,4.05,12.23,No,0.0
PRV56686,20,0,4.05,11.76,No,0.0
PRV52998,33,0,4.04,13.65,No,0.0
PRV54055,25,0,4.04,9.04,No,0.0
PRV56413,12,0,4.04,14.54,No,0.0
PRV57489,17,0,4.04,7.11,No,0.0
PRV53646,3,0,4.03,6.29,No,0.0
PRV53995,3,0,4.03,7.7,No,0.0
PRV56541,54,0,4.03,12.3,Yes,0.0
PRV52266,37,0,4.01,10.43,No,0.0
PRV53350,4,0,4.01,8.09,No,0.0
PRV53857,10,0,4.01,7.74,No,0.0
PRV56937,5,0,4.01,11.83,No,0.0
PRV52586,1,0,4.0,4.0,No,0.0
PRV53018,41,0,4.0,14.84,No,0.0
PRV56808,62,0,3.99,15.16,Yes,0.0
PRV52468,21,0,3.97,14.95,No,0.0
PRV52219,4,0,3.96,9.46,No,0.0
PRV52763,1,0,3.96,3.96,No,0.0
PRV55431,2,0,3.96,5.2,No,0.0
PRV51770,15,0,3.95,10.56,No,0.0
PRV52221,1,0,3.95,3.95,No,0.0
PRV53172,3,0,3.95,6.23,No,0.0
PRV53378,10,0,3.95,10.39,No,0.0
PRV54558,73,0,3.95,14.68,No,0.0
PRV55760,3,0,3.95,9.69,No,0.0
PRV57675,3,0,3.95,6.27,No,0.0
PRV51978,4,0,3.94,5.91,No,0.0
PRV53885,12,0,3.94,13.06,No,0.0
PRV54549,1,0,3.94,3.94,No,0.0
PRV56543,4,0,3.94,5.36,No,0.0
PRV55128,8,0,3.93,8.26,No,0.0
PRV55382,8,0,3.93,9.18,No,0.0
PRV56058,11,0,3.93,9.48,No,0.0
PRV57053,23,0,3.93,14.45,No,0.0
PRV51549,21,0,3.92,13.97,No,0.0
PRV54664,2,0,3.92,5.22,No,0.0
PRV53461,36,0,3.91,13.81,Yes,0.0
PRV57024,9,0,3.91,7.12,No,0.0
PRV56140,31,0,3.9,12.42,No,0.0
PRV56784,19,0,3.9,12.54,No,0.0
PRV57141,17,0,3.9,13.74,No,0.0
PRV53162,5,0,3.89,7.95,No,0.0
PRV53845,20,0,3.89,15.06,No,0.0
PRV57295,14,0,3.89,9.01,Yes,0.0
PRV52644,31,0,3.88,12.12,No,0.0
PRV53651,11,0,3.88,13.11,No,0.0
PRV54194,7,0,3.88,12.3,No,0.0
PRV54300,6,0,3.88,8.08,No,0.0
PRV56519,7,0,3.88,8.66,No,0.0
PRV57251,15,0,3.88,11.55,No,0.0
PRV53862,6,0,3.87,9.56,No,0.0
PRV54822,16,0,3.87,11.36,Yes,0.0
PRV55143,1,0,3.87,3.87,No,0.0
PRV55983,22,0,3.87,10.29,No,0.0
PRV56048,16,0,3.87,10.66,No,0.0
PRV51422,25,0,3.86,11.66,No,0.0
PRV51674,4,0,3.86,7.9,No,0.0
PRV53204,7,0,3.86,9.03,No,0.0
PRV53733,20,0,3.86,14.94,No,0.0
PRV57082,5,0,3.86,6.26,No,0.0
PRV57188,21,0,3.86,13.06,No,0.0
PRV52251,4,0,3.85,9.85,No,0.0
PRV54215,31,0,3.85,14.11,No,0.0
PRV56720,12,0,3.85,9.54,No,0.0
PRV56884,8,0,3.85,7.85,No,0.0
PRV52772,12,0,3.84,12.18,No,0.0
PRV53966,2,0,3.84,5.27,No,0.0
PRV54554,26,0,3.84,10.9,No,0.0
PRV55452,60,0,3.84,13.97,No,0.0
PRV56032,9,0,3.84,8.91,No,0.0
PRV51023,36,0,3.83,14.91,No,0.0
PRV52773,2,0,3.82,7.0,No,0.0
PRV53061,1,0,3.82,3.82,No,0.0
PRV54620,13,0,3.82,9.52,No,0.0
PRV55769,15,0,3.82,14.62,No,0.0
PRV56108,15,0,3.82,10.25,No,0.0
PRV56878,26,0,3.82,10.37,No,0.0
PRV51135,5,0,3.81,9.61,No,0.0
PRV52252,26,0,3.81,14.77,No,0.0
PRV52833,14,0,3.8,11.24,No,0.0
PRV56680,33,0,3.8,14.19,No,0.0
PRV57139,16,0,3.8,10.08,No,0.0
PRV51318,3,0,3.79,4.5,No,0.0
PRV51794,11,0,3.79,8.11,No,0.0
PRV53839,1,0,3.79,3.79,No,0.0
PRV54051,5,0,3.79,5.76,No,0.0
PRV57632,1,0,3.78,3.78,No,0.0
PRV51505,15,0,3.77,10.71,No,0.0
PRV52721,7,0,3.77,12.77,No,0.0
PRV57669,3,0,3.77,9.16,No,0.0
PRV54185,2,0,3.76,7.4,No,0.0
PRV55811,2,0,3.76,3.85,No,0.0
PRV51888,5,0,3.75,7.7,No,0.0
PRV55830,10,0,3.75,9.17,No,0.0
PRV57069,2,0,3.75,4.68,No,0.0
PRV51872,24,0,3.74,12.59,No,0.0
PRV51979,13,0,3.74,10.15,Yes,0.0
PRV56892,13,0,3.74,9.99,No,0.0
PRV54756,19,0,3.73,13.85,No,0.0
PRV54893,8,0,3.73,7.1,No,0.0
PRV55124,9,0,3.73,7.15,No,0.0
PRV56802,13,0,3.73,7.81,No,0.0
PRV52140,19,0,3.72,9.48,No,0.0
PRV53867,13,0,3.72,12.23,No,0.0
PRV55048,94,0,3.72,13.31,Yes,0.0
PRV55939,51,0,3.72,11.69,No,0.0
PRV54451,13,0,3.71,9.24,No,0.0
PRV55900,19,0,3.71,13.36,No,0.0
PRV56170,18,0,3.71,9.07,No,0.0
PRV56308,15,0,3.71,13.37,No,0.0
PRV57406,68,0,3.71,10.67,No,0.0
PRV53802,80,0,3.69,13.76,No,0.0
PRV54054,1,0,3.69,3.69,No,0.0
PRV55779,7,0,3.69,12.46,No,0.0
PRV56528,21,0,3.69,11.67,No,0.0
PRV57652,15,0,3.69,9.61,No,0.0
PRV54082,11,0,3.68,14.38,No,0.0
PRV54711,2,0,3.68,6.33,No,0.0
PRV56797,5,0,3.68,9.41,No,0.0
PRV57393,5,0,3.68,9.77,No,0.0
PRV51497,15,0,3.67,8.47,No,0.0
PRV53660,35,0,3.67,12.61,No,0.0
PRV56570,30,0,3.67,9.83,No,0.0
PRV56910,5,0,3.67,7.63,No,0.0
PRV53591,6,0,3.66,6.44,No,0.0
PRV53602,4,0,3.66,8.36,No,0.0
PRV55353,12,0,3.66,9.25,No,0.0
PRV55615,1,0,3.66,3.66,No,0.0
PRV55642,2,0,3.66,7.31,No,0.0
PRV57085,5,0,3.66,7.03,No,0.0
PRV51952,19,0,3.65,12.43,No,0.0
PRV52536,1,0,3.65,3.65,No,0.0
PRV53221,16,0,3.65,13.82,No,0.0
PRV53334,29,0,3.65,14.04,No,0.0
PRV53482,24,0,3.65,13.66,No,0.0
PRV53532,9,0,3.65,8.3,No,0.0
PRV53787,74,0,3.65,13.85,Yes,0.0
PRV51147,32,0,3.64,14.75,No,0.0
PRV51295,7,0,3.64,9.1,No,0.0
PRV52152,88,0,3.64,14.14,No,0.0
PRV56877,44,0,3.64,12.32,Yes,0.0
PRV56951,19,0,3.64,15.42,No,0.0
PRV51131,8,0,3.63,10.07,No,0.0
PRV54929,26,0,3.63,8.47,Yes,0.0
PRV56302,4,0,3.63,11.01,No,0.0
PRV53564,5,0,3.62,5.08,No,0.0
PRV55710,40,0,3.62,10.96,No,0.0
PRV57740,12,0,3.62,11.11,No,0.0
PRV54311,3,0,3.61,7.23,No,0.0
PRV54798,5,0,3.61,10.27,No,0.0
PRV53101,8,0,3.6,10.12,No,0.0
PRV55948,28,0,3.6,11.96,No,0.0
PRV52225,6,0,3.59,9.54,No,0.0
PRV57011,17,0,3.59,9.01,No,0.0
PRV57127,22,0,3.59,11.96,No,0.0
PRV53292,41,0,3.58,10.43,No,0.0
PRV53304,13,0,3.58,12.27,No,0.0
PRV57388,9,0,3.58,9.93,No,0.0
PRV53649,27,0,3.57,11.59,No,0.0
PRV55038,15,0,3.57,14.96,No,0.0
PRV55133,2,0,3.57,5.35,No,0.0
PRV57235,15,0,3.57,9.77,No,0.0
PRV57369,28,0,3.57,10.51,No,0.0
PRV51121,7,0,3.56,5.84,No,0.0
PRV51288,8,0,3.56,12.02,No,0.0
PRV52791,1,0,3.56,3.56,No,0.0
PRV53021,28,0,3.56,10.86,Yes,0.0
PRV53642,6,0,3.56,14.62,No,0.0
PRV53645,6,0,3.56,7.53,No,0.0
PRV54435,11,0,3.56,15.26,No,0.0
PRV56336,21,0,3.56,7.14,No,0.0
PRV57697,66,0,3.56,13.63,Yes,0.0
PRV51531,34,0,3.55,11.99,No,0.0
PRV52177,39,0,3.55,11.8,No,0.0
PRV52592,19,0,3.55,10.49,No,0.0
PRV53019,15,0,3.55,8.5,No,0.0
PRV53281,53,0,3.55,10.93,No,0.0
PRV56996,11,0,3.55,12.45,No,0.0
PRV57257,17,0,3.55,15.41,No,0.0
PRV53901,14,0,3.54,10.42,No,0.0
PRV54149,16,0,3.54,14.27,Yes,0.0
PRV54463,3,0,3.53,6.43,No,0.0
PRV55456,6,0,3.53,10.56,No,0.0
PRV56768,4,0,3.53,3.93,No,0.0
PRV56987,7,0,3.53,8.64,No,0.0
PRV53067,16,0,3.52,13.46,No,0.0
PRV54692,72,0,3.52,12.54,Yes,0.0
PRV56358,4,0,3.52,10.83,No,0.0
PRV57330,34,0,3.52,13.33,No,0.0
PRV51194,9,0,3.51,7.06,No,0.0
PRV51312,46,0,3.51,13.55,No,0.0
PRV51823,11,0,3.51,7.38,No,0.0
PRV52115,90,0,3.51,15.23,Yes,0.0
PRV52308,87,0,3.51,12.53,Yes,0.0
PRV53453,15,0,3.51,8.26,No,0.0
PRV53924,1,0,3.51,3.51,No,0.0
PRV53938,111,0,3.51,13.63,Yes,0.0
PRV54900,14,0,3.51,13.97,No,0.0
PRV55051,7,0,3.51,7.5,No,0.0
PRV55383,8,0,3.51,6.06,No,0.0
PRV55678,16,0,3.51,10.67,No,0.0
PRV51065,28,0,3.5,14.96,No,0.0
PRV51742,13,0,3.5,9.18,No,0.0
PRV52445,5,0,3.5,5.07,Yes,0.0
PRV54037,17,0,3.5,8.88,No,0.0
PRV56257,52,0,3.5,8.71,Yes,0.0
PRV56687,9,0,3.5,11.87,No,0.0
PRV57093,1,0,3.5,3.5,No,0.0
PRV57400,8,0,3.5,6.64,No,0.0
PRV57486,35,0,3.5,13.85,No,0.0
PRV57719,23,0,3.5,14.63,No,0.0
PRV57743,8,0,3.5,12.61,No,0.0
PRV51532,32,0,3.49,10.96,No,0.0
PRV51645,5,0,3.49,10.17,No,0.0
PRV51914,11,0,3.49,9.22,No,0.0
PRV52390,36,0,3.49,15.27,No,0.0
PRV53032,23,0,3.49,9.58,No,0.0
PRV53409,34,0,3.49,13.47,No,0.0
PRV55569,9,0,3.49,11.65,No,0.0
PRV57516,10,0,3.49,8.15,No,0.0
PRV51247,34,0,3.48,9.31,No,0.0
PRV52181,27,0,3.48,15.46,Yes,0.0
PRV52227,7,0,3.48,9.53,No,0.0
PRV53040,14,0,3.48,7.63,No,0.0
PRV53042,39,0,3.48,14.82,No,0.0
PRV55918,10,0,3.48,10.23,No,0.0
PRV57030,57,0,3.48,12.64,Yes,0.0
PRV51467,25,0,3.47,12.11,No,0.0
PRV53151,25,0,3.47,14.99,No,0.0
PRV56086,16,0,3.47,10.07,No,0.0
PRV57399,1,0,3.47,3.47,No,0.0
PRV57553,21,0,3.47,10.33,No,0.0
PRV51745,13,0,3.46,9.75,No,0.0
PRV52764,3,0,3.46,9.43,No,0.0
PRV56147,8,0,3.46,10.98,No,0.0
PRV51237,1,0,3.45,3.45,No,0.0
PRV53622,6,0,3.45,7.57,No,0.0
PRV54824,10,0,3.45,5.71,No,0.0
PRV55828,24,0,3.45,11.19,No,0.0
PRV51302,43,0,3.44,9.19,No,0.0
PRV54089,41,0,3.44,12.9,No,0.0
PRV54999,10,0,3.44,10.22,No,0.0
PRV55157,3,0,3.44,3.98,No,0.0
PRV55895,1,0,3.44,3.44,Yes,0.0
PRV56003,12,0,3.44,5.73,No,0.0
PRV52792,5,0,3.43,9.19,No,0.0
PRV54038,19,0,3.43,10.22,No,0.0
PRV54101,29,0,3.43,11.46,No,0.0
PRV54541,7,0,3.43,10.33,No,0.0
PRV56950,3,0,3.43,5.58,No,0.0
PRV57074,7,0,3.43,6.96,No,0.0
PRV53423,53,0,3.42,11.89,No,0.0
PRV54148,1,0,3.42,3.42,No,0.0
PRV56579,39,0,3.42,12.66,No,0.0
PRV56909,7,0,3.42,5.47,No,0.0
PRV57706,5,0,3.42,8.13,No,0.0
PRV51563,19,0,3.41,11.47,No,0.0
PRV53029,16,0,3.41,10.72,No,0.0
PRV54701,6,0,3.41,9.03,No,0.0
PRV55631,2,0,3.41,3.97,No,0.0
PRV56164,27,0,3.41,9.45,No,0.0
PRV56455,13,0,3.41,10.48,No,0.0
PRV56855,4,0,3.41,8.27,No,0.0
PRV57417,9,0,3.41,12.77,No,0.0
PRV52460,13,0,3.4,7.98,No,0.0
PRV52942,43,0,3.4,14.14,No,0.0
PRV52999,56,0,3.4,15.39,No,0.0
PRV53050,8,0,3.4,7.66,No,0.0
PRV53474,6,0,3.4,6.57,No,0.0
PRV54728,11,0,3.4,15.39,No,0.0
PRV52541,5,0,3.39,4.72,No,0.0
PRV53843,14,0,3.39,14.67,No,0.0
PRV51316,3,0,3.38,5.35,No,0.0
PRV52480,30,0,3.38,13.15,No,0.0
PRV52828,44,0,3.38,13.09,Yes,0.0
PRV53187,4,0,3.38,9.7,No,0.0
PRV54530,13,0,3.38,11.25,No,0.0
PRV55254,15,0,3.38,12.89,No,0.0
PRV56851,20,0,3.38,10.64,No,0.0
PRV57372,32,0,3.38,14.94,No,0.0
PRV51178,65,0,3.37,13.32,Yes,0.0
PRV51920,18,0,3.37,11.98,Yes,0.0
PRV53520,4,0,3.37,10.28,No,0.0
PRV54028,6,0,3.37,7.26,No,0.0
PRV54845,41,0,3.37,13.86,Yes,0.0
PRV56165,19,0,3.37,13.69,No,0.0
PRV56388,7,0,3.37,6.83,No,0.0
PRV56749,28,0,3.37,10.69,No,0.0
PRV54831,17,0,3.36,11.41,No,0.0
PRV56596,18,0,3.36,13.58,No,0.0
PRV57453,17,0,3.36,15.17,No,0.0
PRV57626,6,0,3.36,9.5,No,0.0
PRV52293,7,0,3.35,6.6,No,0.0
PRV52890,22,0,3.35,9.95,No,0.0
PRV55766,6,0,3.35,7.7,No,0.0
PRV56521,32,0,3.35,10.2,No,0.0
PRV56673,4,0,3.35,4.44,No,0.0
PRV51110,5,0,3.34,6.93,No,0.0
PRV51664,10,0,3.34,7.38,No,0.0
PRV53669,13,0,3.34,10.17,No,0.0
PRV53745,23,0,3.34,10.58,No,0.0
PRV54691,67,0,3.34,12.53,No,0.0
PRV54937,36,0,3.34,11.79,No,0.0
PRV55092,8,0,3.34,8.97,No,0.0
PRV56905,15,0,3.34,15.15,No,0.0
PRV57484,9,0,3.34,11.67,No,0.0
PRV52112,85,0,3.33,12.55,No,0.0
PRV52506,13,0,3.33,9.52,No,0.0
PRV53519,9,0,3.33,5.23,No,0.0
PRV54521,64,0,3.33,14.47,No,0.0
PRV54753,16,0,3.33,14.85,No,0.0
PRV55255,12,0,3.33,8.09,No,0.0
PRV57110,19,0,3.33,13.83,No,0.0
PRV57227,52,0,3.33,10.18,No,0.0
PRV51041,34,0,3.32,10.41,No,0.0
PRV51046,38,0,3.32,11.43,No,0.0
PRV51239,1,0,3.32,3.32,No,0.0
PRV51305,49,0,3.32,13.13,No,0.0
PRV52739,53,0,3.32,13.17,No,0.0
PRV53561,9,0,3.32,7.36,No,0.0
PRV54424,2,0,3.32,3.34,No,0.0
PRV55575,6,0,3.32,6.78,No,0.0
PRV56124,6,0,3.32,4.2,No,0.0
PRV56688,37,0,3.32,11.23,No,0.0
PRV52858,80,0,3.31,14.87,No,0.0
PRV54523,1,0,3.31,3.31,No,0.0
PRV55791,10,0,3.31,6.32,No,0.0
PRV52350,40,0,3.3,11.29,No,0.0
PRV55387,6,0,3.3,7.77,No,0.0
PRV55814,4,0,3.3,4.56,No,0.0
PRV56281,54,0,3.3,12.62,No,0.0
PRV51712,3,0,3.29,5.0,No,0.0
PRV51972,35,0,3.29,14.02,No,0.0
PRV52261,1,0,3.29,3.29,No,0.0
PRV52317,25,0,3.29,11.17,No,0.0
PRV53441,38,0,3.29,13.78,No,0.0
PRV54072,30,0,3.29,9.89,No,0.0
PRV54898,9,0,3.29,9.31,No,0.0
PRV55076,5,0,3.29,8.32,No,0.0
PRV55300,32,0,3.29,15.19,No,0.0
PRV55618,13,0,3.29,11.63,No,0.0
PRV55777,17,0,3.29,9.47,No,0.0
PRV55970,40,0,3.29,12.05,No,0.0
PRV53065,38,0,3.28,14.1,No,0.0
PRV53937,38,0,3.28,13.14,Yes,0.0
PRV54068,7,0,3.28,7.98,No,0.0
PRV55068,6,0,3.28,7.35,No,0.0
PRV55494,6,0,3.28,8.87,No,0.0
PRV56274,8,0,3.28,7.36,No,0.0
PRV56643,24,0,3.28,8.53,No,0.0
PRV56810,14,0,3.28,10.21,No,0.0
PRV52463,1,0,3.27,3.27,No,0.0
PRV53153,24,0,3.27,10.19,No,0.0
PRV54500,2,0,3.27,3.63,No,0.0
PRV55375,14,0,3.27,9.11,Yes,0.0
PRV55600,4,0,3.27,4.99,No,0.0
PRV56681,5,0,3.27,5.65,No,0.0
PRV56816,15,0,3.27,9.7,No,0.0
PRV56932,9,0,3.27,8.76,No,0.0
PRV53996,5,0,3.26,11.3,No,0.0
PRV55477,46,0,3.26,13.34,No,0.0
PRV55879,2,0,3.26,6.35,No,0.0
PRV51115,7,0,3.25,12.37,No,0.0
PRV51371,46,0,3.25,11.69,No,0.0
PRV51803,5,0,3.25,7.82,No,0.0
PRV53980,22,0,3.25,12.51,No,0.0
PRV54401,22,0,3.25,8.66,No,0.0
PRV54674,3,0,3.25,5.71,No,0.0
PRV55700,30,0,3.25,11.37,No,0.0
PRV55801,2,0,3.25,4.17,No,0.0
PRV56624,22,0,3.25,11.47,Yes,0.0
PRV51152,83,0,3.24,11.33,No,0.0
PRV51389,79,0,3.24,14.33,No,0.0
PRV51607,15,0,3.24,12.05,No,0.0
PRV52570,24,0,3.24,9.97,No,0.0
PRV54040,2,0,3.24,4.87,No,0.0
PRV55118,5,0,3.24,6.34,No,0.0
PRV56393,10,0,3.24,7.3,No,0.0
PRV57447,9,0,3.24,6.24,No,0.0
PRV51470,27,0,3.23,12.14,No,0.0
PRV52512,31,0,3.23,9.01,No,0.0
PRV52855,22,0,3.23,8.58,No,0.0
PRV53037,9,0,3.23,7.82,No,0.0
PRV53371,43,0,3.23,13.41,No,0.0
PRV53390,15,0,3.23,10.38,No,0.0
PRV53465,23,0,3.23,12.97,No,0.0
PRV56137,48,0,3.23,12.29,No,0.0
PRV56238,31,0,3.23,11.33,No,0.0
PRV56471,43,0,3.23,15.24,No,0.0
PRV51263,44,0,3.22,11.84,Yes,0.0
PRV51406,29,0,3.22,12.51,No,0.0
PRV52084,34,0,3.22,9.44,No,0.0
PRV53701,6,0,3.22,15.36,No,0.0
PRV53986,45,0,3.22,13.14,No,0.0
PRV54759,44,0,3.22,14.26,No,0.0
PRV55804,9,0,3.22,9.94,No,0.0
PRV57262,24,0,3.22,15.44,No,0.0
PRV52003,154,0,3.21,14.96,No,0.0
PRV53479,5,0,3.21,9.62,No,0.0
PRV53551,29,0,3.21,11.43,No,0.0
PRV54652,38,0,3.21,12.19,No,0.0
PRV55908,55,0,3.21,11.66,No,0.0
PRV55981,54,0,3.21,13.35,No,0.0
PRV56762,39,0,3.21,14.73,No,0.0
PRV57514,51,0,3.21,10.73,No,0.0
PRV51380,8,0,3.2,7.3,No,0.0
PRV52667,3,0,3.2,4.9,No,0.0
PRV53370,9,0,3.2,6.93,No,0.0
PRV53919,24,0,3.2,7.77,Yes,0.0
PRV54355,16,0,3.2,7.7,No,0.0
PRV54601,11,0,3.2,12.69,No,0.0
PRV54614,15,0,3.2,9.01,No,0.0
PRV54622,10,0,3.2,5.8,No,0.0
PRV54768,32,0,3.2,12.66,No,0.0
PRV55574,15,0,3.2,7.7,No,0.0
PRV55711,5,0,3.2,9.02,No,0.0
PRV55795,10,0,3.2,7.92,No,0.0
PRV56217,45,0,3.2,10.33,No,0.0
PRV57115,12,0,3.2,5.53,No,0.0
PRV57590,76,0,3.2,15.22,No,0.0
PRV51267,14,0,3.19,9.42,No,0.0
PRV51747,4,0,3.19,8.38,No,0.0
PRV52564,21,0,3.19,11.69,No,0.0
PRV53189,28,0,3.19,12.54,No,0.0
PRV53522,26,0,3.19,15.22,No,0.0
PRV53832,12,0,3.19,7.16,No,0.0
PRV56407,40,0,3.19,9.62,No,0.0
PRV56741,25,0,3.19,13.17,No,0.0
PRV57389,6,0,3.19,7.22,No,0.0
PRV51711,1,0,3.18,3.18,No,0.0
PRV51753,4,0,3.18,5.21,No,0.0
PRV51909,16,0,3.18,11.25,No,0.0
PRV52952,1,0,3.18,3.18,No,0.0
PRV53393,5,0,3.18,6.21,No,0.0
PRV53619,2,0,3.18,6.19,No,0.0
PRV54603,57,0,3.18,13.08,No,0.0
PRV56354,11,0,3.18,8.61,No,0.0
PRV57116,7,0,3.18,10.44,No,0.0
PRV57391,19,0,3.18,10.97,No,0.0
PRV51715,12,0,3.17,9.72,No,0.0
PRV52212,64,0,3.17,12.23,No,0.0
PRV52398,48,0,3.17,9.47,No,0.0
PRV55023,64,0,3.17,8.55,No,0.0
PRV56390,5,0,3.17,4.88,No,0.0
PRV56563,30,0,3.17,9.62,No,0.0
PRV56902,1,0,3.17,3.17,No,0.0
PRV57075,2,0,3.17,3.74,No,0.0
PRV57617,3,0,3.17,5.3,No,0.0
PRV53379,11,0,3.16,9.15,Yes,0.0
PRV54538,48,0,3.16,13.29,No,0.0
PRV54699,4,0,3.16,7.85,No,0.0
PRV56285,13,0,3.16,8.05,No,0.0
PRV56548,8,0,3.16,6.84,No,0.0
PRV57340,41,0,3.16,13.32,No,0.0
PRV51653,24,0,3.15,10.81,No,0.0
PRV52544,6,0,3.15,4.5,No,0.0
PRV53906,4,0,3.15,8.86,No,0.0
PRV54239,62,0,3.15,14.0,No,0.0
PRV55044,9,0,3.15,7.92,No,0.0
PRV51299,37,0,3.14,14.5,No,0.0
PRV51941,27,0,3.14,12.7,No,0.0
PRV52993,10,0,3.14,8.49,No,0.0
PRV53437,9,0,3.14,13.74,No,0.0
PRV53727,20,0,3.14,13.69,No,0.0
PRV54430,64,0,3.14,13.73,No,0.0
PRV56002,32,0,3.14,11.82,No,0.0
PRV56031,19,0,3.14,7.71,No,0.0
PRV56880,2,0,3.14,4.59,No,0.0
PRV56949,104,0,3.14,15.45,No,0.0
PRV51077,33,0,3.13,8.38,Yes,0.0
PRV51427,58,0,3.13,13.72,No,0.0
PRV51462,30,0,3.13,12.62,No,0.0
PRV51845,45,0,3.13,12.87,No,0.0
PRV54207,41,0,3.13,12.82,No,0.0
PRV54313,16,0,3.13,11.59,No,0.0
PRV54319,1,0,3.13,3.13,No,0.0
PRV55741,6,0,3.13,10.02,No,0.0
PRV56183,23,0,3.13,8.11,No,0.0
PRV56682,19,0,3.13,14.15,No,0.0
PRV56747,16,0,3.13,10.12,No,0.0
PRV57355,34,0,3.13,12.46,No,0.0
PRV57729,23,0,3.13,6.81,No,0.0
PRV51101,3,0,3.12,3.74,No,0.0
PRV51640,7,0,3.12,5.72,No,0.0
PRV52128,113,0,3.12,15.45,No,0.0
PRV53111,33,0,3.12,8.89,No,0.0
PRV53868,28,0,3.12,10.11,No,0.0
PRV55507,87,0,3.12,11.03,No,0.0
PRV57583,14,0,3.12,7.97,No,0.0
PRV52471,8,0,3.11,6.08,No,0.0
PRV52920,17,0,3.11,12.48,No,0.0
PRV53770,253,0,3.11,12.92,No,0.0
PRV53873,82,0,3.11,15.35,No,0.0
PRV54409,19,0,3.11,13.72,No,0.0
PRV56184,18,0,3.11,9.12,No,0.0
PRV56524,3,0,3.11,5.55,No,0.0
PRV57373,2,0,3.11,5.97,No,0.0
PRV57402,1,0,3.11,3.11,No,0.0
PRV51086,139,0,3.1,13.6,No,0.0
PRV51469,28,0,3.1,12.05,No,0.0
PRV51862,20,0,3.1,12.19,No,0.0
PRV52163,62,0,3.1,14.95,No,0.0
PRV52257,15,0,3.1,8.62,No,0.0
PRV52473,4,0,3.1,4.43,No,0.0
PRV52851,37,0,3.1,10.7,No,0.0
PRV53272,24,0,3.1,11.6,No,0.0
PRV55418,9,0,3.1,8.79,No,0.0
PRV55586,2,0,3.1,4.26,No,0.0
PRV55596,32,0,3.1,11.64,No,0.0
PRV55859,15,0,3.1,6.86,No,0.0
PRV56928,32,0,3.1,11.4,No,0.0
PRV57225,178,0,3.1,15.18,No,0.0
PRV57731,2,0,3.1,3.25,No,0.0
PRV51713,13,0,3.09,8.69,No,0.0
PRV52075,5,0,3.09,9.18,No,0.0
PRV52127,15,0,3.09,7.75,No,0.0
PRV53095,4,0,3.09,5.53,No,0.0
PRV53222,45,0,3.09,11.18,No,0.0
PRV53759,56,0,3.09,10.54,No,0.0
PRV54382,257,0,3.09,14.51,Yes,0.0
PRV54725,116,0,3.09,12.46,No,0.0
PRV55665,1,0,3.09,3.09,No,0.0
PRV56538,23,0,3.09,13.07,No,0.0
PRV56765,22,0,3.09,13.18,No,0.0
PRV57210,43,0,3.09,10.31,Yes,0.0
PRV51228,5,0,3.08,6.12,No,0.0
PRV51644,24,0,3.08,9.28,No,0.0
PRV51750,3,0,3.08,8.3,No,0.0
PRV52224,41,0,3.08,14.18,No,0.0
PRV54310,7,0,3.08,10.31,No,0.0
PRV54573,22,0,3.08,13.59,No,0.0
PRV55203,25,0,3.08,11.38,No,0.0
PRV55917,50,0,3.08,15.13,No,0.0
PRV56018,72,0,3.08,13.48,No,0.0
PRV56585,7,0,3.08,7.44,No,0.0
PRV51474,71,0,3.07,11.76,No,0.0
PRV51779,24,0,3.07,14.62,No,0.0
PRV51999,17,0,3.07,13.69,No,0.0
PRV53288,43,0,3.07,11.9,No,0.0
PRV55775,14,0,3.07,14.84,No,0.0
PRV51819,3,0,3.06,4.45,No,0.0
PRV51922,24,0,3.06,13.57,No,0.0
PRV51958,29,0,3.06,10.77,No,0.0
PRV52668,7,0,3.06,6.03,No,0.0
PRV53525,2,0,3.06,5.52,No,0.0
PRV53685,45,0,3.06,11.33,No,0.0
PRV54661,19,0,3.06,10.28,No,0.0
PRV55275,54,0,3.06,8.21,No,0.0
PRV55764,29,0,3.06,14.76,No,0.0
PRV57109,86,0,3.06,11.51,No,0.0
PRV51024,39,0,3.05,11.2,No,0.0
PRV51602,39,0,3.05,10.4,No,0.0
PRV52518,51,0,3.05,11.42,No,0.0
PRV52971,3,0,3.05,4.66,No,0.0
PRV53169,4,0,3.05,6.19,No,0.0
PRV54773,34,0,3.05,9.16,No,0.0
PRV56119,11,0,3.05,6.39,No,0.0
PRV56161,47,0,3.05,12.58,Yes,0.0
PRV56291,36,0,3.05,12.23,No,0.0
PRV57736,12,0,3.05,14.12,No,0.0
PRV51639,29,0,3.04,11.61,No,0.0
PRV51871,30,0,3.04,9.05,No,0.0
PRV51891,3,0,3.04,7.52,No,0.0
PRV51928,30,0,3.04,14.8,No,0.0
PRV52501,19,0,3.04,13.91,No,0.0
PRV53177,16,0,3.04,12.54,No,0.0
PRV54660,24,0,3.04,9.06,No,0.0
PRV55278,45,0,3.04,10.65,No,0.0
PRV55763,10,0,3.04,14.61,No,0.0
PRV56185,7,0,3.04,4.8,No,0.0
PRV56750,11,0,3.04,6.68,No,0.0
PRV56774,1,0,3.04,3.04,No,0.0
PRV57067,18,0,3.04,9.6,No,0.0
PRV51751,2,0,3.03,4.86,No,0.0
PRV51774,3,0,3.03,6.03,No,0.0
PRV51802,24,0,3.03,11.45,No,0.0
PRV51917,11,0,3.03,11.0,No,0.0
PRV53206,3,0,3.03,6.51,No,0.0
PRV54252,17,0,3.03,8.92,No,0.0
PRV55408,16,0,3.03,10.14,No,0.0
PRV55499,33,0,3.03,13.7,No,0.0
PRV55720,11,0,3.03,6.59,No,0.0
PRV57326,5,0,3.03,5.18,No,0.0
PRV57568,47,0,3.03,11.92,No,0.0
PRV51383,77,0,3.02,14.74,No,0.0
PRV51627,26,0,3.02,11.18,No,0.0
PRV51647,12,0,3.02,9.18,No,0.0
PRV52755,11,0,3.02,8.6,No,0.0
PRV52929,35,0,3.02,12.06,No,0.0
PRV54717,3,0,3.02,5.08,No,0.0
PRV55322,28,0,3.02,15.19,No,0.0
PRV55356,27,0,3.02,12.1,No,0.0
PRV55607,1,0,3.02,3.02,No,0.0
PRV55790,5,0,3.02,4.67,No,0.0
PRV57761,82,0,3.02,13.79,No,0.0
PRV51212,15,0,3.01,9.19,No,0.0
PRV51298,100,0,3.01,12.28,No,0.0
PRV51754,9,0,3.01,9.08,No,0.0
PRV52187,27,0,3.01,13.38,No,0.0
PRV52209,8,0,3.01,5.68,No,0.0
PRV52647,75,0,3.01,14.95,No,0.0
PRV52868,110,0,3.01,13.82,Yes,0.0
PRV53048,7,0,3.01,5.26,No,0.0
PRV53252,77,0,3.01,13.0,No,0.0
PRV55434,40,0,3.01,10.69,No,0.0
PRV56034,13,0,3.01,8.61,No,0.0
PRV56514,6,0,3.01,3.53,No,0.0
PRV56818,20,0,3.01,9.05,No,0.0
PRV57450,11,0,3.01,11.38,No,0.0
PRV51534,1,0,3.0,3.0,No,0.0
PRV51638,4,0,3.0,5.9,No,0.0
PRV52725,42,0,3.0,10.05,No,0.0
PRV52835,57,0,3.0,12.37,No,0.0
PRV53055,80,0,3.0,12.85,No,0.0
PRV53354,18,0,3.0,6.5,No,0.0
PRV54053,1,0,3.0,3.0,No,0.0
PRV54343,17,0,3.0,7.96,No,0.0
PRV54354,100,0,3.0,14.58,Yes,0.0
PRV54799,1,0,3.0,3.0,No,0.0
PRV55144,2,0,3.0,3.72,No,0.0
PRV55464,29,0,3.0,12.85,No,0.0
PRV55480,42,0,3.0,15.45,No,0.0
PRV56189,6,0,3.0,5.51,No,0.0
PRV56264,51,0,3.0,10.73,No,0.0
PRV56589,24,0,3.0,13.53,No,0.0
PRV56769,23,0,3.0,7.99,No,0.0
PRV57446,8,0,3.0,8.46,No,0.0
PRV57531,68,0,3.0,14.99,No,0.0
PRV57720,14,0,3.0,11.03,No,0.0
PRV51054,57,0,2.99,14.8,No,0.0
PRV51144,30,0,2.99,12.17,No,0.0
PRV51336,69,0,2.99,12.75,No,0.0
PRV51424,86,0,2.99,14.89,No,0.0
PRV51547,13,0,2.99,10.2,No,0.0
PRV53145,132,0,2.99,12.1,No,0.0
PRV53171,17,0,2.99,13.83,No,0.0
PRV53349,24,0,2.99,12.82,No,0.0
PRV54076,52,0,2.99,15.21,No,0.0
PRV54422,15,0,2.99,8.2,No,0.0
PRV54496,8,0,2.99,6.11,No,0.0
PRV55179,74,0,2.99,13.06,No,0.0
PRV56200,58,0,2.99,13.98,No,0.0
PRV56290,23,0,2.99,11.39,No,0.0
PRV56417,119,0,2.99,14.16,No,0.0
PRV56845,9,0,2.99,8.01,No,0.0
PRV51045,31,0,2.98,10.76,No,0.0
PRV51398,86,0,2.98,15.36,No,0.0
PRV52263,3,0,2.98,3.62,No,0.0
PRV52408,29,0,2.98,9.6,No,0.0
PRV53524,52,0,2.98,13.43,No,0.0
PRV53554,2,0,2.98,4.62,No,0.0
PRV54186,11,0,2.98,9.56,No,0.0
PRV54501,3,0,2.98,4.82,No,0.0
PRV55219,89,0,2.98,13.99,No,0.0
PRV55903,50,0,2.98,11.24,No,0.0
PRV51138,26,0,2.97,12.35,No,0.0
PRV51546,36,0,2.97,10.78,No,0.0
PRV52094,53,0,2.97,12.26,No,0.0
PRV52184,21,0,2.97,12.05,No,0.0
PRV52217,5,0,2.97,5.9,No,0.0
PRV53501,1,0,2.97,2.97,No,0.0
PRV53963,39,0,2.97,13.36,No,0.0
PRV55378,14,0,2.97,6.34,No,0.0
PRV55493,39,0,2.97,9.65,No,0.0
PRV57445,30,0,2.97,14.79,No,0.0
PRV57518,97,0,2.97,15.09,No,0.0
PRV57561,17,0,2.97,14.65,No,0.0
PRV51425,33,0,2.96,11.63,No,0.0
PRV51517,11,0,2.96,11.03,No,0.0
PRV52126,110,0,2.96,13.15,No,0.0
PRV52539,14,0,2.96,9.23,No,0.0
PRV53455,39,0,2.96,11.31,No,0.0
PRV54291,10,0,2.96,5.05,No,0.0
PRV54294,1,0,2.96,2.96,No,0.0
PRV57594,14,0,2.96,12.54,No,0.0
PRV57612,6,0,2.96,5.36,No,0.0
PRV57667,3,0,2.96,4.0,Yes,0.0
PRV51553,21,0,2.95,9.11,No,0.0
PRV51735,4,0,2.95,5.69,No,0.0
PRV52004,47,0,2.95,12.44,No,0.0
PRV52216,15,0,2.95,10.91,No,0.0
PRV52300,21,0,2.95,8.82,No,0.0
PRV53047,79,0,2.95,12.96,No,0.0
PRV53247,37,0,2.95,9.0,No,0.0
PRV53389,13,0,2.95,6.38,No,0.0
PRV53644,22,0,2.95,10.52,No,0.0
PRV54062,11,0,2.95,5.6,No,0.0
PRV54297,8,0,2.95,4.4,Yes,0.0
PRV54555,6,0,2.95,5.28,No,0.0
PRV55197,73,0,2.95,15.05,No,0.0
PRV56021,128,0,2.95,10.33,No,0.0
PRV56871,11,0,2.95,7.29,No,0.0
PRV56964,5,0,2.95,4.71,No,0.0
PRV57421,35,0,2.95,14.4,No,0.0
PRV51214,8,0,2.94,8.05,No,0.0
PRV51848,57,0,2.94,13.47,No,0.0
PRV52820,32,0,2.94,9.33,No,0.0
PRV53450,50,0,2.94,15.29,No,0.0
PRV54205,9,0,2.94,5.97,No,0.0
PRV54662,45,0,2.94,15.11,No,0.0
PRV55555,50,0,2.94,9.25,No,0.0
PRV51476,18,0,2.93,12.22,No,0.0
PRV51694,26,0,2.93,11.48,No,0.0
PRV51976,7,0,2.93,8.06,No,0.0
PRV52052,58,0,2.93,14.62,No,0.0
PRV52332,64,0,2.93,15.46,No,0.0
PRV52456,7,0,2.93,11.0,No,0.0
PRV52591,46,0,2.93,13.22,No,0.0
PRV53454,25,0,2.93,13.98,No,0.0
PRV53666,20,0,2.93,10.89,No,0.0
PRV55331,23,0,2.93,10.74,No,0.0
PRV55561,24,0,2.93,10.35,No,0.0
PRV56423,12,0,2.93,11.65,No,0.0
PRV56433,121,0,2.93,15.02,No,0.0
PRV57422,104,0,2.93,13.79,No,0.0
PRV57642,220,0,2.93,15.22,Yes,0.0
PRV51071,24,0,2.92,15.2,No,0.0
PRV51078,23,0,2.92,12.23,No,0.0
PRV52051,89,0,2.92,15.09,No,0.0
PRV52191,28,0,2.92,13.27,No,0.0
PRV52554,13,0,2.92,10.15,No,0.0
PRV52771,4,0,2.92,5.46,No,0.0
PRV53456,29,0,2.92,8.91,No,0.0
PRV54262,1,0,2.92,2.92,No,0.0
PRV54640,19,0,2.92,13.74,No,0.0
PRV56172,11,0,2.92,8.98,No,0.0
PRV56656,42,0,2.92,11.41,No,0.0
PRV56993,24,0,2.92,12.8,No,0.0
PRV57059,9,0,2.92,10.93,No,0.0
PRV51058,83,0,2.91,15.42,No,0.0
PRV51556,56,0,2.91,12.41,No,0.0
PRV52822,135,0,2.91,12.9,No,0.0
PRV52839,33,0,2.91,10.32,No,0.0
PRV52924,13,0,2.91,10.13,No,0.0
PRV52986,36,0,2.91,14.65,No,0.0
PRV53052,9,0,2.91,8.8,No,0.0
PRV54414,30,0,2.91,12.38,No,0.0
PRV54478,64,0,2.91,15.35,No,0.0
PRV54599,17,0,2.91,12.69,No,0.0
PRV54608,33,0,2.91,13.52,No,0.0
PRV55032,36,0,2.91,11.56,No,0.0
PRV55395,12,0,2.91,6.15,No,0.0
PRV55416,73,0,2.91,12.47,No,0.0
PRV56484,9,0,2.91,5.93,No,0.0
PRV57025,49,0,2.91,12.0,Yes,0.0
PRV57166,151,0,2.91,12.17,Yes,0.0
PRV51957,79,0,2.9,14.12,No,0.0
PRV52703,4,0,2.9,5.13,No,0.0
PRV52789,38,0,2.9,9.23,No,0.0
PRV52795,19,0,2.9,13.95,No,0.0
PRV53308,45,0,2.9,11.16,No,0.0
PRV54373,8,0,2.9,10.84,No,0.0
PRV54666,5,0,2.9,6.13,No,0.0
PRV56026,44,0,2.9,14.61,No,0.0
PRV56583,24,0,2.9,9.95,No,0.0
PRV56731,20,0,2.9,11.09,Yes,0.0
PRV57282,41,0,2.9,11.18,Yes,0.0
PRV52785,1,0,2.89,2.89,No,0.0
PRV53647,7,0,2.89,7.1,No,0.0
PRV53767,18,0,2.89,11.73,No,0.0
PRV54132,5,0,2.89,8.46,No,0.0
PRV54210,20,0,2.89,6.96,No,0.0
PRV54282,19,0,2.89,9.49,No,0.0
PRV54531,30,0,2.89,9.35,No,0.0
PRV54988,41,0,2.89,15.17,No,0.0
PRV55608,18,0,2.89,9.27,No,0.0
PRV55682,23,0,2.89,8.87,No,0.0
PRV56113,45,0,2.89,13.96,No,0.0
PRV56252,18,0,2.89,9.35,No,0.0
PRV56536,65,0,2.89,13.68,No,0.0
PRV57320,38,0,2.89,10.94,No,0.0
PRV57472,4,0,2.89,4.81,No,0.0
PRV51324,28,0,2.88,10.51,No,0.0
PRV51438,9,0,2.88,6.64,No,0.0
PRV51449,17,0,2.88,7.24,No,0.0
PRV51562,24,0,2.88,8.09,No,0.0
PRV51738,16,0,2.88,15.09,No,0.0
PRV52069,88,0,2.88,14.71,No,0.0
PRV52689,12,0,2.88,9.83,No,0.0
PRV53472,3,0,2.88,4.41,No,0.0
PRV53590,19,0,2.88,9.72,No,0.0
PRV53994,174,0,2.88,13.39,No,0.0
PRV54548,12,0,2.88,7.7,No,0.0
PRV55003,76,0,2.88,15.18,No,0.0
PRV55400,1,0,2.88,2.88,No,0.0
PRV55664,20,0,2.88,8.25,No,0.0
PRV56207,95,0,2.88,15.41,No,0.0
PRV56512,27,0,2.88,10.93,No,0.0
PRV57054,27,0,2.88,13.05,No,0.0
PRV51403,114,0,2.87,15.01,No,0.0
PRV51478,17,0,2.87,6.34,No,0.0
PRV51533,36,0,2.87,13.69,No,0.0
PRV52291,18,0,2.87,6.4,No,0.0
PRV52507,29,0,2.87,13.08,No,0.0
PRV54021,20,0,2.87,8.53,No,0.0
PRV54634,32,0,2.87,9.15,No,0.0
PRV55031,32,0,2.87,11.25,No,0.0
PRV55244,25,0,2.87,6.6,No,0.0
PRV56412,112,0,2.87,15.25,No,0.0
PRV56628,101,0,2.87,12.53,No,0.0
PRV56734,22,0,2.87,7.01,No,0.0
PRV56775,18,0,2.87,8.58,No,0.0
PRV57512,108,0,2.87,14.6,No,0.0
PRV57741,15,0,2.87,12.62,No,0.0
PRV51091,44,0,2.86,8.7,No,0.0
PRV51518,53,0,2.86,12.74,No,0.0
PRV51588,10,0,2.86,5.59,No,0.0
PRV52264,25,0,2.86,12.46,No,0.0
PRV52504,40,0,2.86,11.86,Yes,0.0
PRV52509,63,0,2.86,12.86,No,0.0
PRV53249,23,0,2.86,8.31,No,0.0
PRV53258,80,0,2.86,12.19,No,0.0
PRV53754,9,0,2.86,6.47,No,0.0
PRV54110,7,0,2.86,10.23,No,0.0
PRV54879,245,0,2.86,13.75,Yes,0.0
PRV55150,6,0,2.86,6.6,No,0.0
PRV55365,7,0,2.86,7.94,No,0.0
PRV55426,77,0,2.86,9.95,No,0.0
PRV55540,31,0,2.86,7.37,No,0.0
PRV56368,34,0,2.86,11.9,No,0.0
PRV56489,21,0,2.86,10.51,No,0.0
PRV56701,23,0,2.86,8.74,No,0.0
PRV57361,60,0,2.86,12.74,No,0.0
PRV57460,36,0,2.86,13.09,No,0.0
PRV57614,4,0,2.86,6.46,No,0.0
PRV52921,46,0,2.85,10.0,No,0.0
PRV53087,31,0,2.85,12.14,No,0.0
PRV53147,18,0,2.85,8.23,No,0.0
PRV53213,22,0,2.85,9.15,No,0.0
PRV53214,18,0,2.85,14.62,No,0.0
PRV53751,22,0,2.85,12.04,No,0.0
PRV53935,12,0,2.85,10.47,No,0.0
PRV54448,23,0,2.85,9.52,No,0.0
PRV54459,9,0,2.85,13.36,No,0.0
PRV55166,72,0,2.85,14.08,No,0.0
PRV56090,12,0,2.85,8.02,No,0.0
PRV56461,115,0,2.85,12.43,No,0.0
PRV57411,29,0,2.85,10.15,No,0.0
PRV57527,165,0,2.85,12.61,Yes,0.0
PRV51250,85,0,2.84,13.39,No,0.0
PRV51285,168,0,2.84,14.5,No,0.0
PRV51414,28,0,2.84,10.12,No,0.0
PRV52912,16,0,2.84,13.83,No,0.0
PRV54227,53,0,2.84,13.44,No,0.0
PRV54419,28,0,2.84,9.09,No,0.0
PRV55189,133,0,2.84,13.63,No,0.0
PRV55306,59,0,2.84,15.01,No,0.0
PRV57102,16,0,2.84,7.35,No,0.0
PRV57376,20,0,2.84,10.97,No,0.0
PRV57378,35,0,2.84,14.04,No,0.0
PRV57712,9,0,2.84,7.31,No,0.0
PRV57755,1,0,2.84,2.84,No,0.0
PRV51960,48,0,2.83,10.3,No,0.0
PRV51988,37,0,2.83,13.17,No,0.0
PRV52068,48,0,2.83,11.09,No,0.0
PRV52875,12,0,2.83,7.5,No,0.0
PRV52937,24,0,2.83,10.16,No,0.0
PRV53216,115,0,2.83,13.82,No,0.0
PRV53442,46,0,2.83,13.01,No,0.0
PRV53821,10,0,2.83,6.9,No,0.0
PRV54222,19,0,2.83,11.76,No,0.0
PRV54301,13,0,2.83,6.97,No,0.0
PRV55067,1,0,2.83,2.83,No,0.0
PRV55397,6,0,2.83,6.75,No,0.0
PRV57014,76,0,2.83,15.4,No,0.0
PRV57336,135,0,2.83,13.03,No,0.0
PRV57651,22,0,2.83,9.4,No,0.0
PRV51282,59,0,2.82,11.45,No,0.0
PRV51632,26,0,2.82,14.94,No,0.0
PRV51668,38,0,2.82,15.03,No,0.0
PRV52230,43,0,2.82,9.81,No,0.0
PRV52284,39,0,2.82,13.17,No,0.0
PRV52318,39,0,2.82,15.19,No,0.0
PRV52754,1,0,2.82,2.82,No,0.0
PRV52830,34,0,2.82,12.82,No,0.0
PRV52880,20,0,2.82,7.49,No,0.0
PRV52979,6,0,2.82,4.42,No,0.0
PRV53766,30,0,2.82,11.77,No,0.0
PRV56606,64,0,2.82,15.35,No,0.0
PRV56667,32,0,2.82,12.47,No,0.0
PRV56732,28,0,2.82,8.09,Yes,0.0
PRV56826,24,0,2.82,7.65,No,0.0
PRV51586,8,0,2.81,7.72,Yes,0.0
PRV51784,8,0,2.81,8.58,No,0.0
PRV52378,12,0,2.81,9.1,No,0.0
PRV53230,56,0,2.81,12.14,No,0.0
PRV54473,19,0,2.81,12.1,No,0.0
PRV55372,12,0,2.81,9.08,No,0.0
PRV55376,88,0,2.81,14.83,No,0.0
PRV56287,107,0,2.81,14.72,No,0.0
PRV56380,21,0,2.81,9.5,No,0.0
PRV56752,25,0,2.81,10.21,No,0.0
PRV57122,14,0,2.81,5.53,No,0.0
PRV57165,37,0,2.81,10.78,No,0.0
PRV51032,23,0,2.8,11.17,No,0.0
PRV51123,31,0,2.8,10.58,No,0.0
PRV51729,19,0,2.8,11.62,No,0.0
PRV52169,39,0,2.8,13.97,No,0.0
PRV52189,23,0,2.8,10.78,No,0.0
PRV53122,24,0,2.8,9.14,No,0.0
PRV53569,14,0,2.8,9.6,No,0.0
PRV54233,7,0,2.8,5.61,No,0.0
PRV54309,29,0,2.8,9.55,No,0.0
PRV55432,29,0,2.8,14.3,No,0.0
PRV55648,2,0,2.8,4.42,No,0.0
PRV55873,57,0,2.8,13.11,No,0.0
PRV55915,32,0,2.8,10.07,No,0.0
PRV56149,27,0,2.8,8.76,No,0.0
PRV56313,3,0,2.8,6.39,No,0.0
PRV56726,16,0,2.8,11.67,No,0.0
PRV57091,4,0,2.8,4.94,No,0.0
PRV57405,32,0,2.8,12.83,No,0.0
PRV57517,60,0,2.8,14.68,No,0.0
PRV51355,74,0,2.79,10.44,No,0.0
PRV51726,21,0,2.79,8.56,No,0.0
PRV52192,32,0,2.79,10.29,No,0.0
PRV52236,14,0,2.79,12.42,No,0.0
PRV52666,39,0,2.79,12.58,No,0.0
PRV53176,34,0,2.79,10.74,No,0.0
PRV54278,61,0,2.79,11.81,No,0.0
PRV54327,70,0,2.79,12.36,Yes,0.0
PRV54609,45,0,2.79,14.23,No,0.0
PRV55754,22,0,2.79,8.23,No,0.0
PRV56027,25,0,2.79,9.47,No,0.0
PRV57479,19,0,2.79,8.58,No,0.0
PRV51206,10,0,2.78,7.29,No,0.0
PRV51209,42,0,2.78,15.18,No,0.0
PRV52055,203,0,2.78,14.71,No,0.0
PRV52246,67,0,2.78,14.47,No,0.0
PRV52602,79,0,2.78,9.9,No,0.0
PRV52615,9,0,2.78,14.41,No,0.0
PRV52699,12,0,2.78,8.81,No,0.0
PRV52824,42,0,2.78,13.47,No,0.0
PRV52925,4,0,2.78,3.71,No,0.0
PRV53031,6,0,2.78,4.67,No,0.0
PRV53268,74,0,2.78,13.77,No,0.0
PRV53469,14,0,2.78,9.72,No,0.0
PRV53530,27,0,2.78,10.74,No,0.0
PRV53931,55,0,2.78,14.5,No,0.0
PRV54861,43,0,2.78,8.42,No,0.0
PRV55609,10,0,2.78,6.9,No,0.0
PRV55635,59,0,2.78,13.8,No,0.0
PRV55644,29,0,2.78,11.3,No,0.0
PRV55945,20,0,2.78,10.03,No,0.0
PRV56353,96,0,2.78,13.9,No,0.0
PRV56601,33,0,2.78,11.89,No,0.0
PRV57204,133,0,2.78,13.91,Yes,0.0
PRV51259,21,0,2.77,11.36,No,0.0
PRV51621,9,0,2.77,12.27,No,0.0
PRV53109,28,0,2.77,9.09,No,0.0
PRV53110,30,0,2.77,12.29,No,0.0
PRV54130,64,0,2.77,8.42,No,0.0
PRV54360,37,0,2.77,10.87,No,0.0
PRV54712,14,0,2.77,15.37,No,0.0
PRV55906,21,0,2.77,7.69,No,0.0
PRV55950,11,0,2.77,10.08,No,0.0
PRV56333,42,0,2.77,14.25,No,0.0
PRV56414,27,0,2.77,10.19,No,0.0
PRV56710,67,0,2.77,12.88,No,0.0
PRV56904,4,0,2.77,4.19,No,0.0
PRV57154,52,0,2.77,8.69,No,0.0
PRV51266,92,0,2.76,14.29,No,0.0
PRV51272,79,0,2.76,13.95,No,0.0
PRV51326,44,0,2.76,9.75,No,0.0
PRV51439,42,0,2.76,10.09,No,0.0
PRV51840,118,0,2.76,13.04,Yes,0.0
PRV51869,21,0,2.76,8.98,No,0.0
PRV52814,2,0,2.76,3.67,No,0.0
PRV52823,87,0,2.76,12.21,No,0.0
PRV52958,16,0,2.76,11.28,No,0.0
PRV53137,30,0,2.76,13.94,No,0.0
PRV53139,9,0,2.76,7.25,No,0.0
PRV53380,4,0,2.76,4.42,No,0.0
PRV53555,11,0,2.76,8.24,No,0.0
PRV54034,1,0,2.76,2.76,No,0.0
PRV54232,42,0,2.76,9.6,No,0.0
PRV54302,1,0,2.76,2.76,No,0.0
PRV55386,82,0,2.76,13.93,No,0.0
PRV55767,2,0,2.76,3.0,No,0.0
PRV57507,112,0,2.76,15.08,No,0.0
PRV51364,23,0,2.75,7.71,No,0.0
PRV51780,34,0,2.75,10.97,No,0.0
PRV51801,20,0,2.75,9.47,No,0.0
PRV52545,13,0,2.75,9.48,No,0.0
PRV53127,99,0,2.75,15.1,No,0.0
PRV54005,8,0,2.75,5.87,No,0.0
PRV54247,70,0,2.75,13.2,No,0.0
PRV54443,61,0,2.75,11.94,No,0.0
PRV56139,21,0,2.75,10.44,No,0.0
PRV56807,91,0,2.75,14.37,No,0.0
PRV57108,49,0,2.75,11.09,No,0.0
PRV52551,5,0,2.74,4.97,No,0.0
PRV52670,13,0,2.74,14.54,No,0.0
PRV52700,30,0,2.74,9.35,No,0.0
PRV52731,23,0,2.74,9.73,No,0.0
PRV53399,33,0,2.74,8.72,Yes,0.0
PRV53673,36,0,2.74,8.51,No,0.0
PRV53942,25,0,2.74,11.19,No,0.0
PRV55351,10,0,2.74,8.98,No,0.0
PRV55836,82,0,2.74,8.57,No,0.0
PRV56552,24,0,2.74,10.38,No,0.0
PRV56739,5,0,2.74,7.06,No,0.0
PRV57062,58,0,2.74,14.98,No,0.0
PRV57147,12,0,2.74,15.09,No,0.0
PRV51203,21,0,2.73,10.13,No,0.0
PRV51746,26,0,2.73,8.35,No,0.0
PRV52237,38,0,2.73,9.76,No,0.0
PRV52931,14,0,2.73,6.59,No,0.0
PRV54852,180,0,2.73,12.97,No,0.0
PRV54871,10,0,2.73,5.99,No,0.0
PRV55036,64,0,2.73,11.53,No,0.0
PRV55184,56,0,2.73,12.37,No,0.0
PRV55266,25,0,2.73,9.31,Yes,0.0
PRV55500,38,0,2.73,10.01,No,0.0
PRV56245,76,0,2.73,13.23,No,0.0
PRV56869,36,0,2.73,12.99,No,0.0
PRV56942,24,0,2.73,11.23,No,0.0
PRV56999,8,0,2.73,7.66,No,0.0
PRV57128,60,0,2.73,13.82,No,0.0
PRV57208,113,0,2.73,14.09,No,0.0
PRV57277,7,0,2.73,7.02,No,0.0
PRV57366,12,0,2.73,7.92,No,0.0
PRV57618,220,0,2.73,14.81,No,0.0
PRV57723,20,0,2.73,6.38,No,0.0
PRV57733,45,0,2.73,10.06,No,0.0
PRV51241,60,0,2.72,12.35,No,0.0
PRV51261,142,0,2.72,11.46,No,0.0
PRV51631,6,0,2.72,8.09,No,0.0
PRV52273,11,0,2.72,11.97,No,0.0
PRV52599,272,0,2.72,15.32,No,0.0
PRV52724,24,0,2.72,14.09,No,0.0
PRV52918,22,0,2.72,8.15,No,0.0
PRV53035,34,0,2.72,9.84,No,0.0
PRV53254,9,0,2.72,6.57,No,0.0
PRV53296,187,0,2.72,14.71,No,0.0
PRV53489,20,0,2.72,5.61,No,0.0
PRV54173,7,0,2.72,8.76,No,0.0
PRV54212,54,0,2.72,13.15,No,0.0
PRV54371,31,0,2.72,9.11,No,0.0
PRV54580,30,0,2.72,10.18,No,0.0
PRV55192,253,0,2.72,12.18,No,0.0
PRV56385,22,0,2.72,13.71,No,0.0
PRV56418,29,0,2.72,14.4,No,0.0
PRV56742,35,0,2.72,8.29,No,0.0
PRV56860,3,0,2.72,5.35,No,0.0
PRV56889,50,0,2.72,11.73,No,0.0
PRV57148,83,0,2.72,9.26,No,0.0
PRV57646,25,0,2.72,10.68,No,0.0
PRV51210,9,0,2.71,8.68,No,0.0
PRV51229,47,0,2.71,11.63,No,0.0
PRV51568,58,0,2.71,14.17,No,0.0
PRV51741,35,0,2.71,8.91,No,0.0
PRV51781,24,0,2.71,6.91,No,0.0
PRV53237,8,0,2.71,7.8,No,0.0
PRV53444,27,0,2.71,5.94,No,0.0
PRV53722,6,0,2.71,4.34,No,0.0
PRV53917,200,0,2.71,13.84,No,0.0
PRV54171,72,0,2.71,12.45,No,0.0
PRV54184,10,0,2.71,5.92,No,0.0
PRV54220,32,0,2.71,13.03,No,0.0
PRV54388,76,0,2.71,10.92,Yes,0.0
PRV54427,62,0,2.71,14.48,No,0.0
PRV54610,45,0,2.71,10.87,No,0.0
PRV54959,95,0,2.71,12.79,No,0.0
PRV55333,51,0,2.71,10.92,No,0.0
PRV56154,19,0,2.71,10.75,No,0.0
PRV56193,14,0,2.71,7.95,No,0.0
PRV56453,115,0,2.71,13.98,No,0.0
PRV56638,26,0,2.71,15.34,No,0.0
PRV56640,23,0,2.71,9.81,No,0.0
PRV51322,12,0,2.7,10.33,No,0.0
PRV51725,4,0,2.7,6.27,No,0.0
PRV52385,22,0,2.7,9.78,No,0.0
PRV52387,63,0,2.7,10.46,No,0.0
PRV53381,33,0,2.7,8.38,No,0.0
PRV53503,13,0,2.7,13.15,No,0.0
PRV53940,97,0,2.7,13.3,No,0.0
PRV53941,77,0,2.7,12.69,No,0.0
PRV54182,4,0,2.7,5.41,No,0.0
PRV54250,62,0,2.7,9.84,No,0.0
PRV54416,17,0,2.7,6.98,No,0.0
PRV55024,46,0,2.7,9.02,No,0.0
PRV55103,78,0,2.7,14.31,No,0.0
PRV55312,91,0,2.7,13.28,No,0.0
PRV55319,17,0,2.7,9.36,No,0.0
PRV55412,11,0,2.7,5.58,No,0.0
PRV55627,38,0,2.7,12.27,No,0.0
PRV55688,47,0,2.7,13.38,No,0.0
PRV55963,47,0,2.7,11.5,No,0.0
PRV56691,4,0,2.7,8.37,No,0.0
PRV57580,134,0,2.7,10.82,No,0.0
PRV51376,51,0,2.69,14.01,No,0.0
PRV51622,103,0,2.69,15.45,No,0.0
PRV52008,25,0,2.69,11.24,No,0.0
PRV52118,52,0,2.69,10.51,No,0.0
PRV52353,48,0,2.69,14.07,No,0.0
PRV53433,19,0,2.69,8.99,No,0.0
PRV53656,5,0,2.69,6.05,No,0.0
PRV53925,61,0,2.69,10.48,No,0.0
PRV54153,14,0,2.69,7.39,No,0.0
PRV54982,37,0,2.69,15.27,No,0.0
PRV55070,20,0,2.69,14.14,No,0.0
PRV55325,41,0,2.69,11.71,No,0.0
PRV55573,11,0,2.69,5.58,No,0.0
PRV55712,26,0,2.69,8.13,No,0.0
PRV56067,3,0,2.69,4.35,No,0.0
PRV56554,48,0,2.69,9.82,No,0.0
PRV56759,11,0,2.69,7.53,No,0.0
PRV56766,29,0,2.69,9.55,No,0.0
PRV57149,143,0,2.69,14.07,No,0.0
PRV57175,78,0,2.69,13.06,No,0.0
PRV57569,73,0,2.69,9.63,Yes,0.0
PRV51056,22,0,2.68,13.83,No,0.0
PRV51458,56,0,2.68,14.17,No,0.0
PRV51500,8,0,2.68,7.99,No,0.0
PRV51736,21,0,2.68,14.35,No,0.0
PRV51792,46,0,2.68,11.42,No,0.0
PRV53124,65,0,2.68,10.84,No,0.0
PRV53319,114,0,2.68,9.63,No,0.0
PRV53369,1,0,2.68,2.68,No,0.0
PRV53553,30,0,2.68,8.88,No,0.0
PRV53703,39,0,2.68,13.56,No,0.0
PRV53780,26,0,2.68,8.53,No,0.0
PRV55261,30,0,2.68,15.24,No,0.0
PRV56604,29,0,2.68,10.17,No,0.0
PRV56929,45,0,2.68,12.06,No,0.0
PRV56945,57,0,2.68,12.77,No,0.0
PRV57200,25,0,2.68,12.7,No,0.0
PRV57299,6,0,2.68,4.87,No,0.0
PRV51296,30,0,2.67,9.7,No,0.0
PRV51430,112,0,2.67,10.29,No,0.0
PRV52392,127,0,2.67,12.62,No,0.0
PRV53009,37,0,2.67,8.77,No,0.0
PRV53471,31,0,2.67,5.67,No,0.0
PRV54431,9,0,2.67,9.23,No,0.0
PRV54734,138,0,2.67,14.31,No,0.0
PRV55368,115,0,2.67,11.86,No,0.0
PRV55551,91,0,2.67,13.2,No,0.0
PRV56010,83,0,2.67,14.88,No,0.0
PRV56020,155,0,2.67,13.62,No,0.0
PRV56648,49,0,2.67,11.37,No,0.0
PRV56939,16,0,2.67,9.12,No,0.0
PRV51440,71,0,2.66,15.0,No,0.0
PRV51620,8,0,2.66,5.37,No,0.0
PRV52521,113,0,2.66,15.08,No,0.0
PRV52751,3,0,2.66,4.93,No,0.0
PRV54157,130,0,2.66,12.58,No,0.0
PRV54306,33,0,2.66,8.65,No,0.0
PRV54571,17,0,2.66,8.92,No,0.0
PRV54582,71,0,2.66,15.3,No,0.0
PRV54796,2,0,2.66,2.73,No,0.0
PRV55079,47,0,2.66,9.83,No,0.0
PRV55402,44,0,2.66,10.67,No,0.0
PRV55743,69,0,2.66,10.1,No,0.0
PRV55944,26,0,2.66,10.16,No,0.0
PRV56362,60,0,2.66,9.81,No,0.0
PRV56463,18,0,2.66,13.37,No,0.0
PRV56467,349,0,2.66,15.01,No,0.0
PRV56474,31,0,2.66,8.4,No,0.0
PRV57232,7,0,2.66,7.81,No,0.0
PRV57350,46,0,2.66,8.47,No,0.0
PRV57413,52,0,2.66,9.75,No,0.0
PRV51382,16,0,2.65,7.23,No,0.0
PRV51477,22,0,2.65,7.62,No,0.0
PRV51555,15,0,2.65,8.67,No,0.0
PRV51996,41,0,2.65,12.15,No,0.0
PRV52416,42,0,2.65,12.64,No,0.0
PRV52517,32,0,2.65,11.32,No,0.0
PRV52798,56,0,2.65,13.14,No,0.0
PRV52801,31,0,2.65,9.68,No,0.0
PRV52837,71,0,2.65,9.83,No,0.0
PRV52893,362,0,2.65,14.72,No,0.0
PRV53783,30,0,2.65,10.42,No,0.0
PRV54271,29,0,2.65,9.97,No,0.0
PRV54551,7,0,2.65,6.95,No,0.0
PRV54990,20,0,2.65,10.52,No,0.0
PRV55414,12,0,2.65,7.83,No,0.0
PRV56029,1,0,2.65,2.65,No,0.0
PRV56267,4,0,2.65,3.79,No,0.0
PRV56590,33,0,2.65,10.47,No,0.0
PRV57624,41,0,2.65,9.92,No,0.0
PRV51521,46,0,2.64,12.9,No,0.0
PRV51718,8,0,2.64,8.11,No,0.0
PRV52026,24,0,2.64,7.5,No,0.0
PRV52609,133,0,2.64,12.83,Yes,0.0
PRV52672,3,0,2.64,3.54,No,0.0
PRV53071,28,0,2.64,12.84,No,0.0
PRV53166,23,0,2.64,13.67,No,0.0
PRV53312,65,0,2.64,9.04,No,0.0
PRV54290,6,0,2.64,6.52,No,0.0
PRV54877,70,0,2.64,14.97,No,0.0
PRV55285,7,0,2.64,10.48,No,0.0
PRV55673,60,0,2.64,10.57,Yes,0.0
PRV56159,30,0,2.64,9.97,No,0.0
PRV56357,16,0,2.64,6.86,No,0.0
PRV56376,20,0,2.64,11.7,No,0.0
PRV56387,1,0,2.64,2.64,No,0.0
PRV56466,56,0,2.64,10.91,No,0.0
PRV56997,25,0,2.64,11.13,No,0.0
PRV57625,44,0,2.64,11.22,No,0.0
PRV57643,109,0,2.64,13.63,No,0.0
PRV51097,125,0,2.63,15.44,No,0.0
PRV51358,17,0,2.63,6.42,No,0.0
PRV51419,65,0,2.63,11.27,No,0.0
PRV51613,21,0,2.63,11.7,No,0.0
PRV51806,1,0,2.63,2.63,No,0.0
PRV51950,69,0,2.63,14.19,No,0.0
PRV52165,72,0,2.63,11.73,Yes,0.0
PRV53026,26,0,2.63,8.69,No,0.0
PRV53588,1,0,2.63,2.63,No,0.0
PRV53621,81,0,2.63,11.43,No,0.0
PRV54536,13,0,2.63,5.76,No,0.0
PRV54991,130,0,2.63,14.75,No,0.0
PRV55417,30,0,2.63,13.91,No,0.0
PRV55614,73,0,2.63,8.65,No,0.0
PRV55753,40,0,2.63,10.3,No,0.0
PRV56145,52,0,2.63,8.39,No,0.0
PRV57186,42,0,2.63,8.62,No,0.0
PRV57203,47,0,2.63,15.0,No,0.0
PRV57351,34,0,2.63,9.7,No,0.0
PRV57595,56,0,2.63,14.0,No,0.0
PRV51139,43,0,2.62,9.46,No,0.0
PRV51605,72,0,2.62,12.14,No,0.0
PRV52409,16,0,2.62,12.68,No,0.0
PRV53572,5,0,2.62,9.22,No,0.0
PRV53726,16,0,2.62,8.44,No,0.0
PRV53741,7,0,2.62,10.89,No,0.0
PRV54216,49,0,2.62,9.28,No,0.0
PRV54361,40,0,2.62,13.31,Yes,0.0
PRV54792,22,0,2.62,8.42,No,0.0
PRV55146,1,0,2.62,2.62,No,0.0
PRV55329,2,0,2.62,3.95,No,0.0
PRV55851,45,0,2.62,13.16,No,0.0
PRV55985,58,0,2.62,11.89,No,0.0
PRV56933,12,0,2.62,6.13,No,0.0
PRV57455,6,0,2.62,4.47,No,0.0
PRV57585,140,0,2.62,15.11,No,0.0
PRV57660,6,0,2.62,8.0,No,0.0
PRV51775,39,0,2.61,10.86,No,0.0
PRV53074,178,0,2.61,14.75,No,0.0
PRV53229,139,0,2.61,9.42,No,0.0
PRV53386,53,0,2.61,13.32,No,0.0
PRV53632,15,0,2.61,10.64,No,0.0
PRV53840,6,0,2.61,6.81,No,0.0
PRV54235,16,0,2.61,6.51,No,0.0
PRV54254,104,0,2.61,12.12,No,0.0
PRV54597,15,0,2.61,10.07,No,0.0
PRV54997,34,0,2.61,7.74,No,0.0
PRV55487,78,0,2.61,13.45,No,0.0
PRV55560,21,0,2.61,6.26,No,0.0
PRV55765,20,0,2.61,6.16,No,0.0
PRV55808,22,0,2.61,8.86,No,0.0
PRV56247,26,0,2.61,7.88,No,0.0
PRV56280,39,0,2.61,8.25,No,0.0
PRV56458,54,0,2.61,10.48,No,0.0
PRV57130,3,0,2.61,4.22,No,0.0
PRV57265,1,0,2.61,2.61,No,0.0
PRV57419,17,0,2.61,6.85,No,0.0
PRV57441,74,0,2.61,15.12,No,0.0
PRV57593,26,0,2.61,9.77,No,0.0
PRV51327,41,0,2.6,12.17,No,0.0
PRV51441,85,0,2.6,13.29,No,0.0
PRV51612,13,0,2.6,7.76,No,0.0
PRV51681,26,0,2.6,7.44,No,0.0
PRV52415,41,0,2.6,13.41,No,0.0
PRV52520,121,0,2.6,11.52,No,0.0
PRV53013,4,0,2.6,4.54,No,0.0
PRV53158,7,0,2.6,4.36,No,0.0
PRV53448,64,0,2.6,8.37,No,0.0
PRV54159,34,0,2.6,7.24,No,0.0
PRV54441,4,0,2.6,5.19,No,0.0
PRV54938,86,0,2.6,13.11,No,0.0
PRV55056,100,0,2.6,11.72,No,0.0
PRV55137,2,0,2.6,3.21,No,0.0
PRV55198,68,0,2.6,10.2,No,0.0
PRV55640,64,0,2.6,11.07,No,0.0
PRV56411,75,0,2.6,12.18,No,0.0
PRV56576,234,0,2.6,14.14,No,0.0
PRV56611,123,0,2.6,11.1,No,0.0
PRV57329,36,0,2.6,10.31,No,0.0
PRV57500,79,0,2.6,10.59,No,0.0
PRV57747,2,0,2.6,3.8,No,0.0
PRV51351,32,0,2.59,8.53,No,0.0
PRV51933,57,0,2.59,10.23,No,0.0
PRV51991,31,0,2.59,10.33,No,0.0
PRV52168,78,0,2.59,11.66,No,0.0
PRV52286,5,0,2.59,4.51,No,0.0
PRV52608,1,0,2.59,2.59,No,0.0
PRV52808,5,0,2.59,5.45,No,0.0
PRV53129,46,0,2.59,15.25,No,0.0
PRV53392,99,0,2.59,10.87,No,0.0
PRV53732,15,0,2.59,8.57,No,0.0
PRV54363,64,0,2.59,14.16,No,0.0
PRV55460,18,0,2.59,7.67,No,0.0
PRV55543,141,0,2.59,13.98,No,0.0
PRV56211,83,0,2.59,10.95,No,0.0
PRV57444,13,0,2.59,9.76,No,0.0
PRV51066,24,0,2.58,9.2,No,0.0
PRV51137,55,0,2.58,10.75,No,0.0
PRV51142,51,0,2.58,10.97,No,0.0
PRV51168,87,0,2.58,11.07,No,0.0
PRV51248,2,0,2.58,4.43,No,0.0
PRV51345,49,0,2.58,12.16,No,0.0
PRV51911,93,0,2.58,13.24,No,0.0
PRV52275,101,0,2.58,14.25,No,0.0
PRV52352,32,0,2.58,13.11,No,0.0
PRV53015,8,0,2.58,6.45,No,0.0
PRV54727,59,0,2.58,15.26,No,0.0
PRV54810,7,0,2.58,6.91,No,0.0
PRV54873,8,0,2.58,8.51,No,0.0
PRV54886,9,0,2.58,5.75,No,0.0
PRV54892,49,0,2.58,9.58,No,0.0
PRV56236,36,0,2.58,8.98,No,0.0
PRV56508,177,0,2.58,14.88,No,0.0
PRV56527,57,0,2.58,8.96,No,0.0
PRV57198,54,0,2.58,14.1,No,0.0
PRV57252,3,0,2.58,4.16,No,0.0
PRV57619,21,0,2.58,10.04,No,0.0
PRV57748,45,0,2.58,9.0,No,0.0
PRV51330,19,0,2.57,13.67,No,0.0
PRV51522,190,0,2.57,12.81,No,0.0
PRV51525,61,0,2.57,15.46,No,0.0
PRV51616,26,0,2.57,14.48,No,0.0
PRV53136,43,0,2.57,10.97,Yes,0.0
PRV53191,15,0,2.57,9.2,No,0.0
PRV53686,292,0,2.57,15.21,No,0.0
PRV53720,55,0,2.57,15.22,No,0.0
PRV54403,12,0,2.57,5.17,No,0.0
PRV54572,146,0,2.57,14.48,No,0.0
PRV55061,95,0,2.57,14.54,No,0.0
PRV55277,17,0,2.57,14.88,No,0.0
PRV55345,15,0,2.57,7.81,No,0.0
PRV55621,62,0,2.57,14.37,No,0.0
PRV55796,7,0,2.57,8.23,No,0.0
PRV56571,11,0,2.57,4.82,No,0.0
PRV56651,71,0,2.57,12.91,No,0.0
PRV56861,31,0,2.57,7.71,No,0.0
PRV56967,91,0,2.57,12.4,No,0.0
PRV57465,22,0,2.57,10.3,No,0.0
PRV57650,36,0,2.57,8.31,No,0.0
PRV57738,1,0,2.57,2.57,No,0.0
PRV51155,115,0,2.56,15.12,No,0.0
PRV51388,86,0,2.56,11.4,No,0.0
PRV51766,23,0,2.56,8.93,No,0.0
PRV51987,2,0,2.56,4.78,No,0.0
PRV53255,26,0,2.56,9.76,No,0.0
PRV53341,9,0,2.56,6.94,No,0.0
PRV53535,19,0,2.56,12.64,No,0.0
PRV53540,13,0,2.56,8.71,No,0.0
PRV53573,32,0,2.56,9.28,No,0.0
PRV54336,232,0,2.56,15.37,Yes,0.0
PRV55098,27,0,2.56,8.48,No,0.0
PRV55274,70,0,2.56,14.08,No,0.0
PRV55703,58,0,2.56,14.16,No,0.0
PRV56135,22,0,2.56,10.25,No,0.0
PRV56275,80,0,2.56,12.17,No,0.0
PRV56367,45,0,2.56,9.41,No,0.0
PRV56852,20,0,2.56,9.18,No,0.0
PRV57240,72,0,2.56,10.89,No,0.0
PRV57426,60,0,2.56,8.38,No,0.0
PRV51055,22,0,2.55,7.26,No,0.0
PRV51297,70,0,2.55,10.95,No,0.0
PRV51361,32,0,2.55,10.18,No,0.0
PRV51468,159,0,2.55,13.35,No,0.0
PRV51571,22,0,2.55,6.86,No,0.0
PRV51773,5,0,2.55,4.17,No,0.0
PRV52892,36,0,2.55,8.27,No,0.0
PRV53403,72,0,2.55,9.86,No,0.0
PRV53560,23,0,2.55,10.03,No,0.0
PRV53578,7,0,2.55,6.86,No,0.0
PRV54276,77,0,2.55,12.67,No,0.0
PRV54283,5,0,2.55,8.11,No,0.0
PRV54715,19,0,2.55,7.66,No,0.0
PRV54747,21,0,2.55,10.43,No,0.0
PRV54864,5,0,2.55,10.16,No,0.0
PRV54866,2,0,2.55,2.71,No,0.0
PRV55206,103,0,2.55,15.26,No,0.0
PRV56094,25,0,2.55,6.9,No,0.0
PRV56595,56,0,2.55,13.32,No,0.0
PRV56658,70,0,2.55,10.02,No,0.0
PRV56721,202,0,2.55,13.86,No,0.0
PRV56985,17,0,2.55,7.6,No,0.0
PRV51482,91,0,2.54,11.29,Yes,0.0
PRV51583,47,0,2.54,12.15,No,0.0
PRV51699,209,0,2.54,13.27,No,0.0
PRV51739,74,0,2.54,12.62,No,0.0
PRV52274,38,0,2.54,8.72,No,0.0
PRV52288,13,0,2.54,7.27,No,0.0
PRV53331,7,0,2.54,6.25,No,0.0
PRV53483,18,0,2.54,7.52,No,0.0
PRV53851,48,0,2.54,12.0,No,0.0
PRV54073,44,0,2.54,8.67,No,0.0
PRV54410,37,0,2.54,14.89,No,0.0
PRV54569,63,0,2.54,8.61,No,0.0
PRV54684,133,0,2.54,12.44,No,0.0
PRV54697,8,0,2.54,8.39,No,0.0
PRV55298,57,0,2.54,14.47,No,0.0
PRV55360,17,0,2.54,7.86,No,0.0
PRV55623,9,0,2.54,7.76,No,0.0
PRV56114,41,0,2.54,11.35,No,0.0
PRV56370,9,0,2.54,7.5,No,0.0
PRV56537,104,0,2.54,11.62,No,0.0
PRV57375,81,0,2.54,13.12,No,0.0
PRV57573,33,0,2.54,12.32,No,0.0
PRV51008,43,0,2.53,7.82,No,0.0
PRV51060,42,0,2.53,6.21,No,0.0
PRV51786,5,0,2.53,4.03,No,0.0
PRV52029,168,0,2.53,15.05,No,0.0
PRV52122,41,0,2.53,10.44,No,0.0
PRV52587,137,0,2.53,15.16,No,0.0
PRV52926,17,0,2.53,9.34,No,0.0
PRV53156,16,0,2.53,6.94,No,0.0
PRV53351,18,0,2.53,10.67,No,0.0
PRV53547,21,0,2.53,6.67,No,0.0
PRV54136,30,0,2.53,10.41,No,0.0
PRV54743,80,0,2.53,11.52,Yes,0.0
PRV55062,29,0,2.53,7.25,No,0.0
PRV55341,14,0,2.53,8.99,No,0.0
PRV55964,37,0,2.53,11.45,No,0.0
PRV56697,78,0,2.53,10.31,No,0.0
PRV56837,42,0,2.53,14.0,No,0.0
PRV57150,166,0,2.53,12.68,No,0.0
PRV57705,2,0,2.53,4.76,No,0.0
PRV51309,18,0,2.52,6.8,No,0.0
PRV51696,9,0,2.52,5.96,No,0.0
PRV51898,59,0,2.52,14.44,No,0.0
PRV52208,13,0,2.52,5.99,No,0.0
PRV53143,12,0,2.52,7.01,No,0.0
PRV53761,38,0,2.52,13.05,No,0.0
PRV54036,100,0,2.52,15.26,No,0.0
PRV54123,2,0,2.52,4.39,No,0.0
PRV54180,2,0,2.52,2.63,No,0.0
PRV54365,115,0,2.52,13.63,No,0.0
PRV55045,66,0,2.52,10.9,No,0.0
PRV55134,1,0,2.52,2.52,No,0.0
PRV55188,207,0,2.52,11.28,No,0.0
PRV55350,31,0,2.52,9.69,No,0.0
PRV56441,35,0,2.52,9.4,No,0.0
PRV56480,21,0,2.52,13.61,No,0.0
PRV56674,46,0,2.52,10.16,No,0.0
PRV51397,40,0,2.51,12.64,No,0.0
PRV51921,70,0,2.51,11.94,No,0.0
PRV51973,74,0,2.51,10.04,No,0.0
PRV52081,24,0,2.51,8.53,No,0.0
PRV52272,8,0,2.51,7.47,No,0.0
PRV52500,126,0,2.51,13.76,No,0.0
PRV52905,130,0,2.51,14.94,No,0.0
PRV53016,31,0,2.51,13.32,No,0.0
PRV53912,66,0,2.51,9.3,No,0.0
PRV54814,82,0,2.51,14.64,No,0.0
PRV54869,8,0,2.51,6.6,No,0.0
PRV55111,29,0,2.51,14.95,No,0.0
PRV55129,3,0,2.51,3.6,No,0.0
PRV55167,94,0,2.51,10.64,No,0.0
PRV55182,102,0,2.51,13.26,No,0.0
PRV55208,53,0,2.51,12.87,No,0.0
PRV55324,25,0,2.51,5.96,No,0.0
PRV55448,40,0,2.51,6.56,No,0.0
PRV55936,24,0,2.51,8.61,No,0.0
PRV55959,324,0,2.51,15.13,Yes,0.0
PRV56454,159,0,2.51,14.25,No,0.0
PRV57046,97,0,2.51,13.9,No,0.0
PRV57113,7,0,2.51,6.11,No,0.0
PRV57259,48,0,2.51,8.31,No,0.0
PRV57545,61,0,2.51,10.96,No,0.0
PRV51109,3,0,2.5,3.54,No,0.0
PRV51443,73,0,2.5,9.12,No,0.0
PRV52204,9,0,2.5,7.08,No,0.0
PRV53140,21,0,2.5,9.18,No,0.0
PRV53427,24,0,2.5,6.22,No,0.0
PRV53447,39,0,2.5,11.53,No,0.0
PRV53907,126,0,2.5,13.92,No,0.0
PRV54368,110,0,2.5,12.5,No,0.0
PRV55012,73,0,2.5,12.52,No,0.0
PRV55042,124,0,2.5,11.57,No,0.0
PRV55050,183,0,2.5,12.8,No,0.0
PRV55257,137,0,2.5,14.42,No,0.0
PRV55371,3,0,2.5,4.06,No,0.0
PRV55625,21,0,2.5,7.84,No,0.0
PRV55788,19,0,2.5,9.15,No,0.0
PRV56102,36,0,2.5,15.3,No,0.0
PRV56109,12,0,2.5,8.7,No,0.0
PRV56143,29,0,2.5,9.76,No,0.0
PRV56468,34,0,2.5,12.84,No,0.0
PRV56683,167,0,2.5,12.95,No,0.0
PRV57100,25,0,2.5,12.48,No,0.0
PRV57142,12,0,2.5,5.97,No,0.0
PRV57408,55,0,2.5,10.72,No,0.0
PRV51311,21,0,2.49,7.75,No,0.0
PRV51558,26,0,2.49,10.07,No,0.0
PRV51660,3,0,2.49,4.08,No,0.0
PRV52113,120,0,2.49,13.89,No,0.0
PRV52454,15,0,2.49,6.07,No,0.0
PRV52914,61,0,2.49,15.26,No,0.0
PRV53086,4,0,2.49,7.01,No,0.0
PRV53116,44,0,2.49,10.79,No,0.0
PRV53257,25,0,2.49,8.49,No,0.0
PRV54377,20,0,2.49,15.41,No,0.0
PRV54695,53,0,2.49,10.11,No,0.0
PRV55316,65,0,2.49,14.76,No,0.0
PRV55856,54,0,2.49,10.44,No,0.0
PRV56863,52,0,2.49,10.79,No,0.0
PRV57207,73,0,2.49,12.01,No,0.0
PRV51230,30,0,2.48,12.17,No,0.0
PRV51300,52,0,2.48,15.19,No,0.0
PRV51755,6,0,2.48,9.83,No,0.0
PRV51852,19,0,2.48,13.49,No,0.0
PRV51858,61,0,2.48,13.78,No,0.0
PRV52042,52,0,2.48,10.75,No,0.0
PRV52306,15,0,2.48,12.26,No,0.0
PRV52793,17,0,2.48,10.92,No,0.0
PRV53484,63,0,2.48,10.84,No,0.0
PRV53536,31,0,2.48,10.09,No,0.0
PRV53715,24,0,2.48,8.6,No,0.0
PRV53791,92,0,2.48,11.43,No,0.0
PRV54193,24,0,2.48,9.55,No,0.0
PRV54251,47,0,2.48,10.71,No,0.0
PRV54280,20,0,2.48,6.85,No,0.0
PRV54353,32,0,2.48,12.19,No,0.0
PRV54542,20,0,2.48,9.83,No,0.0
PRV54552,45,0,2.48,14.48,No,0.0
PRV54633,12,0,2.48,4.87,No,0.0
PRV55072,48,0,2.48,10.53,No,0.0
PRV57202,165,0,2.48,15.22,No,0.0
PRV57238,45,0,2.48,11.11,No,0.0
PRV57574,58,0,2.48,12.38,No,0.0
PRV51307,37,0,2.47,9.2,No,0.0
PRV51484,86,0,2.47,10.38,No,0.0
PRV51916,43,0,2.47,11.62,No,0.0
PRV51992,61,0,2.47,11.55,No,0.0
PRV52435,70,0,2.47,13.07,No,0.0
PRV52818,39,0,2.47,14.58,No,0.0
PRV52864,28,0,2.47,8.45,No,0.0
PRV53836,49,0,2.47,13.48,No,0.0
PRV54217,30,0,2.47,9.17,No,0.0
PRV54261,75,0,2.47,9.78,No,0.0
PRV54296,54,0,2.47,9.58,No,0.0
PRV54535,34,0,2.47,13.38,No,0.0
PRV54589,11,0,2.47,5.25,No,0.0
PRV54730,40,0,2.47,13.04,No,0.0
PRV54889,56,0,2.47,9.31,No,0.0
PRV55307,110,0,2.47,15.23,No,0.0
PRV55451,11,0,2.47,5.99,No,0.0
PRV55563,18,0,2.47,6.57,No,0.0
PRV55748,10,0,2.47,7.24,No,0.0
PRV56278,27,0,2.47,11.99,No,0.0
PRV56562,37,0,2.47,9.31,No,0.0
PRV57219,46,0,2.47,8.75,No,0.0
PRV57438,14,0,2.47,4.81,No,0.0
PRV57540,39,0,2.47,15.29,No,0.0
PRV57671,6,0,2.47,7.36,No,0.0
PRV51308,35,0,2.46,11.11,No,0.0
PRV51325,15,0,2.46,7.11,No,0.0
PRV53908,15,0,2.46,6.35,No,0.0
PRV54008,50,0,2.46,10.53,No,0.0
PRV54131,24,0,2.46,11.38,No,0.0
PRV54347,26,0,2.46,8.36,No,0.0
PRV54611,6,0,2.46,4.86,No,0.0
PRV54726,34,0,2.46,14.37,No,0.0
PRV55231,126,0,2.46,11.57,No,0.0
PRV55354,178,0,2.46,15.09,No,0.0
PRV55405,10,0,2.46,6.04,No,0.0
PRV55449,21,0,2.46,10.56,No,0.0
PRV55719,23,0,2.46,12.15,No,0.0
PRV55783,7,0,2.46,8.13,No,0.0
PRV55885,8,0,2.46,4.5,No,0.0
PRV56218,118,0,2.46,13.25,No,0.0
PRV56511,23,0,2.46,9.99,No,0.0
PRV57015,44,0,2.46,10.96,No,0.0
PRV57126,43,0,2.46,8.59,No,0.0
PRV57332,98,0,2.46,10.72,No,0.0
PRV57364,10,0,2.46,7.02,No,0.0
PRV57381,49,0,2.46,14.79,No,0.0
PRV57577,73,0,2.46,10.69,No,0.0
PRV51338,128,0,2.45,8.62,Yes,0.0
PRV52097,55,0,2.45,9.11,No,0.0
PRV52309,170,0,2.45,13.75,No,0.0
PRV52410,58,0,2.45,14.0,No,0.0
PRV53291,10,0,2.45,4.62,No,0.0
PRV53363,41,0,2.45,9.3,No,0.0
PRV53364,26,0,2.45,10.12,No,0.0
PRV53734,1,0,2.45,2.45,No,0.0
PRV53801,59,0,2.45,14.45,No,0.0
PRV53817,21,0,2.45,12.1,No,0.0
PRV53829,16,0,2.45,6.9,No,0.0
PRV54141,31,0,2.45,12.97,No,0.0
PRV55272,211,0,2.45,12.5,No,0.0
PRV56004,5,0,2.45,4.62,No,0.0
PRV56903,2,0,2.45,2.62,No,0.0
PRV57657,54,0,2.45,9.03,No,0.0
PRV51044,59,0,2.44,11.87,No,0.0
PRV51096,5,0,2.44,5.04,No,0.0
PRV51202,12,0,2.44,8.81,No,0.0
PRV52709,13,0,2.44,9.04,No,0.0
PRV53749,69,0,2.44,10.79,Yes,0.0
PRV54266,65,0,2.44,7.66,No,0.0
PRV54299,5,0,2.44,6.32,No,0.0
PRV54344,51,0,2.44,9.39,No,0.0
PRV54392,35,0,2.44,11.7,No,0.0
PRV54526,46,0,2.44,13.99,No,0.0
PRV54828,60,0,2.44,13.03,Yes,0.0
PRV55362,148,0,2.44,9.13,No,0.0
PRV55541,134,0,2.44,14.25,No,0.0
PRV55610,1,0,2.44,2.44,No,0.0
PRV56279,53,0,2.44,9.77,No,0.0
PRV56284,67,0,2.44,10.02,No,0.0
PRV56965,3,0,2.44,3.37,No,0.0
PRV57242,103,0,2.44,13.59,No,0.0
PRV57565,6,0,2.44,5.67,No,0.0
PRV51290,113,0,2.43,15.3,No,0.0
PRV51363,3,0,2.43,3.71,No,0.0
PRV51552,62,0,2.43,10.64,No,0.0
PRV51841,56,0,2.43,10.51,No,0.0
PRV52090,303,0,2.43,15.18,No,0.0
PRV52356,98,0,2.43,9.85,No,0.0
PRV52953,85,0,2.43,9.99,No,0.0
PRV53027,5,0,2.43,5.49,No,0.0
PRV53411,6,0,2.43,5.73,No,0.0
PRV53640,33,0,2.43,9.81,No,0.0
PRV53657,25,0,2.43,11.4,No,0.0
PRV54030,14,0,2.43,6.14,No,0.0
PRV54039,28,0,2.43,9.47,No,0.0
PRV54285,20,0,2.43,9.61,No,0.0
PRV54809,55,0,2.43,12.2,No,0.0
PRV54950,18,0,2.43,4.71,Yes,0.0
PRV55695,73,0,2.43,13.73,No,0.0
PRV55745,81,0,2.43,11.66,No,0.0
PRV56297,28,0,2.43,10.15,No,0.0
PRV56318,1,0,2.43,2.43,No,0.0
PRV56483,32,0,2.43,14.87,No,0.0
PRV56485,48,0,2.43,12.84,No,0.0
PRV56523,21,0,2.43,11.77,Yes,0.0
PRV57314,48,0,2.43,14.38,No,0.0
PRV51198,6,0,2.42,4.18,No,0.0
PRV51287,78,0,2.42,8.89,No,0.0
PRV51908,22,0,2.42,8.41,No,0.0
PRV52614,156,0,2.42,12.28,No,0.0
PRV52891,19,0,2.42,6.43,No,0.0
PRV52917,32,0,2.42,8.41,No,0.0
PRV53054,49,0,2.42,9.59,No,0.0
PRV53835,8,0,2.42,9.32,No,0.0
PRV54543,17,0,2.42,7.1,Yes,0.0
PRV54960,193,0,2.42,13.52,No,0.0
PRV55052,49,0,2.42,8.31,No,0.0
PRV55053,54,0,2.42,9.6,No,0.0
PRV55071,70,0,2.42,13.31,No,0.0
PRV55348,7,0,2.42,7.36,No,0.0
PRV55876,19,0,2.42,5.95,No,0.0
PRV55919,21,0,2.42,12.2,No,0.0
PRV56015,149,0,2.42,15.37,No,0.0
PRV56080,5,0,2.42,4.27,No,0.0
PRV56384,49,0,2.42,12.98,No,0.0
PRV56856,90,0,2.42,15.41,No,0.0
PRV57162,104,0,2.42,12.88,Yes,0.0
PRV57244,4,0,2.42,4.77,No,0.0
PRV57415,86,0,2.42,9.34,No,0.0
PRV51740,57,0,2.41,9.49,No,0.0
PRV51934,111,0,2.41,14.09,No,0.0
PRV51965,19,0,2.41,9.36,No,0.0
PRV51989,18,0,2.41,7.29,No,0.0
PRV52160,53,0,2.41,9.46,No,0.0
PRV52381,80,0,2.41,10.47,No,0.0
PRV52610,17,0,2.41,9.54,No,0.0
PRV52745,156,0,2.41,10.79,No,0.0
PRV53210,32,0,2.41,9.9,No,0.0
PRV53556,31,0,2.41,11.14,No,0.0
PRV53635,54,0,2.41,11.7,No,0.0
PRV53677,562,0,2.41,15.41,Yes,0.0
PRV53818,10,0,2.41,6.31,No,0.0
PRV54158,9,0,2.41,5.09,No,0.0
PRV54630,85,0,2.41,7.6,No,0.0
PRV54841,6,0,2.41,3.83,No,0.0
PRV55536,222,0,2.41,14.21,No,0.0
PRV56041,55,0,2.41,13.63,No,0.0
PRV56062,25,0,2.41,9.93,No,0.0
PRV56066,8,0,2.41,5.19,No,0.0
PRV56262,15,0,2.41,7.63,No,0.0
PRV56310,1,0,2.41,2.41,No,0.0
PRV57273,9,0,2.41,6.02,No,0.0
PRV57359,102,0,2.41,14.12,No,0.0
PRV51026,76,0,2.4,12.64,No,0.0
PRV51551,28,0,2.4,10.84,No,0.0
PRV51874,44,0,2.4,8.78,No,0.0
PRV52482,1,0,2.4,2.4,No,0.0
PRV52519,100,0,2.4,11.98,No,0.0
PRV52528,26,0,2.4,9.14,No,0.0
PRV52533,43,0,2.4,8.95,No,0.0
PRV52922,33,0,2.4,7.11,No,0.0
PRV53044,67,0,2.4,11.12,No,0.0
PRV53106,44,0,2.4,9.3,Yes,0.0
PRV53246,109,0,2.4,9.15,No,0.0
PRV53478,149,0,2.4,13.27,No,0.0
PRV53510,16,0,2.4,7.32,No,0.0
PRV53614,118,0,2.4,12.28,No,0.0
PRV54002,11,0,2.4,6.74,No,0.0
PRV54091,112,0,2.4,9.58,No,0.0
PRV54293,2,0,2.4,3.9,No,0.0
PRV56344,11,0,2.4,5.49,No,0.0
PRV56495,36,0,2.4,9.4,No,0.0
PRV57233,140,0,2.4,10.27,No,0.0
PRV57239,28,0,2.4,9.58,No,0.0
PRV57358,77,0,2.4,8.0,No,0.0
PRV57469,58,0,2.4,15.18,No,0.0
PRV57546,18,0,2.4,14.06,No,0.0
PRV57676,15,0,2.4,8.84,No,0.0
PRV51175,41,0,2.39,9.49,No,0.0
PRV51744,5,0,2.39,8.26,No,0.0
PRV52335,242,0,2.39,12.5,No,0.0
PRV52508,37,0,2.39,11.18,No,0.0
PRV52750,26,0,2.39,9.08,No,0.0
PRV53360,20,0,2.39,11.86,No,0.0
PRV53582,14,0,2.39,5.69,No,0.0
PRV53616,44,0,2.39,11.51,No,0.0
PRV53973,170,0,2.39,14.51,No,0.0
PRV54134,44,0,2.39,8.25,No,0.0
PRV54288,15,0,2.39,12.67,No,0.0
PRV54578,77,0,2.39,7.38,No,0.0
PRV54687,18,0,2.39,8.16,No,0.0
PRV54764,51,0,2.39,8.16,No,0.0
PRV55214,190,0,2.39,14.73,No,0.0
PRV55297,98,0,2.39,14.02,No,0.0
PRV55735,93,0,2.39,15.12,No,0.0
PRV56158,38,0,2.39,11.39,No,0.0
PRV56220,15,0,2.39,7.16,No,0.0
PRV56708,7,0,2.39,8.66,No,0.0
PRV56724,26,0,2.39,7.29,No,0.0
PRV56828,142,0,2.39,10.72,No,0.0
PRV57304,93,0,2.39,10.26,No,0.0
PRV57436,41,0,2.39,12.92,No,0.0
PRV57496,38,0,2.39,11.46,No,0.0
PRV57598,23,0,2.39,9.99,No,0.0
PRV51554,6,0,2.38,6.69,No,0.0
PRV51557,10,0,2.38,12.85,No,0.0
PRV51692,11,0,2.38,6.01,No,0.0
PRV52296,2,0,2.38,4.09,No,0.0
PRV53428,22,0,2.38,6.05,No,0.0
PRV53477,50,0,2.38,9.14,No,0.0
PRV53705,57,0,2.38,9.74,No,0.0
PRV53909,256,0,2.38,13.72,No,0.0
PRV54454,171,0,2.38,14.89,No,0.0
PRV54625,16,0,2.38,5.78,No,0.0
PRV54934,71,0,2.38,7.56,No,0.0
PRV55424,10,0,2.38,8.61,No,0.0
PRV55565,23,0,2.38,13.65,No,0.0
PRV55965,33,0,2.38,10.52,No,0.0
PRV56607,72,0,2.38,9.25,No,0.0
PRV57047,16,0,2.38,7.7,No,0.0
PRV57072,4,0,2.38,3.68,No,0.0
PRV57680,19,0,2.38,7.61,No,0.0
PRV51103,6,0,2.37,5.22,Yes,0.0
PRV51395,20,0,2.37,6.95,No,0.0
PRV51573,92,0,2.37,15.07,No,0.0
PRV52358,18,0,2.37,8.05,No,0.0
PRV53771,51,0,2.37,11.59,No,0.0
PRV53805,70,0,2.37,13.13,No,0.0
PRV54115,4,0,2.37,3.76,No,0.0
PRV54274,47,0,2.37,8.86,No,0.0
PRV54477,100,0,2.37,13.78,No,0.0
PRV55117,4,0,2.37,3.81,No,0.0
PRV55161,2,0,2.37,2.72,No,0.0
PRV55438,219,0,2.37,15.18,No,0.0
PRV55481,52,0,2.37,10.7,No,0.0
PRV55620,15,0,2.37,8.26,No,0.0
PRV55819,198,0,2.37,14.64,No,0.0
PRV55826,26,0,2.37,6.63,No,0.0
PRV56502,7,0,2.37,7.7,No,0.0
PRV56915,4,0,2.37,4.06,No,0.0
PRV57004,123,0,2.37,14.4,No,0.0
PRV57539,33,0,2.37,12.62,No,0.0
PRV51464,145,0,2.36,12.32,No,0.0
PRV52048,108,0,2.36,8.21,No,0.0
PRV52391,22,0,2.36,7.36,No,0.0
PRV53289,106,0,2.36,13.09,No,0.0
PRV53412,27,0,2.36,7.79,No,0.0
PRV53974,67,0,2.36,9.16,No,0.0
PRV53982,9,0,2.36,6.99,No,0.0
PRV54048,4,0,2.36,6.89,No,0.0
PRV55114,13,0,2.36,4.58,No,0.0
PRV55723,47,0,2.36,8.34,No,0.0
PRV55785,9,0,2.36,8.81,No,0.0
PRV56566,176,0,2.36,12.77,Yes,0.0
PRV56788,177,0,2.36,13.26,No,0.0
PRV56958,13,0,2.36,7.32,No,0.0
PRV57352,44,0,2.36,15.43,No,0.0
PRV51994,33,0,2.35,13.47,No,0.0
PRV52433,85,0,2.35,13.62,No,0.0
PRV52548,15,0,2.35,4.82,No,0.0
PRV52948,106,0,2.35,10.61,No,0.0
PRV53103,79,0,2.35,9.81,No,0.0
PRV53717,61,0,2.35,14.27,No,0.0
PRV53838,194,0,2.35,13.41,No,0.0
PRV53896,43,0,2.35,11.41,No,0.0
PRV54604,38,0,2.35,11.54,No,0.0
PRV55006,41,0,2.35,8.24,No,0.0
PRV55511,5,0,2.35,5.56,No,0.0
PRV55898,27,0,2.35,10.1,No,0.0
PRV55904,28,0,2.35,10.57,No,0.0
PRV56169,22,0,2.35,5.91,No,0.0
PRV56316,6,0,2.35,3.57,No,0.0
PRV56645,64,0,2.35,10.09,No,0.0
PRV56923,41,0,2.35,12.27,No,0.0
PRV57010,57,0,2.35,10.82,No,0.0
PRV57205,93,0,2.35,12.19,No,0.0
PRV57424,38,0,2.35,13.01,No,0.0
PRV57610,32,0,2.35,10.62,No,0.0
PRV51052,46,0,2.34,12.27,Yes,0.0
PRV53078,45,0,2.34,13.12,No,0.0
PRV53731,4,0,2.34,5.3,No,0.0
PRV54191,2,0,2.34,2.91,No,0.0
PRV55089,1,0,2.34,2.34,No,0.0
PRV55337,13,0,2.34,10.35,No,0.0
PRV51128,50,0,2.33,6.32,No,0.0
PRV51253,85,0,2.33,8.55,No,0.0
PRV51362,44,0,2.33,10.19,No,0.0
PRV51625,7,0,2.33,6.64,No,0.0
PRV51691,88,0,2.33,14.89,No,0.0
PRV52056,60,0,2.33,12.34,No,0.0
PRV52336,86,0,2.33,13.33,No,0.0
PRV52740,34,0,2.33,10.56,No,0.0
PRV53438,61,0,2.33,10.84,No,0.0
PRV53487,40,0,2.33,8.52,No,0.0
PRV54240,72,0,2.33,10.23,No,0.0
PRV54598,9,0,2.33,4.48,No,0.0
PRV55091,18,0,2.33,9.27,No,0.0
PRV55220,102,0,2.33,14.58,No,0.0
PRV55318,63,0,2.33,13.5,No,0.0
PRV55396,75,0,2.33,8.9,No,0.0
PRV55926,26,0,2.33,9.05,No,0.0
PRV56622,26,0,2.33,6.13,No,0.0
PRV57363,2,0,2.33,2.7,No,0.0
PRV57470,12,0,2.33,8.69,No,0.0
PRV57474,4,0,2.33,6.44,No,0.0
PRV57575,24,0,2.33,8.3,No,0.0
PRV52540,7,0,2.32,6.93,No,0.0
PRV52748,10,0,2.32,8.6,No,0.0
PRV52932,40,0,2.32,10.47,No,0.0
PRV52945,46,0,2.32,11.46,No,0.0
PRV53374,387,0,2.32,14.31,No,0.0
PRV53460,3,0,2.32,6.53,No,0.0
PRV53585,4,0,2.32,4.42,No,0.0
PRV53875,41,0,2.32,6.63,No,0.0
PRV53891,22,0,2.32,9.82,No,0.0
PRV54117,6,0,2.32,7.52,No,0.0
PRV54166,20,0,2.32,7.24,No,0.0
PRV56141,39,0,2.32,9.49,No,0.0
PRV57315,22,0,2.32,5.82,No,0.0
PRV57379,28,0,2.32,10.51,No,0.0
PRV51292,22,0,2.31,6.67,No,0.0
PRV51716,82,0,2.31,10.95,No,0.0
PRV51759,13,0,2.31,7.54,No,0.0
PRV51961,159,0,2.31,14.39,No,0.0
PRV52102,15,0,2.31,6.64,No,0.0
PRV52497,30,0,2.31,10.41,Yes,0.0
PRV52636,21,0,2.31,8.85,No,0.0
PRV52679,53,0,2.31,8.86,No,0.0
PRV53376,74,0,2.31,9.56,No,0.0
PRV53402,17,0,2.31,12.51,No,0.0
PRV53470,64,0,2.31,11.32,No,0.0
PRV53606,76,0,2.31,14.83,No,0.0
PRV53947,8,0,2.31,5.94,No,0.0
PRV54412,70,0,2.31,14.81,No,0.0
PRV54426,24,0,2.31,6.11,No,0.0
PRV54838,58,0,2.31,8.8,No,0.0
PRV54932,59,0,2.31,14.82,No,0.0
PRV55054,69,0,2.31,12.59,No,0.0
PRV55138,3,0,2.31,4.41,No,0.0
PRV55344,14,0,2.31,6.27,No,0.0
PRV55358,37,0,2.31,13.04,No,0.0
PRV55539,3,0,2.31,4.55,No,0.0
PRV55557,68,0,2.31,10.69,No,0.0
PRV55593,147,0,2.31,13.32,No,0.0
PRV56224,111,0,2.31,13.27,No,0.0
PRV56717,8,0,2.31,3.33,No,0.0
PRV57287,289,0,2.31,15.42,No,0.0
PRV57509,58,0,2.31,8.96,No,0.0
PRV51280,39,0,2.3,14.07,No,0.0
PRV52567,66,0,2.3,10.73,No,0.0
PRV52796,48,0,2.3,10.13,No,0.0
PRV53072,18,0,2.3,5.25,No,0.0
PRV53161,7,0,2.3,7.13,No,0.0
PRV53357,2,0,2.3,3.56,No,0.0
PRV53549,6,0,2.3,3.33,No,0.0
PRV53663,76,0,2.3,11.18,No,0.0
PRV54017,13,0,2.3,8.83,No,0.0
PRV54026,3,0,2.3,3.94,No,0.0
PRV54468,21,0,2.3,9.41,No,0.0
PRV54833,88,0,2.3,12.93,No,0.0
PRV55064,621,0,2.3,15.17,No,0.0
PRV55110,40,0,2.3,8.53,No,0.0
PRV55202,30,0,2.3,12.78,No,0.0
PRV55213,81,0,2.3,14.28,No,0.0
PRV56055,9,0,2.3,6.28,No,0.0
PRV56464,84,0,2.3,10.88,No,0.0
PRV56482,28,0,2.3,9.77,No,0.0
PRV57354,22,0,2.3,6.85,No,0.0
PRV51082,34,0,2.29,10.09,No,0.0
PRV51764,33,0,2.29,13.27,No,0.0
PRV52255,10,0,2.29,8.84,No,0.0
PRV52719,63,0,2.29,14.77,No,0.0
PRV52897,45,0,2.29,8.54,No,0.0
PRV52935,280,0,2.29,14.43,No,0.0
PRV54389,56,0,2.29,12.61,No,0.0
PRV54868,105,0,2.29,8.58,No,0.0
PRV55178,31,0,2.29,9.77,No,0.0
PRV55293,33,0,2.29,7.41,No,0.0
PRV56099,3,0,2.29,5.59,No,0.0
PRV56398,19,0,2.29,7.65,No,0.0
PRV51117,12,0,2.28,9.79,No,0.0
PRV51216,71,0,2.28,11.25,No,0.0
PRV52170,43,0,2.28,9.95,No,0.0
PRV52206,5,0,2.28,6.18,No,0.0
PRV52916,26,0,2.28,11.08,No,0.0
PRV53197,4,0,2.28,4.71,No,0.0
PRV53227,74,0,2.28,12.18,No,0.0
PRV53831,83,0,2.28,12.35,No,0.0
PRV54408,106,0,2.28,13.55,No,0.0
PRV54568,56,0,2.28,8.98,No,0.0
PRV54618,32,0,2.28,9.59,No,0.0
PRV55080,8,0,2.28,4.05,No,0.0
PRV55580,66,0,2.28,9.11,No,0.0
PRV55622,1,0,2.28,2.28,No,0.0
PRV56117,14,0,2.28,6.69,No,0.0
PRV56233,98,0,2.28,10.9,No,0.0
PRV56381,8,0,2.28,4.71,No,0.0
PRV57168,75,0,2.28,10.19,No,0.0
PRV57488,5,0,2.28,3.61,No,0.0
PRV57550,29,0,2.28,6.78,No,0.0
PRV51047,11,0,2.27,8.08,No,0.0
PRV51211,2,0,2.27,3.03,No,0.0
PRV51767,12,0,2.27,6.78,No,0.0
PRV51970,35,0,2.27,11.01,No,0.0
PRV52235,2,0,2.27,2.29,No,0.0
PRV52790,28,0,2.27,8.71,No,0.0
PRV53203,7,0,2.27,6.01,No,0.0
PRV53452,62,0,2.27,11.96,No,0.0
PRV54303,16,0,2.27,5.41,No,0.0
PRV54849,12,0,2.27,5.48,No,0.0
PRV54870,8,0,2.27,5.26,No,0.0
PRV54992,18,0,2.27,11.65,No,0.0
PRV55108,223,0,2.27,12.45,No,0.0
PRV56663,251,0,2.27,12.57,No,0.0
PRV56835,103,0,2.27,14.05,No,0.0
PRV57002,50,0,2.27,10.18,No,0.0
PRV57576,22,0,2.27,8.92,No,0.0
PRV52222,54,0,2.26,12.09,No,0.0
PRV52616,15,0,2.26,8.88,No,0.0
PRV52690,117,0,2.26,12.29,Yes,0.0
PRV52711,28,0,2.26,7.75,No,0.0
PRV52865,66,0,2.26,11.24,No,0.0
PRV53126,34,0,2.26,6.84,No,0.0
PRV53611,36,0,2.26,7.32,No,0.0
PRV53784,41,0,2.26,13.02,No,0.0
PRV53794,167,0,2.26,12.36,No,0.0
PRV53798,38,0,2.26,8.92,No,0.0
PRV54413,20,0,2.26,9.62,No,0.0
PRV54415,27,0,2.26,11.55,No,0.0
PRV55141,2,0,2.26,2.56,No,0.0
PRV55283,36,0,2.26,4.88,No,0.0
PRV55446,98,0,2.26,14.09,No,0.0
PRV56186,12,0,2.26,6.93,No,0.0
PRV56198,21,0,2.26,6.58,No,0.0
PRV51610,6,0,2.25,4.61,No,0.0
PRV51732,12,0,2.25,9.01,No,0.0
PRV52451,20,0,2.25,5.61,No,0.0
PRV52770,7,0,2.25,3.54,No,0.0
PRV52928,41,0,2.25,14.04,No,0.0
PRV52981,369,0,2.25,12.8,No,0.0
PRV53975,70,0,2.25,14.11,No,0.0
PRV54342,35,0,2.25,11.8,No,0.0
PRV54763,34,0,2.25,14.16,No,0.0
PRV55519,23,0,2.25,8.24,Yes,0.0
PRV56005,74,0,2.25,14.09,No,0.0
PRV56879,7,0,2.25,4.47,No,0.0
PRV51179,26,0,2.24,8.86,No,0.0
PRV51503,57,0,2.24,9.26,No,0.0
PRV51658,5,0,2.24,6.92,No,0.0
PRV51964,17,0,2.24,7.19,No,0.0
PRV52095,38,0,2.24,11.53,No,0.0
PRV52490,17,0,2.24,5.7,No,0.0
PRV52639,37,0,2.24,8.77,No,0.0
PRV53133,159,0,2.24,11.57,No,0.0
PRV53188,10,0,2.24,7.09,No,0.0
PRV53279,36,0,2.24,10.4,No,0.0
PRV53426,10,0,2.24,7.92,No,0.0
PRV53429,29,0,2.24,7.52,No,0.0
PRV53696,15,0,2.24,10.82,No,0.0
PRV54581,11,0,2.24,5.59,No,0.0
PRV54802,17,0,2.24,6.5,No,0.0
PRV55657,1,0,2.24,2.24,No,0.0
PRV56142,53,0,2.24,8.06,No,0.0
PRV56212,17,0,2.24,5.09,No,0.0
PRV56977,8,0,2.24,5.86,No,0.0
PRV57431,24,0,2.24,6.44,No,0.0
PRV57760,22,0,2.24,6.93,No,0.0
PRV51029,93,0,2.23,15.29,No,0.0
PRV51169,77,0,2.23,12.77,No,0.0
PRV51564,24,0,2.23,11.27,No,0.0
PRV51865,28,0,2.23,9.71,No,0.0
PRV51969,42,0,2.23,8.28,No,0.0
PRV52218,8,0,2.23,5.09,No,0.0
PRV52427,19,0,2.23,5.76,No,0.0
PRV52662,19,0,2.23,8.59,No,0.0
PRV53431,42,0,2.23,12.16,No,0.0
PRV53485,5,0,2.23,8.07,No,0.0
PRV53654,39,0,2.23,9.6,No,0.0
PRV53729,3,0,2.23,4.04,No,0.0
PRV54045,3,0,2.23,3.21,No,0.0
PRV54425,18,0,2.23,5.31,No,0.0
PRV54469,11,0,2.23,8.23,No,0.0
PRV55714,22,0,2.23,8.53,No,0.0
PRV55798,6,0,2.23,5.86,No,0.0
PRV56551,36,0,2.23,7.38,No,0.0
PRV56953,20,0,2.23,8.74,No,0.0
PRV56989,2,0,2.23,3.25,No,0.0
PRV57036,20,0,2.23,9.2,No,0.0
PRV57468,12,0,2.23,5.05,No,0.0
PRV51396,44,0,2.22,6.48,No,0.0
PRV51734,20,0,2.22,12.32,No,0.0
PRV52542,62,0,2.22,7.81,No,0.0
PRV53315,25,0,2.22,9.82,No,0.0
PRV53927,11,0,2.22,5.56,No,0.0
PRV54776,37,0,2.22,10.64,No,0.0
PRV54790,8,0,2.22,5.65,No,0.0
PRV54947,26,0,2.22,13.02,No,0.0
PRV55081,30,0,2.22,9.09,No,0.0
PRV55112,32,0,2.22,8.94,No,0.0
PRV55649,2,0,2.22,2.94,No,0.0
PRV56111,93,0,2.22,9.26,No,0.0
PRV56258,70,0,2.22,12.65,No,0.0
PRV57278,7,0,2.22,4.39,No,0.0
PRV57584,43,0,2.22,9.34,No,0.0
PRV52088,44,0,2.21,11.51,No,0.0
PRV53069,11,0,2.21,6.27,No,0.0
PRV53361,9,0,2.21,7.03,No,0.0
PRV53629,15,0,2.21,10.54,No,0.0
PRV54103,187,0,2.21,12.69,Yes,0.0
PRV54444,27,0,2.21,13.79,No,0.0
PRV54859,25,0,2.21,9.0,No,0.0
PRV55993,32,0,2.21,9.47,No,0.0
PRV56364,79,0,2.21,10.37,No,0.0
PRV56373,1,0,2.21,2.21,No,0.0
PRV56473,55,0,2.21,8.57,No,0.0
PRV56679,25,0,2.21,7.33,No,0.0
PRV56728,42,0,2.21,8.91,No,0.0
PRV56914,6,0,2.21,4.89,No,0.0
PRV52121,53,0,2.2,7.5,No,0.0
PRV52962,14,0,2.2,9.88,No,0.0
PRV53492,3,0,2.2,2.94,No,0.0
PRV53842,7,0,2.2,8.48,No,0.0
PRV55352,39,0,2.2,12.71,No,0.0
PRV55995,46,0,2.2,9.85,No,0.0
PRV56319,13,0,2.2,7.3,No,0.0
PRV57013,41,0,2.2,9.84,No,0.0
PRV57571,1,0,2.2,2.2,No,0.0
PRV51313,19,0,2.19,8.09,No,0.0
PRV51688,9,0,2.19,7.81,No,0.0
PRV51846,29,0,2.19,6.92,No,0.0
PRV52037,171,0,2.19,13.45,No,0.0
PRV52171,12,0,2.19,5.94,No,0.0
PRV52397,8,0,2.19,7.87,No,0.0
PRV53625,147,0,2.19,13.6,No,0.0
PRV53764,39,0,2.19,9.56,No,0.0
PRV54383,29,0,2.19,7.78,No,0.0
PRV54668,306,0,2.19,15.4,No,0.0
PRV55497,7,0,2.19,5.36,No,0.0
PRV57197,100,0,2.19,11.04,No,0.0
PRV57270,9,0,2.19,7.43,No,0.0
PRV57570,4,0,2.19,5.4,No,0.0
PRV57691,51,0,2.19,12.07,No,0.0
PRV51314,30,0,2.18,5.52,No,0.0
PRV51487,13,0,2.18,5.79,No,0.0
PRV53721,5,0,2.18,4.77,No,0.0
PRV54109,16,0,2.18,6.85,No,0.0
PRV55088,31,0,2.18,8.39,No,0.0
PRV55364,1,0,2.18,2.18,No,0.0
PRV55554,78,0,2.18,9.33,No,0.0
PRV56030,204,0,2.18,13.19,No,0.0
PRV56305,29,0,2.18,9.75,No,0.0
PRV57686,23,0,2.18,13.12,No,0.0
PRV57735,6,0,2.18,7.37,No,0.0
PRV51190,66,0,2.17,10.7,No,0.0
PRV51931,46,0,2.17,7.46,No,0.0
PRV52708,31,0,2.17,6.57,No,0.0
PRV52794,1,0,2.17,2.17,No,0.0
PRV53566,4,0,2.17,5.64,No,0.0
PRV54024,38,0,2.17,8.66,No,0.0
PRV54223,74,0,2.17,7.91,No,0.0
PRV54270,34,0,2.17,7.24,No,0.0
PRV54472,32,0,2.17,7.23,No,0.0
PRV56075,12,0,2.17,9.99,No,0.0
PRV56553,65,0,2.17,12.37,No,0.0
PRV57189,256,0,2.17,13.49,Yes,0.0
PRV57522,40,0,2.17,7.6,No,0.0
PRV57542,37,0,2.17,7.01,No,0.0
PRV57592,79,0,2.17,7.71,No,0.0
PRV52248,24,0,2.16,6.97,No,0.0
PRV52437,43,0,2.16,9.5,No,0.0
PRV52674,3,0,2.16,4.28,No,0.0
PRV52758,4,0,2.16,5.34,No,0.0
PRV52930,127,0,2.16,9.44,No,0.0
PRV53298,63,0,2.16,6.98,No,0.0
PRV53313,68,0,2.16,10.18,No,0.0
PRV53382,45,0,2.16,15.42,No,0.0
PRV53841,22,0,2.16,9.23,No,0.0
PRV54636,76,0,2.16,8.02,No,0.0
PRV54643,18,0,2.16,12.79,No,0.0
PRV54793,10,0,2.16,5.27,No,0.0
PRV55806,16,0,2.16,6.43,No,0.0
PRV56767,18,0,2.16,6.02,No,0.0
PRV56954,20,0,2.16,7.43,No,0.0
PRV57678,9,0,2.16,8.35,No,0.0
PRV51932,21,0,2.15,10.47,No,0.0
PRV52013,62,0,2.15,8.95,No,0.0
PRV52523,3,0,2.15,3.1,No,0.0
PRV53574,17,0,2.15,10.05,No,0.0
PRV53724,2,0,2.15,3.59,No,0.0
PRV54004,8,0,2.15,3.95,No,0.0
PRV54196,10,0,2.15,4.04,No,0.0
PRV54887,143,0,2.15,12.6,No,0.0
PRV56394,32,0,2.15,9.09,No,0.0
PRV56740,45,0,2.15,7.91,No,0.0
PRV56801,25,0,2.15,8.77,No,0.0
PRV57137,43,0,2.15,9.65,No,0.0
PRV57328,38,0,2.15,11.03,No,0.0
PRV51392,17,0,2.14,8.29,No,0.0
PRV51416,81,0,2.14,11.73,No,0.0
PRV51703,2,0,2.14,3.96,No,0.0
PRV52007,18,0,2.14,11.11,No,0.0
PRV52186,41,0,2.14,8.92,No,0.0
PRV53782,53,0,2.14,15.45,No,0.0
PRV55656,30,0,2.14,7.12,No,0.0
PRV56251,30,0,2.14,10.12,No,0.0
PRV56823,18,0,2.14,6.96,No,0.0
PRV57647,46,0,2.14,12.03,No,0.0
PRV51098,4,0,2.13,7.02,No,0.0
PRV51323,76,0,2.13,9.01,No,0.0
PRV51442,6,0,2.13,5.63,No,0.0
PRV51582,4,0,2.13,2.87,No,0.0
PRV51812,1,0,2.13,2.13,No,0.0
PRV52087,56,0,2.13,13.96,No,0.0
PRV52354,66,0,2.13,9.07,No,0.0
PRV52568,87,0,2.13,9.58,No,0.0
PRV52704,159,0,2.13,12.02,No,0.0
PRV53387,49,0,2.13,11.2,No,0.0
PRV54450,10,0,2.13,6.78,No,0.0
PRV54862,7,0,2.13,7.56,No,0.0
PRV54904,19,0,2.13,5.79,No,0.0
PRV55123,2,0,2.13,4.1,No,0.0
PRV55191,90,0,2.13,8.69,No,0.0
PRV55291,6,0,2.13,3.7,No,0.0
PRV55530,71,0,2.13,11.44,No,0.0
PRV56068,41,0,2.13,9.34,No,0.0
PRV56092,5,0,2.13,4.63,No,0.0
PRV56392,20,0,2.13,6.99,Yes,0.0
PRV57261,10,0,2.13,6.03,No,0.0
PRV57627,28,0,2.13,8.65,No,0.0
PRV57658,51,0,2.13,7.08,No,0.0
PRV57730,40,0,2.13,6.97,No,0.0
PRV51859,65,0,2.12,10.6,No,0.0
PRV51890,21,0,2.12,11.21,No,0.0
PRV51899,23,0,2.12,11.23,No,0.0
PRV52174,4,0,2.12,5.21,No,0.0
PRV52240,62,0,2.12,8.79,No,0.0
PRV52825,22,0,2.12,10.55,No,0.0
PRV53337,5,0,2.12,3.35,No,0.0
PRV53502,47,0,2.12,12.52,No,0.0
PRV54524,21,0,2.12,10.41,No,0.0
PRV54967,51,0,2.12,8.61,No,0.0
PRV55338,46,0,2.12,9.28,No,0.0
PRV55404,25,0,2.12,5.99,No,0.0
PRV55619,2,0,2.12,3.87,No,0.0
PRV55646,2,0,2.12,2.41,No,0.0
PRV55925,21,0,2.12,7.92,No,0.0
PRV55980,17,0,2.12,6.0,No,0.0
PRV56060,1,0,2.12,2.12,No,0.0
PRV56919,2,0,2.12,3.46,No,0.0
PRV57272,25,0,2.12,9.87,No,0.0
PRV57464,2,0,2.12,2.87,No,0.0
PRV51111,132,0,2.11,11.72,No,0.0
PRV52101,15,0,2.11,5.92,No,0.0
PRV52249,47,0,2.11,6.96,No,0.0
PRV54693,52,0,2.11,7.9,No,0.0
PRV54906,22,0,2.11,9.28,No,0.0
PRV54993,53,0,2.11,11.02,No,0.0
PRV54995,16,0,2.11,6.59,No,0.0
PRV55320,34,0,2.11,7.29,No,0.0
PRV55571,61,0,2.11,8.65,No,0.0
PRV55598,167,0,2.11,11.6,No,0.0
PRV55966,21,0,2.11,6.51,No,0.0
PRV55989,2,0,2.11,4.14,No,0.0
PRV56181,12,0,2.11,7.35,No,0.0
PRV56227,26,0,2.11,8.82,No,0.0
PRV56295,4,0,2.11,3.39,No,0.0
PRV56531,5,0,2.11,6.09,No,0.0
PRV56850,17,0,2.11,10.01,No,0.0
PRV57145,4,0,2.11,3.22,No,0.0
PRV57236,87,0,2.11,9.97,No,0.0
PRV57639,17,0,2.11,6.57,No,0.0
PRV57727,16,0,2.11,6.37,No,0.0
PRV51585,6,0,2.1,6.63,No,0.0
PRV51706,2,0,2.1,2.87,No,0.0
PRV52604,7,0,2.1,6.29,No,0.0
PRV52673,87,0,2.1,11.25,No,0.0
PRV52747,21,0,2.1,5.42,No,0.0
PRV52775,7,0,2.1,7.27,No,0.0
PRV53713,31,0,2.1,8.55,No,0.0
PRV54114,11,0,2.1,5.53,No,0.0
PRV54124,5,0,2.1,3.43,No,0.0
PRV54452,5,0,2.1,2.7,No,0.0
PRV54616,5,0,2.1,6.23,No,0.0
PRV55122,1,0,2.1,2.1,No,0.0
PRV55471,13,0,2.1,5.93,No,0.0
PRV55653,25,0,2.1,7.7,No,0.0
PRV55886,4,0,2.1,4.27,No,0.0
PRV56475,34,0,2.1,9.21,No,0.0
PRV56843,2,0,2.1,3.84,No,0.0
PRV57255,34,0,2.1,9.37,No,0.0
PRV51093,9,0,2.09,5.72,No,0.0
PRV52510,26,0,2.09,12.75,No,0.0
PRV52702,28,0,2.09,9.16,No,0.0
PRV52783,1,0,2.09,2.09,No,0.0
PRV53681,31,0,2.09,14.03,No,0.0
PRV53983,24,0,2.09,9.15,No,0.0
PRV54407,19,0,2.09,7.94,No,0.0
PRV54593,35,0,2.09,8.55,No,0.0
PRV55078,1,0,2.09,2.09,No,0.0
PRV56328,15,0,2.09,5.69,No,0.0
PRV56890,12,0,2.09,6.97,No,0.0
PRV57558,57,0,2.09,12.08,No,0.0
PRV52022,66,0,2.08,13.44,No,0.0
PRV53150,13,0,2.08,8.86,No,0.0
PRV53398,5,0,2.08,3.4,No,0.0
PRV53988,32,0,2.08,7.16,No,0.0
PRV54096,7,0,2.08,7.55,No,0.0
PRV54486,28,0,2.08,12.01,No,0.0
PRV55399,27,0,2.08,4.68,No,0.0
PRV55576,60,0,2.08,12.41,No,0.0
PRV55946,50,0,2.08,9.79,No,0.0
PRV56177,18,0,2.08,7.95,No,0.0
PRV56868,18,0,2.08,7.21,No,0.0
PRV57241,59,0,2.08,10.85,No,0.0
PRV57275,61,0,2.08,12.17,No,0.0
PRV52311,28,0,2.07,10.24,No,0.0
PRV52377,44,0,2.07,8.24,No,0.0
PRV53282,31,0,2.07,7.87,No,0.0
PRV53343,6,0,2.07,3.64,No,0.0
PRV53788,18,0,2.07,9.11,No,0.0
PRV54020,7,0,2.07,4.77,No,0.0
PRV55289,14,0,2.07,4.56,No,0.0
PRV56214,3,0,2.07,4.88,No,0.0
PRV57368,22,0,2.07,8.41,No,0.0
PRV57599,5,0,2.07,3.73,No,0.0
PRV51708,4,0,2.06,4.85,No,0.0
PRV52302,46,0,2.06,11.91,No,0.0
PRV52580,39,0,2.06,6.38,No,0.0
PRV53081,9,0,2.06,7.02,No,0.0
PRV53957,15,0,2.06,5.7,No,0.0
PRV54197,14,0,2.06,8.16,No,0.0
PRV54437,14,0,2.06,6.31,No,0.0
PRV55639,4,0,2.06,5.3,No,0.0
PRV56654,49,0,2.06,8.13,No,0.0
PRV56705,16,0,2.06,4.61,No,0.0
PRV56712,4,0,2.06,3.17,No,0.0
PRV57088,10,0,2.06,6.49,No,0.0
PRV57473,1,0,2.06,2.06,No,0.0
PRV51048,38,0,2.05,5.76,No,0.0
PRV51063,149,0,2.05,12.97,No,0.0
PRV51075,17,0,2.05,4.9,No,0.0
PRV51635,29,0,2.05,12.55,No,0.0
PRV51749,6,0,2.05,3.7,No,0.0
PRV52941,43,0,2.05,9.03,No,0.0
PRV54125,11,0,2.05,5.2,No,0.0
PRV54656,35,0,2.05,9.45,No,0.0
PRV54941,18,0,2.05,6.99,No,0.0
PRV55326,58,0,2.05,9.17,No,0.0
PRV55469,10,0,2.05,8.49,No,0.0
PRV55582,24,0,2.05,5.42,No,0.0
PRV56208,67,0,2.05,12.06,No,0.0
PRV57058,29,0,2.05,6.33,No,0.0
PRV51572,4,0,2.04,5.56,No,0.0
PRV52143,17,0,2.04,9.38,No,0.0
PRV52706,26,0,2.04,6.81,No,0.0
PRV52727,12,0,2.04,4.92,No,0.0
PRV52913,35,0,2.04,7.44,No,0.0
PRV53038,24,0,2.04,8.88,No,0.0
PRV53491,16,0,2.04,7.59,No,0.0
PRV53563,2,0,2.04,2.38,No,0.0
PRV53648,20,0,2.04,9.7,No,0.0
PRV53827,9,0,2.04,6.41,No,0.0
PRV56038,7,0,2.04,5.42,No,0.0
PRV56152,18,0,2.04,6.69,No,0.0
PRV56509,117,0,2.04,12.57,No,0.0
PRV56755,18,0,2.04,7.32,No,0.0
PRV51141,71,0,2.03,14.78,No,0.0
PRV51251,11,0,2.03,7.68,No,0.0
PRV51641,14,0,2.03,8.56,No,0.0
PRV51798,10,0,2.03,4.96,No,0.0
PRV53075,2,0,2.03,2.79,No,0.0
PRV53658,27,0,2.03,6.41,No,0.0
PRV54007,5,0,2.03,3.66,No,0.0
PRV54086,66,0,2.03,13.46,No,0.0
PRV54910,215,0,2.03,13.1,No,0.0
PRV55299,18,0,2.03,5.03,No,0.0
PRV55411,39,0,2.03,11.58,No,0.0
PRV55674,9,0,2.03,4.32,No,0.0
PRV55691,40,0,2.03,9.6,No,0.0
PRV55884,27,0,2.03,9.51,No,0.0
PRV56266,30,0,2.03,10.13,No,0.0
PRV56299,5,0,2.03,4.56,No,0.0
PRV56581,7,0,2.03,4.82,No,0.0
PRV57057,26,0,2.03,8.13,No,0.0
PRV57356,67,0,2.03,14.28,No,0.0
PRV57662,3,0,2.03,5.48,No,0.0
PRV51847,42,0,2.02,12.74,No,0.0
PRV52553,8,0,2.02,4.88,No,0.0
PRV54544,28,0,2.02,7.17,No,0.0
PRV54587,3,0,2.02,3.24,No,0.0
PRV54803,3,0,2.02,4.51,No,0.0
PRV56821,12,0,2.02,7.49,No,0.0
PRV56960,8,0,2.02,4.65,No,0.0
PRV57138,6,0,2.02,4.57,No,0.0
PRV57199,7,0,2.02,7.53,No,0.0
PRV57756,27,0,2.02,8.37,No,0.0
PRV51702,10,0,2.01,4.89,No,0.0
PRV51789,32,0,2.01,5.91,No,0.0
PRV52669,1,0,2.01,2.01,No,0.0
PRV52877,19,0,2.01,8.97,No,0.0
PRV53135,7,0,2.01,5.3,No,0.0
PRV54946,91,0,2.01,9.51,No,0.0
PRV55040,6,0,2.01,4.57,No,0.0
PRV55549,28,0,2.01,8.69,No,0.0
PRV55740,21,0,2.01,11.59,No,0.0
PRV55774,14,0,2.01,5.45,No,0.0
PRV56378,31,0,2.01,11.97,No,0.0
PRV56984,3,0,2.01,4.32,No,0.0
PRV51843,50,0,2.0,10.51,No,0.0
PRV51877,4,0,2.0,4.18,No,0.0
PRV51930,6,0,2.0,4.34,No,0.0
PRV52105,26,0,2.0,8.8,No,0.0
PRV52726,2,0,2.0,3.74,No,0.0
PRV52901,85,0,2.0,12.17,No,0.0
PRV54511,32,0,2.0,10.42,No,0.0
PRV55359,113,0,2.0,12.4,No,0.0
PRV55577,2,0,2.0,3.49,No,0.0
PRV55789,23,0,2.0,9.07,No,0.0
PRV56440,89,0,2.0,8.52,No,0.0
PRV56515,7,0,2.0,3.7,No,0.0
PRV57133,14,0,2.0,5.35,No,0.0
PRV57291,3,0,2.0,3.9,No,0.0
PRV57613,2,0,2.0,3.36,No,0.0
PRV51262,60,0,1.99,9.01,No,0.0
PRV52271,19,0,1.99,5.67,No,0.0
PRV53314,57,0,1.99,9.7,No,0.0
PRV53704,15,0,1.99,5.71,No,0.0
PRV53977,65,0,1.99,13.81,No,0.0
PRV54150,25,0,1.99,7.21,No,0.0
PRV55641,2,0,1.99,2.61,No,0.0
PRV56025,153,0,1.99,10.7,No,0.0
PRV56351,29,0,1.99,8.02,No,0.0
PRV56707,18,0,1.99,9.15,No,0.0
PRV57194,30,0,1.99,7.44,No,0.0
PRV57696,3,0,1.99,4.06,No,0.0
PRV51624,5,0,1.98,2.79,No,0.0
PRV52514,15,0,1.98,5.99,No,0.0
PRV53305,19,0,1.98,7.43,No,0.0
PRV53339,10,0,1.98,5.2,No,0.0
PRV53415,34,0,1.98,6.45,No,0.0
PRV53626,13,0,1.98,5.67,No,0.0
PRV53846,12,0,1.98,6.03,No,0.0
PRV55227,46,0,1.98,6.15,No,0.0
PRV55883,8,0,1.98,9.36,No,0.0
PRV56051,4,0,1.98,4.12,No,0.0
PRV56633,5,0,1.98,4.73,No,0.0
PRV57744,19,0,1.98,7.55,No,0.0
PRV51122,7,0,1.97,4.18,No,0.0
PRV51935,57,0,1.97,9.33,No,0.0
PRV52492,34,0,1.97,7.6,No,0.0
PRV52695,5,0,1.97,3.6,No,0.0
PRV52911,5,0,1.97,3.96,No,0.0
PRV53066,7,0,1.97,7.27,No,0.0
PRV53318,21,0,1.97,7.02,No,0.0
PRV55007,14,0,1.97,4.86,No,0.0
PRV55770,19,0,1.97,9.62,No,0.0
PRV56232,35,0,1.97,6.93,No,0.0
PRV56881,78,0,1.97,14.13,No,0.0
PRV56930,24,0,1.97,8.15,No,0.0
PRV57456,16,0,1.97,6.7,No,0.0
PRV52579,9,0,1.96,5.26,No,0.0
PRV52778,1,0,1.96,1.96,No,0.0
PRV52996,37,0,1.96,4.96,No,0.0
PRV55035,14,0,1.96,6.28,No,0.0
PRV55486,15,0,1.96,5.99,No,0.0
PRV55991,32,0,1.96,8.13,No,0.0
PRV56625,36,0,1.96,6.29,No,0.0
PRV56941,21,0,1.96,7.55,No,0.0
PRV57475,23,0,1.96,11.29,No,0.0
PRV51076,29,0,1.95,8.08,No,0.0
PRV52576,26,0,1.95,6.48,No,0.0
PRV53154,52,0,1.95,10.24,No,0.0
PRV53180,5,0,1.95,6.2,No,0.0
PRV53581,11,0,1.95,5.61,No,0.0
PRV53690,11,0,1.95,9.16,No,0.0
PRV53946,21,0,1.95,10.52,No,0.0
PRV55528,4,0,1.95,4.5,No,0.0
PRV56586,4,0,1.95,5.09,No,0.0
PRV56632,73,0,1.95,9.79,No,0.0
PRV52241,23,0,1.94,6.87,No,0.0
PRV52768,25,0,1.94,9.76,No,0.0
PRV54145,6,0,1.94,3.53,No,0.0
PRV54515,67,0,1.94,15.36,No,0.0
PRV55339,30,0,1.94,8.45,No,0.0
PRV56908,2,0,1.94,3.83,No,0.0
PRV57005,2,0,1.94,2.68,No,0.0
PRV57394,16,0,1.94,9.09,No,0.0
PRV57684,65,0,1.94,10.45,No,0.0
PRV51408,15,0,1.93,6.61,No,0.0
PRV53476,10,0,1.93,5.68,No,0.0
PRV53752,35,0,1.93,5.8,No,0.0
PRV54808,32,0,1.93,7.7,Yes,0.0
PRV57544,52,0,1.93,8.49,No,0.0
PRV51306,17,0,1.92,4.84,No,0.0
PRV51315,47,0,1.92,6.88,No,0.0
PRV51453,12,0,1.92,9.41,No,0.0
PRV52963,9,0,1.92,4.8,No,0.0
PRV53201,13,0,1.92,7.76,No,0.0
PRV53419,19,0,1.92,5.9,No,0.0
PRV53496,58,0,1.92,8.83,No,0.0
PRV53499,46,0,1.92,8.73,No,0.0
PRV53544,17,0,1.92,11.82,No,0.0
PRV53844,53,0,1.92,7.67,No,0.0
PRV54519,15,0,1.92,8.41,No,0.0
PRV54553,18,0,1.92,8.23,No,0.0
PRV54902,16,0,1.92,10.11,No,0.0
PRV55069,21,0,1.92,6.72,No,0.0
PRV55570,10,0,1.92,5.53,No,0.0
PRV56873,2,0,1.92,3.34,No,0.0
PRV57504,28,0,1.92,7.92,No,0.0
PRV51181,10,0,1.91,4.61,No,0.0
PRV51185,8,0,1.91,4.16,No,0.0
PRV52766,11,0,1.91,4.93,No,0.0
PRV53175,9,0,1.91,3.3,No,0.0
PRV53457,5,0,1.91,5.55,No,0.0
PRV54156,121,0,1.91,10.78,No,0.0
PRV54528,23,0,1.91,5.55,No,0.0
PRV54689,20,0,1.91,9.59,No,0.0
PRV55953,13,0,1.91,5.32,No,0.0
PRV56199,16,0,1.91,5.83,No,0.0
PRV56864,24,0,1.91,9.89,No,0.0
PRV53186,8,0,1.9,4.3,No,0.0
PRV54057,1,0,1.9,1.9,No,0.0
PRV55423,25,0,1.9,11.43,No,0.0
PRV55805,8,0,1.9,4.14,No,0.0
PRV57264,8,0,1.9,6.86,No,0.0
PRV51666,1,0,1.89,1.89,No,0.0
PRV51815,5,0,1.89,3.29,No,0.0
PRV54433,14,0,1.89,4.45,No,0.0
PRV55148,1,0,1.89,1.89,No,0.0
PRV55279,81,0,1.89,12.61,No,0.0
PRV55508,16,0,1.89,5.73,No,0.0
PRV55762,9,0,1.89,3.65,No,0.0
PRV56990,55,0,1.89,5.93,No,0.0
PRV57687,6,0,1.89,6.3,No,0.0
PRV52728,15,0,1.88,13.22,No,0.0
PRV54135,3,0,1.88,3.91,No,0.0
PRV55173,25,0,1.88,6.38,No,0.0
PRV55309,35,0,1.88,9.08,No,0.0
PRV55792,1,0,1.88,1.88,No,0.0
PRV55874,10,0,1.88,4.08,No,0.0
PRV56660,4,0,1.88,3.94,No,0.0
PRV56980,17,0,1.88,6.07,No,0.0
PRV57520,23,0,1.88,8.4,No,0.0
PRV51502,31,0,1.87,8.66,No,0.0
PRV52659,24,0,1.87,5.59,No,0.0
PRV53593,17,0,1.87,5.18,No,0.0
PRV55401,49,0,1.87,8.36,No,0.0
PRV55589,20,0,1.87,6.13,No,0.0
PRV55684,3,0,1.87,2.49,No,0.0
PRV55816,1,0,1.87,1.87,No,0.0
PRV56300,8,0,1.87,8.57,No,0.0
PRV57463,28,0,1.87,9.08,No,0.0
PRV52557,11,0,1.86,9.04,No,0.0
PRV53024,26,0,1.86,8.61,No,0.0
PRV55699,30,0,1.86,9.42,No,0.0
PRV55749,4,0,1.86,3.37,No,0.0
PRV57039,5,0,1.86,3.72,No,0.0
PRV51720,4,0,1.85,4.23,No,0.0
PRV52011,26,0,1.85,8.93,No,0.0
PRV54606,8,0,1.85,2.88,No,0.0
PRV55602,5,0,1.85,3.16,No,0.0
PRV51769,15,0,1.84,6.25,No,0.0
PRV52470,3,0,1.84,2.76,No,0.0
PRV53025,50,0,1.84,7.1,No,0.0
PRV53134,10,0,1.84,5.35,No,0.0
PRV53504,4,0,1.84,3.37,No,0.0
PRV53926,27,0,1.84,5.28,No,0.0
PRV54708,8,0,1.84,8.25,No,0.0
PRV54863,6,0,1.84,6.07,No,0.0
PRV56277,19,0,1.84,6.91,No,0.0
PRV51657,4,0,1.83,4.01,No,0.0
PRV51942,53,0,1.83,5.86,No,0.0
PRV53290,6,0,1.83,2.89,No,0.0
PRV54118,8,0,1.83,4.71,No,0.0
PRV54479,17,0,1.83,5.94,No,0.0
PRV54595,11,0,1.83,5.85,No,0.0
PRV54628,4,0,1.83,3.28,No,0.0
PRV54795,21,0,1.83,9.56,No,0.0
PRV55728,7,0,1.83,4.59,No,0.0
PRV57052,13,0,1.83,3.9,No,0.0
PRV57499,18,0,1.83,8.32,No,0.0
PRV52513,20,0,1.82,5.82,No,0.0
PRV52596,2,0,1.82,2.09,No,0.0
PRV52710,28,0,1.82,8.6,No,0.0
PRV56334,8,0,1.82,3.68,No,0.0
PRV57246,6,0,1.82,4.81,No,0.0
PRV51528,17,0,1.81,5.44,No,0.0
PRV51656,23,0,1.81,4.96,No,0.0
PRV51790,76,0,1.81,10.08,No,0.0
PRV52863,52,0,1.81,7.65,No,0.0
PRV53131,13,0,1.81,8.47,No,0.0
PRV53486,28,0,1.81,5.66,No,0.0
PRV54457,16,0,1.81,9.88,No,0.0
PRV54517,45,0,1.81,6.39,No,0.0
PRV54540,20,0,1.81,8.04,Yes,0.0
PRV54827,17,0,1.81,10.33,No,0.0
PRV55634,2,0,1.81,2.43,No,0.0
PRV55938,9,0,1.81,3.45,No,0.0
PRV56229,13,0,1.81,5.61,No,0.0
PRV57048,5,0,1.81,2.78,No,0.0
PRV52425,23,0,1.8,7.93,No,0.0
PRV52951,20,0,1.8,10.29,No,0.0
PRV56073,12,0,1.8,5.03,No,0.0
PRV57132,9,0,1.8,5.83,No,0.0
PRV57742,8,0,1.8,5.31,No,0.0
PRV51224,7,0,1.79,3.43,No,0.0
PRV51892,5,0,1.79,5.23,No,0.0
PRV53073,14,0,1.79,3.6,No,0.0
PRV53138,10,0,1.79,4.64,No,0.0
PRV54491,14,0,1.79,4.92,No,0.0
PRV57689,53,0,1.79,8.68,No,0.0
PRV52535,18,0,1.78,7.74,No,0.0
PRV52848,25,0,1.78,4.06,No,0.0
PRV56190,6,0,1.78,3.4,No,0.0
PRV57327,3,0,1.78,2.78,No,0.0
PRV57485,10,0,1.78,5.15,No,0.0
PRV51587,5,0,1.77,3.69,No,0.0
PRV51765,14,0,1.77,5.42,No,0.0
PRV53365,6,0,1.77,4.57,No,0.0
PRV53435,6,0,1.77,3.43,No,0.0
PRV54177,2,0,1.77,2.78,No,0.0
PRV54624,10,0,1.77,4.34,No,0.0
PRV54784,9,0,1.77,4.56,No,0.0
PRV56886,11,0,1.77,7.05,No,0.0
PRV57721,3,0,1.77,2.95,No,0.0
PRV51968,1,0,1.76,1.76,No,0.0
PRV52742,6,0,1.76,5.67,No,0.0
PRV53062,4,0,1.76,2.71,No,0.0
PRV53812,2,0,1.76,1.94,No,0.0
PRV54455,6,0,1.76,3.2,No,0.0
PRV55538,2,0,1.76,2.53,No,0.0
PRV55638,5,0,1.76,3.14,No,0.0
PRV56963,6,0,1.76,3.68,No,0.0
PRV51225,8,0,1.75,4.42,No,0.0
PRV52213,7,0,1.75,4.47,No,0.0
PRV52643,11,0,1.75,6.17,No,0.0
PRV53928,41,0,1.75,7.32,No,0.0
PRV54550,21,0,1.75,4.41,No,0.0
PRV54794,3,0,1.75,3.6,No,0.0
PRV55211,32,0,1.75,9.59,No,0.0
PRV55803,2,0,1.75,1.87,No,0.0
PRV56956,5,0,1.75,5.98,No,0.0
PRV57077,3,0,1.75,2.46,No,0.0
PRV57753,1,0,1.75,1.75,No,0.0
PRV51236,1,0,1.74,1.74,No,0.0
PRV51787,3,0,1.74,3.26,No,0.0
PRV51995,20,0,1.74,9.51,No,0.0
PRV52832,31,0,1.74,5.94,No,0.0
PRV53467,10,0,1.74,8.01,No,0.0
PRV53498,2,0,1.74,3.37,No,0.0
PRV53772,22,0,1.74,3.92,No,0.0
PRV54160,9,0,1.74,5.59,No,0.0
PRV54467,7,0,1.74,3.57,No,0.0
PRV56862,14,0,1.74,10.89,No,0.0
PRV55683,28,0,1.73,9.57,No,0.0
PRV56016,12,0,1.73,5.49,No,0.0
PRV56077,7,0,1.73,3.85,No,0.0
PRV56857,46,0,1.73,5.96,No,0.0
PRV51762,14,0,1.72,3.54,No,0.0
PRV52440,12,0,1.72,7.73,No,0.0
PRV52697,5,0,1.72,4.66,No,0.0
PRV52715,3,0,1.72,3.54,No,0.0
PRV53449,9,0,1.72,4.24,No,0.0
PRV53728,14,0,1.72,4.91,No,0.0
PRV54481,8,0,1.72,3.85,No,0.0
PRV54546,6,0,1.72,4.14,No,0.0
PRV56981,7,0,1.72,3.93,No,0.0
PRV57616,7,0,1.72,5.66,No,0.0
PRV51200,19,0,1.71,4.53,No,0.0
PRV52782,10,0,1.71,4.88,No,0.0
PRV53125,2,0,1.71,2.12,No,0.0
PRV55425,26,0,1.71,5.64,No,0.0
PRV56831,5,0,1.71,3.49,No,0.0
PRV57552,11,0,1.71,5.57,No,0.0
PRV57722,34,0,1.71,6.72,No,0.0
PRV51219,8,0,1.7,4.86,No,0.0
PRV51264,39,0,1.7,6.35,No,0.0
PRV51705,1,0,1.7,1.7,No,0.0
PRV51886,18,0,1.7,4.45,No,0.0
PRV51887,2,0,1.7,2.68,No,0.0
PRV52607,2,0,1.7,2.62,No,0.0
PRV52940,9,0,1.7,2.73,No,0.0
PRV55271,15,0,1.7,5.37,No,0.0
PRV55858,8,0,1.7,5.83,No,0.0
PRV56833,8,0,1.7,4.89,No,0.0
PRV56973,17,0,1.7,3.62,No,0.0
PRV51451,6,0,1.69,2.84,No,0.0
PRV51763,11,0,1.69,5.01,No,0.0
PRV53521,9,0,1.69,7.93,No,0.0
PRV54122,4,0,1.69,3.35,No,0.0
PRV54298,3,0,1.69,3.61,No,0.0
PRV56282,4,0,1.69,2.51,No,0.0
PRV56283,3,0,1.69,1.84,No,0.0
PRV54307,2,0,1.68,2.79,No,0.0
PRV56078,4,0,1.68,2.95,No,0.0
PRV51015,8,0,1.67,4.72,No,0.0
PRV52202,50,0,1.67,8.82,No,0.0
PRV53211,4,0,1.67,3.51,No,0.0
PRV54127,28,0,1.67,4.37,No,0.0
PRV56052,12,0,1.67,3.68,No,0.0
PRV56146,21,0,1.67,7.31,No,0.0
PRV56498,7,0,1.67,4.71,No,0.0
PRV57276,13,0,1.67,3.75,No,0.0
PRV51665,15,0,1.66,3.8,No,0.0
PRV51724,6,0,1.66,3.49,No,0.0
PRV53099,2,0,1.66,1.91,No,0.0
PRV53215,11,0,1.66,3.77,No,0.0
PRV53344,3,0,1.66,4.3,No,0.0
PRV53631,6,0,1.66,3.05,No,0.0
PRV55562,17,0,1.66,7.11,No,0.0
PRV55716,25,0,1.66,9.78,No,0.0
PRV57051,3,0,1.66,2.8,No,0.0
PRV57248,6,0,1.66,2.77,No,0.0
PRV52384,33,0,1.65,5.88,No,0.0
PRV53223,23,0,1.65,5.24,No,0.0
PRV53952,15,0,1.65,4.06,No,0.0
PRV55702,14,0,1.65,5.9,No,0.0
PRV56572,20,0,1.65,13.29,No,0.0
PRV57564,7,0,1.65,5.02,No,0.0
PRV51698,13,0,1.64,8.24,No,0.0
PRV52238,11,0,1.64,4.75,No,0.0
PRV52756,4,0,1.64,2.7,No,0.0
PRV55527,2,0,1.64,2.0,No,0.0
PRV57668,23,0,1.64,6.44,No,0.0
PRV57759,28,0,1.64,6.34,No,0.0
PRV52774,4,0,1.63,2.15,No,0.0
PRV53004,18,0,1.63,3.61,No,0.0
PRV53473,11,0,1.63,4.29,No,0.0
PRV54044,6,0,1.63,3.28,No,0.0
PRV55759,3,0,1.63,2.57,No,0.0
PRV56101,5,0,1.63,4.26,No,0.0
PRV57754,6,0,1.63,6.3,No,0.0
PRV52229,11,0,1.62,5.56,No,0.0
PRV53688,17,0,1.62,5.04,No,0.0
PRV53828,28,0,1.62,8.43,No,0.0
PRV53981,22,0,1.62,7.4,No,0.0
PRV55940,32,0,1.62,9.45,No,0.0
PRV56047,3,0,1.62,2.59,No,0.0
PRV56083,3,0,1.62,2.59,No,0.0
PRV56303,2,0,1.62,2.08,No,0.0
PRV56330,16,0,1.62,5.7,No,0.0
PRV56970,2,0,1.62,3.12,No,0.0
PRV51721,5,0,1.61,3.76,No,0.0
PRV52082,8,0,1.61,4.3,No,0.0
PRV52841,3,0,1.61,2.16,No,0.0
PRV54295,1,0,1.61,1.61,No,0.0
PRV54432,5,0,1.61,2.7,No,0.0
PRV55436,11,0,1.61,5.49,No,0.0
PRV55772,4,0,1.61,2.8,No,0.0
PRV55862,8,0,1.61,4.3,No,0.0
PRV57056,10,0,1.61,4.63,No,0.0
PRV57107,13,0,1.61,3.28,No,0.0
PRV52228,8,0,1.6,3.35,No,0.0
PRV53548,4,0,1.6,4.1,No,0.0
PRV54707,9,0,1.6,5.51,No,0.0
PRV55077,8,0,1.6,5.85,No,0.0
PRV56846,21,0,1.6,3.92,No,0.0
PRV56934,6,0,1.6,4.22,No,0.0
PRV57134,16,0,1.6,5.99,No,0.0
PRV53879,15,0,1.59,5.65,No,0.0
PRV54023,18,0,1.59,7.13,No,0.0
PRV54142,28,0,1.59,5.38,No,0.0
PRV54027,14,0,1.58,4.57,No,0.0
PRV54672,10,0,1.58,4.68,No,0.0
PRV55558,36,0,1.58,6.1,No,0.0
PRV56311,19,0,1.58,6.6,No,0.0
PRV51778,3,0,1.57,2.1,No,0.0
PRV54612,12,0,1.57,4.21,No,0.0
PRV55176,20,0,1.57,5.01,No,0.0
PRV56322,37,0,1.57,4.46,No,0.0
PRV53224,12,0,1.56,4.44,No,0.0
PRV53240,6,0,1.56,3.1,No,0.0
PRV54352,12,0,1.56,5.88,No,0.0
PRV54943,23,0,1.56,4.77,No,0.0
PRV56341,1,0,1.56,1.56,No,0.0
PRV53102,19,0,1.55,6.96,No,0.0
PRV53641,8,0,1.55,3.38,No,0.0
PRV55224,23,0,1.55,4.13,No,0.0
PRV51043,23,0,1.54,4.01,No,0.0
PRV51894,20,0,1.54,4.23,No,0.0
PRV52529,12,0,1.54,4.54,No,0.0
PRV53595,9,0,1.54,6.78,No,0.0
PRV53999,1,0,1.54,1.54,No,0.0
PRV55419,8,0,1.54,4.42,No,0.0
PRV56991,15,0,1.54,4.85,No,0.0
PRV52681,3,0,1.53,3.09,No,0.0
PRV54128,27,0,1.53,3.81,No,0.0
PRV56153,9,0,1.53,3.4,No,0.0
PRV56907,15,0,1.53,3.67,No,0.0
PRV51352,4,0,1.52,2.4,No,0.0
PRV54312,4,0,1.52,3.05,No,0.0
PRV54646,23,0,1.52,3.01,No,0.0
PRV56194,8,0,1.52,5.42,No,0.0
PRV53157,2,0,1.51,2.36,No,0.0
PRV52161,10,0,1.5,4.73,No,0.0
PRV52380,4,0,1.5,3.49,No,0.0
PRV52746,1,0,1.5,1.5,No,0.0
PRV56337,2,0,1.5,2.83,No,0.0
PRV56820,5,0,1.5,5.38,No,0.0
PRV56834,16,0,1.5,4.53,No,0.0
PRV57274,4,0,1.5,3.38,No,0.0
PRV51205,10,0,1.49,4.77,No,0.0
PRV51966,3,0,1.49,2.95,No,0.0
PRV53815,11,0,1.49,3.55,No,0.0
PRV51186,2,0,1.48,2.61,No,0.0
PRV51901,7,0,1.48,3.5,No,0.0
PRV53198,6,0,1.48,5.33,No,0.0
PRV53310,10,0,1.48,3.05,No,0.0
PRV54678,15,0,1.48,4.67,No,0.0
PRV56992,2,0,1.48,2.59,No,0.0
PRV52493,16,0,1.47,5.98,No,0.0
PRV52800,8,0,1.47,5.56,No,0.0
PRV51057,5,0,1.46,3.96,No,0.0
PRV53373,3,0,1.46,3.83,No,0.0
PRV53589,2,0,1.46,1.89,No,0.0
PRV54129,5,0,1.46,5.55,No,0.0
PRV54192,2,0,1.46,2.23,No,0.0
PRV55063,10,0,1.46,4.05,No,0.0
PRV55928,12,0,1.46,4.53,No,0.0
PRV56832,11,0,1.46,4.89,No,0.0
PRV57119,5,0,1.46,4.94,No,0.0
PRV51130,7,0,1.45,2.42,No,0.0
PRV52515,17,0,1.45,3.94,No,0.0
PRV53445,7,0,1.44,4.13,No,0.0
PRV54176,10,0,1.44,4.93,No,0.0
PRV54304,1,0,1.44,1.44,No,0.0
PRV56093,7,0,1.44,5.01,No,0.0
PRV57581,15,0,1.44,5.2,No,0.0
PRV57615,2,0,1.44,2.65,No,0.0
PRV51166,5,0,1.43,3.94,No,0.0
PRV51626,9,0,1.43,6.5,No,0.0
PRV52010,7,0,1.43,3.27,No,0.0
PRV52732,10,0,1.43,5.78,No,0.0
PRV53196,16,0,1.43,3.53,No,0.0
PRV54529,5,0,1.43,4.31,No,0.0
PRV56076,3,0,1.43,2.72,No,0.0
PRV56780,7,0,1.43,3.27,No,0.0
PRV51796,4,0,1.42,2.98,No,0.0
PRV52220,12,0,1.42,4.38,No,0.0
PRV55094,19,0,1.42,4.85,No,0.0
PRV55655,3,0,1.42,2.62,No,0.0
PRV56935,24,0,1.42,3.3,No,0.0
PRV56995,10,0,1.42,4.39,No,0.0
PRV57655,1,0,1.42,1.42,No,0.0
PRV53494,7,0,1.41,2.58,No,0.0
PRV54498,1,0,1.41,1.41,No,0.0
PRV54025,20,0,1.4,4.94,No,0.0
PRV57256,8,0,1.4,3.03,No,0.0
PRV57682,3,0,1.4,3.55,No,0.0
PRV53163,12,0,1.39,4.15,No,0.0
PRV52531,5,0,1.38,3.19,No,0.0
PRV52671,2,0,1.38,2.39,No,0.0
PRV54629,3,0,1.38,2.62,No,0.0
PRV56321,7,0,1.38,3.69,No,0.0
PRV57645,6,0,1.38,2.42,No,0.0
PRV52784,2,0,1.37,2.2,No,0.0
PRV55286,4,0,1.37,2.77,No,0.0
PRV56887,36,0,1.37,10.33,No,0.0
PRV51580,3,0,1.36,2.47,No,0.0
PRV53848,8,0,1.36,3.36,No,0.0
PRV57452,3,0,1.36,1.84,No,0.0
PRV57737,2,0,1.36,1.39,No,0.0
PRV57758,2,0,1.36,2.04,No,0.0
PRV54436,2,0,1.35,1.97,No,0.0
PRV54489,14,0,1.35,3.54,No,0.0
PRV56317,2,0,1.35,1.57,No,0.0
PRV51217,5,0,1.34,2.82,No,0.0
PRV51977,1,0,1.34,1.34,No,0.0
PRV52799,2,0,1.34,2.61,No,0.0
PRV55617,2,0,1.34,1.96,No,0.0
PRV52761,11,0,1.33,4.37,No,0.0
PRV54181,4,0,1.33,4.3,No,0.0
PRV56301,3,0,1.33,2.29,No,0.0
PRV56700,5,0,1.33,2.95,No,0.0
PRV52686,9,0,1.32,3.53,No,0.0
PRV53182,3,0,1.32,3.65,No,0.0
PRV53531,11,0,1.32,4.9,No,0.0
PRV54029,2,0,1.32,2.04,No,0.0
PRV56288,2,0,1.32,1.49,No,0.0
PRV56920,1,0,1.32,1.32,No,0.0
PRV53587,3,0,1.31,2.37,No,0.0
PRV54545,2,0,1.31,1.31,No,0.0
PRV55588,3,0,1.31,2.21,No,0.0
PRV51601,14,0,1.3,4.09,No,0.0
PRV52777,2,0,1.3,1.91,No,0.0
PRV52938,3,0,1.3,2.45,No,0.0
PRV55637,1,0,1.3,1.3,No,0.0
PRV57374,6,0,1.3,3.12,No,0.0
PRV53228,1,0,1.29,1.29,No,0.0
PRV56309,3,0,1.29,2.86,No,0.0
PRV56792,8,0,1.29,2.74,No,0.0
PRV56917,8,0,1.28,3.52,No,0.0
PRV51394,4,0,1.27,3.29,No,0.0
PRV53565,5,0,1.27,2.21,No,0.0
PRV54006,1,0,1.27,1.27,No,0.0
PRV52626,3,0,1.26,2.35,No,0.0
PRV56982,24,0,1.26,5.06,No,0.0
PRV53568,4,0,1.25,3.17,No,0.0
PRV53584,8,0,1.25,3.92,No,0.0
PRV54615,5,0,1.25,2.05,No,0.0
PRV57663,3,0,1.25,2.3,No,0.0
PRV52577,8,0,1.24,4.78,No,0.0
PRV55797,3,0,1.24,2.22,No,0.0
PRV55854,2,0,1.24,2.22,No,0.0
PRV53207,10,0,1.23,5.44,No,0.0
PRV56476,4,0,1.23,2.15,No,0.0
PRV56854,3,0,1.23,1.8,No,0.0
PRV54119,14,0,1.22,2.9,No,0.0
PRV56063,11,0,1.22,4.29,No,0.0
PRV56969,1,0,1.22,1.22,No,0.0
PRV51733,2,0,1.21,2.4,No,0.0
PRV57471,2,0,1.21,2.13,No,0.0
PRV55398,13,0,1.2,2.81,No,0.0
PRV55413,4,0,1.2,3.63,No,0.0
PRV55794,11,0,1.19,3.23,No,0.0
PRV56136,8,0,1.19,2.61,No,0.0
PRV57725,7,0,1.19,3.27,No,0.0
PRV51412,5,0,1.18,2.95,No,0.0
PRV52434,2,0,1.18,1.84,No,0.0
PRV54308,1,0,1.18,1.18,No,0.0
PRV56369,1,0,1.18,1.18,No,0.0
PRV54836,8,0,1.17,3.01,No,0.0
PRV57286,2,0,1.17,1.55,No,0.0
PRV52769,1,0,1.16,1.16,No,0.0
PRV54011,2,0,1.16,1.65,No,0.0
PRV54449,1,0,1.16,1.16,No,0.0
PRV57396,1,0,1.16,1.16,No,0.0
PRV57659,1,0,1.16,1.16,No,0.0
PRV54175,1,0,1.15,1.15,No,0.0
PRV56946,2,0,1.15,2.17,No,0.0
PRV56948,3,0,1.15,2.87,No,0.0
PRV51328,7,0,1.14,5.19,No,0.0
PRV53347,6,0,1.14,2.05,No,0.0
PRV54198,6,0,1.13,1.52,No,0.0
PRV54509,4,0,1.13,2.93,No,0.0
PRV55590,5,0,1.13,2.41,No,0.0
PRV57459,11,0,1.13,2.41,No,0.0
PRV52464,2,0,1.12,1.61,No,0.0
PRV54420,1,0,1.12,1.12,No,0.0
PRV55330,4,0,1.12,2.17,No,0.0
PRV57280,3,0,1.12,1.72,No,0.0
PRV52485,5,0,1.11,2.48,No,0.0
PRV52530,10,0,1.1,2.41,No,0.0
PRV52736,1,0,1.1,1.1,No,0.0
PRV55750,5,0,1.1,2.27,No,0.0
PRV57416,7,0,1.09,1.98,No,0.0
PRV51215,10,0,1.08,2.55,No,0.0
PRV55302,1,0,1.08,1.08,No,0.0
PRV56641,1,0,1.08,1.08,No,0.0
PRV53735,3,0,1.07,2.02,No,0.0
PRV51218,7,0,1.06,2.15,No,0.0
PRV52453,1,0,1.06,1.06,No,0.0
PRV51709,10,0,1.05,3.04,No,0.0
PRV56065,1,0,1.05,1.05,No,0.0
PRV54140,6,0,1.04,2.46,No,0.0
PRV55787,1,0,1.04,1.04,No,0.0
PRV51682,16,0,1.02,2.98,No,0.0
PRV54456,8,0,1.02,2.71,No,0.0
PRV54482,6,0,1.02,2.52,No,0.0
PRV55982,4,0,1.02,2.02,No,0.0
PRV54146,5,0,1.01,2.26,No,0.0
PRV57140,2,0,1.01,2.0,No,0.0
PRV51592,3,0,1.0,1.47,No,0.0
PRV51719,4,0,1.0,1.63,No,0.0
PRV52807,2,0,1.0,1.26,No,0.0
PRV53475,10,0,1.0,2.36,No,0.0
PRV54522,2,0,1.0,1.7,No,0.0
PRV51221,1,0,0.99,0.99,No,0.0
PRV52555,7,0,0.97,2.67,No,0.0
PRV53678,3,0,0.97,1.52,No,0.0
PRV54113,1,0,0.97,0.97,No,0.0
PRV51222,5,0,0.96,1.58,No,0.0
PRV52744,2,0,0.96,1.27,No,0.0
PRV53684,4,0,0.96,2.32,No,0.0
PRV51132,8,0,0.95,1.95,No,0.0
PRV53509,1,0,0.95,0.95,No,0.0
PRV56366,9,0,0.95,3.28,No,0.0
PRV57690,4,0,0.94,3.0,No,0.0
PRV54621,1,0,0.93,0.93,No,0.0
PRV57762,1,0,0.93,0.93,No,0.0
PRV56966,2,0,0.92,1.77,No,0.0
PRV51105,12,0,0.91,2.51,No,0.0
PRV55097,4,0,0.91,2.1,No,0.0
PRV51577,1,0,0.9,0.9,No,0.0
PRV53577,11,0,0.9,2.49,No,0.0
PRV56293,3,0,0.9,1.39,No,0.0
PRV55626,9,0,0.89,2.78,No,0.0
PRV56037,5,0,0.89,2.06,No,0.0
PRV52797,1,0,0.88,0.88,No,0.0
PRV55377,4,0,0.88,1.38,No,0.0
PRV55650,4,0,0.88,2.42,No,0.0
PRV57308,6,0,0.88,1.8,No,0.0
PRV57623,4,0,0.88,1.69,No,0.0
PRV57247,11,0,0.87,1.85,No,0.0
PRV57701,4,0,0.87,2.29,No,0.0
PRV53655,1,0,0.86,0.86,No,0.0
PRV52525,2,0,0.85,1.05,No,0.0
PRV56084,1,0,0.85,0.85,No,0.0
PRV52733,1,0,0.84,0.84,No,0.0
PRV56196,6,0,0.84,2.19,No,0.0
PRV54187,1,0,0.83,0.83,No,0.0
PRV55612,1,0,0.83,0.83,No,0.0
PRV56314,8,0,0.83,1.88,No,0.0
PRV53346,4,0,0.82,1.4,No,0.0
PRV53358,3,0,0.81,1.58,No,0.0
PRV53723,6,0,0.81,1.83,No,0.0
PRV57609,2,0,0.8,1.55,No,0.0
PRV51409,4,0,0.79,2.65,No,0.0
PRV53083,1,0,0.79,0.79,No,0.0
PRV55355,1,0,0.79,0.79,No,0.0
PRV52693,8,0,0.78,1.94,No,0.0
PRV55154,1,0,0.77,0.77,No,0.0
PRV52677,2,0,0.76,1.31,No,0.0
PRV52944,4,0,0.76,1.77,No,0.0
PRV55106,5,0,0.76,1.72,No,0.0
PRV55782,6,0,0.76,1.69,No,0.0
PRV51896,5,0,0.75,2.87,No,0.0
PRV54800,2,0,0.75,1.15,No,0.0
PRV54183,2,0,0.74,1.08,No,0.0
PRV54579,2,0,0.74,1.08,No,0.0
PRV54710,2,0,0.74,0.9,No,0.0
PRV55473,6,0,0.74,1.71,No,0.0
PRV57560,2,0,0.74,1.13,No,0.0
PRV51913,1,0,0.73,0.73,No,0.0
PRV53034,2,0,0.73,1.03,No,0.0
PRV52547,2,0,0.72,1.19,No,0.0
PRV52954,1,0,0.72,0.72,No,0.0
PRV55761,4,0,0.72,1.02,No,0.0
PRV52638,1,0,0.7,0.7,No,0.0
PRV52760,5,0,0.7,1.41,No,0.0
PRV54014,2,0,0.7,0.95,No,0.0
PRV54043,3,0,0.7,1.26,No,0.0
PRV55292,6,0,0.7,1.13,No,0.0
PRV55564,3,0,0.7,1.5,No,0.0
PRV51689,1,0,0.69,0.69,No,0.0
PRV57386,1,0,0.69,0.69,No,0.0
PRV54033,1,0,0.67,0.67,No,0.0
PRV56115,2,0,0.67,1.27,No,0.0
PRV51925,4,0,0.66,1.89,No,0.0
PRV51437,2,0,0.64,1.26,No,0.0
PRV54050,1,0,0.64,0.64,No,0.0
PRV56539,1,0,0.64,0.64,No,0.0
PRV53661,1,0,0.63,0.63,No,0.0
PRV56518,2,0,0.63,1.17,No,0.0
PRV51889,4,0,0.62,0.71,No,0.0
PRV53725,1,0,0.61,0.61,No,0.0
PRV52786,2,0,0.6,0.91,No,0.0
PRV56286,1,0,0.59,0.59,No,0.0
PRV56530,3,0,0.59,0.8,No,0.0
PRV56677,1,0,0.58,0.58,No,0.0
PRV54856,1,0,0.57,0.57,No,0.0
PRV52752,2,0,0.53,0.8,No,0.0
PRV53718,1,0,0.53,0.53,No,0.0
PRV54316,2,0,0.53,0.69,No,0.0
PRV53020,2,0,0.52,0.88,No,0.0
PRV53967,2,0,0.52,1.01,No,0.0
PRV56091,1,0,0.52,0.52,No,0.0
PRV51704,1,0,0.51,0.51,No,0.0
PRV53730,2,0,0.51,0.51,No,0.0
PRV55624,2,0,0.51,0.75,No,0.0
PRV56998,2,0,0.51,0.84,No,0.0
PRV55427,1,0,0.49,0.49,No,0.0
PRV53860,1,0,0.48,0.48,No,0.0
PRV51875,1,0,0.47,0.47,No,0.0
PRV54009,1,0,0.47,0.47,No,0.0
PRV51902,4,0,0.46,1.21,No,0.0
PRV56087,1,0,0.45,0.45,No,0.0
PRV51993,2,0,0.44,0.81,No,0.0
PRV52256,1,0,0.44,0.44,No,0.0
PRV55384,1,0,0.44,0.44,No,0.0
PRV52448,2,0,0.43,0.46,No,0.0
PRV55074,1,0,0.43,0.43,No,0.0
PRV57588,2,0,0.43,0.52,No,0.0
PRV57700,1,0,0.43,0.43,No,0.0
PRV52753,2,0,0.42,0.45,No,0.0
PRV54179,1,0,0.41,0.41,No,0.0
PRV56071,3,0,0.4,0.8,No,0.0
PRV56974,1,0,0.4,0.4,No,0.0
PRV54671,3,0,0.39,0.55,No,0.0
PRV56324,1,0,0.39,0.39,No,0.0
PRV56056,1,0,0.35,0.35,No,0.0
PRV57371,1,0,0.35,0.35,No,0.0
PRV57061,1,0,0.34,0.34,No,0.0
PRV56201,3,0,0.33,0.68,No,0.0
PRV56377,1,0,0.3,0.3,No,0.0
PRV53079,1,0,0.29,0.29,No,0.0
PRV56582,1,0,0.29,0.29,No,0.0
PRV52781,1,0,0.28,0.28,No,0.0
PRV53235,2,0,0.28,0.29,No,0.0
PRV55591,1,0,0.28,0.28,No,0.0
PRV53168,2,0,0.25,0.32,No,0.0
PRV54439,3,0,0.25,0.42,No,0.0
PRV54172,2,0,0.24,0.3,No,0.0
PRV52200,1,0,0.21,0.21,No,0.0
PRV56072,1,0,0.21,0.21,No,0.0
PRV56331,1,0,0.21,0.21,No,0.0
PRV53183,1,0,0.2,0.2,No,0.0
PRV57392,2,0,0.2,0.24,No,0.0
PRV52443,1,0,0.19,0.19,No,0.0
PRV56926,1,0,0.18,0.18,No,0.0
PRV57043,1,0,0.18,0.18,No,0.0
PRV57752,1,0,0.18,0.18,No,0.0
PRV56805,1,0,0.16,0.16,No,0.0
PRV53643,1,0,0.13,0.13,No,0.0
PRV52253,1,0,0.08,0.08,No,0.0
PRV53545,1,0,0.08,0.08,No,0.0
PRV57283,1,0,0.08,0.08,No,0.0
PRV52494,1,0,0.04,0.04,No,0.0
